ISO-10303-21;
HEADER;
/* Generated by software containing ST-Developer
 * from STEP Tools, Inc. (www.steptools.com) 
 */
/* OPTION: using custom renumber hook */

FILE_DESCRIPTION(
/* description */ ('STEP AP203'),
/* implementation_level */ '2;1');

FILE_NAME(
/* name */ 'FTR-104-01-L-S',
/* time_stamp */ '2026-06-27T23:44:20+02:00',
/* author */ ('License CC BY-ND 4.0'),
/* organization */ ('CADENAS'),
/* preprocessor_version */ 'ST-DEVELOPER v20',
/* originating_system */ 'PARTsolutions',
/* authorisation */ '  ');

FILE_SCHEMA (('CONFIG_CONTROL_DESIGN'));
ENDSEC;

DATA;
#10=PROPERTY_DEFINITION_REPRESENTATION(#14,#12);
#11=PROPERTY_DEFINITION_REPRESENTATION(#15,#13);
#12=REPRESENTATION('',(#16),#3474);
#13=REPRESENTATION('',(#17),#3474);
#14=PROPERTY_DEFINITION('pmi validation property','',#3488);
#15=PROPERTY_DEFINITION('pmi validation property','',#3488);
#16=VALUE_REPRESENTATION_ITEM('number of annotations',COUNT_MEASURE(0.));
#17=VALUE_REPRESENTATION_ITEM('number of views',COUNT_MEASURE(0.));
#18=CYLINDRICAL_SURFACE('',#2234,0.0379999999999975);
#19=CYLINDRICAL_SURFACE('',#2236,0.0379999999999975);
#20=CYLINDRICAL_SURFACE('',#2239,0.0380000000000057);
#21=CYLINDRICAL_SURFACE('',#2245,0.0199999999999998);
#22=CYLINDRICAL_SURFACE('',#2254,0.0199999999999993);
#23=CYLINDRICAL_SURFACE('',#2256,0.0199999999999993);
#24=CYLINDRICAL_SURFACE('',#2261,0.0380000000000057);
#25=CYLINDRICAL_SURFACE('',#2266,0.0199999999999998);
#26=CIRCLE('',#2225,0.0199999999999993);
#27=CIRCLE('',#2226,0.0379999999999975);
#28=CIRCLE('',#2228,0.0199999999999998);
#29=CIRCLE('',#2229,0.0380000000000057);
#30=CIRCLE('',#2235,0.0379999999999975);
#31=CIRCLE('',#2237,0.0379999999999975);
#32=CIRCLE('',#2238,0.0379999999999975);
#33=CIRCLE('',#2240,0.0380000000000057);
#34=CIRCLE('',#2241,0.0380000000000057);
#35=CIRCLE('',#2246,0.0199999999999998);
#36=CIRCLE('',#2247,0.0199999999999998);
#37=CIRCLE('',#2255,0.0199999999999993);
#38=CIRCLE('',#2257,0.0199999999999993);
#39=CIRCLE('',#2258,0.0199999999999993);
#40=CIRCLE('',#2262,0.0380000000000057);
#41=CIRCLE('',#2267,0.0199999999999998);
#42=CONTEXT_DEPENDENT_SHAPE_REPRESENTATION(#48,#3490);
#43=CONTEXT_DEPENDENT_SHAPE_REPRESENTATION(#49,#3492);
#44=CONTEXT_DEPENDENT_SHAPE_REPRESENTATION(#50,#3494);
#45=NEXT_ASSEMBLY_USAGE_OCCURRENCE('NAUO1','FTR-104-01-L-S_body',
'FTR-104-01-L-S_body',#3495,#3496,'');
#46=NEXT_ASSEMBLY_USAGE_OCCURRENCE('NAUO2','FTR-104-01-L-S_pins',
'FTR-104-01-L-S_pins',#3495,#3497,'');
#47=NEXT_ASSEMBLY_USAGE_OCCURRENCE('NAUO3','FTR-104-01-L-S2PNS',
'FTR-104-01-L-S2PNS',#3495,#3498,'');
#48=(
REPRESENTATION_RELATIONSHIP(' ',' ',#2183,#2182)
REPRESENTATION_RELATIONSHIP_WITH_TRANSFORMATION(#51)
SHAPE_REPRESENTATION_RELATIONSHIP()
);
#49=(
REPRESENTATION_RELATIONSHIP(' ',' ',#2184,#2182)
REPRESENTATION_RELATIONSHIP_WITH_TRANSFORMATION(#52)
SHAPE_REPRESENTATION_RELATIONSHIP()
);
#50=(
REPRESENTATION_RELATIONSHIP(' ',' ',#2185,#2182)
REPRESENTATION_RELATIONSHIP_WITH_TRANSFORMATION(#53)
SHAPE_REPRESENTATION_RELATIONSHIP()
);
#51=ITEM_DEFINED_TRANSFORMATION(' ',' ',#2186,#2221);
#52=ITEM_DEFINED_TRANSFORMATION(' ',' ',#2186,#2278);
#53=ITEM_DEFINED_TRANSFORMATION(' ',' ',#2186,#2319);
#54=SHAPE_REPRESENTATION_RELATIONSHIP('','',#2183,#57);
#55=SHAPE_REPRESENTATION_RELATIONSHIP('','',#2184,#58);
#56=SHAPE_REPRESENTATION_RELATIONSHIP('','',#2185,#59);
#57=ADVANCED_BREP_SHAPE_REPRESENTATION('',(#2175),#3475);
#58=ADVANCED_BREP_SHAPE_REPRESENTATION('',(#2176),#3476);
#59=ADVANCED_BREP_SHAPE_REPRESENTATION('',(#2177),#3477);
#60=ORIENTED_EDGE('',*,*,#652,.F.);
#61=ORIENTED_EDGE('',*,*,#653,.T.);
#62=ORIENTED_EDGE('',*,*,#654,.T.);
#63=ORIENTED_EDGE('',*,*,#655,.T.);
#64=ORIENTED_EDGE('',*,*,#656,.T.);
#65=ORIENTED_EDGE('',*,*,#657,.T.);
#66=ORIENTED_EDGE('',*,*,#658,.F.);
#67=ORIENTED_EDGE('',*,*,#659,.F.);
#68=ORIENTED_EDGE('',*,*,#660,.F.);
#69=ORIENTED_EDGE('',*,*,#661,.T.);
#70=ORIENTED_EDGE('',*,*,#662,.F.);
#71=ORIENTED_EDGE('',*,*,#663,.F.);
#72=ORIENTED_EDGE('',*,*,#658,.T.);
#73=ORIENTED_EDGE('',*,*,#664,.F.);
#74=ORIENTED_EDGE('',*,*,#665,.F.);
#75=ORIENTED_EDGE('',*,*,#666,.F.);
#76=ORIENTED_EDGE('',*,*,#667,.T.);
#77=ORIENTED_EDGE('',*,*,#662,.T.);
#78=ORIENTED_EDGE('',*,*,#668,.F.);
#79=ORIENTED_EDGE('',*,*,#669,.F.);
#80=ORIENTED_EDGE('',*,*,#670,.F.);
#81=ORIENTED_EDGE('',*,*,#671,.T.);
#82=ORIENTED_EDGE('',*,*,#654,.F.);
#83=ORIENTED_EDGE('',*,*,#672,.F.);
#84=ORIENTED_EDGE('',*,*,#673,.F.);
#85=ORIENTED_EDGE('',*,*,#674,.F.);
#86=ORIENTED_EDGE('',*,*,#675,.F.);
#87=ORIENTED_EDGE('',*,*,#676,.F.);
#88=ORIENTED_EDGE('',*,*,#675,.T.);
#89=ORIENTED_EDGE('',*,*,#677,.F.);
#90=ORIENTED_EDGE('',*,*,#678,.F.);
#91=ORIENTED_EDGE('',*,*,#679,.F.);
#92=ORIENTED_EDGE('',*,*,#680,.T.);
#93=ORIENTED_EDGE('',*,*,#681,.T.);
#94=ORIENTED_EDGE('',*,*,#656,.F.);
#95=ORIENTED_EDGE('',*,*,#682,.F.);
#96=ORIENTED_EDGE('',*,*,#678,.T.);
#97=ORIENTED_EDGE('',*,*,#683,.T.);
#98=ORIENTED_EDGE('',*,*,#684,.T.);
#99=ORIENTED_EDGE('',*,*,#685,.T.);
#100=ORIENTED_EDGE('',*,*,#652,.T.);
#101=ORIENTED_EDGE('',*,*,#686,.T.);
#102=ORIENTED_EDGE('',*,*,#687,.T.);
#103=ORIENTED_EDGE('',*,*,#688,.T.);
#104=ORIENTED_EDGE('',*,*,#689,.T.);
#105=ORIENTED_EDGE('',*,*,#660,.T.);
#106=ORIENTED_EDGE('',*,*,#690,.F.);
#107=ORIENTED_EDGE('',*,*,#691,.T.);
#108=ORIENTED_EDGE('',*,*,#692,.F.);
#109=ORIENTED_EDGE('',*,*,#693,.F.);
#110=ORIENTED_EDGE('',*,*,#694,.T.);
#111=ORIENTED_EDGE('',*,*,#695,.T.);
#112=ORIENTED_EDGE('',*,*,#696,.F.);
#113=ORIENTED_EDGE('',*,*,#697,.F.);
#114=ORIENTED_EDGE('',*,*,#698,.T.);
#115=ORIENTED_EDGE('',*,*,#693,.T.);
#116=ORIENTED_EDGE('',*,*,#699,.F.);
#117=ORIENTED_EDGE('',*,*,#700,.F.);
#118=ORIENTED_EDGE('',*,*,#701,.T.);
#119=ORIENTED_EDGE('',*,*,#697,.T.);
#120=ORIENTED_EDGE('',*,*,#702,.F.);
#121=ORIENTED_EDGE('',*,*,#703,.F.);
#122=ORIENTED_EDGE('',*,*,#704,.T.);
#123=ORIENTED_EDGE('',*,*,#705,.T.);
#124=ORIENTED_EDGE('',*,*,#706,.F.);
#125=ORIENTED_EDGE('',*,*,#707,.F.);
#126=ORIENTED_EDGE('',*,*,#708,.T.);
#127=ORIENTED_EDGE('',*,*,#703,.T.);
#128=ORIENTED_EDGE('',*,*,#709,.F.);
#129=ORIENTED_EDGE('',*,*,#710,.F.);
#130=ORIENTED_EDGE('',*,*,#711,.T.);
#131=ORIENTED_EDGE('',*,*,#707,.T.);
#132=ORIENTED_EDGE('',*,*,#712,.F.);
#133=ORIENTED_EDGE('',*,*,#713,.F.);
#134=ORIENTED_EDGE('',*,*,#714,.T.);
#135=ORIENTED_EDGE('',*,*,#715,.T.);
#136=ORIENTED_EDGE('',*,*,#716,.F.);
#137=ORIENTED_EDGE('',*,*,#717,.F.);
#138=ORIENTED_EDGE('',*,*,#718,.T.);
#139=ORIENTED_EDGE('',*,*,#713,.T.);
#140=ORIENTED_EDGE('',*,*,#719,.F.);
#141=ORIENTED_EDGE('',*,*,#720,.F.);
#142=ORIENTED_EDGE('',*,*,#721,.T.);
#143=ORIENTED_EDGE('',*,*,#717,.T.);
#144=ORIENTED_EDGE('',*,*,#722,.F.);
#145=ORIENTED_EDGE('',*,*,#723,.F.);
#146=ORIENTED_EDGE('',*,*,#724,.T.);
#147=ORIENTED_EDGE('',*,*,#725,.T.);
#148=ORIENTED_EDGE('',*,*,#726,.F.);
#149=ORIENTED_EDGE('',*,*,#727,.F.);
#150=ORIENTED_EDGE('',*,*,#728,.T.);
#151=ORIENTED_EDGE('',*,*,#723,.T.);
#152=ORIENTED_EDGE('',*,*,#729,.F.);
#153=ORIENTED_EDGE('',*,*,#730,.F.);
#154=ORIENTED_EDGE('',*,*,#731,.T.);
#155=ORIENTED_EDGE('',*,*,#727,.T.);
#156=ORIENTED_EDGE('',*,*,#732,.F.);
#157=ORIENTED_EDGE('',*,*,#695,.F.);
#158=ORIENTED_EDGE('',*,*,#733,.T.);
#159=ORIENTED_EDGE('',*,*,#700,.T.);
#160=ORIENTED_EDGE('',*,*,#734,.F.);
#161=ORIENTED_EDGE('',*,*,#705,.F.);
#162=ORIENTED_EDGE('',*,*,#735,.T.);
#163=ORIENTED_EDGE('',*,*,#710,.T.);
#164=ORIENTED_EDGE('',*,*,#736,.F.);
#165=ORIENTED_EDGE('',*,*,#715,.F.);
#166=ORIENTED_EDGE('',*,*,#737,.T.);
#167=ORIENTED_EDGE('',*,*,#720,.T.);
#168=ORIENTED_EDGE('',*,*,#738,.F.);
#169=ORIENTED_EDGE('',*,*,#725,.F.);
#170=ORIENTED_EDGE('',*,*,#739,.T.);
#171=ORIENTED_EDGE('',*,*,#730,.T.);
#172=ORIENTED_EDGE('',*,*,#667,.F.);
#173=ORIENTED_EDGE('',*,*,#740,.F.);
#174=ORIENTED_EDGE('',*,*,#690,.T.);
#175=ORIENTED_EDGE('',*,*,#663,.T.);
#176=ORIENTED_EDGE('',*,*,#724,.F.);
#177=ORIENTED_EDGE('',*,*,#728,.F.);
#178=ORIENTED_EDGE('',*,*,#731,.F.);
#179=ORIENTED_EDGE('',*,*,#739,.F.);
#180=ORIENTED_EDGE('',*,*,#714,.F.);
#181=ORIENTED_EDGE('',*,*,#718,.F.);
#182=ORIENTED_EDGE('',*,*,#721,.F.);
#183=ORIENTED_EDGE('',*,*,#737,.F.);
#184=ORIENTED_EDGE('',*,*,#704,.F.);
#185=ORIENTED_EDGE('',*,*,#708,.F.);
#186=ORIENTED_EDGE('',*,*,#711,.F.);
#187=ORIENTED_EDGE('',*,*,#735,.F.);
#188=ORIENTED_EDGE('',*,*,#694,.F.);
#189=ORIENTED_EDGE('',*,*,#698,.F.);
#190=ORIENTED_EDGE('',*,*,#701,.F.);
#191=ORIENTED_EDGE('',*,*,#733,.F.);
#192=ORIENTED_EDGE('',*,*,#676,.T.);
#193=ORIENTED_EDGE('',*,*,#679,.T.);
#194=ORIENTED_EDGE('',*,*,#682,.T.);
#195=ORIENTED_EDGE('',*,*,#659,.T.);
#196=ORIENTED_EDGE('',*,*,#671,.F.);
#197=ORIENTED_EDGE('',*,*,#741,.F.);
#198=ORIENTED_EDGE('',*,*,#686,.F.);
#199=ORIENTED_EDGE('',*,*,#655,.F.);
#200=ORIENTED_EDGE('',*,*,#668,.T.);
#201=ORIENTED_EDGE('',*,*,#661,.F.);
#202=ORIENTED_EDGE('',*,*,#689,.F.);
#203=ORIENTED_EDGE('',*,*,#742,.T.);
#204=ORIENTED_EDGE('',*,*,#670,.T.);
#205=ORIENTED_EDGE('',*,*,#743,.F.);
#206=ORIENTED_EDGE('',*,*,#687,.F.);
#207=ORIENTED_EDGE('',*,*,#741,.T.);
#208=ORIENTED_EDGE('',*,*,#692,.T.);
#209=ORIENTED_EDGE('',*,*,#732,.T.);
#210=ORIENTED_EDGE('',*,*,#699,.T.);
#211=ORIENTED_EDGE('',*,*,#696,.T.);
#212=ORIENTED_EDGE('',*,*,#702,.T.);
#213=ORIENTED_EDGE('',*,*,#734,.T.);
#214=ORIENTED_EDGE('',*,*,#709,.T.);
#215=ORIENTED_EDGE('',*,*,#706,.T.);
#216=ORIENTED_EDGE('',*,*,#712,.T.);
#217=ORIENTED_EDGE('',*,*,#736,.T.);
#218=ORIENTED_EDGE('',*,*,#719,.T.);
#219=ORIENTED_EDGE('',*,*,#716,.T.);
#220=ORIENTED_EDGE('',*,*,#722,.T.);
#221=ORIENTED_EDGE('',*,*,#738,.T.);
#222=ORIENTED_EDGE('',*,*,#729,.T.);
#223=ORIENTED_EDGE('',*,*,#726,.T.);
#224=ORIENTED_EDGE('',*,*,#669,.T.);
#225=ORIENTED_EDGE('',*,*,#742,.F.);
#226=ORIENTED_EDGE('',*,*,#688,.F.);
#227=ORIENTED_EDGE('',*,*,#743,.T.);
#228=ORIENTED_EDGE('',*,*,#664,.T.);
#229=ORIENTED_EDGE('',*,*,#657,.F.);
#230=ORIENTED_EDGE('',*,*,#681,.F.);
#231=ORIENTED_EDGE('',*,*,#744,.T.);
#232=ORIENTED_EDGE('',*,*,#666,.T.);
#233=ORIENTED_EDGE('',*,*,#745,.F.);
#234=ORIENTED_EDGE('',*,*,#691,.F.);
#235=ORIENTED_EDGE('',*,*,#740,.T.);
#236=ORIENTED_EDGE('',*,*,#665,.T.);
#237=ORIENTED_EDGE('',*,*,#744,.F.);
#238=ORIENTED_EDGE('',*,*,#680,.F.);
#239=ORIENTED_EDGE('',*,*,#745,.T.);
#240=ORIENTED_EDGE('',*,*,#672,.T.);
#241=ORIENTED_EDGE('',*,*,#653,.F.);
#242=ORIENTED_EDGE('',*,*,#685,.F.);
#243=ORIENTED_EDGE('',*,*,#746,.T.);
#244=ORIENTED_EDGE('',*,*,#673,.T.);
#245=ORIENTED_EDGE('',*,*,#746,.F.);
#246=ORIENTED_EDGE('',*,*,#684,.F.);
#247=ORIENTED_EDGE('',*,*,#747,.T.);
#248=ORIENTED_EDGE('',*,*,#674,.T.);
#249=ORIENTED_EDGE('',*,*,#747,.F.);
#250=ORIENTED_EDGE('',*,*,#683,.F.);
#251=ORIENTED_EDGE('',*,*,#677,.T.);
#252=ORIENTED_EDGE('',*,*,#748,.F.);
#253=ORIENTED_EDGE('',*,*,#749,.F.);
#254=ORIENTED_EDGE('',*,*,#750,.T.);
#255=ORIENTED_EDGE('',*,*,#751,.T.);
#256=ORIENTED_EDGE('',*,*,#752,.F.);
#257=ORIENTED_EDGE('',*,*,#753,.T.);
#258=ORIENTED_EDGE('',*,*,#754,.F.);
#259=ORIENTED_EDGE('',*,*,#755,.F.);
#260=ORIENTED_EDGE('',*,*,#749,.T.);
#261=ORIENTED_EDGE('',*,*,#756,.T.);
#262=ORIENTED_EDGE('',*,*,#755,.T.);
#263=ORIENTED_EDGE('',*,*,#757,.T.);
#264=ORIENTED_EDGE('',*,*,#758,.T.);
#265=ORIENTED_EDGE('',*,*,#759,.F.);
#266=ORIENTED_EDGE('',*,*,#760,.T.);
#267=ORIENTED_EDGE('',*,*,#761,.T.);
#268=ORIENTED_EDGE('',*,*,#762,.T.);
#269=ORIENTED_EDGE('',*,*,#763,.T.);
#270=ORIENTED_EDGE('',*,*,#764,.T.);
#271=ORIENTED_EDGE('',*,*,#765,.T.);
#272=ORIENTED_EDGE('',*,*,#766,.F.);
#273=ORIENTED_EDGE('',*,*,#751,.F.);
#274=ORIENTED_EDGE('',*,*,#767,.F.);
#275=ORIENTED_EDGE('',*,*,#768,.F.);
#276=ORIENTED_EDGE('',*,*,#769,.T.);
#277=ORIENTED_EDGE('',*,*,#770,.F.);
#278=ORIENTED_EDGE('',*,*,#771,.F.);
#279=ORIENTED_EDGE('',*,*,#772,.F.);
#280=ORIENTED_EDGE('',*,*,#773,.F.);
#281=ORIENTED_EDGE('',*,*,#774,.F.);
#282=ORIENTED_EDGE('',*,*,#775,.F.);
#283=ORIENTED_EDGE('',*,*,#753,.F.);
#284=ORIENTED_EDGE('',*,*,#776,.T.);
#285=ORIENTED_EDGE('',*,*,#777,.T.);
#286=ORIENTED_EDGE('',*,*,#778,.F.);
#287=ORIENTED_EDGE('',*,*,#761,.F.);
#288=ORIENTED_EDGE('',*,*,#779,.F.);
#289=ORIENTED_EDGE('',*,*,#780,.T.);
#290=ORIENTED_EDGE('',*,*,#781,.T.);
#291=ORIENTED_EDGE('',*,*,#782,.T.);
#292=ORIENTED_EDGE('',*,*,#778,.T.);
#293=ORIENTED_EDGE('',*,*,#783,.T.);
#294=ORIENTED_EDGE('',*,*,#784,.F.);
#295=ORIENTED_EDGE('',*,*,#762,.F.);
#296=ORIENTED_EDGE('',*,*,#785,.F.);
#297=ORIENTED_EDGE('',*,*,#786,.F.);
#298=ORIENTED_EDGE('',*,*,#779,.T.);
#299=ORIENTED_EDGE('',*,*,#787,.T.);
#300=ORIENTED_EDGE('',*,*,#784,.T.);
#301=ORIENTED_EDGE('',*,*,#788,.T.);
#302=ORIENTED_EDGE('',*,*,#789,.F.);
#303=ORIENTED_EDGE('',*,*,#763,.F.);
#304=ORIENTED_EDGE('',*,*,#790,.T.);
#305=ORIENTED_EDGE('',*,*,#791,.F.);
#306=ORIENTED_EDGE('',*,*,#792,.T.);
#307=ORIENTED_EDGE('',*,*,#785,.T.);
#308=ORIENTED_EDGE('',*,*,#793,.F.);
#309=ORIENTED_EDGE('',*,*,#794,.T.);
#310=ORIENTED_EDGE('',*,*,#795,.T.);
#311=ORIENTED_EDGE('',*,*,#796,.T.);
#312=ORIENTED_EDGE('',*,*,#797,.F.);
#313=ORIENTED_EDGE('',*,*,#798,.F.);
#314=ORIENTED_EDGE('',*,*,#793,.T.);
#315=ORIENTED_EDGE('',*,*,#799,.T.);
#316=ORIENTED_EDGE('',*,*,#800,.F.);
#317=ORIENTED_EDGE('',*,*,#801,.T.);
#318=ORIENTED_EDGE('',*,*,#797,.T.);
#319=ORIENTED_EDGE('',*,*,#802,.T.);
#320=ORIENTED_EDGE('',*,*,#803,.F.);
#321=ORIENTED_EDGE('',*,*,#804,.T.);
#322=ORIENTED_EDGE('',*,*,#800,.T.);
#323=ORIENTED_EDGE('',*,*,#805,.T.);
#324=ORIENTED_EDGE('',*,*,#806,.F.);
#325=ORIENTED_EDGE('',*,*,#803,.T.);
#326=ORIENTED_EDGE('',*,*,#807,.F.);
#327=ORIENTED_EDGE('',*,*,#808,.F.);
#328=ORIENTED_EDGE('',*,*,#789,.T.);
#329=ORIENTED_EDGE('',*,*,#809,.T.);
#330=ORIENTED_EDGE('',*,*,#810,.F.);
#331=ORIENTED_EDGE('',*,*,#764,.F.);
#332=ORIENTED_EDGE('',*,*,#811,.F.);
#333=ORIENTED_EDGE('',*,*,#812,.T.);
#334=ORIENTED_EDGE('',*,*,#808,.T.);
#335=ORIENTED_EDGE('',*,*,#813,.T.);
#336=ORIENTED_EDGE('',*,*,#814,.F.);
#337=ORIENTED_EDGE('',*,*,#815,.T.);
#338=ORIENTED_EDGE('',*,*,#791,.T.);
#339=ORIENTED_EDGE('',*,*,#816,.T.);
#340=ORIENTED_EDGE('',*,*,#817,.T.);
#341=ORIENTED_EDGE('',*,*,#818,.T.);
#342=ORIENTED_EDGE('',*,*,#819,.F.);
#343=ORIENTED_EDGE('',*,*,#758,.F.);
#344=ORIENTED_EDGE('',*,*,#795,.F.);
#345=ORIENTED_EDGE('',*,*,#820,.T.);
#346=ORIENTED_EDGE('',*,*,#821,.T.);
#347=ORIENTED_EDGE('',*,*,#822,.T.);
#348=ORIENTED_EDGE('',*,*,#823,.F.);
#349=ORIENTED_EDGE('',*,*,#824,.T.);
#350=ORIENTED_EDGE('',*,*,#825,.T.);
#351=ORIENTED_EDGE('',*,*,#826,.T.);
#352=ORIENTED_EDGE('',*,*,#827,.F.);
#353=ORIENTED_EDGE('',*,*,#828,.F.);
#354=ORIENTED_EDGE('',*,*,#759,.T.);
#355=ORIENTED_EDGE('',*,*,#819,.T.);
#356=ORIENTED_EDGE('',*,*,#829,.F.);
#357=ORIENTED_EDGE('',*,*,#823,.T.);
#358=ORIENTED_EDGE('',*,*,#830,.F.);
#359=ORIENTED_EDGE('',*,*,#831,.F.);
#360=ORIENTED_EDGE('',*,*,#828,.T.);
#361=ORIENTED_EDGE('',*,*,#832,.T.);
#362=ORIENTED_EDGE('',*,*,#776,.F.);
#363=ORIENTED_EDGE('',*,*,#760,.F.);
#364=ORIENTED_EDGE('',*,*,#781,.F.);
#365=ORIENTED_EDGE('',*,*,#833,.T.);
#366=ORIENTED_EDGE('',*,*,#831,.T.);
#367=ORIENTED_EDGE('',*,*,#834,.T.);
#368=ORIENTED_EDGE('',*,*,#835,.F.);
#369=ORIENTED_EDGE('',*,*,#836,.T.);
#370=ORIENTED_EDGE('',*,*,#837,.T.);
#371=ORIENTED_EDGE('',*,*,#773,.T.);
#372=ORIENTED_EDGE('',*,*,#838,.F.);
#373=ORIENTED_EDGE('',*,*,#839,.F.);
#374=ORIENTED_EDGE('',*,*,#835,.T.);
#375=ORIENTED_EDGE('',*,*,#772,.T.);
#376=ORIENTED_EDGE('',*,*,#840,.F.);
#377=ORIENTED_EDGE('',*,*,#841,.T.);
#378=ORIENTED_EDGE('',*,*,#838,.T.);
#379=ORIENTED_EDGE('',*,*,#771,.T.);
#380=ORIENTED_EDGE('',*,*,#842,.F.);
#381=ORIENTED_EDGE('',*,*,#843,.T.);
#382=ORIENTED_EDGE('',*,*,#840,.T.);
#383=ORIENTED_EDGE('',*,*,#770,.T.);
#384=ORIENTED_EDGE('',*,*,#844,.F.);
#385=ORIENTED_EDGE('',*,*,#842,.T.);
#386=ORIENTED_EDGE('',*,*,#769,.F.);
#387=ORIENTED_EDGE('',*,*,#845,.F.);
#388=ORIENTED_EDGE('',*,*,#846,.F.);
#389=ORIENTED_EDGE('',*,*,#847,.T.);
#390=ORIENTED_EDGE('',*,*,#845,.T.);
#391=ORIENTED_EDGE('',*,*,#768,.T.);
#392=ORIENTED_EDGE('',*,*,#848,.T.);
#393=ORIENTED_EDGE('',*,*,#811,.T.);
#394=ORIENTED_EDGE('',*,*,#849,.F.);
#395=ORIENTED_EDGE('',*,*,#821,.F.);
#396=ORIENTED_EDGE('',*,*,#850,.T.);
#397=ORIENTED_EDGE('',*,*,#814,.T.);
#398=ORIENTED_EDGE('',*,*,#851,.F.);
#399=ORIENTED_EDGE('',*,*,#825,.F.);
#400=ORIENTED_EDGE('',*,*,#852,.F.);
#401=ORIENTED_EDGE('',*,*,#853,.T.);
#402=ORIENTED_EDGE('',*,*,#846,.T.);
#403=ORIENTED_EDGE('',*,*,#767,.T.);
#404=ORIENTED_EDGE('',*,*,#750,.F.);
#405=ORIENTED_EDGE('',*,*,#765,.F.);
#406=ORIENTED_EDGE('',*,*,#810,.T.);
#407=ORIENTED_EDGE('',*,*,#854,.F.);
#408=ORIENTED_EDGE('',*,*,#817,.F.);
#409=ORIENTED_EDGE('',*,*,#757,.F.);
#410=ORIENTED_EDGE('',*,*,#754,.T.);
#411=ORIENTED_EDGE('',*,*,#775,.T.);
#412=ORIENTED_EDGE('',*,*,#837,.F.);
#413=ORIENTED_EDGE('',*,*,#855,.T.);
#414=ORIENTED_EDGE('',*,*,#852,.T.);
#415=ORIENTED_EDGE('',*,*,#774,.T.);
#416=ORIENTED_EDGE('',*,*,#855,.F.);
#417=ORIENTED_EDGE('',*,*,#836,.F.);
#418=ORIENTED_EDGE('',*,*,#839,.T.);
#419=ORIENTED_EDGE('',*,*,#841,.F.);
#420=ORIENTED_EDGE('',*,*,#843,.F.);
#421=ORIENTED_EDGE('',*,*,#844,.T.);
#422=ORIENTED_EDGE('',*,*,#847,.F.);
#423=ORIENTED_EDGE('',*,*,#853,.F.);
#424=ORIENTED_EDGE('',*,*,#816,.F.);
#425=ORIENTED_EDGE('',*,*,#790,.F.);
#426=ORIENTED_EDGE('',*,*,#787,.F.);
#427=ORIENTED_EDGE('',*,*,#782,.F.);
#428=ORIENTED_EDGE('',*,*,#834,.F.);
#429=ORIENTED_EDGE('',*,*,#830,.T.);
#430=ORIENTED_EDGE('',*,*,#826,.F.);
#431=ORIENTED_EDGE('',*,*,#851,.T.);
#432=ORIENTED_EDGE('',*,*,#792,.F.);
#433=ORIENTED_EDGE('',*,*,#815,.F.);
#434=ORIENTED_EDGE('',*,*,#850,.F.);
#435=ORIENTED_EDGE('',*,*,#824,.F.);
#436=ORIENTED_EDGE('',*,*,#829,.T.);
#437=ORIENTED_EDGE('',*,*,#833,.F.);
#438=ORIENTED_EDGE('',*,*,#780,.F.);
#439=ORIENTED_EDGE('',*,*,#786,.T.);
#440=ORIENTED_EDGE('',*,*,#796,.F.);
#441=ORIENTED_EDGE('',*,*,#822,.F.);
#442=ORIENTED_EDGE('',*,*,#849,.T.);
#443=ORIENTED_EDGE('',*,*,#813,.F.);
#444=ORIENTED_EDGE('',*,*,#807,.T.);
#445=ORIENTED_EDGE('',*,*,#805,.F.);
#446=ORIENTED_EDGE('',*,*,#802,.F.);
#447=ORIENTED_EDGE('',*,*,#799,.F.);
#448=ORIENTED_EDGE('',*,*,#820,.F.);
#449=ORIENTED_EDGE('',*,*,#794,.F.);
#450=ORIENTED_EDGE('',*,*,#798,.T.);
#451=ORIENTED_EDGE('',*,*,#801,.F.);
#452=ORIENTED_EDGE('',*,*,#804,.F.);
#453=ORIENTED_EDGE('',*,*,#806,.T.);
#454=ORIENTED_EDGE('',*,*,#812,.F.);
#455=ORIENTED_EDGE('',*,*,#848,.F.);
#456=ORIENTED_EDGE('',*,*,#809,.F.);
#457=ORIENTED_EDGE('',*,*,#788,.F.);
#458=ORIENTED_EDGE('',*,*,#783,.F.);
#459=ORIENTED_EDGE('',*,*,#777,.F.);
#460=ORIENTED_EDGE('',*,*,#832,.F.);
#461=ORIENTED_EDGE('',*,*,#827,.T.);
#462=ORIENTED_EDGE('',*,*,#818,.F.);
#463=ORIENTED_EDGE('',*,*,#854,.T.);
#464=ORIENTED_EDGE('',*,*,#748,.T.);
#465=ORIENTED_EDGE('',*,*,#766,.T.);
#466=ORIENTED_EDGE('',*,*,#752,.T.);
#467=ORIENTED_EDGE('',*,*,#756,.F.);
#468=ORIENTED_EDGE('',*,*,#856,.F.);
#469=ORIENTED_EDGE('',*,*,#857,.T.);
#470=ORIENTED_EDGE('',*,*,#858,.F.);
#471=ORIENTED_EDGE('',*,*,#859,.F.);
#472=ORIENTED_EDGE('',*,*,#860,.F.);
#473=ORIENTED_EDGE('',*,*,#861,.F.);
#474=ORIENTED_EDGE('',*,*,#862,.T.);
#475=ORIENTED_EDGE('',*,*,#863,.T.);
#476=ORIENTED_EDGE('',*,*,#861,.T.);
#477=ORIENTED_EDGE('',*,*,#864,.T.);
#478=ORIENTED_EDGE('',*,*,#859,.T.);
#479=ORIENTED_EDGE('',*,*,#865,.T.);
#480=ORIENTED_EDGE('',*,*,#866,.T.);
#481=ORIENTED_EDGE('',*,*,#867,.F.);
#482=ORIENTED_EDGE('',*,*,#868,.T.);
#483=ORIENTED_EDGE('',*,*,#869,.T.);
#484=ORIENTED_EDGE('',*,*,#870,.F.);
#485=ORIENTED_EDGE('',*,*,#863,.F.);
#486=ORIENTED_EDGE('',*,*,#871,.F.);
#487=ORIENTED_EDGE('',*,*,#872,.F.);
#488=ORIENTED_EDGE('',*,*,#873,.T.);
#489=ORIENTED_EDGE('',*,*,#874,.F.);
#490=ORIENTED_EDGE('',*,*,#875,.F.);
#491=ORIENTED_EDGE('',*,*,#857,.F.);
#492=ORIENTED_EDGE('',*,*,#876,.F.);
#493=ORIENTED_EDGE('',*,*,#877,.T.);
#494=ORIENTED_EDGE('',*,*,#878,.T.);
#495=ORIENTED_EDGE('',*,*,#874,.T.);
#496=ORIENTED_EDGE('',*,*,#879,.T.);
#497=ORIENTED_EDGE('',*,*,#880,.T.);
#498=ORIENTED_EDGE('',*,*,#881,.F.);
#499=ORIENTED_EDGE('',*,*,#882,.T.);
#500=ORIENTED_EDGE('',*,*,#883,.T.);
#501=ORIENTED_EDGE('',*,*,#884,.T.);
#502=ORIENTED_EDGE('',*,*,#885,.F.);
#503=ORIENTED_EDGE('',*,*,#886,.T.);
#504=ORIENTED_EDGE('',*,*,#876,.T.);
#505=ORIENTED_EDGE('',*,*,#887,.T.);
#506=ORIENTED_EDGE('',*,*,#888,.F.);
#507=ORIENTED_EDGE('',*,*,#889,.T.);
#508=ORIENTED_EDGE('',*,*,#881,.T.);
#509=ORIENTED_EDGE('',*,*,#890,.T.);
#510=ORIENTED_EDGE('',*,*,#891,.F.);
#511=ORIENTED_EDGE('',*,*,#892,.T.);
#512=ORIENTED_EDGE('',*,*,#885,.T.);
#513=ORIENTED_EDGE('',*,*,#893,.T.);
#514=ORIENTED_EDGE('',*,*,#894,.F.);
#515=ORIENTED_EDGE('',*,*,#895,.T.);
#516=ORIENTED_EDGE('',*,*,#888,.T.);
#517=ORIENTED_EDGE('',*,*,#896,.F.);
#518=ORIENTED_EDGE('',*,*,#897,.F.);
#519=ORIENTED_EDGE('',*,*,#898,.T.);
#520=ORIENTED_EDGE('',*,*,#891,.T.);
#521=ORIENTED_EDGE('',*,*,#899,.F.);
#522=ORIENTED_EDGE('',*,*,#900,.F.);
#523=ORIENTED_EDGE('',*,*,#901,.T.);
#524=ORIENTED_EDGE('',*,*,#894,.T.);
#525=ORIENTED_EDGE('',*,*,#902,.F.);
#526=ORIENTED_EDGE('',*,*,#903,.F.);
#527=ORIENTED_EDGE('',*,*,#904,.T.);
#528=ORIENTED_EDGE('',*,*,#897,.T.);
#529=ORIENTED_EDGE('',*,*,#905,.T.);
#530=ORIENTED_EDGE('',*,*,#906,.F.);
#531=ORIENTED_EDGE('',*,*,#907,.T.);
#532=ORIENTED_EDGE('',*,*,#900,.T.);
#533=ORIENTED_EDGE('',*,*,#908,.T.);
#534=ORIENTED_EDGE('',*,*,#909,.F.);
#535=ORIENTED_EDGE('',*,*,#910,.T.);
#536=ORIENTED_EDGE('',*,*,#903,.T.);
#537=ORIENTED_EDGE('',*,*,#911,.T.);
#538=ORIENTED_EDGE('',*,*,#912,.F.);
#539=ORIENTED_EDGE('',*,*,#913,.T.);
#540=ORIENTED_EDGE('',*,*,#914,.F.);
#541=ORIENTED_EDGE('',*,*,#915,.T.);
#542=ORIENTED_EDGE('',*,*,#906,.T.);
#543=ORIENTED_EDGE('',*,*,#872,.T.);
#544=ORIENTED_EDGE('',*,*,#909,.T.);
#545=ORIENTED_EDGE('',*,*,#916,.T.);
#546=ORIENTED_EDGE('',*,*,#917,.F.);
#547=ORIENTED_EDGE('',*,*,#918,.T.);
#548=ORIENTED_EDGE('',*,*,#912,.T.);
#549=ORIENTED_EDGE('',*,*,#919,.T.);
#550=ORIENTED_EDGE('',*,*,#920,.F.);
#551=ORIENTED_EDGE('',*,*,#921,.T.);
#552=ORIENTED_EDGE('',*,*,#922,.T.);
#553=ORIENTED_EDGE('',*,*,#923,.T.);
#554=ORIENTED_EDGE('',*,*,#924,.F.);
#555=ORIENTED_EDGE('',*,*,#866,.F.);
#556=ORIENTED_EDGE('',*,*,#924,.T.);
#557=ORIENTED_EDGE('',*,*,#925,.T.);
#558=ORIENTED_EDGE('',*,*,#926,.F.);
#559=ORIENTED_EDGE('',*,*,#927,.T.);
#560=ORIENTED_EDGE('',*,*,#926,.T.);
#561=ORIENTED_EDGE('',*,*,#928,.F.);
#562=ORIENTED_EDGE('',*,*,#929,.F.);
#563=ORIENTED_EDGE('',*,*,#930,.T.);
#564=ORIENTED_EDGE('',*,*,#929,.T.);
#565=ORIENTED_EDGE('',*,*,#931,.T.);
#566=ORIENTED_EDGE('',*,*,#932,.F.);
#567=ORIENTED_EDGE('',*,*,#933,.T.);
#568=ORIENTED_EDGE('',*,*,#932,.T.);
#569=ORIENTED_EDGE('',*,*,#934,.T.);
#570=ORIENTED_EDGE('',*,*,#935,.F.);
#571=ORIENTED_EDGE('',*,*,#868,.F.);
#572=ORIENTED_EDGE('',*,*,#936,.T.);
#573=ORIENTED_EDGE('',*,*,#879,.F.);
#574=ORIENTED_EDGE('',*,*,#937,.F.);
#575=ORIENTED_EDGE('',*,*,#917,.T.);
#576=ORIENTED_EDGE('',*,*,#938,.T.);
#577=ORIENTED_EDGE('',*,*,#883,.F.);
#578=ORIENTED_EDGE('',*,*,#939,.F.);
#579=ORIENTED_EDGE('',*,*,#920,.T.);
#580=ORIENTED_EDGE('',*,*,#935,.T.);
#581=ORIENTED_EDGE('',*,*,#940,.T.);
#582=ORIENTED_EDGE('',*,*,#922,.F.);
#583=ORIENTED_EDGE('',*,*,#865,.F.);
#584=ORIENTED_EDGE('',*,*,#858,.T.);
#585=ORIENTED_EDGE('',*,*,#875,.T.);
#586=ORIENTED_EDGE('',*,*,#878,.F.);
#587=ORIENTED_EDGE('',*,*,#941,.F.);
#588=ORIENTED_EDGE('',*,*,#914,.T.);
#589=ORIENTED_EDGE('',*,*,#871,.T.);
#590=ORIENTED_EDGE('',*,*,#862,.F.);
#591=ORIENTED_EDGE('',*,*,#869,.F.);
#592=ORIENTED_EDGE('',*,*,#873,.F.);
#593=ORIENTED_EDGE('',*,*,#905,.F.);
#594=ORIENTED_EDGE('',*,*,#896,.T.);
#595=ORIENTED_EDGE('',*,*,#887,.F.);
#596=ORIENTED_EDGE('',*,*,#930,.F.);
#597=ORIENTED_EDGE('',*,*,#933,.F.);
#598=ORIENTED_EDGE('',*,*,#867,.T.);
#599=ORIENTED_EDGE('',*,*,#927,.F.);
#600=ORIENTED_EDGE('',*,*,#940,.F.);
#601=ORIENTED_EDGE('',*,*,#934,.F.);
#602=ORIENTED_EDGE('',*,*,#942,.T.);
#603=ORIENTED_EDGE('',*,*,#923,.F.);
#604=ORIENTED_EDGE('',*,*,#943,.F.);
#605=ORIENTED_EDGE('',*,*,#921,.F.);
#606=ORIENTED_EDGE('',*,*,#939,.T.);
#607=ORIENTED_EDGE('',*,*,#886,.F.);
#608=ORIENTED_EDGE('',*,*,#942,.F.);
#609=ORIENTED_EDGE('',*,*,#931,.F.);
#610=ORIENTED_EDGE('',*,*,#928,.T.);
#611=ORIENTED_EDGE('',*,*,#925,.F.);
#612=ORIENTED_EDGE('',*,*,#904,.F.);
#613=ORIENTED_EDGE('',*,*,#913,.F.);
#614=ORIENTED_EDGE('',*,*,#943,.T.);
#615=ORIENTED_EDGE('',*,*,#895,.F.);
#616=ORIENTED_EDGE('',*,*,#938,.F.);
#617=ORIENTED_EDGE('',*,*,#919,.F.);
#618=ORIENTED_EDGE('',*,*,#944,.T.);
#619=ORIENTED_EDGE('',*,*,#884,.F.);
#620=ORIENTED_EDGE('',*,*,#945,.F.);
#621=ORIENTED_EDGE('',*,*,#918,.F.);
#622=ORIENTED_EDGE('',*,*,#937,.T.);
#623=ORIENTED_EDGE('',*,*,#882,.F.);
#624=ORIENTED_EDGE('',*,*,#944,.F.);
#625=ORIENTED_EDGE('',*,*,#911,.F.);
#626=ORIENTED_EDGE('',*,*,#902,.T.);
#627=ORIENTED_EDGE('',*,*,#893,.F.);
#628=ORIENTED_EDGE('',*,*,#901,.F.);
#629=ORIENTED_EDGE('',*,*,#910,.F.);
#630=ORIENTED_EDGE('',*,*,#945,.T.);
#631=ORIENTED_EDGE('',*,*,#892,.F.);
#632=ORIENTED_EDGE('',*,*,#898,.F.);
#633=ORIENTED_EDGE('',*,*,#907,.F.);
#634=ORIENTED_EDGE('',*,*,#946,.T.);
#635=ORIENTED_EDGE('',*,*,#889,.F.);
#636=ORIENTED_EDGE('',*,*,#947,.F.);
#637=ORIENTED_EDGE('',*,*,#908,.F.);
#638=ORIENTED_EDGE('',*,*,#899,.T.);
#639=ORIENTED_EDGE('',*,*,#890,.F.);
#640=ORIENTED_EDGE('',*,*,#946,.F.);
#641=ORIENTED_EDGE('',*,*,#915,.F.);
#642=ORIENTED_EDGE('',*,*,#941,.T.);
#643=ORIENTED_EDGE('',*,*,#877,.F.);
#644=ORIENTED_EDGE('',*,*,#936,.F.);
#645=ORIENTED_EDGE('',*,*,#916,.F.);
#646=ORIENTED_EDGE('',*,*,#947,.T.);
#647=ORIENTED_EDGE('',*,*,#880,.F.);
#648=ORIENTED_EDGE('',*,*,#860,.T.);
#649=ORIENTED_EDGE('',*,*,#870,.T.);
#650=ORIENTED_EDGE('',*,*,#856,.T.);
#651=ORIENTED_EDGE('',*,*,#864,.F.);
#652=EDGE_CURVE('',#948,#949,#1140,.T.);
#653=EDGE_CURVE('',#948,#950,#1141,.T.);
#654=EDGE_CURVE('',#950,#951,#1142,.T.);
#655=EDGE_CURVE('',#951,#949,#1143,.T.);
#656=EDGE_CURVE('',#952,#953,#1144,.T.);
#657=EDGE_CURVE('',#953,#954,#1145,.T.);
#658=EDGE_CURVE('',#955,#954,#1146,.T.);
#659=EDGE_CURVE('',#952,#955,#1147,.T.);
#660=EDGE_CURVE('',#956,#957,#1148,.T.);
#661=EDGE_CURVE('',#956,#958,#1149,.T.);
#662=EDGE_CURVE('',#959,#958,#1150,.T.);
#663=EDGE_CURVE('',#957,#959,#1151,.T.);
#664=EDGE_CURVE('',#960,#954,#1152,.T.);
#665=EDGE_CURVE('',#961,#960,#1153,.T.);
#666=EDGE_CURVE('',#962,#961,#1154,.T.);
#667=EDGE_CURVE('',#962,#959,#1155,.T.);
#668=EDGE_CURVE('',#963,#958,#1156,.T.);
#669=EDGE_CURVE('',#964,#963,#1157,.T.);
#670=EDGE_CURVE('',#965,#964,#1158,.T.);
#671=EDGE_CURVE('',#965,#951,#1159,.T.);
#672=EDGE_CURVE('',#966,#950,#1160,.T.);
#673=EDGE_CURVE('',#967,#966,#1161,.T.);
#674=EDGE_CURVE('',#968,#967,#1162,.T.);
#675=EDGE_CURVE('',#969,#968,#1163,.T.);
#676=EDGE_CURVE('',#955,#969,#1164,.T.);
#677=EDGE_CURVE('',#970,#968,#1165,.T.);
#678=EDGE_CURVE('',#971,#970,#1166,.T.);
#679=EDGE_CURVE('',#969,#971,#1167,.T.);
#680=EDGE_CURVE('',#972,#973,#1168,.T.);
#681=EDGE_CURVE('',#973,#953,#1169,.T.);
#682=EDGE_CURVE('',#971,#952,#1170,.T.);
#683=EDGE_CURVE('',#970,#974,#1171,.T.);
#684=EDGE_CURVE('',#974,#975,#1172,.T.);
#685=EDGE_CURVE('',#975,#948,#1173,.T.);
#686=EDGE_CURVE('',#949,#976,#1174,.T.);
#687=EDGE_CURVE('',#976,#977,#1175,.T.);
#688=EDGE_CURVE('',#977,#978,#1176,.T.);
#689=EDGE_CURVE('',#978,#956,#1177,.T.);
#690=EDGE_CURVE('',#979,#957,#1178,.T.);
#691=EDGE_CURVE('',#979,#972,#1179,.T.);
#692=EDGE_CURVE('',#980,#981,#1180,.T.);
#693=EDGE_CURVE('',#982,#980,#1181,.T.);
#694=EDGE_CURVE('',#982,#983,#1182,.T.);
#695=EDGE_CURVE('',#983,#981,#1183,.T.);
#696=EDGE_CURVE('',#984,#980,#1184,.T.);
#697=EDGE_CURVE('',#985,#984,#1185,.T.);
#698=EDGE_CURVE('',#985,#982,#1186,.T.);
#699=EDGE_CURVE('',#986,#984,#1187,.T.);
#700=EDGE_CURVE('',#987,#986,#1188,.T.);
#701=EDGE_CURVE('',#987,#985,#1189,.T.);
#702=EDGE_CURVE('',#988,#989,#1190,.T.);
#703=EDGE_CURVE('',#990,#988,#1191,.T.);
#704=EDGE_CURVE('',#990,#991,#1192,.T.);
#705=EDGE_CURVE('',#991,#989,#1193,.T.);
#706=EDGE_CURVE('',#992,#988,#1194,.T.);
#707=EDGE_CURVE('',#993,#992,#1195,.T.);
#708=EDGE_CURVE('',#993,#990,#1196,.T.);
#709=EDGE_CURVE('',#994,#992,#1197,.T.);
#710=EDGE_CURVE('',#995,#994,#1198,.T.);
#711=EDGE_CURVE('',#995,#993,#1199,.T.);
#712=EDGE_CURVE('',#996,#997,#1200,.T.);
#713=EDGE_CURVE('',#998,#996,#1201,.T.);
#714=EDGE_CURVE('',#998,#999,#1202,.T.);
#715=EDGE_CURVE('',#999,#997,#1203,.T.);
#716=EDGE_CURVE('',#1000,#996,#1204,.T.);
#717=EDGE_CURVE('',#1001,#1000,#1205,.T.);
#718=EDGE_CURVE('',#1001,#998,#1206,.T.);
#719=EDGE_CURVE('',#1002,#1000,#1207,.T.);
#720=EDGE_CURVE('',#1003,#1002,#1208,.T.);
#721=EDGE_CURVE('',#1003,#1001,#1209,.T.);
#722=EDGE_CURVE('',#1004,#1005,#1210,.T.);
#723=EDGE_CURVE('',#1006,#1004,#1211,.T.);
#724=EDGE_CURVE('',#1006,#1007,#1212,.T.);
#725=EDGE_CURVE('',#1007,#1005,#1213,.T.);
#726=EDGE_CURVE('',#1008,#1004,#1214,.T.);
#727=EDGE_CURVE('',#1009,#1008,#1215,.T.);
#728=EDGE_CURVE('',#1009,#1006,#1216,.T.);
#729=EDGE_CURVE('',#1010,#1008,#1217,.T.);
#730=EDGE_CURVE('',#1011,#1010,#1218,.T.);
#731=EDGE_CURVE('',#1011,#1009,#1219,.T.);
#732=EDGE_CURVE('',#981,#986,#1220,.T.);
#733=EDGE_CURVE('',#983,#987,#1221,.T.);
#734=EDGE_CURVE('',#989,#994,#1222,.T.);
#735=EDGE_CURVE('',#991,#995,#1223,.T.);
#736=EDGE_CURVE('',#997,#1002,#1224,.T.);
#737=EDGE_CURVE('',#999,#1003,#1225,.T.);
#738=EDGE_CURVE('',#1005,#1010,#1226,.T.);
#739=EDGE_CURVE('',#1007,#1011,#1227,.T.);
#740=EDGE_CURVE('',#979,#962,#1228,.T.);
#741=EDGE_CURVE('',#976,#965,#1229,.T.);
#742=EDGE_CURVE('',#978,#963,#1230,.T.);
#743=EDGE_CURVE('',#977,#964,#1231,.T.);
#744=EDGE_CURVE('',#973,#960,#1232,.T.);
#745=EDGE_CURVE('',#972,#961,#1233,.T.);
#746=EDGE_CURVE('',#975,#966,#1234,.T.);
#747=EDGE_CURVE('',#974,#967,#1235,.T.);
#748=EDGE_CURVE('',#1012,#1013,#1236,.T.);
#749=EDGE_CURVE('',#1014,#1012,#1237,.T.);
#750=EDGE_CURVE('',#1014,#1015,#1238,.T.);
#751=EDGE_CURVE('',#1015,#1013,#1239,.T.);
#752=EDGE_CURVE('',#1016,#1017,#1240,.T.);
#753=EDGE_CURVE('',#1016,#1018,#1241,.T.);
#754=EDGE_CURVE('',#1019,#1018,#1242,.T.);
#755=EDGE_CURVE('',#1017,#1019,#1243,.T.);
#756=EDGE_CURVE('',#1012,#1017,#1244,.T.);
#757=EDGE_CURVE('',#1019,#1020,#1245,.T.);
#758=EDGE_CURVE('',#1020,#1021,#1246,.T.);
#759=EDGE_CURVE('',#1022,#1021,#26,.T.);
#760=EDGE_CURVE('',#1022,#1023,#1247,.T.);
#761=EDGE_CURVE('',#1023,#1024,#1248,.T.);
#762=EDGE_CURVE('',#1024,#1025,#1249,.T.);
#763=EDGE_CURVE('',#1025,#1026,#27,.T.);
#764=EDGE_CURVE('',#1026,#1027,#1250,.T.);
#765=EDGE_CURVE('',#1027,#1014,#1251,.T.);
#766=EDGE_CURVE('',#1013,#1016,#1252,.T.);
#767=EDGE_CURVE('',#1028,#1015,#1253,.T.);
#768=EDGE_CURVE('',#1029,#1028,#1254,.T.);
#769=EDGE_CURVE('',#1029,#1030,#28,.T.);
#770=EDGE_CURVE('',#1031,#1030,#1255,.T.);
#771=EDGE_CURVE('',#1032,#1031,#1256,.T.);
#772=EDGE_CURVE('',#1033,#1032,#1257,.T.);
#773=EDGE_CURVE('',#1034,#1033,#29,.T.);
#774=EDGE_CURVE('',#1035,#1034,#1258,.T.);
#775=EDGE_CURVE('',#1018,#1035,#1259,.T.);
#776=EDGE_CURVE('',#1023,#1036,#1260,.T.);
#777=EDGE_CURVE('',#1036,#1037,#1261,.T.);
#778=EDGE_CURVE('',#1024,#1037,#1262,.T.);
#779=EDGE_CURVE('',#1038,#1039,#1263,.T.);
#780=EDGE_CURVE('',#1038,#1040,#1264,.T.);
#781=EDGE_CURVE('',#1040,#1041,#1265,.T.);
#782=EDGE_CURVE('',#1041,#1039,#1266,.T.);
#783=EDGE_CURVE('',#1037,#1042,#1267,.T.);
#784=EDGE_CURVE('',#1025,#1042,#1268,.T.);
#785=EDGE_CURVE('',#1043,#1044,#1269,.T.);
#786=EDGE_CURVE('',#1038,#1043,#1270,.T.);
#787=EDGE_CURVE('',#1039,#1044,#1271,.T.);
#788=EDGE_CURVE('',#1042,#1045,#30,.T.);
#789=EDGE_CURVE('',#1026,#1045,#1272,.T.);
#790=EDGE_CURVE('',#1044,#1046,#31,.T.);
#791=EDGE_CURVE('',#1047,#1046,#1273,.T.);
#792=EDGE_CURVE('',#1047,#1043,#32,.T.);
#793=EDGE_CURVE('',#1048,#1049,#1274,.T.);
#794=EDGE_CURVE('',#1048,#1050,#33,.T.);
#795=EDGE_CURVE('',#1050,#1051,#1275,.T.);
#796=EDGE_CURVE('',#1051,#1049,#34,.T.);
#797=EDGE_CURVE('',#1052,#1053,#1276,.T.);
#798=EDGE_CURVE('',#1048,#1052,#1277,.T.);
#799=EDGE_CURVE('',#1049,#1053,#1278,.T.);
#800=EDGE_CURVE('',#1054,#1055,#1279,.T.);
#801=EDGE_CURVE('',#1054,#1052,#1280,.T.);
#802=EDGE_CURVE('',#1053,#1055,#1281,.T.);
#803=EDGE_CURVE('',#1056,#1057,#1282,.T.);
#804=EDGE_CURVE('',#1056,#1054,#1283,.T.);
#805=EDGE_CURVE('',#1055,#1057,#1284,.T.);
#806=EDGE_CURVE('',#1056,#1058,#35,.T.);
#807=EDGE_CURVE('',#1059,#1057,#36,.T.);
#808=EDGE_CURVE('',#1058,#1059,#1285,.T.);
#809=EDGE_CURVE('',#1045,#1060,#1286,.T.);
#810=EDGE_CURVE('',#1027,#1060,#1287,.T.);
#811=EDGE_CURVE('',#1061,#1062,#1288,.T.);
#812=EDGE_CURVE('',#1061,#1058,#1289,.T.);
#813=EDGE_CURVE('',#1059,#1062,#1290,.T.);
#814=EDGE_CURVE('',#1063,#1064,#1291,.T.);
#815=EDGE_CURVE('',#1063,#1047,#1292,.T.);
#816=EDGE_CURVE('',#1046,#1064,#1293,.T.);
#817=EDGE_CURVE('',#1020,#1065,#1294,.T.);
#818=EDGE_CURVE('',#1065,#1066,#1295,.T.);
#819=EDGE_CURVE('',#1021,#1066,#1296,.T.);
#820=EDGE_CURVE('',#1050,#1067,#1297,.T.);
#821=EDGE_CURVE('',#1067,#1068,#1298,.T.);
#822=EDGE_CURVE('',#1068,#1051,#1299,.T.);
#823=EDGE_CURVE('',#1069,#1070,#1300,.T.);
#824=EDGE_CURVE('',#1069,#1071,#1301,.T.);
#825=EDGE_CURVE('',#1071,#1072,#1302,.T.);
#826=EDGE_CURVE('',#1072,#1070,#1303,.T.);
#827=EDGE_CURVE('',#1073,#1066,#37,.T.);
#828=EDGE_CURVE('',#1022,#1073,#1304,.T.);
#829=EDGE_CURVE('',#1069,#1074,#38,.T.);
#830=EDGE_CURVE('',#1075,#1070,#39,.T.);
#831=EDGE_CURVE('',#1074,#1075,#1305,.T.);
#832=EDGE_CURVE('',#1073,#1036,#1306,.T.);
#833=EDGE_CURVE('',#1040,#1074,#1307,.T.);
#834=EDGE_CURVE('',#1075,#1041,#1308,.T.);
#835=EDGE_CURVE('',#1076,#1033,#1309,.T.);
#836=EDGE_CURVE('',#1076,#1077,#40,.T.);
#837=EDGE_CURVE('',#1077,#1034,#1310,.T.);
#838=EDGE_CURVE('',#1078,#1032,#1311,.T.);
#839=EDGE_CURVE('',#1076,#1078,#1312,.T.);
#840=EDGE_CURVE('',#1079,#1031,#1313,.T.);
#841=EDGE_CURVE('',#1079,#1078,#1314,.T.);
#842=EDGE_CURVE('',#1080,#1030,#1315,.T.);
#843=EDGE_CURVE('',#1080,#1079,#1316,.T.);
#844=EDGE_CURVE('',#1080,#1081,#41,.T.);
#845=EDGE_CURVE('',#1081,#1029,#1317,.T.);
#846=EDGE_CURVE('',#1082,#1028,#1318,.T.);
#847=EDGE_CURVE('',#1082,#1081,#1319,.T.);
#848=EDGE_CURVE('',#1067,#1061,#1320,.T.);
#849=EDGE_CURVE('',#1068,#1062,#1321,.T.);
#850=EDGE_CURVE('',#1071,#1063,#1322,.T.);
#851=EDGE_CURVE('',#1072,#1064,#1323,.T.);
#852=EDGE_CURVE('',#1083,#1035,#1324,.T.);
#853=EDGE_CURVE('',#1083,#1082,#1325,.T.);
#854=EDGE_CURVE('',#1065,#1060,#1326,.T.);
#855=EDGE_CURVE('',#1077,#1083,#1327,.T.);
#856=EDGE_CURVE('',#1084,#1085,#1328,.T.);
#857=EDGE_CURVE('',#1084,#1086,#1329,.T.);
#858=EDGE_CURVE('',#1087,#1086,#1330,.T.);
#859=EDGE_CURVE('',#1085,#1087,#1331,.T.);
#860=EDGE_CURVE('',#1088,#1089,#1332,.T.);
#861=EDGE_CURVE('',#1090,#1088,#1333,.T.);
#862=EDGE_CURVE('',#1090,#1091,#1334,.T.);
#863=EDGE_CURVE('',#1091,#1089,#1335,.T.);
#864=EDGE_CURVE('',#1088,#1085,#1336,.T.);
#865=EDGE_CURVE('',#1087,#1092,#1337,.T.);
#866=EDGE_CURVE('',#1092,#1093,#1338,.T.);
#867=EDGE_CURVE('',#1094,#1093,#1339,.T.);
#868=EDGE_CURVE('',#1094,#1095,#1340,.T.);
#869=EDGE_CURVE('',#1095,#1090,#1341,.T.);
#870=EDGE_CURVE('',#1089,#1084,#1342,.T.);
#871=EDGE_CURVE('',#1096,#1091,#1343,.T.);
#872=EDGE_CURVE('',#1097,#1096,#1344,.T.);
#873=EDGE_CURVE('',#1097,#1098,#1345,.T.);
#874=EDGE_CURVE('',#1099,#1098,#1346,.T.);
#875=EDGE_CURVE('',#1086,#1099,#1347,.T.);
#876=EDGE_CURVE('',#1100,#1098,#1348,.T.);
#877=EDGE_CURVE('',#1100,#1101,#1349,.T.);
#878=EDGE_CURVE('',#1101,#1099,#1350,.T.);
#879=EDGE_CURVE('',#1102,#1103,#1351,.T.);
#880=EDGE_CURVE('',#1103,#1104,#1352,.T.);
#881=EDGE_CURVE('',#1105,#1104,#1353,.T.);
#882=EDGE_CURVE('',#1105,#1102,#1354,.T.);
#883=EDGE_CURVE('',#1106,#1107,#1355,.T.);
#884=EDGE_CURVE('',#1107,#1108,#1356,.T.);
#885=EDGE_CURVE('',#1109,#1108,#1357,.T.);
#886=EDGE_CURVE('',#1109,#1106,#1358,.T.);
#887=EDGE_CURVE('',#1098,#1110,#1359,.T.);
#888=EDGE_CURVE('',#1111,#1110,#1360,.T.);
#889=EDGE_CURVE('',#1111,#1100,#1361,.T.);
#890=EDGE_CURVE('',#1104,#1112,#1362,.T.);
#891=EDGE_CURVE('',#1113,#1112,#1363,.T.);
#892=EDGE_CURVE('',#1113,#1105,#1364,.T.);
#893=EDGE_CURVE('',#1108,#1114,#1365,.T.);
#894=EDGE_CURVE('',#1115,#1114,#1366,.T.);
#895=EDGE_CURVE('',#1115,#1109,#1367,.T.);
#896=EDGE_CURVE('',#1116,#1110,#1368,.T.);
#897=EDGE_CURVE('',#1117,#1116,#1369,.T.);
#898=EDGE_CURVE('',#1117,#1111,#1370,.T.);
#899=EDGE_CURVE('',#1118,#1112,#1371,.T.);
#900=EDGE_CURVE('',#1119,#1118,#1372,.T.);
#901=EDGE_CURVE('',#1119,#1113,#1373,.T.);
#902=EDGE_CURVE('',#1120,#1114,#1374,.T.);
#903=EDGE_CURVE('',#1121,#1120,#1375,.T.);
#904=EDGE_CURVE('',#1121,#1115,#1376,.T.);
#905=EDGE_CURVE('',#1116,#1097,#1377,.T.);
#906=EDGE_CURVE('',#1122,#1097,#1378,.T.);
#907=EDGE_CURVE('',#1122,#1117,#1379,.T.);
#908=EDGE_CURVE('',#1118,#1123,#1380,.T.);
#909=EDGE_CURVE('',#1124,#1123,#1381,.T.);
#910=EDGE_CURVE('',#1124,#1119,#1382,.T.);
#911=EDGE_CURVE('',#1120,#1125,#1383,.T.);
#912=EDGE_CURVE('',#1126,#1125,#1384,.T.);
#913=EDGE_CURVE('',#1126,#1121,#1385,.T.);
#914=EDGE_CURVE('',#1127,#1096,#1386,.T.);
#915=EDGE_CURVE('',#1127,#1122,#1387,.T.);
#916=EDGE_CURVE('',#1123,#1128,#1388,.T.);
#917=EDGE_CURVE('',#1129,#1128,#1389,.T.);
#918=EDGE_CURVE('',#1129,#1124,#1390,.T.);
#919=EDGE_CURVE('',#1125,#1130,#1391,.T.);
#920=EDGE_CURVE('',#1131,#1130,#1392,.T.);
#921=EDGE_CURVE('',#1131,#1126,#1393,.T.);
#922=EDGE_CURVE('',#1092,#1132,#1394,.T.);
#923=EDGE_CURVE('',#1132,#1133,#1395,.T.);
#924=EDGE_CURVE('',#1093,#1133,#1396,.T.);
#925=EDGE_CURVE('',#1133,#1134,#1397,.T.);
#926=EDGE_CURVE('',#1135,#1134,#1398,.T.);
#927=EDGE_CURVE('',#1135,#1093,#1399,.T.);
#928=EDGE_CURVE('',#1136,#1134,#1400,.T.);
#929=EDGE_CURVE('',#1137,#1136,#1401,.T.);
#930=EDGE_CURVE('',#1137,#1135,#1402,.T.);
#931=EDGE_CURVE('',#1136,#1138,#1403,.T.);
#932=EDGE_CURVE('',#1094,#1138,#1404,.T.);
#933=EDGE_CURVE('',#1094,#1137,#1405,.T.);
#934=EDGE_CURVE('',#1138,#1139,#1406,.T.);
#935=EDGE_CURVE('',#1095,#1139,#1407,.T.);
#936=EDGE_CURVE('',#1128,#1103,#1408,.T.);
#937=EDGE_CURVE('',#1129,#1102,#1409,.T.);
#938=EDGE_CURVE('',#1130,#1107,#1410,.T.);
#939=EDGE_CURVE('',#1131,#1106,#1411,.T.);
#940=EDGE_CURVE('',#1139,#1132,#1412,.T.);
#941=EDGE_CURVE('',#1127,#1101,#1413,.T.);
#942=EDGE_CURVE('',#1138,#1133,#1414,.T.);
#943=EDGE_CURVE('',#1126,#1109,#1415,.T.);
#944=EDGE_CURVE('',#1125,#1108,#1416,.T.);
#945=EDGE_CURVE('',#1124,#1105,#1417,.T.);
#946=EDGE_CURVE('',#1122,#1100,#1418,.T.);
#947=EDGE_CURVE('',#1123,#1104,#1419,.T.);
#948=VERTEX_POINT('',#2871);
#949=VERTEX_POINT('',#2872);
#950=VERTEX_POINT('',#2874);
#951=VERTEX_POINT('',#2876);
#952=VERTEX_POINT('',#2880);
#953=VERTEX_POINT('',#2881);
#954=VERTEX_POINT('',#2883);
#955=VERTEX_POINT('',#2885);
#956=VERTEX_POINT('',#2889);
#957=VERTEX_POINT('',#2890);
#958=VERTEX_POINT('',#2892);
#959=VERTEX_POINT('',#2894);
#960=VERTEX_POINT('',#2898);
#961=VERTEX_POINT('',#2900);
#962=VERTEX_POINT('',#2902);
#963=VERTEX_POINT('',#2905);
#964=VERTEX_POINT('',#2907);
#965=VERTEX_POINT('',#2909);
#966=VERTEX_POINT('',#2912);
#967=VERTEX_POINT('',#2914);
#968=VERTEX_POINT('',#2916);
#969=VERTEX_POINT('',#2918);
#970=VERTEX_POINT('',#2922);
#971=VERTEX_POINT('',#2924);
#972=VERTEX_POINT('',#2928);
#973=VERTEX_POINT('',#2929);
#974=VERTEX_POINT('',#2933);
#975=VERTEX_POINT('',#2935);
#976=VERTEX_POINT('',#2938);
#977=VERTEX_POINT('',#2940);
#978=VERTEX_POINT('',#2942);
#979=VERTEX_POINT('',#2945);
#980=VERTEX_POINT('',#2949);
#981=VERTEX_POINT('',#2950);
#982=VERTEX_POINT('',#2952);
#983=VERTEX_POINT('',#2954);
#984=VERTEX_POINT('',#2958);
#985=VERTEX_POINT('',#2960);
#986=VERTEX_POINT('',#2964);
#987=VERTEX_POINT('',#2966);
#988=VERTEX_POINT('',#2970);
#989=VERTEX_POINT('',#2971);
#990=VERTEX_POINT('',#2973);
#991=VERTEX_POINT('',#2975);
#992=VERTEX_POINT('',#2979);
#993=VERTEX_POINT('',#2981);
#994=VERTEX_POINT('',#2985);
#995=VERTEX_POINT('',#2987);
#996=VERTEX_POINT('',#2991);
#997=VERTEX_POINT('',#2992);
#998=VERTEX_POINT('',#2994);
#999=VERTEX_POINT('',#2996);
#1000=VERTEX_POINT('',#3000);
#1001=VERTEX_POINT('',#3002);
#1002=VERTEX_POINT('',#3006);
#1003=VERTEX_POINT('',#3008);
#1004=VERTEX_POINT('',#3012);
#1005=VERTEX_POINT('',#3013);
#1006=VERTEX_POINT('',#3015);
#1007=VERTEX_POINT('',#3017);
#1008=VERTEX_POINT('',#3021);
#1009=VERTEX_POINT('',#3023);
#1010=VERTEX_POINT('',#3027);
#1011=VERTEX_POINT('',#3029);
#1012=VERTEX_POINT('',#3066);
#1013=VERTEX_POINT('',#3067);
#1014=VERTEX_POINT('',#3069);
#1015=VERTEX_POINT('',#3071);
#1016=VERTEX_POINT('',#3075);
#1017=VERTEX_POINT('',#3076);
#1018=VERTEX_POINT('',#3078);
#1019=VERTEX_POINT('',#3080);
#1020=VERTEX_POINT('',#3085);
#1021=VERTEX_POINT('',#3087);
#1022=VERTEX_POINT('',#3089);
#1023=VERTEX_POINT('',#3091);
#1024=VERTEX_POINT('',#3093);
#1025=VERTEX_POINT('',#3095);
#1026=VERTEX_POINT('',#3097);
#1027=VERTEX_POINT('',#3099);
#1028=VERTEX_POINT('',#3104);
#1029=VERTEX_POINT('',#3106);
#1030=VERTEX_POINT('',#3108);
#1031=VERTEX_POINT('',#3110);
#1032=VERTEX_POINT('',#3112);
#1033=VERTEX_POINT('',#3114);
#1034=VERTEX_POINT('',#3116);
#1035=VERTEX_POINT('',#3118);
#1036=VERTEX_POINT('',#3122);
#1037=VERTEX_POINT('',#3124);
#1038=VERTEX_POINT('',#3128);
#1039=VERTEX_POINT('',#3129);
#1040=VERTEX_POINT('',#3131);
#1041=VERTEX_POINT('',#3133);
#1042=VERTEX_POINT('',#3137);
#1043=VERTEX_POINT('',#3141);
#1044=VERTEX_POINT('',#3142);
#1045=VERTEX_POINT('',#3147);
#1046=VERTEX_POINT('',#3151);
#1047=VERTEX_POINT('',#3153);
#1048=VERTEX_POINT('',#3157);
#1049=VERTEX_POINT('',#3158);
#1050=VERTEX_POINT('',#3160);
#1051=VERTEX_POINT('',#3162);
#1052=VERTEX_POINT('',#3166);
#1053=VERTEX_POINT('',#3167);
#1054=VERTEX_POINT('',#3172);
#1055=VERTEX_POINT('',#3173);
#1056=VERTEX_POINT('',#3178);
#1057=VERTEX_POINT('',#3179);
#1058=VERTEX_POINT('',#3184);
#1059=VERTEX_POINT('',#3186);
#1060=VERTEX_POINT('',#3190);
#1061=VERTEX_POINT('',#3194);
#1062=VERTEX_POINT('',#3195);
#1063=VERTEX_POINT('',#3200);
#1064=VERTEX_POINT('',#3201);
#1065=VERTEX_POINT('',#3206);
#1066=VERTEX_POINT('',#3208);
#1067=VERTEX_POINT('',#3212);
#1068=VERTEX_POINT('',#3214);
#1069=VERTEX_POINT('',#3218);
#1070=VERTEX_POINT('',#3219);
#1071=VERTEX_POINT('',#3221);
#1072=VERTEX_POINT('',#3223);
#1073=VERTEX_POINT('',#3227);
#1074=VERTEX_POINT('',#3231);
#1075=VERTEX_POINT('',#3233);
#1076=VERTEX_POINT('',#3242);
#1077=VERTEX_POINT('',#3244);
#1078=VERTEX_POINT('',#3248);
#1079=VERTEX_POINT('',#3252);
#1080=VERTEX_POINT('',#3256);
#1081=VERTEX_POINT('',#3260);
#1082=VERTEX_POINT('',#3264);
#1083=VERTEX_POINT('',#3272);
#1084=VERTEX_POINT('',#3287);
#1085=VERTEX_POINT('',#3288);
#1086=VERTEX_POINT('',#3290);
#1087=VERTEX_POINT('',#3292);
#1088=VERTEX_POINT('',#3296);
#1089=VERTEX_POINT('',#3297);
#1090=VERTEX_POINT('',#3299);
#1091=VERTEX_POINT('',#3301);
#1092=VERTEX_POINT('',#3306);
#1093=VERTEX_POINT('',#3308);
#1094=VERTEX_POINT('',#3310);
#1095=VERTEX_POINT('',#3312);
#1096=VERTEX_POINT('',#3317);
#1097=VERTEX_POINT('',#3319);
#1098=VERTEX_POINT('',#3321);
#1099=VERTEX_POINT('',#3323);
#1100=VERTEX_POINT('',#3327);
#1101=VERTEX_POINT('',#3329);
#1102=VERTEX_POINT('',#3333);
#1103=VERTEX_POINT('',#3334);
#1104=VERTEX_POINT('',#3336);
#1105=VERTEX_POINT('',#3338);
#1106=VERTEX_POINT('',#3342);
#1107=VERTEX_POINT('',#3343);
#1108=VERTEX_POINT('',#3345);
#1109=VERTEX_POINT('',#3347);
#1110=VERTEX_POINT('',#3351);
#1111=VERTEX_POINT('',#3353);
#1112=VERTEX_POINT('',#3357);
#1113=VERTEX_POINT('',#3359);
#1114=VERTEX_POINT('',#3363);
#1115=VERTEX_POINT('',#3365);
#1116=VERTEX_POINT('',#3369);
#1117=VERTEX_POINT('',#3371);
#1118=VERTEX_POINT('',#3375);
#1119=VERTEX_POINT('',#3377);
#1120=VERTEX_POINT('',#3381);
#1121=VERTEX_POINT('',#3383);
#1122=VERTEX_POINT('',#3388);
#1123=VERTEX_POINT('',#3392);
#1124=VERTEX_POINT('',#3394);
#1125=VERTEX_POINT('',#3398);
#1126=VERTEX_POINT('',#3400);
#1127=VERTEX_POINT('',#3404);
#1128=VERTEX_POINT('',#3408);
#1129=VERTEX_POINT('',#3410);
#1130=VERTEX_POINT('',#3414);
#1131=VERTEX_POINT('',#3416);
#1132=VERTEX_POINT('',#3420);
#1133=VERTEX_POINT('',#3422);
#1134=VERTEX_POINT('',#3426);
#1135=VERTEX_POINT('',#3428);
#1136=VERTEX_POINT('',#3432);
#1137=VERTEX_POINT('',#3434);
#1138=VERTEX_POINT('',#3438);
#1139=VERTEX_POINT('',#3443);
#1140=LINE('',#2870,#1420);
#1141=LINE('',#2873,#1421);
#1142=LINE('',#2875,#1422);
#1143=LINE('',#2877,#1423);
#1144=LINE('',#2879,#1424);
#1145=LINE('',#2882,#1425);
#1146=LINE('',#2884,#1426);
#1147=LINE('',#2886,#1427);
#1148=LINE('',#2888,#1428);
#1149=LINE('',#2891,#1429);
#1150=LINE('',#2893,#1430);
#1151=LINE('',#2895,#1431);
#1152=LINE('',#2897,#1432);
#1153=LINE('',#2899,#1433);
#1154=LINE('',#2901,#1434);
#1155=LINE('',#2903,#1435);
#1156=LINE('',#2904,#1436);
#1157=LINE('',#2906,#1437);
#1158=LINE('',#2908,#1438);
#1159=LINE('',#2910,#1439);
#1160=LINE('',#2911,#1440);
#1161=LINE('',#2913,#1441);
#1162=LINE('',#2915,#1442);
#1163=LINE('',#2917,#1443);
#1164=LINE('',#2919,#1444);
#1165=LINE('',#2921,#1445);
#1166=LINE('',#2923,#1446);
#1167=LINE('',#2925,#1447);
#1168=LINE('',#2927,#1448);
#1169=LINE('',#2930,#1449);
#1170=LINE('',#2931,#1450);
#1171=LINE('',#2932,#1451);
#1172=LINE('',#2934,#1452);
#1173=LINE('',#2936,#1453);
#1174=LINE('',#2937,#1454);
#1175=LINE('',#2939,#1455);
#1176=LINE('',#2941,#1456);
#1177=LINE('',#2943,#1457);
#1178=LINE('',#2944,#1458);
#1179=LINE('',#2946,#1459);
#1180=LINE('',#2948,#1460);
#1181=LINE('',#2951,#1461);
#1182=LINE('',#2953,#1462);
#1183=LINE('',#2955,#1463);
#1184=LINE('',#2957,#1464);
#1185=LINE('',#2959,#1465);
#1186=LINE('',#2961,#1466);
#1187=LINE('',#2963,#1467);
#1188=LINE('',#2965,#1468);
#1189=LINE('',#2967,#1469);
#1190=LINE('',#2969,#1470);
#1191=LINE('',#2972,#1471);
#1192=LINE('',#2974,#1472);
#1193=LINE('',#2976,#1473);
#1194=LINE('',#2978,#1474);
#1195=LINE('',#2980,#1475);
#1196=LINE('',#2982,#1476);
#1197=LINE('',#2984,#1477);
#1198=LINE('',#2986,#1478);
#1199=LINE('',#2988,#1479);
#1200=LINE('',#2990,#1480);
#1201=LINE('',#2993,#1481);
#1202=LINE('',#2995,#1482);
#1203=LINE('',#2997,#1483);
#1204=LINE('',#2999,#1484);
#1205=LINE('',#3001,#1485);
#1206=LINE('',#3003,#1486);
#1207=LINE('',#3005,#1487);
#1208=LINE('',#3007,#1488);
#1209=LINE('',#3009,#1489);
#1210=LINE('',#3011,#1490);
#1211=LINE('',#3014,#1491);
#1212=LINE('',#3016,#1492);
#1213=LINE('',#3018,#1493);
#1214=LINE('',#3020,#1494);
#1215=LINE('',#3022,#1495);
#1216=LINE('',#3024,#1496);
#1217=LINE('',#3026,#1497);
#1218=LINE('',#3028,#1498);
#1219=LINE('',#3030,#1499);
#1220=LINE('',#3032,#1500);
#1221=LINE('',#3033,#1501);
#1222=LINE('',#3035,#1502);
#1223=LINE('',#3036,#1503);
#1224=LINE('',#3038,#1504);
#1225=LINE('',#3039,#1505);
#1226=LINE('',#3041,#1506);
#1227=LINE('',#3042,#1507);
#1228=LINE('',#3044,#1508);
#1229=LINE('',#3047,#1509);
#1230=LINE('',#3049,#1510);
#1231=LINE('',#3051,#1511);
#1232=LINE('',#3054,#1512);
#1233=LINE('',#3056,#1513);
#1234=LINE('',#3059,#1514);
#1235=LINE('',#3061,#1515);
#1236=LINE('',#3065,#1516);
#1237=LINE('',#3068,#1517);
#1238=LINE('',#3070,#1518);
#1239=LINE('',#3072,#1519);
#1240=LINE('',#3074,#1520);
#1241=LINE('',#3077,#1521);
#1242=LINE('',#3079,#1522);
#1243=LINE('',#3081,#1523);
#1244=LINE('',#3083,#1524);
#1245=LINE('',#3084,#1525);
#1246=LINE('',#3086,#1526);
#1247=LINE('',#3090,#1527);
#1248=LINE('',#3092,#1528);
#1249=LINE('',#3094,#1529);
#1250=LINE('',#3098,#1530);
#1251=LINE('',#3100,#1531);
#1252=LINE('',#3102,#1532);
#1253=LINE('',#3103,#1533);
#1254=LINE('',#3105,#1534);
#1255=LINE('',#3109,#1535);
#1256=LINE('',#3111,#1536);
#1257=LINE('',#3113,#1537);
#1258=LINE('',#3117,#1538);
#1259=LINE('',#3119,#1539);
#1260=LINE('',#3121,#1540);
#1261=LINE('',#3123,#1541);
#1262=LINE('',#3125,#1542);
#1263=LINE('',#3127,#1543);
#1264=LINE('',#3130,#1544);
#1265=LINE('',#3132,#1545);
#1266=LINE('',#3134,#1546);
#1267=LINE('',#3136,#1547);
#1268=LINE('',#3138,#1548);
#1269=LINE('',#3140,#1549);
#1270=LINE('',#3143,#1550);
#1271=LINE('',#3144,#1551);
#1272=LINE('',#3148,#1552);
#1273=LINE('',#3152,#1553);
#1274=LINE('',#3156,#1554);
#1275=LINE('',#3161,#1555);
#1276=LINE('',#3165,#1556);
#1277=LINE('',#3168,#1557);
#1278=LINE('',#3169,#1558);
#1279=LINE('',#3171,#1559);
#1280=LINE('',#3174,#1560);
#1281=LINE('',#3175,#1561);
#1282=LINE('',#3177,#1562);
#1283=LINE('',#3180,#1563);
#1284=LINE('',#3181,#1564);
#1285=LINE('',#3187,#1565);
#1286=LINE('',#3189,#1566);
#1287=LINE('',#3191,#1567);
#1288=LINE('',#3193,#1568);
#1289=LINE('',#3196,#1569);
#1290=LINE('',#3197,#1570);
#1291=LINE('',#3199,#1571);
#1292=LINE('',#3202,#1572);
#1293=LINE('',#3203,#1573);
#1294=LINE('',#3205,#1574);
#1295=LINE('',#3207,#1575);
#1296=LINE('',#3209,#1576);
#1297=LINE('',#3211,#1577);
#1298=LINE('',#3213,#1578);
#1299=LINE('',#3215,#1579);
#1300=LINE('',#3217,#1580);
#1301=LINE('',#3220,#1581);
#1302=LINE('',#3222,#1582);
#1303=LINE('',#3224,#1583);
#1304=LINE('',#3228,#1584);
#1305=LINE('',#3234,#1585);
#1306=LINE('',#3236,#1586);
#1307=LINE('',#3238,#1587);
#1308=LINE('',#3239,#1588);
#1309=LINE('',#3241,#1589);
#1310=LINE('',#3245,#1590);
#1311=LINE('',#3247,#1591);
#1312=LINE('',#3249,#1592);
#1313=LINE('',#3251,#1593);
#1314=LINE('',#3253,#1594);
#1315=LINE('',#3255,#1595);
#1316=LINE('',#3257,#1596);
#1317=LINE('',#3261,#1597);
#1318=LINE('',#3263,#1598);
#1319=LINE('',#3265,#1599);
#1320=LINE('',#3267,#1600);
#1321=LINE('',#3268,#1601);
#1322=LINE('',#3269,#1602);
#1323=LINE('',#3270,#1603);
#1324=LINE('',#3271,#1604);
#1325=LINE('',#3273,#1605);
#1326=LINE('',#3274,#1606);
#1327=LINE('',#3276,#1607);
#1328=LINE('',#3286,#1608);
#1329=LINE('',#3289,#1609);
#1330=LINE('',#3291,#1610);
#1331=LINE('',#3293,#1611);
#1332=LINE('',#3295,#1612);
#1333=LINE('',#3298,#1613);
#1334=LINE('',#3300,#1614);
#1335=LINE('',#3302,#1615);
#1336=LINE('',#3304,#1616);
#1337=LINE('',#3305,#1617);
#1338=LINE('',#3307,#1618);
#1339=LINE('',#3309,#1619);
#1340=LINE('',#3311,#1620);
#1341=LINE('',#3313,#1621);
#1342=LINE('',#3315,#1622);
#1343=LINE('',#3316,#1623);
#1344=LINE('',#3318,#1624);
#1345=LINE('',#3320,#1625);
#1346=LINE('',#3322,#1626);
#1347=LINE('',#3324,#1627);
#1348=LINE('',#3326,#1628);
#1349=LINE('',#3328,#1629);
#1350=LINE('',#3330,#1630);
#1351=LINE('',#3332,#1631);
#1352=LINE('',#3335,#1632);
#1353=LINE('',#3337,#1633);
#1354=LINE('',#3339,#1634);
#1355=LINE('',#3341,#1635);
#1356=LINE('',#3344,#1636);
#1357=LINE('',#3346,#1637);
#1358=LINE('',#3348,#1638);
#1359=LINE('',#3350,#1639);
#1360=LINE('',#3352,#1640);
#1361=LINE('',#3354,#1641);
#1362=LINE('',#3356,#1642);
#1363=LINE('',#3358,#1643);
#1364=LINE('',#3360,#1644);
#1365=LINE('',#3362,#1645);
#1366=LINE('',#3364,#1646);
#1367=LINE('',#3366,#1647);
#1368=LINE('',#3368,#1648);
#1369=LINE('',#3370,#1649);
#1370=LINE('',#3372,#1650);
#1371=LINE('',#3374,#1651);
#1372=LINE('',#3376,#1652);
#1373=LINE('',#3378,#1653);
#1374=LINE('',#3380,#1654);
#1375=LINE('',#3382,#1655);
#1376=LINE('',#3384,#1656);
#1377=LINE('',#3386,#1657);
#1378=LINE('',#3387,#1658);
#1379=LINE('',#3389,#1659);
#1380=LINE('',#3391,#1660);
#1381=LINE('',#3393,#1661);
#1382=LINE('',#3395,#1662);
#1383=LINE('',#3397,#1663);
#1384=LINE('',#3399,#1664);
#1385=LINE('',#3401,#1665);
#1386=LINE('',#3403,#1666);
#1387=LINE('',#3405,#1667);
#1388=LINE('',#3407,#1668);
#1389=LINE('',#3409,#1669);
#1390=LINE('',#3411,#1670);
#1391=LINE('',#3413,#1671);
#1392=LINE('',#3415,#1672);
#1393=LINE('',#3417,#1673);
#1394=LINE('',#3419,#1674);
#1395=LINE('',#3421,#1675);
#1396=LINE('',#3423,#1676);
#1397=LINE('',#3425,#1677);
#1398=LINE('',#3427,#1678);
#1399=LINE('',#3429,#1679);
#1400=LINE('',#3431,#1680);
#1401=LINE('',#3433,#1681);
#1402=LINE('',#3435,#1682);
#1403=LINE('',#3437,#1683);
#1404=LINE('',#3439,#1684);
#1405=LINE('',#3440,#1685);
#1406=LINE('',#3442,#1686);
#1407=LINE('',#3444,#1687);
#1408=LINE('',#3446,#1688);
#1409=LINE('',#3447,#1689);
#1410=LINE('',#3448,#1690);
#1411=LINE('',#3449,#1691);
#1412=LINE('',#3450,#1692);
#1413=LINE('',#3451,#1693);
#1414=LINE('',#3455,#1694);
#1415=LINE('',#3457,#1695);
#1416=LINE('',#3461,#1696);
#1417=LINE('',#3463,#1697);
#1418=LINE('',#3467,#1698);
#1419=LINE('',#3469,#1699);
#1420=VECTOR('',#2324,39.3700787401575);
#1421=VECTOR('',#2325,39.3700787401575);
#1422=VECTOR('',#2326,39.3700787401575);
#1423=VECTOR('',#2327,39.3700787401575);
#1424=VECTOR('',#2330,39.3700787401575);
#1425=VECTOR('',#2331,39.3700787401575);
#1426=VECTOR('',#2332,39.3700787401575);
#1427=VECTOR('',#2333,39.3700787401575);
#1428=VECTOR('',#2336,39.3700787401575);
#1429=VECTOR('',#2337,39.3700787401575);
#1430=VECTOR('',#2338,39.3700787401575);
#1431=VECTOR('',#2339,39.3700787401575);
#1432=VECTOR('',#2342,39.3700787401575);
#1433=VECTOR('',#2343,39.3700787401575);
#1434=VECTOR('',#2344,39.3700787401575);
#1435=VECTOR('',#2345,39.3700787401575);
#1436=VECTOR('',#2346,39.3700787401575);
#1437=VECTOR('',#2347,39.3700787401575);
#1438=VECTOR('',#2348,39.3700787401575);
#1439=VECTOR('',#2349,39.3700787401575);
#1440=VECTOR('',#2350,39.3700787401575);
#1441=VECTOR('',#2351,39.3700787401575);
#1442=VECTOR('',#2352,39.3700787401575);
#1443=VECTOR('',#2353,39.3700787401575);
#1444=VECTOR('',#2354,39.3700787401575);
#1445=VECTOR('',#2357,39.3700787401575);
#1446=VECTOR('',#2358,39.3700787401575);
#1447=VECTOR('',#2359,39.3700787401575);
#1448=VECTOR('',#2362,39.3700787401575);
#1449=VECTOR('',#2363,39.3700787401575);
#1450=VECTOR('',#2364,39.3700787401575);
#1451=VECTOR('',#2365,39.3700787401575);
#1452=VECTOR('',#2366,39.3700787401575);
#1453=VECTOR('',#2367,39.3700787401575);
#1454=VECTOR('',#2368,39.3700787401575);
#1455=VECTOR('',#2369,39.3700787401575);
#1456=VECTOR('',#2370,39.3700787401575);
#1457=VECTOR('',#2371,39.3700787401575);
#1458=VECTOR('',#2372,39.3700787401575);
#1459=VECTOR('',#2373,39.3700787401575);
#1460=VECTOR('',#2376,39.3700787401575);
#1461=VECTOR('',#2377,39.3700787401575);
#1462=VECTOR('',#2378,39.3700787401575);
#1463=VECTOR('',#2379,39.3700787401575);
#1464=VECTOR('',#2382,39.3700787401575);
#1465=VECTOR('',#2383,39.3700787401575);
#1466=VECTOR('',#2384,39.3700787401575);
#1467=VECTOR('',#2387,39.3700787401575);
#1468=VECTOR('',#2388,39.3700787401575);
#1469=VECTOR('',#2389,39.3700787401575);
#1470=VECTOR('',#2392,39.3700787401575);
#1471=VECTOR('',#2393,39.3700787401575);
#1472=VECTOR('',#2394,39.3700787401575);
#1473=VECTOR('',#2395,39.3700787401575);
#1474=VECTOR('',#2398,39.3700787401575);
#1475=VECTOR('',#2399,39.3700787401575);
#1476=VECTOR('',#2400,39.3700787401575);
#1477=VECTOR('',#2403,39.3700787401575);
#1478=VECTOR('',#2404,39.3700787401575);
#1479=VECTOR('',#2405,39.3700787401575);
#1480=VECTOR('',#2408,39.3700787401575);
#1481=VECTOR('',#2409,39.3700787401575);
#1482=VECTOR('',#2410,39.3700787401575);
#1483=VECTOR('',#2411,39.3700787401575);
#1484=VECTOR('',#2414,39.3700787401575);
#1485=VECTOR('',#2415,39.3700787401575);
#1486=VECTOR('',#2416,39.3700787401575);
#1487=VECTOR('',#2419,39.3700787401575);
#1488=VECTOR('',#2420,39.3700787401575);
#1489=VECTOR('',#2421,39.3700787401575);
#1490=VECTOR('',#2424,39.3700787401575);
#1491=VECTOR('',#2425,39.3700787401575);
#1492=VECTOR('',#2426,39.3700787401575);
#1493=VECTOR('',#2427,39.3700787401575);
#1494=VECTOR('',#2430,39.3700787401575);
#1495=VECTOR('',#2431,39.3700787401575);
#1496=VECTOR('',#2432,39.3700787401575);
#1497=VECTOR('',#2435,39.3700787401575);
#1498=VECTOR('',#2436,39.3700787401575);
#1499=VECTOR('',#2437,39.3700787401575);
#1500=VECTOR('',#2440,39.3700787401575);
#1501=VECTOR('',#2441,39.3700787401575);
#1502=VECTOR('',#2444,39.3700787401575);
#1503=VECTOR('',#2445,39.3700787401575);
#1504=VECTOR('',#2448,39.3700787401575);
#1505=VECTOR('',#2449,39.3700787401575);
#1506=VECTOR('',#2452,39.3700787401575);
#1507=VECTOR('',#2453,39.3700787401575);
#1508=VECTOR('',#2456,39.3700787401575);
#1509=VECTOR('',#2461,39.3700787401575);
#1510=VECTOR('',#2464,39.3700787401575);
#1511=VECTOR('',#2467,39.3700787401575);
#1512=VECTOR('',#2472,39.3700787401575);
#1513=VECTOR('',#2475,39.3700787401575);
#1514=VECTOR('',#2480,39.3700787401575);
#1515=VECTOR('',#2483,39.3700787401575);
#1516=VECTOR('',#2490,39.3700787401575);
#1517=VECTOR('',#2491,39.3700787401575);
#1518=VECTOR('',#2492,39.3700787401575);
#1519=VECTOR('',#2493,39.3700787401575);
#1520=VECTOR('',#2496,39.3700787401575);
#1521=VECTOR('',#2497,39.3700787401575);
#1522=VECTOR('',#2498,39.3700787401575);
#1523=VECTOR('',#2499,39.3700787401575);
#1524=VECTOR('',#2502,39.3700787401575);
#1525=VECTOR('',#2503,39.3700787401575);
#1526=VECTOR('',#2504,39.3700787401575);
#1527=VECTOR('',#2507,39.3700787401575);
#1528=VECTOR('',#2508,39.3700787401575);
#1529=VECTOR('',#2509,39.3700787401575);
#1530=VECTOR('',#2512,39.3700787401575);
#1531=VECTOR('',#2513,39.3700787401575);
#1532=VECTOR('',#2516,39.3700787401575);
#1533=VECTOR('',#2517,39.3700787401575);
#1534=VECTOR('',#2518,39.3700787401575);
#1535=VECTOR('',#2521,39.3700787401575);
#1536=VECTOR('',#2522,39.3700787401575);
#1537=VECTOR('',#2523,39.3700787401575);
#1538=VECTOR('',#2526,39.3700787401575);
#1539=VECTOR('',#2527,39.3700787401575);
#1540=VECTOR('',#2530,39.3700787401575);
#1541=VECTOR('',#2531,39.3700787401575);
#1542=VECTOR('',#2532,39.3700787401575);
#1543=VECTOR('',#2535,39.3700787401575);
#1544=VECTOR('',#2536,39.3700787401575);
#1545=VECTOR('',#2537,39.3700787401575);
#1546=VECTOR('',#2538,39.3700787401575);
#1547=VECTOR('',#2541,39.3700787401575);
#1548=VECTOR('',#2542,39.3700787401575);
#1549=VECTOR('',#2545,39.3700787401575);
#1550=VECTOR('',#2546,39.3700787401575);
#1551=VECTOR('',#2547,39.3700787401575);
#1552=VECTOR('',#2552,39.3700787401575);
#1553=VECTOR('',#2557,39.3700787401575);
#1554=VECTOR('',#2562,39.3700787401575);
#1555=VECTOR('',#2565,39.3700787401575);
#1556=VECTOR('',#2570,39.3700787401575);
#1557=VECTOR('',#2571,39.3700787401575);
#1558=VECTOR('',#2572,39.3700787401575);
#1559=VECTOR('',#2575,39.3700787401575);
#1560=VECTOR('',#2576,39.3700787401575);
#1561=VECTOR('',#2577,39.3700787401575);
#1562=VECTOR('',#2580,39.3700787401575);
#1563=VECTOR('',#2581,39.3700787401575);
#1564=VECTOR('',#2582,39.3700787401575);
#1565=VECTOR('',#2589,39.3700787401575);
#1566=VECTOR('',#2592,39.3700787401575);
#1567=VECTOR('',#2593,39.3700787401575);
#1568=VECTOR('',#2596,39.3700787401575);
#1569=VECTOR('',#2597,39.3700787401575);
#1570=VECTOR('',#2598,39.3700787401575);
#1571=VECTOR('',#2601,39.3700787401575);
#1572=VECTOR('',#2602,39.3700787401575);
#1573=VECTOR('',#2603,39.3700787401575);
#1574=VECTOR('',#2606,39.3700787401575);
#1575=VECTOR('',#2607,39.3700787401575);
#1576=VECTOR('',#2608,39.3700787401575);
#1577=VECTOR('',#2611,39.3700787401575);
#1578=VECTOR('',#2612,39.3700787401575);
#1579=VECTOR('',#2613,39.3700787401575);
#1580=VECTOR('',#2616,39.3700787401575);
#1581=VECTOR('',#2617,39.3700787401575);
#1582=VECTOR('',#2618,39.3700787401575);
#1583=VECTOR('',#2619,39.3700787401575);
#1584=VECTOR('',#2624,39.3700787401575);
#1585=VECTOR('',#2631,39.3700787401575);
#1586=VECTOR('',#2634,39.3700787401575);
#1587=VECTOR('',#2637,39.3700787401575);
#1588=VECTOR('',#2638,39.3700787401575);
#1589=VECTOR('',#2641,39.3700787401575);
#1590=VECTOR('',#2644,39.3700787401575);
#1591=VECTOR('',#2647,39.3700787401575);
#1592=VECTOR('',#2648,39.3700787401575);
#1593=VECTOR('',#2651,39.3700787401575);
#1594=VECTOR('',#2652,39.3700787401575);
#1595=VECTOR('',#2655,39.3700787401575);
#1596=VECTOR('',#2656,39.3700787401575);
#1597=VECTOR('',#2661,39.3700787401575);
#1598=VECTOR('',#2664,39.3700787401575);
#1599=VECTOR('',#2665,39.3700787401575);
#1600=VECTOR('',#2668,39.3700787401575);
#1601=VECTOR('',#2669,39.3700787401575);
#1602=VECTOR('',#2670,39.3700787401575);
#1603=VECTOR('',#2671,39.3700787401575);
#1604=VECTOR('',#2672,39.3700787401575);
#1605=VECTOR('',#2673,39.3700787401575);
#1606=VECTOR('',#2674,39.3700787401575);
#1607=VECTOR('',#2677,39.3700787401575);
#1608=VECTOR('',#2696,39.3700787401575);
#1609=VECTOR('',#2697,39.3700787401575);
#1610=VECTOR('',#2698,39.3700787401575);
#1611=VECTOR('',#2699,39.3700787401575);
#1612=VECTOR('',#2702,39.3700787401575);
#1613=VECTOR('',#2703,39.3700787401575);
#1614=VECTOR('',#2704,39.3700787401575);
#1615=VECTOR('',#2705,39.3700787401575);
#1616=VECTOR('',#2708,39.3700787401575);
#1617=VECTOR('',#2709,39.3700787401575);
#1618=VECTOR('',#2710,39.3700787401575);
#1619=VECTOR('',#2711,39.3700787401575);
#1620=VECTOR('',#2712,39.3700787401575);
#1621=VECTOR('',#2713,39.3700787401575);
#1622=VECTOR('',#2716,39.3700787401575);
#1623=VECTOR('',#2717,39.3700787401575);
#1624=VECTOR('',#2718,39.3700787401575);
#1625=VECTOR('',#2719,39.3700787401575);
#1626=VECTOR('',#2720,39.3700787401575);
#1627=VECTOR('',#2721,39.3700787401575);
#1628=VECTOR('',#2724,39.3700787401575);
#1629=VECTOR('',#2725,39.3700787401575);
#1630=VECTOR('',#2726,39.3700787401575);
#1631=VECTOR('',#2729,39.3700787401575);
#1632=VECTOR('',#2730,39.3700787401575);
#1633=VECTOR('',#2731,39.3700787401575);
#1634=VECTOR('',#2732,39.3700787401575);
#1635=VECTOR('',#2735,39.3700787401575);
#1636=VECTOR('',#2736,39.3700787401575);
#1637=VECTOR('',#2737,39.3700787401575);
#1638=VECTOR('',#2738,39.3700787401575);
#1639=VECTOR('',#2741,39.3700787401575);
#1640=VECTOR('',#2742,39.3700787401575);
#1641=VECTOR('',#2743,39.3700787401575);
#1642=VECTOR('',#2746,39.3700787401575);
#1643=VECTOR('',#2747,39.3700787401575);
#1644=VECTOR('',#2748,39.3700787401575);
#1645=VECTOR('',#2751,39.3700787401575);
#1646=VECTOR('',#2752,39.3700787401575);
#1647=VECTOR('',#2753,39.3700787401575);
#1648=VECTOR('',#2756,39.3700787401575);
#1649=VECTOR('',#2757,39.3700787401575);
#1650=VECTOR('',#2758,39.3700787401575);
#1651=VECTOR('',#2761,39.3700787401575);
#1652=VECTOR('',#2762,39.3700787401575);
#1653=VECTOR('',#2763,39.3700787401575);
#1654=VECTOR('',#2766,39.3700787401575);
#1655=VECTOR('',#2767,39.3700787401575);
#1656=VECTOR('',#2768,39.3700787401575);
#1657=VECTOR('',#2771,39.3700787401575);
#1658=VECTOR('',#2772,39.3700787401575);
#1659=VECTOR('',#2773,39.3700787401575);
#1660=VECTOR('',#2776,39.3700787401575);
#1661=VECTOR('',#2777,39.3700787401575);
#1662=VECTOR('',#2778,39.3700787401575);
#1663=VECTOR('',#2781,39.3700787401575);
#1664=VECTOR('',#2782,39.3700787401575);
#1665=VECTOR('',#2783,39.3700787401575);
#1666=VECTOR('',#2786,39.3700787401575);
#1667=VECTOR('',#2787,39.3700787401575);
#1668=VECTOR('',#2790,39.3700787401575);
#1669=VECTOR('',#2791,39.3700787401575);
#1670=VECTOR('',#2792,39.3700787401575);
#1671=VECTOR('',#2795,39.3700787401575);
#1672=VECTOR('',#2796,39.3700787401575);
#1673=VECTOR('',#2797,39.3700787401575);
#1674=VECTOR('',#2800,39.3700787401575);
#1675=VECTOR('',#2801,39.3700787401575);
#1676=VECTOR('',#2802,39.3700787401575);
#1677=VECTOR('',#2805,39.3700787401575);
#1678=VECTOR('',#2806,39.3700787401575);
#1679=VECTOR('',#2807,39.3700787401575);
#1680=VECTOR('',#2810,39.3700787401575);
#1681=VECTOR('',#2811,39.3700787401575);
#1682=VECTOR('',#2812,39.3700787401575);
#1683=VECTOR('',#2815,39.3700787401575);
#1684=VECTOR('',#2816,39.3700787401575);
#1685=VECTOR('',#2817,39.3700787401575);
#1686=VECTOR('',#2820,39.3700787401575);
#1687=VECTOR('',#2821,39.3700787401575);
#1688=VECTOR('',#2824,39.3700787401575);
#1689=VECTOR('',#2825,39.3700787401575);
#1690=VECTOR('',#2826,39.3700787401575);
#1691=VECTOR('',#2827,39.3700787401575);
#1692=VECTOR('',#2828,39.3700787401575);
#1693=VECTOR('',#2829,39.3700787401575);
#1694=VECTOR('',#2836,39.3700787401575);
#1695=VECTOR('',#2839,39.3700787401575);
#1696=VECTOR('',#2846,39.3700787401575);
#1697=VECTOR('',#2849,39.3700787401575);
#1698=VECTOR('',#2856,39.3700787401575);
#1699=VECTOR('',#2859,39.3700787401575);
#1700=EDGE_LOOP('',(#60,#61,#62,#63));
#1701=EDGE_LOOP('',(#64,#65,#66,#67));
#1702=EDGE_LOOP('',(#68,#69,#70,#71));
#1703=EDGE_LOOP('',(#72,#73,#74,#75,#76,#77,#78,#79,#80,#81,#82,#83,#84,
#85,#86,#87));
#1704=EDGE_LOOP('',(#88,#89,#90,#91));
#1705=EDGE_LOOP('',(#92,#93,#94,#95,#96,#97,#98,#99,#100,#101,#102,#103,
#104,#105,#106,#107));
#1706=EDGE_LOOP('',(#108,#109,#110,#111));
#1707=EDGE_LOOP('',(#112,#113,#114,#115));
#1708=EDGE_LOOP('',(#116,#117,#118,#119));
#1709=EDGE_LOOP('',(#120,#121,#122,#123));
#1710=EDGE_LOOP('',(#124,#125,#126,#127));
#1711=EDGE_LOOP('',(#128,#129,#130,#131));
#1712=EDGE_LOOP('',(#132,#133,#134,#135));
#1713=EDGE_LOOP('',(#136,#137,#138,#139));
#1714=EDGE_LOOP('',(#140,#141,#142,#143));
#1715=EDGE_LOOP('',(#144,#145,#146,#147));
#1716=EDGE_LOOP('',(#148,#149,#150,#151));
#1717=EDGE_LOOP('',(#152,#153,#154,#155));
#1718=EDGE_LOOP('',(#156,#157,#158,#159));
#1719=EDGE_LOOP('',(#160,#161,#162,#163));
#1720=EDGE_LOOP('',(#164,#165,#166,#167));
#1721=EDGE_LOOP('',(#168,#169,#170,#171));
#1722=EDGE_LOOP('',(#172,#173,#174,#175));
#1723=EDGE_LOOP('',(#176,#177,#178,#179));
#1724=EDGE_LOOP('',(#180,#181,#182,#183));
#1725=EDGE_LOOP('',(#184,#185,#186,#187));
#1726=EDGE_LOOP('',(#188,#189,#190,#191));
#1727=EDGE_LOOP('',(#192,#193,#194,#195));
#1728=EDGE_LOOP('',(#196,#197,#198,#199));
#1729=EDGE_LOOP('',(#200,#201,#202,#203));
#1730=EDGE_LOOP('',(#204,#205,#206,#207));
#1731=EDGE_LOOP('',(#208,#209,#210,#211));
#1732=EDGE_LOOP('',(#212,#213,#214,#215));
#1733=EDGE_LOOP('',(#216,#217,#218,#219));
#1734=EDGE_LOOP('',(#220,#221,#222,#223));
#1735=EDGE_LOOP('',(#224,#225,#226,#227));
#1736=EDGE_LOOP('',(#228,#229,#230,#231));
#1737=EDGE_LOOP('',(#232,#233,#234,#235));
#1738=EDGE_LOOP('',(#236,#237,#238,#239));
#1739=EDGE_LOOP('',(#240,#241,#242,#243));
#1740=EDGE_LOOP('',(#244,#245,#246,#247));
#1741=EDGE_LOOP('',(#248,#249,#250,#251));
#1742=EDGE_LOOP('',(#252,#253,#254,#255));
#1743=EDGE_LOOP('',(#256,#257,#258,#259));
#1744=EDGE_LOOP('',(#260,#261,#262,#263,#264,#265,#266,#267,#268,#269,#270,
#271));
#1745=EDGE_LOOP('',(#272,#273,#274,#275,#276,#277,#278,#279,#280,#281,#282,
#283));
#1746=EDGE_LOOP('',(#284,#285,#286,#287));
#1747=EDGE_LOOP('',(#288,#289,#290,#291));
#1748=EDGE_LOOP('',(#292,#293,#294,#295));
#1749=EDGE_LOOP('',(#296,#297,#298,#299));
#1750=EDGE_LOOP('',(#300,#301,#302,#303));
#1751=EDGE_LOOP('',(#304,#305,#306,#307));
#1752=EDGE_LOOP('',(#308,#309,#310,#311));
#1753=EDGE_LOOP('',(#312,#313,#314,#315));
#1754=EDGE_LOOP('',(#316,#317,#318,#319));
#1755=EDGE_LOOP('',(#320,#321,#322,#323));
#1756=EDGE_LOOP('',(#324,#325,#326,#327));
#1757=EDGE_LOOP('',(#328,#329,#330,#331));
#1758=EDGE_LOOP('',(#332,#333,#334,#335));
#1759=EDGE_LOOP('',(#336,#337,#338,#339));
#1760=EDGE_LOOP('',(#340,#341,#342,#343));
#1761=EDGE_LOOP('',(#344,#345,#346,#347));
#1762=EDGE_LOOP('',(#348,#349,#350,#351));
#1763=EDGE_LOOP('',(#352,#353,#354,#355));
#1764=EDGE_LOOP('',(#356,#357,#358,#359));
#1765=EDGE_LOOP('',(#360,#361,#362,#363));
#1766=EDGE_LOOP('',(#364,#365,#366,#367));
#1767=EDGE_LOOP('',(#368,#369,#370,#371));
#1768=EDGE_LOOP('',(#372,#373,#374,#375));
#1769=EDGE_LOOP('',(#376,#377,#378,#379));
#1770=EDGE_LOOP('',(#380,#381,#382,#383));
#1771=EDGE_LOOP('',(#384,#385,#386,#387));
#1772=EDGE_LOOP('',(#388,#389,#390,#391));
#1773=EDGE_LOOP('',(#392,#393,#394,#395));
#1774=EDGE_LOOP('',(#396,#397,#398,#399));
#1775=EDGE_LOOP('',(#400,#401,#402,#403,#404,#405,#406,#407,#408,#409,#410,
#411));
#1776=EDGE_LOOP('',(#412,#413,#414,#415));
#1777=EDGE_LOOP('',(#416,#417,#418,#419,#420,#421,#422,#423));
#1778=EDGE_LOOP('',(#424,#425,#426,#427,#428,#429,#430,#431));
#1779=EDGE_LOOP('',(#432,#433,#434,#435,#436,#437,#438,#439));
#1780=EDGE_LOOP('',(#440,#441,#442,#443,#444,#445,#446,#447));
#1781=EDGE_LOOP('',(#448,#449,#450,#451,#452,#453,#454,#455));
#1782=EDGE_LOOP('',(#456,#457,#458,#459,#460,#461,#462,#463));
#1783=EDGE_LOOP('',(#464,#465,#466,#467));
#1784=EDGE_LOOP('',(#468,#469,#470,#471));
#1785=EDGE_LOOP('',(#472,#473,#474,#475));
#1786=EDGE_LOOP('',(#476,#477,#478,#479,#480,#481,#482,#483));
#1787=EDGE_LOOP('',(#484,#485,#486,#487,#488,#489,#490,#491));
#1788=EDGE_LOOP('',(#492,#493,#494,#495));
#1789=EDGE_LOOP('',(#496,#497,#498,#499));
#1790=EDGE_LOOP('',(#500,#501,#502,#503));
#1791=EDGE_LOOP('',(#504,#505,#506,#507));
#1792=EDGE_LOOP('',(#508,#509,#510,#511));
#1793=EDGE_LOOP('',(#512,#513,#514,#515));
#1794=EDGE_LOOP('',(#516,#517,#518,#519));
#1795=EDGE_LOOP('',(#520,#521,#522,#523));
#1796=EDGE_LOOP('',(#524,#525,#526,#527));
#1797=EDGE_LOOP('',(#528,#529,#530,#531));
#1798=EDGE_LOOP('',(#532,#533,#534,#535));
#1799=EDGE_LOOP('',(#536,#537,#538,#539));
#1800=EDGE_LOOP('',(#540,#541,#542,#543));
#1801=EDGE_LOOP('',(#544,#545,#546,#547));
#1802=EDGE_LOOP('',(#548,#549,#550,#551));
#1803=EDGE_LOOP('',(#552,#553,#554,#555));
#1804=EDGE_LOOP('',(#556,#557,#558,#559));
#1805=EDGE_LOOP('',(#560,#561,#562,#563));
#1806=EDGE_LOOP('',(#564,#565,#566,#567));
#1807=EDGE_LOOP('',(#568,#569,#570,#571));
#1808=EDGE_LOOP('',(#572,#573,#574,#575));
#1809=EDGE_LOOP('',(#576,#577,#578,#579));
#1810=EDGE_LOOP('',(#580,#581,#582,#583,#584,#585,#586,#587,#588,#589,#590,
#591));
#1811=EDGE_LOOP('',(#592,#593,#594,#595));
#1812=EDGE_LOOP('',(#596,#597,#598,#599));
#1813=EDGE_LOOP('',(#600,#601,#602,#603));
#1814=EDGE_LOOP('',(#604,#605,#606,#607));
#1815=EDGE_LOOP('',(#608,#609,#610,#611));
#1816=EDGE_LOOP('',(#612,#613,#614,#615));
#1817=EDGE_LOOP('',(#616,#617,#618,#619));
#1818=EDGE_LOOP('',(#620,#621,#622,#623));
#1819=EDGE_LOOP('',(#624,#625,#626,#627));
#1820=EDGE_LOOP('',(#628,#629,#630,#631));
#1821=EDGE_LOOP('',(#632,#633,#634,#635));
#1822=EDGE_LOOP('',(#636,#637,#638,#639));
#1823=EDGE_LOOP('',(#640,#641,#642,#643));
#1824=EDGE_LOOP('',(#644,#645,#646,#647));
#1825=EDGE_LOOP('',(#648,#649,#650,#651));
#1826=FACE_BOUND('',#1700,.T.);
#1827=FACE_BOUND('',#1701,.T.);
#1828=FACE_BOUND('',#1702,.T.);
#1829=FACE_BOUND('',#1703,.T.);
#1830=FACE_BOUND('',#1704,.T.);
#1831=FACE_BOUND('',#1705,.T.);
#1832=FACE_BOUND('',#1706,.T.);
#1833=FACE_BOUND('',#1707,.T.);
#1834=FACE_BOUND('',#1708,.T.);
#1835=FACE_BOUND('',#1709,.T.);
#1836=FACE_BOUND('',#1710,.T.);
#1837=FACE_BOUND('',#1711,.T.);
#1838=FACE_BOUND('',#1712,.T.);
#1839=FACE_BOUND('',#1713,.T.);
#1840=FACE_BOUND('',#1714,.T.);
#1841=FACE_BOUND('',#1715,.T.);
#1842=FACE_BOUND('',#1716,.T.);
#1843=FACE_BOUND('',#1717,.T.);
#1844=FACE_BOUND('',#1718,.T.);
#1845=FACE_BOUND('',#1719,.T.);
#1846=FACE_BOUND('',#1720,.T.);
#1847=FACE_BOUND('',#1721,.T.);
#1848=FACE_BOUND('',#1722,.T.);
#1849=FACE_BOUND('',#1723,.T.);
#1850=FACE_BOUND('',#1724,.T.);
#1851=FACE_BOUND('',#1725,.T.);
#1852=FACE_BOUND('',#1726,.T.);
#1853=FACE_BOUND('',#1727,.T.);
#1854=FACE_BOUND('',#1728,.T.);
#1855=FACE_BOUND('',#1729,.T.);
#1856=FACE_BOUND('',#1730,.T.);
#1857=FACE_BOUND('',#1731,.T.);
#1858=FACE_BOUND('',#1732,.T.);
#1859=FACE_BOUND('',#1733,.T.);
#1860=FACE_BOUND('',#1734,.T.);
#1861=FACE_BOUND('',#1735,.T.);
#1862=FACE_BOUND('',#1736,.T.);
#1863=FACE_BOUND('',#1737,.T.);
#1864=FACE_BOUND('',#1738,.T.);
#1865=FACE_BOUND('',#1739,.T.);
#1866=FACE_BOUND('',#1740,.T.);
#1867=FACE_BOUND('',#1741,.T.);
#1868=FACE_BOUND('',#1742,.T.);
#1869=FACE_BOUND('',#1743,.T.);
#1870=FACE_BOUND('',#1744,.T.);
#1871=FACE_BOUND('',#1745,.T.);
#1872=FACE_BOUND('',#1746,.T.);
#1873=FACE_BOUND('',#1747,.T.);
#1874=FACE_BOUND('',#1748,.T.);
#1875=FACE_BOUND('',#1749,.T.);
#1876=FACE_BOUND('',#1750,.T.);
#1877=FACE_BOUND('',#1751,.T.);
#1878=FACE_BOUND('',#1752,.T.);
#1879=FACE_BOUND('',#1753,.T.);
#1880=FACE_BOUND('',#1754,.T.);
#1881=FACE_BOUND('',#1755,.T.);
#1882=FACE_BOUND('',#1756,.T.);
#1883=FACE_BOUND('',#1757,.T.);
#1884=FACE_BOUND('',#1758,.T.);
#1885=FACE_BOUND('',#1759,.T.);
#1886=FACE_BOUND('',#1760,.T.);
#1887=FACE_BOUND('',#1761,.T.);
#1888=FACE_BOUND('',#1762,.T.);
#1889=FACE_BOUND('',#1763,.T.);
#1890=FACE_BOUND('',#1764,.T.);
#1891=FACE_BOUND('',#1765,.T.);
#1892=FACE_BOUND('',#1766,.T.);
#1893=FACE_BOUND('',#1767,.T.);
#1894=FACE_BOUND('',#1768,.T.);
#1895=FACE_BOUND('',#1769,.T.);
#1896=FACE_BOUND('',#1770,.T.);
#1897=FACE_BOUND('',#1771,.T.);
#1898=FACE_BOUND('',#1772,.T.);
#1899=FACE_BOUND('',#1773,.T.);
#1900=FACE_BOUND('',#1774,.T.);
#1901=FACE_BOUND('',#1775,.T.);
#1902=FACE_BOUND('',#1776,.T.);
#1903=FACE_BOUND('',#1777,.T.);
#1904=FACE_BOUND('',#1778,.T.);
#1905=FACE_BOUND('',#1779,.T.);
#1906=FACE_BOUND('',#1780,.T.);
#1907=FACE_BOUND('',#1781,.T.);
#1908=FACE_BOUND('',#1782,.T.);
#1909=FACE_BOUND('',#1783,.T.);
#1910=FACE_BOUND('',#1784,.T.);
#1911=FACE_BOUND('',#1785,.T.);
#1912=FACE_BOUND('',#1786,.T.);
#1913=FACE_BOUND('',#1787,.T.);
#1914=FACE_BOUND('',#1788,.T.);
#1915=FACE_BOUND('',#1789,.T.);
#1916=FACE_BOUND('',#1790,.T.);
#1917=FACE_BOUND('',#1791,.T.);
#1918=FACE_BOUND('',#1792,.T.);
#1919=FACE_BOUND('',#1793,.T.);
#1920=FACE_BOUND('',#1794,.T.);
#1921=FACE_BOUND('',#1795,.T.);
#1922=FACE_BOUND('',#1796,.T.);
#1923=FACE_BOUND('',#1797,.T.);
#1924=FACE_BOUND('',#1798,.T.);
#1925=FACE_BOUND('',#1799,.T.);
#1926=FACE_BOUND('',#1800,.T.);
#1927=FACE_BOUND('',#1801,.T.);
#1928=FACE_BOUND('',#1802,.T.);
#1929=FACE_BOUND('',#1803,.T.);
#1930=FACE_BOUND('',#1804,.T.);
#1931=FACE_BOUND('',#1805,.T.);
#1932=FACE_BOUND('',#1806,.T.);
#1933=FACE_BOUND('',#1807,.T.);
#1934=FACE_BOUND('',#1808,.T.);
#1935=FACE_BOUND('',#1809,.T.);
#1936=FACE_BOUND('',#1810,.T.);
#1937=FACE_BOUND('',#1811,.T.);
#1938=FACE_BOUND('',#1812,.T.);
#1939=FACE_BOUND('',#1813,.T.);
#1940=FACE_BOUND('',#1814,.T.);
#1941=FACE_BOUND('',#1815,.T.);
#1942=FACE_BOUND('',#1816,.T.);
#1943=FACE_BOUND('',#1817,.T.);
#1944=FACE_BOUND('',#1818,.T.);
#1945=FACE_BOUND('',#1819,.T.);
#1946=FACE_BOUND('',#1820,.T.);
#1947=FACE_BOUND('',#1821,.T.);
#1948=FACE_BOUND('',#1822,.T.);
#1949=FACE_BOUND('',#1823,.T.);
#1950=FACE_BOUND('',#1824,.T.);
#1951=FACE_BOUND('',#1825,.T.);
#1952=PLANE('',#2187);
#1953=PLANE('',#2188);
#1954=PLANE('',#2189);
#1955=PLANE('',#2190);
#1956=PLANE('',#2191);
#1957=PLANE('',#2192);
#1958=PLANE('',#2193);
#1959=PLANE('',#2194);
#1960=PLANE('',#2195);
#1961=PLANE('',#2196);
#1962=PLANE('',#2197);
#1963=PLANE('',#2198);
#1964=PLANE('',#2199);
#1965=PLANE('',#2200);
#1966=PLANE('',#2201);
#1967=PLANE('',#2202);
#1968=PLANE('',#2203);
#1969=PLANE('',#2204);
#1970=PLANE('',#2205);
#1971=PLANE('',#2206);
#1972=PLANE('',#2207);
#1973=PLANE('',#2208);
#1974=PLANE('',#2209);
#1975=PLANE('',#2210);
#1976=PLANE('',#2211);
#1977=PLANE('',#2212);
#1978=PLANE('',#2213);
#1979=PLANE('',#2214);
#1980=PLANE('',#2215);
#1981=PLANE('',#2216);
#1982=PLANE('',#2217);
#1983=PLANE('',#2218);
#1984=PLANE('',#2219);
#1985=PLANE('',#2220);
#1986=PLANE('',#2222);
#1987=PLANE('',#2223);
#1988=PLANE('',#2224);
#1989=PLANE('',#2227);
#1990=PLANE('',#2230);
#1991=PLANE('',#2231);
#1992=PLANE('',#2232);
#1993=PLANE('',#2233);
#1994=PLANE('',#2242);
#1995=PLANE('',#2243);
#1996=PLANE('',#2244);
#1997=PLANE('',#2248);
#1998=PLANE('',#2249);
#1999=PLANE('',#2250);
#2000=PLANE('',#2251);
#2001=PLANE('',#2252);
#2002=PLANE('',#2253);
#2003=PLANE('',#2259);
#2004=PLANE('',#2260);
#2005=PLANE('',#2263);
#2006=PLANE('',#2264);
#2007=PLANE('',#2265);
#2008=PLANE('',#2268);
#2009=PLANE('',#2269);
#2010=PLANE('',#2270);
#2011=PLANE('',#2271);
#2012=PLANE('',#2272);
#2013=PLANE('',#2273);
#2014=PLANE('',#2274);
#2015=PLANE('',#2275);
#2016=PLANE('',#2276);
#2017=PLANE('',#2277);
#2018=PLANE('',#2279);
#2019=PLANE('',#2280);
#2020=PLANE('',#2281);
#2021=PLANE('',#2282);
#2022=PLANE('',#2283);
#2023=PLANE('',#2284);
#2024=PLANE('',#2285);
#2025=PLANE('',#2286);
#2026=PLANE('',#2287);
#2027=PLANE('',#2288);
#2028=PLANE('',#2289);
#2029=PLANE('',#2290);
#2030=PLANE('',#2291);
#2031=PLANE('',#2292);
#2032=PLANE('',#2293);
#2033=PLANE('',#2294);
#2034=PLANE('',#2295);
#2035=PLANE('',#2296);
#2036=PLANE('',#2297);
#2037=PLANE('',#2298);
#2038=PLANE('',#2299);
#2039=PLANE('',#2300);
#2040=PLANE('',#2301);
#2041=PLANE('',#2302);
#2042=PLANE('',#2303);
#2043=PLANE('',#2304);
#2044=PLANE('',#2305);
#2045=PLANE('',#2306);
#2046=PLANE('',#2307);
#2047=PLANE('',#2308);
#2048=PLANE('',#2309);
#2049=PLANE('',#2310);
#2050=PLANE('',#2311);
#2051=PLANE('',#2312);
#2052=PLANE('',#2313);
#2053=PLANE('',#2314);
#2054=PLANE('',#2315);
#2055=PLANE('',#2316);
#2056=PLANE('',#2317);
#2057=PLANE('',#2318);
#2058=ADVANCED_FACE('',(#1826),#1952,.F.);
#2059=ADVANCED_FACE('',(#1827),#1953,.F.);
#2060=ADVANCED_FACE('',(#1828),#1954,.F.);
#2061=ADVANCED_FACE('',(#1829),#1955,.F.);
#2062=ADVANCED_FACE('',(#1830),#1956,.F.);
#2063=ADVANCED_FACE('',(#1831),#1957,.F.);
#2064=ADVANCED_FACE('',(#1832),#1958,.T.);
#2065=ADVANCED_FACE('',(#1833),#1959,.T.);
#2066=ADVANCED_FACE('',(#1834),#1960,.T.);
#2067=ADVANCED_FACE('',(#1835),#1961,.T.);
#2068=ADVANCED_FACE('',(#1836),#1962,.T.);
#2069=ADVANCED_FACE('',(#1837),#1963,.T.);
#2070=ADVANCED_FACE('',(#1838),#1964,.T.);
#2071=ADVANCED_FACE('',(#1839),#1965,.T.);
#2072=ADVANCED_FACE('',(#1840),#1966,.T.);
#2073=ADVANCED_FACE('',(#1841),#1967,.T.);
#2074=ADVANCED_FACE('',(#1842),#1968,.T.);
#2075=ADVANCED_FACE('',(#1843),#1969,.T.);
#2076=ADVANCED_FACE('',(#1844),#1970,.T.);
#2077=ADVANCED_FACE('',(#1845),#1971,.T.);
#2078=ADVANCED_FACE('',(#1846),#1972,.T.);
#2079=ADVANCED_FACE('',(#1847),#1973,.T.);
#2080=ADVANCED_FACE('',(#1848),#1974,.F.);
#2081=ADVANCED_FACE('',(#1849,#1850,#1851,#1852,#1853),#1975,.T.);
#2082=ADVANCED_FACE('',(#1854),#1976,.F.);
#2083=ADVANCED_FACE('',(#1855),#1977,.F.);
#2084=ADVANCED_FACE('',(#1856),#1978,.F.);
#2085=ADVANCED_FACE('',(#1857,#1858,#1859,#1860,#1861),#1979,.F.);
#2086=ADVANCED_FACE('',(#1862),#1980,.F.);
#2087=ADVANCED_FACE('',(#1863),#1981,.F.);
#2088=ADVANCED_FACE('',(#1864),#1982,.F.);
#2089=ADVANCED_FACE('',(#1865),#1983,.F.);
#2090=ADVANCED_FACE('',(#1866),#1984,.F.);
#2091=ADVANCED_FACE('',(#1867),#1985,.F.);
#2092=ADVANCED_FACE('',(#1868),#1986,.F.);
#2093=ADVANCED_FACE('',(#1869),#1987,.F.);
#2094=ADVANCED_FACE('',(#1870),#1988,.T.);
#2095=ADVANCED_FACE('',(#1871),#1989,.F.);
#2096=ADVANCED_FACE('',(#1872),#1990,.F.);
#2097=ADVANCED_FACE('',(#1873),#1991,.F.);
#2098=ADVANCED_FACE('',(#1874),#1992,.F.);
#2099=ADVANCED_FACE('',(#1875),#1993,.F.);
#2100=ADVANCED_FACE('',(#1876),#18,.T.);
#2101=ADVANCED_FACE('',(#1877),#19,.T.);
#2102=ADVANCED_FACE('',(#1878),#20,.T.);
#2103=ADVANCED_FACE('',(#1879),#1994,.F.);
#2104=ADVANCED_FACE('',(#1880),#1995,.F.);
#2105=ADVANCED_FACE('',(#1881),#1996,.F.);
#2106=ADVANCED_FACE('',(#1882),#21,.F.);
#2107=ADVANCED_FACE('',(#1883),#1997,.F.);
#2108=ADVANCED_FACE('',(#1884),#1998,.F.);
#2109=ADVANCED_FACE('',(#1885),#1999,.F.);
#2110=ADVANCED_FACE('',(#1886),#2000,.F.);
#2111=ADVANCED_FACE('',(#1887),#2001,.F.);
#2112=ADVANCED_FACE('',(#1888),#2002,.F.);
#2113=ADVANCED_FACE('',(#1889),#22,.F.);
#2114=ADVANCED_FACE('',(#1890),#23,.F.);
#2115=ADVANCED_FACE('',(#1891),#2003,.F.);
#2116=ADVANCED_FACE('',(#1892),#2004,.F.);
#2117=ADVANCED_FACE('',(#1893),#24,.T.);
#2118=ADVANCED_FACE('',(#1894),#2005,.F.);
#2119=ADVANCED_FACE('',(#1895),#2006,.F.);
#2120=ADVANCED_FACE('',(#1896),#2007,.F.);
#2121=ADVANCED_FACE('',(#1897),#25,.F.);
#2122=ADVANCED_FACE('',(#1898),#2008,.F.);
#2123=ADVANCED_FACE('',(#1899,#1900,#1901),#2009,.F.);
#2124=ADVANCED_FACE('',(#1902),#2010,.F.);
#2125=ADVANCED_FACE('',(#1903),#2011,.F.);
#2126=ADVANCED_FACE('',(#1904),#2012,.F.);
#2127=ADVANCED_FACE('',(#1905),#2013,.F.);
#2128=ADVANCED_FACE('',(#1906),#2014,.F.);
#2129=ADVANCED_FACE('',(#1907),#2015,.F.);
#2130=ADVANCED_FACE('',(#1908),#2016,.F.);
#2131=ADVANCED_FACE('',(#1909),#2017,.T.);
#2132=ADVANCED_FACE('',(#1910),#2018,.F.);
#2133=ADVANCED_FACE('',(#1911),#2019,.F.);
#2134=ADVANCED_FACE('',(#1912),#2020,.T.);
#2135=ADVANCED_FACE('',(#1913),#2021,.F.);
#2136=ADVANCED_FACE('',(#1914),#2022,.F.);
#2137=ADVANCED_FACE('',(#1915),#2023,.F.);
#2138=ADVANCED_FACE('',(#1916),#2024,.F.);
#2139=ADVANCED_FACE('',(#1917),#2025,.F.);
#2140=ADVANCED_FACE('',(#1918),#2026,.F.);
#2141=ADVANCED_FACE('',(#1919),#2027,.F.);
#2142=ADVANCED_FACE('',(#1920),#2028,.F.);
#2143=ADVANCED_FACE('',(#1921),#2029,.F.);
#2144=ADVANCED_FACE('',(#1922),#2030,.F.);
#2145=ADVANCED_FACE('',(#1923),#2031,.F.);
#2146=ADVANCED_FACE('',(#1924),#2032,.F.);
#2147=ADVANCED_FACE('',(#1925),#2033,.F.);
#2148=ADVANCED_FACE('',(#1926),#2034,.F.);
#2149=ADVANCED_FACE('',(#1927),#2035,.F.);
#2150=ADVANCED_FACE('',(#1928),#2036,.F.);
#2151=ADVANCED_FACE('',(#1929),#2037,.F.);
#2152=ADVANCED_FACE('',(#1930),#2038,.F.);
#2153=ADVANCED_FACE('',(#1931),#2039,.F.);
#2154=ADVANCED_FACE('',(#1932),#2040,.F.);
#2155=ADVANCED_FACE('',(#1933),#2041,.F.);
#2156=ADVANCED_FACE('',(#1934,#1935,#1936),#2042,.F.);
#2157=ADVANCED_FACE('',(#1937),#2043,.F.);
#2158=ADVANCED_FACE('',(#1938),#2044,.F.);
#2159=ADVANCED_FACE('',(#1939),#2045,.F.);
#2160=ADVANCED_FACE('',(#1940),#2046,.F.);
#2161=ADVANCED_FACE('',(#1941),#2047,.F.);
#2162=ADVANCED_FACE('',(#1942),#2048,.F.);
#2163=ADVANCED_FACE('',(#1943),#2049,.F.);
#2164=ADVANCED_FACE('',(#1944),#2050,.F.);
#2165=ADVANCED_FACE('',(#1945),#2051,.F.);
#2166=ADVANCED_FACE('',(#1946),#2052,.F.);
#2167=ADVANCED_FACE('',(#1947),#2053,.F.);
#2168=ADVANCED_FACE('',(#1948),#2054,.F.);
#2169=ADVANCED_FACE('',(#1949),#2055,.F.);
#2170=ADVANCED_FACE('',(#1950),#2056,.F.);
#2171=ADVANCED_FACE('',(#1951),#2057,.T.);
#2172=CLOSED_SHELL('',(#2058,#2059,#2060,#2061,#2062,#2063,#2064,#2065,
#2066,#2067,#2068,#2069,#2070,#2071,#2072,#2073,#2074,#2075,#2076,#2077,
#2078,#2079,#2080,#2081,#2082,#2083,#2084,#2085,#2086,#2087,#2088,#2089,
#2090,#2091));
#2173=CLOSED_SHELL('',(#2092,#2093,#2094,#2095,#2096,#2097,#2098,#2099,
#2100,#2101,#2102,#2103,#2104,#2105,#2106,#2107,#2108,#2109,#2110,#2111,
#2112,#2113,#2114,#2115,#2116,#2117,#2118,#2119,#2120,#2121,#2122,#2123,
#2124,#2125,#2126,#2127,#2128,#2129,#2130,#2131));
#2174=CLOSED_SHELL('',(#2132,#2133,#2134,#2135,#2136,#2137,#2138,#2139,
#2140,#2141,#2142,#2143,#2144,#2145,#2146,#2147,#2148,#2149,#2150,#2151,
#2152,#2153,#2154,#2155,#2156,#2157,#2158,#2159,#2160,#2161,#2162,#2163,
#2164,#2165,#2166,#2167,#2168,#2169,#2170,#2171));
#2175=MANIFOLD_SOLID_BREP('FTR-104-01-L-S_body',#2172);
#2176=MANIFOLD_SOLID_BREP('FTR-104-01-L-S_pins',#2173);
#2177=MANIFOLD_SOLID_BREP('FTR-104-01-L-S2PNS',#2174);
#2178=SHAPE_DEFINITION_REPRESENTATION(#3488,#2182);
#2179=SHAPE_DEFINITION_REPRESENTATION(#3489,#2183);
#2180=SHAPE_DEFINITION_REPRESENTATION(#3491,#2184);
#2181=SHAPE_DEFINITION_REPRESENTATION(#3493,#2185);
#2182=SHAPE_REPRESENTATION('FTR-104-01-L-S',(#2186,#2221,#2278,#2319),#3474);
#2183=SHAPE_REPRESENTATION('FTR-104-01-L-S_body',(#2186),#3475);
#2184=SHAPE_REPRESENTATION('FTR-104-01-L-S_pins',(#2186),#3476);
#2185=SHAPE_REPRESENTATION('FTR-104-01-L-S2PNS',(#2186),#3477);
#2186=AXIS2_PLACEMENT_3D('',#2868,#2320,#2321);
#2187=AXIS2_PLACEMENT_3D('',#2869,#2322,#2323);
#2188=AXIS2_PLACEMENT_3D('',#2878,#2328,#2329);
#2189=AXIS2_PLACEMENT_3D('',#2887,#2334,#2335);
#2190=AXIS2_PLACEMENT_3D('',#2896,#2340,#2341);
#2191=AXIS2_PLACEMENT_3D('',#2920,#2355,#2356);
#2192=AXIS2_PLACEMENT_3D('',#2926,#2360,#2361);
#2193=AXIS2_PLACEMENT_3D('',#2947,#2374,#2375);
#2194=AXIS2_PLACEMENT_3D('',#2956,#2380,#2381);
#2195=AXIS2_PLACEMENT_3D('',#2962,#2385,#2386);
#2196=AXIS2_PLACEMENT_3D('',#2968,#2390,#2391);
#2197=AXIS2_PLACEMENT_3D('',#2977,#2396,#2397);
#2198=AXIS2_PLACEMENT_3D('',#2983,#2401,#2402);
#2199=AXIS2_PLACEMENT_3D('',#2989,#2406,#2407);
#2200=AXIS2_PLACEMENT_3D('',#2998,#2412,#2413);
#2201=AXIS2_PLACEMENT_3D('',#3004,#2417,#2418);
#2202=AXIS2_PLACEMENT_3D('',#3010,#2422,#2423);
#2203=AXIS2_PLACEMENT_3D('',#3019,#2428,#2429);
#2204=AXIS2_PLACEMENT_3D('',#3025,#2433,#2434);
#2205=AXIS2_PLACEMENT_3D('',#3031,#2438,#2439);
#2206=AXIS2_PLACEMENT_3D('',#3034,#2442,#2443);
#2207=AXIS2_PLACEMENT_3D('',#3037,#2446,#2447);
#2208=AXIS2_PLACEMENT_3D('',#3040,#2450,#2451);
#2209=AXIS2_PLACEMENT_3D('',#3043,#2454,#2455);
#2210=AXIS2_PLACEMENT_3D('',#3045,#2457,#2458);
#2211=AXIS2_PLACEMENT_3D('',#3046,#2459,#2460);
#2212=AXIS2_PLACEMENT_3D('',#3048,#2462,#2463);
#2213=AXIS2_PLACEMENT_3D('',#3050,#2465,#2466);
#2214=AXIS2_PLACEMENT_3D('',#3052,#2468,#2469);
#2215=AXIS2_PLACEMENT_3D('',#3053,#2470,#2471);
#2216=AXIS2_PLACEMENT_3D('',#3055,#2473,#2474);
#2217=AXIS2_PLACEMENT_3D('',#3057,#2476,#2477);
#2218=AXIS2_PLACEMENT_3D('',#3058,#2478,#2479);
#2219=AXIS2_PLACEMENT_3D('',#3060,#2481,#2482);
#2220=AXIS2_PLACEMENT_3D('',#3062,#2484,#2485);
#2221=AXIS2_PLACEMENT_3D('',#3063,#2486,#2487);
#2222=AXIS2_PLACEMENT_3D('',#3064,#2488,#2489);
#2223=AXIS2_PLACEMENT_3D('',#3073,#2494,#2495);
#2224=AXIS2_PLACEMENT_3D('',#3082,#2500,#2501);
#2225=AXIS2_PLACEMENT_3D('',#3088,#2505,#2506);
#2226=AXIS2_PLACEMENT_3D('',#3096,#2510,#2511);
#2227=AXIS2_PLACEMENT_3D('',#3101,#2514,#2515);
#2228=AXIS2_PLACEMENT_3D('',#3107,#2519,#2520);
#2229=AXIS2_PLACEMENT_3D('',#3115,#2524,#2525);
#2230=AXIS2_PLACEMENT_3D('',#3120,#2528,#2529);
#2231=AXIS2_PLACEMENT_3D('',#3126,#2533,#2534);
#2232=AXIS2_PLACEMENT_3D('',#3135,#2539,#2540);
#2233=AXIS2_PLACEMENT_3D('',#3139,#2543,#2544);
#2234=AXIS2_PLACEMENT_3D('',#3145,#2548,#2549);
#2235=AXIS2_PLACEMENT_3D('',#3146,#2550,#2551);
#2236=AXIS2_PLACEMENT_3D('',#3149,#2553,#2554);
#2237=AXIS2_PLACEMENT_3D('',#3150,#2555,#2556);
#2238=AXIS2_PLACEMENT_3D('',#3154,#2558,#2559);
#2239=AXIS2_PLACEMENT_3D('',#3155,#2560,#2561);
#2240=AXIS2_PLACEMENT_3D('',#3159,#2563,#2564);
#2241=AXIS2_PLACEMENT_3D('',#3163,#2566,#2567);
#2242=AXIS2_PLACEMENT_3D('',#3164,#2568,#2569);
#2243=AXIS2_PLACEMENT_3D('',#3170,#2573,#2574);
#2244=AXIS2_PLACEMENT_3D('',#3176,#2578,#2579);
#2245=AXIS2_PLACEMENT_3D('',#3182,#2583,#2584);
#2246=AXIS2_PLACEMENT_3D('',#3183,#2585,#2586);
#2247=AXIS2_PLACEMENT_3D('',#3185,#2587,#2588);
#2248=AXIS2_PLACEMENT_3D('',#3188,#2590,#2591);
#2249=AXIS2_PLACEMENT_3D('',#3192,#2594,#2595);
#2250=AXIS2_PLACEMENT_3D('',#3198,#2599,#2600);
#2251=AXIS2_PLACEMENT_3D('',#3204,#2604,#2605);
#2252=AXIS2_PLACEMENT_3D('',#3210,#2609,#2610);
#2253=AXIS2_PLACEMENT_3D('',#3216,#2614,#2615);
#2254=AXIS2_PLACEMENT_3D('',#3225,#2620,#2621);
#2255=AXIS2_PLACEMENT_3D('',#3226,#2622,#2623);
#2256=AXIS2_PLACEMENT_3D('',#3229,#2625,#2626);
#2257=AXIS2_PLACEMENT_3D('',#3230,#2627,#2628);
#2258=AXIS2_PLACEMENT_3D('',#3232,#2629,#2630);
#2259=AXIS2_PLACEMENT_3D('',#3235,#2632,#2633);
#2260=AXIS2_PLACEMENT_3D('',#3237,#2635,#2636);
#2261=AXIS2_PLACEMENT_3D('',#3240,#2639,#2640);
#2262=AXIS2_PLACEMENT_3D('',#3243,#2642,#2643);
#2263=AXIS2_PLACEMENT_3D('',#3246,#2645,#2646);
#2264=AXIS2_PLACEMENT_3D('',#3250,#2649,#2650);
#2265=AXIS2_PLACEMENT_3D('',#3254,#2653,#2654);
#2266=AXIS2_PLACEMENT_3D('',#3258,#2657,#2658);
#2267=AXIS2_PLACEMENT_3D('',#3259,#2659,#2660);
#2268=AXIS2_PLACEMENT_3D('',#3262,#2662,#2663);
#2269=AXIS2_PLACEMENT_3D('',#3266,#2666,#2667);
#2270=AXIS2_PLACEMENT_3D('',#3275,#2675,#2676);
#2271=AXIS2_PLACEMENT_3D('',#3277,#2678,#2679);
#2272=AXIS2_PLACEMENT_3D('',#3278,#2680,#2681);
#2273=AXIS2_PLACEMENT_3D('',#3279,#2682,#2683);
#2274=AXIS2_PLACEMENT_3D('',#3280,#2684,#2685);
#2275=AXIS2_PLACEMENT_3D('',#3281,#2686,#2687);
#2276=AXIS2_PLACEMENT_3D('',#3282,#2688,#2689);
#2277=AXIS2_PLACEMENT_3D('',#3283,#2690,#2691);
#2278=AXIS2_PLACEMENT_3D('',#3284,#2692,#2693);
#2279=AXIS2_PLACEMENT_3D('',#3285,#2694,#2695);
#2280=AXIS2_PLACEMENT_3D('',#3294,#2700,#2701);
#2281=AXIS2_PLACEMENT_3D('',#3303,#2706,#2707);
#2282=AXIS2_PLACEMENT_3D('',#3314,#2714,#2715);
#2283=AXIS2_PLACEMENT_3D('',#3325,#2722,#2723);
#2284=AXIS2_PLACEMENT_3D('',#3331,#2727,#2728);
#2285=AXIS2_PLACEMENT_3D('',#3340,#2733,#2734);
#2286=AXIS2_PLACEMENT_3D('',#3349,#2739,#2740);
#2287=AXIS2_PLACEMENT_3D('',#3355,#2744,#2745);
#2288=AXIS2_PLACEMENT_3D('',#3361,#2749,#2750);
#2289=AXIS2_PLACEMENT_3D('',#3367,#2754,#2755);
#2290=AXIS2_PLACEMENT_3D('',#3373,#2759,#2760);
#2291=AXIS2_PLACEMENT_3D('',#3379,#2764,#2765);
#2292=AXIS2_PLACEMENT_3D('',#3385,#2769,#2770);
#2293=AXIS2_PLACEMENT_3D('',#3390,#2774,#2775);
#2294=AXIS2_PLACEMENT_3D('',#3396,#2779,#2780);
#2295=AXIS2_PLACEMENT_3D('',#3402,#2784,#2785);
#2296=AXIS2_PLACEMENT_3D('',#3406,#2788,#2789);
#2297=AXIS2_PLACEMENT_3D('',#3412,#2793,#2794);
#2298=AXIS2_PLACEMENT_3D('',#3418,#2798,#2799);
#2299=AXIS2_PLACEMENT_3D('',#3424,#2803,#2804);
#2300=AXIS2_PLACEMENT_3D('',#3430,#2808,#2809);
#2301=AXIS2_PLACEMENT_3D('',#3436,#2813,#2814);
#2302=AXIS2_PLACEMENT_3D('',#3441,#2818,#2819);
#2303=AXIS2_PLACEMENT_3D('',#3445,#2822,#2823);
#2304=AXIS2_PLACEMENT_3D('',#3452,#2830,#2831);
#2305=AXIS2_PLACEMENT_3D('',#3453,#2832,#2833);
#2306=AXIS2_PLACEMENT_3D('',#3454,#2834,#2835);
#2307=AXIS2_PLACEMENT_3D('',#3456,#2837,#2838);
#2308=AXIS2_PLACEMENT_3D('',#3458,#2840,#2841);
#2309=AXIS2_PLACEMENT_3D('',#3459,#2842,#2843);
#2310=AXIS2_PLACEMENT_3D('',#3460,#2844,#2845);
#2311=AXIS2_PLACEMENT_3D('',#3462,#2847,#2848);
#2312=AXIS2_PLACEMENT_3D('',#3464,#2850,#2851);
#2313=AXIS2_PLACEMENT_3D('',#3465,#2852,#2853);
#2314=AXIS2_PLACEMENT_3D('',#3466,#2854,#2855);
#2315=AXIS2_PLACEMENT_3D('',#3468,#2857,#2858);
#2316=AXIS2_PLACEMENT_3D('',#3470,#2860,#2861);
#2317=AXIS2_PLACEMENT_3D('',#3471,#2862,#2863);
#2318=AXIS2_PLACEMENT_3D('',#3472,#2864,#2865);
#2319=AXIS2_PLACEMENT_3D('',#3473,#2866,#2867);
#2320=DIRECTION('',(0.,0.,1.));
#2321=DIRECTION('',(1.,0.,0.));
#2322=DIRECTION('',(0.,0.,-1.));
#2323=DIRECTION('',(-1.,0.,0.));
#2324=DIRECTION('',(0.,-1.,0.));
#2325=DIRECTION('',(-1.,0.,0.));
#2326=DIRECTION('',(0.,-1.,0.));
#2327=DIRECTION('',(1.,0.,0.));
#2328=DIRECTION('',(0.,0.,1.));
#2329=DIRECTION('',(1.,0.,0.));
#2330=DIRECTION('',(0.,-1.,0.));
#2331=DIRECTION('',(-1.,0.,0.));
#2332=DIRECTION('',(0.,-1.,0.));
#2333=DIRECTION('',(-1.,0.,0.));
#2334=DIRECTION('',(0.,1.,0.));
#2335=DIRECTION('',(0.,0.,1.));
#2336=DIRECTION('',(0.,0.,-1.));
#2337=DIRECTION('',(-1.,0.,0.));
#2338=DIRECTION('',(0.,0.,1.));
#2339=DIRECTION('',(-1.,0.,0.));
#2340=DIRECTION('',(1.,0.,0.));
#2341=DIRECTION('',(0.,0.,-1.));
#2342=DIRECTION('',(0.,0.,-1.));
#2343=DIRECTION('',(0.,1.,0.));
#2344=DIRECTION('',(0.,0.,1.));
#2345=DIRECTION('',(0.,-1.,0.));
#2346=DIRECTION('',(0.,-1.,0.));
#2347=DIRECTION('',(0.,0.,-1.));
#2348=DIRECTION('',(0.,1.,0.));
#2349=DIRECTION('',(0.,0.,1.));
#2350=DIRECTION('',(0.,3.28347114623109E-16,1.));
#2351=DIRECTION('',(0.,-1.,0.));
#2352=DIRECTION('',(0.,0.,-1.));
#2353=DIRECTION('',(0.,-1.,0.));
#2354=DIRECTION('',(0.,0.,1.));
#2355=DIRECTION('',(0.,0.,-1.));
#2356=DIRECTION('',(-1.,0.,0.));
#2357=DIRECTION('',(-1.,0.,0.));
#2358=DIRECTION('',(0.,-1.,0.));
#2359=DIRECTION('',(1.,0.,0.));
#2360=DIRECTION('',(-1.,0.,0.));
#2361=DIRECTION('',(0.,0.,1.));
#2362=DIRECTION('',(0.,1.,0.));
#2363=DIRECTION('',(0.,0.,-1.));
#2364=DIRECTION('',(0.,0.,-1.));
#2365=DIRECTION('',(0.,0.,-1.));
#2366=DIRECTION('',(0.,-1.,0.));
#2367=DIRECTION('',(0.,3.28347114623109E-16,1.));
#2368=DIRECTION('',(0.,0.,-1.));
#2369=DIRECTION('',(0.,1.,0.));
#2370=DIRECTION('',(0.,0.,-1.));
#2371=DIRECTION('',(0.,-1.,0.));
#2372=DIRECTION('',(0.,-1.,0.));
#2373=DIRECTION('',(0.,0.,1.));
#2374=DIRECTION('',(1.,0.,0.));
#2375=DIRECTION('',(0.,0.,-1.));
#2376=DIRECTION('',(0.,0.,1.));
#2377=DIRECTION('',(0.,-1.,0.));
#2378=DIRECTION('',(0.,0.,1.));
#2379=DIRECTION('',(0.,-1.,0.));
#2380=DIRECTION('',(0.,0.,1.));
#2381=DIRECTION('',(1.,0.,0.));
#2382=DIRECTION('',(-1.,0.,0.));
#2383=DIRECTION('',(0.,-1.,0.));
#2384=DIRECTION('',(-1.,0.,0.));
#2385=DIRECTION('',(-1.,0.,0.));
#2386=DIRECTION('',(0.,0.,1.));
#2387=DIRECTION('',(0.,0.,-1.));
#2388=DIRECTION('',(0.,-1.,0.));
#2389=DIRECTION('',(0.,0.,-1.));
#2390=DIRECTION('',(1.,0.,0.));
#2391=DIRECTION('',(0.,0.,-1.));
#2392=DIRECTION('',(0.,0.,1.));
#2393=DIRECTION('',(0.,-1.,0.));
#2394=DIRECTION('',(0.,0.,1.));
#2395=DIRECTION('',(0.,-1.,0.));
#2396=DIRECTION('',(0.,0.,1.));
#2397=DIRECTION('',(1.,0.,0.));
#2398=DIRECTION('',(-1.,0.,0.));
#2399=DIRECTION('',(0.,-1.,0.));
#2400=DIRECTION('',(-1.,0.,0.));
#2401=DIRECTION('',(-1.,0.,0.));
#2402=DIRECTION('',(0.,0.,1.));
#2403=DIRECTION('',(0.,0.,-1.));
#2404=DIRECTION('',(0.,-1.,0.));
#2405=DIRECTION('',(0.,0.,-1.));
#2406=DIRECTION('',(1.,0.,0.));
#2407=DIRECTION('',(0.,0.,-1.));
#2408=DIRECTION('',(0.,0.,1.));
#2409=DIRECTION('',(0.,-1.,0.));
#2410=DIRECTION('',(0.,0.,1.));
#2411=DIRECTION('',(0.,-1.,0.));
#2412=DIRECTION('',(0.,0.,1.));
#2413=DIRECTION('',(1.,0.,0.));
#2414=DIRECTION('',(-1.,0.,0.));
#2415=DIRECTION('',(0.,-1.,0.));
#2416=DIRECTION('',(-1.,0.,0.));
#2417=DIRECTION('',(-1.,0.,0.));
#2418=DIRECTION('',(0.,0.,1.));
#2419=DIRECTION('',(0.,0.,-1.));
#2420=DIRECTION('',(0.,-1.,0.));
#2421=DIRECTION('',(0.,0.,-1.));
#2422=DIRECTION('',(1.,0.,0.));
#2423=DIRECTION('',(0.,0.,-1.));
#2424=DIRECTION('',(0.,0.,1.));
#2425=DIRECTION('',(0.,-1.,0.));
#2426=DIRECTION('',(0.,0.,1.));
#2427=DIRECTION('',(0.,-1.,0.));
#2428=DIRECTION('',(0.,0.,1.));
#2429=DIRECTION('',(1.,0.,0.));
#2430=DIRECTION('',(-1.,0.,0.));
#2431=DIRECTION('',(0.,-1.,0.));
#2432=DIRECTION('',(-1.,0.,0.));
#2433=DIRECTION('',(-1.,0.,0.));
#2434=DIRECTION('',(0.,0.,1.));
#2435=DIRECTION('',(0.,0.,-1.));
#2436=DIRECTION('',(0.,-1.,0.));
#2437=DIRECTION('',(0.,0.,-1.));
#2438=DIRECTION('',(0.,0.,-1.));
#2439=DIRECTION('',(-1.,0.,0.));
#2440=DIRECTION('',(1.,0.,0.));
#2441=DIRECTION('',(1.,0.,0.));
#2442=DIRECTION('',(0.,0.,-1.));
#2443=DIRECTION('',(-1.,0.,0.));
#2444=DIRECTION('',(1.,0.,0.));
#2445=DIRECTION('',(1.,0.,0.));
#2446=DIRECTION('',(0.,0.,-1.));
#2447=DIRECTION('',(-1.,0.,0.));
#2448=DIRECTION('',(1.,0.,0.));
#2449=DIRECTION('',(1.,0.,0.));
#2450=DIRECTION('',(0.,0.,-1.));
#2451=DIRECTION('',(-1.,0.,0.));
#2452=DIRECTION('',(1.,0.,0.));
#2453=DIRECTION('',(1.,0.,0.));
#2454=DIRECTION('',(0.,0.,1.));
#2455=DIRECTION('',(1.,0.,0.));
#2456=DIRECTION('',(-1.,0.,0.));
#2457=DIRECTION('',(0.,1.,0.));
#2458=DIRECTION('',(0.,0.,1.));
#2459=DIRECTION('',(0.,1.,0.));
#2460=DIRECTION('',(0.,0.,1.));
#2461=DIRECTION('',(-1.,0.,0.));
#2462=DIRECTION('',(0.,0.,-1.));
#2463=DIRECTION('',(-1.,0.,0.));
#2464=DIRECTION('',(-1.,0.,0.));
#2465=DIRECTION('',(0.,0.,1.));
#2466=DIRECTION('',(1.,0.,0.));
#2467=DIRECTION('',(-1.,0.,0.));
#2468=DIRECTION('',(0.,1.,0.));
#2469=DIRECTION('',(0.,0.,1.));
#2470=DIRECTION('',(0.,1.,0.));
#2471=DIRECTION('',(0.,0.,1.));
#2472=DIRECTION('',(-1.,0.,0.));
#2473=DIRECTION('',(0.,-1.,0.));
#2474=DIRECTION('',(0.,0.,-1.));
#2475=DIRECTION('',(-1.,0.,0.));
#2476=DIRECTION('',(0.,0.,1.));
#2477=DIRECTION('',(1.,0.,0.));
#2478=DIRECTION('',(0.,-1.,3.28347114623109E-16));
#2479=DIRECTION('',(0.,-3.28347114623109E-16,-1.));
#2480=DIRECTION('',(-1.,0.,0.));
#2481=DIRECTION('',(0.,0.,-1.));
#2482=DIRECTION('',(-1.,0.,0.));
#2483=DIRECTION('',(-1.,0.,0.));
#2484=DIRECTION('',(0.,1.,0.));
#2485=DIRECTION('',(0.,0.,1.));
#2486=DIRECTION('',(0.,0.,1.));
#2487=DIRECTION('',(1.,0.,0.));
#2488=DIRECTION('',(0.,0.,1.));
#2489=DIRECTION('',(1.,0.,0.));
#2490=DIRECTION('',(-1.,0.,0.));
#2491=DIRECTION('',(0.,1.,0.));
#2492=DIRECTION('',(-1.,0.,0.));
#2493=DIRECTION('',(0.,1.,0.));
#2494=DIRECTION('',(0.,0.,-1.));
#2495=DIRECTION('',(-1.,0.,0.));
#2496=DIRECTION('',(1.,0.,0.));
#2497=DIRECTION('',(0.,-1.,0.));
#2498=DIRECTION('',(-1.,0.,0.));
#2499=DIRECTION('',(0.,-1.,0.));
#2500=DIRECTION('',(1.,0.,0.));
#2501=DIRECTION('',(0.,0.,-1.));
#2502=DIRECTION('',(0.,0.,1.));
#2503=DIRECTION('',(0.,0.,-1.));
#2504=DIRECTION('',(0.,-1.,1.92903929841074E-15));
#2505=DIRECTION('',(1.,0.,0.));
#2506=DIRECTION('',(0.,0.,-1.));
#2507=DIRECTION('',(0.,0.,1.));
#2508=DIRECTION('',(0.,-1.,0.));
#2509=DIRECTION('',(0.,0.,-1.));
#2510=DIRECTION('',(1.,0.,0.));
#2511=DIRECTION('',(0.,0.,-1.));
#2512=DIRECTION('',(0.,1.,0.));
#2513=DIRECTION('',(0.,1.44952107985354E-16,-1.));
#2514=DIRECTION('',(1.,0.,0.));
#2515=DIRECTION('',(0.,0.,-1.));
#2516=DIRECTION('',(0.,0.,1.));
#2517=DIRECTION('',(0.,1.44952107985354E-16,-1.));
#2518=DIRECTION('',(0.,1.,0.));
#2519=DIRECTION('',(1.,0.,0.));
#2520=DIRECTION('',(0.,0.,-1.));
#2521=DIRECTION('',(0.,0.,1.));
#2522=DIRECTION('',(0.,1.,0.));
#2523=DIRECTION('',(0.,0.,-1.));
#2524=DIRECTION('',(1.,0.,0.));
#2525=DIRECTION('',(0.,0.,-1.));
#2526=DIRECTION('',(0.,-1.,1.92903929841074E-15));
#2527=DIRECTION('',(0.,0.,-1.));
#2528=DIRECTION('',(0.,0.,-1.));
#2529=DIRECTION('',(-1.,0.,0.));
#2530=DIRECTION('',(-1.,0.,0.));
#2531=DIRECTION('',(0.,-1.,0.));
#2532=DIRECTION('',(-1.,0.,0.));
#2533=DIRECTION('',(0.,0.,-1.));
#2534=DIRECTION('',(-1.,0.,0.));
#2535=DIRECTION('',(-1.,0.,0.));
#2536=DIRECTION('',(0.,1.,0.));
#2537=DIRECTION('',(-1.,0.,0.));
#2538=DIRECTION('',(0.,-1.,0.));
#2539=DIRECTION('',(0.,1.,0.));
#2540=DIRECTION('',(0.,0.,1.));
#2541=DIRECTION('',(0.,0.,-1.));
#2542=DIRECTION('',(-1.,0.,0.));
#2543=DIRECTION('',(0.,1.,0.));
#2544=DIRECTION('',(0.,0.,1.));
#2545=DIRECTION('',(-1.,0.,0.));
#2546=DIRECTION('',(0.,0.,-1.));
#2547=DIRECTION('',(0.,0.,-1.));
#2548=DIRECTION('',(-1.,0.,0.));
#2549=DIRECTION('',(0.,0.,1.));
#2550=DIRECTION('',(1.,0.,0.));
#2551=DIRECTION('',(0.,0.,-1.));
#2552=DIRECTION('',(-1.,0.,0.));
#2553=DIRECTION('',(-1.,0.,0.));
#2554=DIRECTION('',(0.,0.,1.));
#2555=DIRECTION('',(1.,0.,0.));
#2556=DIRECTION('',(0.,0.,-1.));
#2557=DIRECTION('',(-1.,0.,0.));
#2558=DIRECTION('',(-1.,0.,0.));
#2559=DIRECTION('',(0.,0.,1.));
#2560=DIRECTION('',(-1.,0.,0.));
#2561=DIRECTION('',(0.,0.,1.));
#2562=DIRECTION('',(-1.,0.,0.));
#2563=DIRECTION('',(-1.,0.,0.));
#2564=DIRECTION('',(0.,0.,1.));
#2565=DIRECTION('',(-1.,0.,0.));
#2566=DIRECTION('',(1.,0.,0.));
#2567=DIRECTION('',(0.,0.,-1.));
#2568=DIRECTION('',(0.,1.,0.));
#2569=DIRECTION('',(0.,0.,1.));
#2570=DIRECTION('',(-1.,0.,0.));
#2571=DIRECTION('',(0.,0.,-1.));
#2572=DIRECTION('',(0.,0.,-1.));
#2573=DIRECTION('',(0.,0.,1.));
#2574=DIRECTION('',(1.,0.,0.));
#2575=DIRECTION('',(-1.,0.,0.));
#2576=DIRECTION('',(0.,-1.,0.));
#2577=DIRECTION('',(0.,1.,0.));
#2578=DIRECTION('',(0.,-1.,0.));
#2579=DIRECTION('',(0.,0.,-1.));
#2580=DIRECTION('',(-1.,0.,0.));
#2581=DIRECTION('',(0.,0.,-1.));
#2582=DIRECTION('',(0.,0.,1.));
#2583=DIRECTION('',(-1.,0.,0.));
#2584=DIRECTION('',(0.,0.,1.));
#2585=DIRECTION('',(-1.,0.,0.));
#2586=DIRECTION('',(0.,0.,1.));
#2587=DIRECTION('',(1.,0.,0.));
#2588=DIRECTION('',(0.,0.,-1.));
#2589=DIRECTION('',(-1.,0.,0.));
#2590=DIRECTION('',(0.,0.,1.));
#2591=DIRECTION('',(1.,0.,0.));
#2592=DIRECTION('',(0.,1.,0.));
#2593=DIRECTION('',(-1.,0.,0.));
#2594=DIRECTION('',(0.,0.,1.));
#2595=DIRECTION('',(1.,0.,0.));
#2596=DIRECTION('',(-1.,0.,0.));
#2597=DIRECTION('',(0.,-1.,0.));
#2598=DIRECTION('',(0.,1.,0.));
#2599=DIRECTION('',(0.,0.,1.));
#2600=DIRECTION('',(1.,0.,0.));
#2601=DIRECTION('',(-1.,0.,0.));
#2602=DIRECTION('',(0.,-1.,0.));
#2603=DIRECTION('',(0.,1.,0.));
#2604=DIRECTION('',(0.,-1.92903929841074E-15,-1.));
#2605=DIRECTION('',(0.,1.,-1.92903929841074E-15));
#2606=DIRECTION('',(-1.,0.,0.));
#2607=DIRECTION('',(0.,-1.,1.92903929841074E-15));
#2608=DIRECTION('',(-1.,0.,0.));
#2609=DIRECTION('',(0.,-1.92903929841074E-15,-1.));
#2610=DIRECTION('',(0.,1.,-1.92903929841074E-15));
#2611=DIRECTION('',(0.,1.,-1.92903929841074E-15));
#2612=DIRECTION('',(-1.,0.,0.));
#2613=DIRECTION('',(0.,-1.,1.92903929841074E-15));
#2614=DIRECTION('',(0.,-1.92903929841074E-15,-1.));
#2615=DIRECTION('',(0.,1.,-1.92903929841074E-15));
#2616=DIRECTION('',(-1.,0.,0.));
#2617=DIRECTION('',(0.,1.,-1.92903929841074E-15));
#2618=DIRECTION('',(-1.,0.,0.));
#2619=DIRECTION('',(0.,-1.,1.92903929841074E-15));
#2620=DIRECTION('',(-1.,0.,0.));
#2621=DIRECTION('',(0.,0.,1.));
#2622=DIRECTION('',(1.,0.,0.));
#2623=DIRECTION('',(0.,0.,-1.));
#2624=DIRECTION('',(-1.,0.,0.));
#2625=DIRECTION('',(-1.,0.,0.));
#2626=DIRECTION('',(0.,0.,1.));
#2627=DIRECTION('',(-1.,0.,0.));
#2628=DIRECTION('',(0.,0.,1.));
#2629=DIRECTION('',(1.,0.,0.));
#2630=DIRECTION('',(0.,0.,-1.));
#2631=DIRECTION('',(-1.,0.,0.));
#2632=DIRECTION('',(0.,-1.,0.));
#2633=DIRECTION('',(0.,0.,-1.));
#2634=DIRECTION('',(0.,0.,1.));
#2635=DIRECTION('',(0.,-1.,0.));
#2636=DIRECTION('',(0.,0.,-1.));
#2637=DIRECTION('',(0.,0.,-1.));
#2638=DIRECTION('',(0.,0.,1.));
#2639=DIRECTION('',(-1.,0.,0.));
#2640=DIRECTION('',(0.,0.,1.));
#2641=DIRECTION('',(-1.,0.,0.));
#2642=DIRECTION('',(-1.,0.,0.));
#2643=DIRECTION('',(0.,0.,1.));
#2644=DIRECTION('',(-1.,0.,0.));
#2645=DIRECTION('',(0.,1.,0.));
#2646=DIRECTION('',(0.,0.,1.));
#2647=DIRECTION('',(-1.,0.,0.));
#2648=DIRECTION('',(0.,0.,-1.));
#2649=DIRECTION('',(0.,0.,1.));
#2650=DIRECTION('',(1.,0.,0.));
#2651=DIRECTION('',(-1.,0.,0.));
#2652=DIRECTION('',(0.,-1.,0.));
#2653=DIRECTION('',(0.,-1.,0.));
#2654=DIRECTION('',(0.,0.,-1.));
#2655=DIRECTION('',(-1.,0.,0.));
#2656=DIRECTION('',(0.,0.,-1.));
#2657=DIRECTION('',(-1.,0.,0.));
#2658=DIRECTION('',(0.,0.,1.));
#2659=DIRECTION('',(-1.,0.,0.));
#2660=DIRECTION('',(0.,0.,1.));
#2661=DIRECTION('',(-1.,0.,0.));
#2662=DIRECTION('',(0.,0.,1.));
#2663=DIRECTION('',(1.,0.,0.));
#2664=DIRECTION('',(-1.,0.,0.));
#2665=DIRECTION('',(0.,-1.,0.));
#2666=DIRECTION('',(0.,1.,0.));
#2667=DIRECTION('',(0.,0.,1.));
#2668=DIRECTION('',(0.,0.,-1.));
#2669=DIRECTION('',(0.,0.,-1.));
#2670=DIRECTION('',(0.,0.,-1.));
#2671=DIRECTION('',(0.,0.,-1.));
#2672=DIRECTION('',(-1.,0.,0.));
#2673=DIRECTION('',(0.,0.,-1.));
#2674=DIRECTION('',(0.,0.,-1.));
#2675=DIRECTION('',(0.,-1.92903929841074E-15,-1.));
#2676=DIRECTION('',(0.,1.,-1.92903929841074E-15));
#2677=DIRECTION('',(0.,1.,-1.92903929841074E-15));
#2678=DIRECTION('',(-1.,0.,0.));
#2679=DIRECTION('',(0.,0.,1.));
#2680=DIRECTION('',(1.,0.,0.));
#2681=DIRECTION('',(0.,0.,-1.));
#2682=DIRECTION('',(-1.,0.,0.));
#2683=DIRECTION('',(0.,0.,1.));
#2684=DIRECTION('',(1.,0.,0.));
#2685=DIRECTION('',(0.,0.,-1.));
#2686=DIRECTION('',(-1.,0.,0.));
#2687=DIRECTION('',(0.,0.,1.));
#2688=DIRECTION('',(1.,0.,0.));
#2689=DIRECTION('',(0.,0.,-1.));
#2690=DIRECTION('',(0.,1.,0.));
#2691=DIRECTION('',(0.,0.,1.));
#2692=DIRECTION('',(0.,0.,-1.));
#2693=DIRECTION('',(-1.,0.,0.));
#2694=DIRECTION('',(0.,0.,1.));
#2695=DIRECTION('',(1.,0.,0.));
#2696=DIRECTION('',(1.,0.,0.));
#2697=DIRECTION('',(0.,1.,0.));
#2698=DIRECTION('',(-1.,0.,0.));
#2699=DIRECTION('',(0.,1.,0.));
#2700=DIRECTION('',(0.,0.,-1.));
#2701=DIRECTION('',(-1.,0.,0.));
#2702=DIRECTION('',(-1.,0.,0.));
#2703=DIRECTION('',(0.,-1.,0.));
#2704=DIRECTION('',(-1.,0.,0.));
#2705=DIRECTION('',(0.,-1.,0.));
#2706=DIRECTION('',(1.,0.,0.));
#2707=DIRECTION('',(0.,0.,-1.));
#2708=DIRECTION('',(0.,0.,-1.));
#2709=DIRECTION('',(0.,0.,1.));
#2710=DIRECTION('',(0.,1.,-3.75920134071343E-16));
#2711=DIRECTION('',(0.,0.,-1.));
#2712=DIRECTION('',(0.,-1.,0.));
#2713=DIRECTION('',(0.,-5.79808431941347E-16,1.));
#2714=DIRECTION('',(1.,0.,0.));
#2715=DIRECTION('',(0.,0.,-1.));
#2716=DIRECTION('',(0.,0.,-1.));
#2717=DIRECTION('',(0.,-5.79808431941347E-16,1.));
#2718=DIRECTION('',(0.,-1.,0.));
#2719=DIRECTION('',(0.,0.,-1.));
#2720=DIRECTION('',(0.,1.,-3.75920134071343E-16));
#2721=DIRECTION('',(0.,0.,1.));
#2722=DIRECTION('',(0.,3.75920134071343E-16,1.));
#2723=DIRECTION('',(0.,-1.,3.75920134071343E-16));
#2724=DIRECTION('',(-1.,0.,0.));
#2725=DIRECTION('',(0.,-1.,3.75920134071343E-16));
#2726=DIRECTION('',(-1.,0.,0.));
#2727=DIRECTION('',(0.,3.75920134071343E-16,1.));
#2728=DIRECTION('',(0.,-1.,3.75920134071343E-16));
#2729=DIRECTION('',(-1.,0.,0.));
#2730=DIRECTION('',(0.,1.,-3.75920134071343E-16));
#2731=DIRECTION('',(-1.,0.,0.));
#2732=DIRECTION('',(0.,-1.,3.75920134071343E-16));
#2733=DIRECTION('',(0.,3.75920134071343E-16,1.));
#2734=DIRECTION('',(0.,-1.,3.75920134071343E-16));
#2735=DIRECTION('',(-1.,0.,0.));
#2736=DIRECTION('',(0.,1.,-3.75920134071343E-16));
#2737=DIRECTION('',(-1.,0.,0.));
#2738=DIRECTION('',(0.,-1.,3.75920134071343E-16));
#2739=DIRECTION('',(0.,-0.707106781186548,0.707106781186547));
#2740=DIRECTION('',(0.,-0.707106781186547,-0.707106781186548));
#2741=DIRECTION('',(0.577350269189628,0.577350269189624,0.577350269189626));
#2742=DIRECTION('',(-1.,0.,0.));
#2743=DIRECTION('',(0.577350269189626,-0.577350269189625,-0.577350269189626));
#2744=DIRECTION('',(0.,-0.707106781186548,0.707106781186547));
#2745=DIRECTION('',(0.,-0.707106781186547,-0.707106781186548));
#2746=DIRECTION('',(0.577350269189627,0.577350269189625,0.577350269189626));
#2747=DIRECTION('',(-1.,0.,0.));
#2748=DIRECTION('',(0.577350269189625,-0.577350269189626,-0.577350269189627));
#2749=DIRECTION('',(0.,-0.707106781186548,0.707106781186547));
#2750=DIRECTION('',(0.,-0.707106781186547,-0.707106781186548));
#2751=DIRECTION('',(0.577350269189627,0.577350269189625,0.577350269189626));
#2752=DIRECTION('',(-1.,0.,0.));
#2753=DIRECTION('',(0.577350269189625,-0.577350269189625,-0.577350269189627));
#2754=DIRECTION('',(0.,-1.,0.));
#2755=DIRECTION('',(0.,0.,-1.));
#2756=DIRECTION('',(0.,0.,-1.));
#2757=DIRECTION('',(-1.,0.,0.));
#2758=DIRECTION('',(0.,0.,-1.));
#2759=DIRECTION('',(0.,-1.,0.));
#2760=DIRECTION('',(0.,0.,-1.));
#2761=DIRECTION('',(0.,0.,-1.));
#2762=DIRECTION('',(-1.,0.,0.));
#2763=DIRECTION('',(0.,0.,-1.));
#2764=DIRECTION('',(0.,-1.,0.));
#2765=DIRECTION('',(0.,0.,-1.));
#2766=DIRECTION('',(0.,0.,-1.));
#2767=DIRECTION('',(-1.,0.,0.));
#2768=DIRECTION('',(0.,0.,-1.));
#2769=DIRECTION('',(0.,-0.707106781186548,-0.707106781186547));
#2770=DIRECTION('',(0.,0.707106781186547,-0.707106781186548));
#2771=DIRECTION('',(-0.577350269189628,-0.577350269189624,0.577350269189626));
#2772=DIRECTION('',(-1.,0.,0.));
#2773=DIRECTION('',(-0.577350269189626,0.577350269189625,-0.577350269189626));
#2774=DIRECTION('',(0.,-0.707106781186548,-0.707106781186547));
#2775=DIRECTION('',(0.,0.707106781186547,-0.707106781186548));
#2776=DIRECTION('',(-0.577350269189627,-0.577350269189625,0.577350269189626));
#2777=DIRECTION('',(-1.,0.,0.));
#2778=DIRECTION('',(-0.577350269189625,0.577350269189626,-0.577350269189627));
#2779=DIRECTION('',(0.,-0.707106781186548,-0.707106781186547));
#2780=DIRECTION('',(0.,0.707106781186547,-0.707106781186548));
#2781=DIRECTION('',(-0.577350269189627,-0.577350269189625,0.577350269189626));
#2782=DIRECTION('',(-1.,0.,0.));
#2783=DIRECTION('',(-0.577350269189625,0.577350269189625,-0.577350269189627));
#2784=DIRECTION('',(0.,0.,-1.));
#2785=DIRECTION('',(-1.,0.,0.));
#2786=DIRECTION('',(-1.,0.,0.));
#2787=DIRECTION('',(0.,1.,0.));
#2788=DIRECTION('',(0.,0.,-1.));
#2789=DIRECTION('',(-1.,0.,0.));
#2790=DIRECTION('',(0.,-1.,0.));
#2791=DIRECTION('',(-1.,0.,0.));
#2792=DIRECTION('',(0.,1.,0.));
#2793=DIRECTION('',(0.,0.,-1.));
#2794=DIRECTION('',(-1.,0.,0.));
#2795=DIRECTION('',(0.,-1.,0.));
#2796=DIRECTION('',(-1.,0.,0.));
#2797=DIRECTION('',(0.,1.,0.));
#2798=DIRECTION('',(0.,3.75920134071343E-16,1.));
#2799=DIRECTION('',(0.,-1.,3.75920134071343E-16));
#2800=DIRECTION('',(-1.,0.,0.));
#2801=DIRECTION('',(0.,1.,-3.75920134071343E-16));
#2802=DIRECTION('',(-1.,0.,0.));
#2803=DIRECTION('',(0.,-0.707106781186548,0.707106781186547));
#2804=DIRECTION('',(0.,-0.707106781186547,-0.707106781186548));
#2805=DIRECTION('',(0.577350269189627,0.577350269189625,0.577350269189626));
#2806=DIRECTION('',(-1.,0.,0.));
#2807=DIRECTION('',(0.577350269189626,-0.577350269189625,-0.577350269189626));
#2808=DIRECTION('',(0.,-1.,0.));
#2809=DIRECTION('',(0.,0.,-1.));
#2810=DIRECTION('',(0.,0.,-1.));
#2811=DIRECTION('',(-1.,0.,0.));
#2812=DIRECTION('',(0.,0.,-1.));
#2813=DIRECTION('',(0.,-0.707106781186548,-0.707106781186547));
#2814=DIRECTION('',(0.,0.707106781186547,-0.707106781186548));
#2815=DIRECTION('',(-0.577350269189627,-0.577350269189625,0.577350269189626));
#2816=DIRECTION('',(-1.,0.,0.));
#2817=DIRECTION('',(-0.577350269189626,0.577350269189625,-0.577350269189626));
#2818=DIRECTION('',(0.,0.,-1.));
#2819=DIRECTION('',(-1.,0.,0.));
#2820=DIRECTION('',(0.,-1.,0.));
#2821=DIRECTION('',(-1.,0.,0.));
#2822=DIRECTION('',(0.,-1.,-5.79808431941347E-16));
#2823=DIRECTION('',(0.,5.79808431941347E-16,-1.));
#2824=DIRECTION('',(0.,0.,-1.));
#2825=DIRECTION('',(0.,0.,-1.));
#2826=DIRECTION('',(0.,0.,-1.));
#2827=DIRECTION('',(0.,0.,-1.));
#2828=DIRECTION('',(0.,0.,-1.));
#2829=DIRECTION('',(0.,0.,-1.));
#2830=DIRECTION('',(0.707106781186545,-0.70710678118655,0.));
#2831=DIRECTION('',(0.70710678118655,0.707106781186545,0.));
#2832=DIRECTION('',(-0.707106781186547,-0.707106781186549,0.));
#2833=DIRECTION('',(0.707106781186549,-0.707106781186547,0.));
#2834=DIRECTION('',(1.,0.,0.));
#2835=DIRECTION('',(0.,0.,-1.));
#2836=DIRECTION('',(0.,0.,-1.));
#2837=DIRECTION('',(-1.,0.,0.));
#2838=DIRECTION('',(0.,0.,1.));
#2839=DIRECTION('',(0.,0.,-1.));
#2840=DIRECTION('',(0.707106781186546,-0.707106781186549,0.));
#2841=DIRECTION('',(0.707106781186549,0.707106781186546,0.));
#2842=DIRECTION('',(-0.707106781186548,-0.707106781186547,0.));
#2843=DIRECTION('',(0.707106781186547,-0.707106781186548,0.));
#2844=DIRECTION('',(1.,0.,0.));
#2845=DIRECTION('',(0.,0.,-1.));
#2846=DIRECTION('',(0.,0.,-1.));
#2847=DIRECTION('',(-1.,0.,0.));
#2848=DIRECTION('',(0.,0.,1.));
#2849=DIRECTION('',(0.,0.,-1.));
#2850=DIRECTION('',(0.707106781186546,-0.707106781186549,0.));
#2851=DIRECTION('',(0.707106781186549,0.707106781186546,0.));
#2852=DIRECTION('',(-0.707106781186548,-0.707106781186547,0.));
#2853=DIRECTION('',(0.707106781186547,-0.707106781186548,0.));
#2854=DIRECTION('',(-0.707106781186547,-0.707106781186549,0.));
#2855=DIRECTION('',(0.707106781186549,-0.707106781186547,0.));
#2856=DIRECTION('',(0.,0.,-1.));
#2857=DIRECTION('',(0.707106781186546,-0.707106781186549,0.));
#2858=DIRECTION('',(0.707106781186549,0.707106781186546,0.));
#2859=DIRECTION('',(0.,0.,-1.));
#2860=DIRECTION('',(-1.,0.,0.));
#2861=DIRECTION('',(0.,0.,1.));
#2862=DIRECTION('',(1.,0.,0.));
#2863=DIRECTION('',(0.,0.,-1.));
#2864=DIRECTION('',(0.,-1.,0.));
#2865=DIRECTION('',(0.,0.,-1.));
#2866=DIRECTION('',(0.,0.,-1.));
#2867=DIRECTION('',(-1.,0.,0.));
#2868=CARTESIAN_POINT('',(0.,0.,0.));
#2869=CARTESIAN_POINT('',(-0.1,0.05,0.048));
#2870=CARTESIAN_POINT('',(0.1,0.05,0.048));
#2871=CARTESIAN_POINT('',(0.1,-0.02,0.048));
#2872=CARTESIAN_POINT('',(0.1,-0.05,0.048));
#2873=CARTESIAN_POINT('',(0.1,-0.02,0.048));
#2874=CARTESIAN_POINT('',(-0.1,-0.02,0.048));
#2875=CARTESIAN_POINT('',(-0.1,0.05,0.048));
#2876=CARTESIAN_POINT('',(-0.1,-0.05,0.048));
#2877=CARTESIAN_POINT('',(-0.1,-0.05,0.048));
#2878=CARTESIAN_POINT('',(0.1,0.05,-0.048));
#2879=CARTESIAN_POINT('',(0.1,0.05,-0.048));
#2880=CARTESIAN_POINT('',(0.1,0.05,-0.048));
#2881=CARTESIAN_POINT('',(0.1,0.03,-0.048));
#2882=CARTESIAN_POINT('',(0.1,0.03,-0.048));
#2883=CARTESIAN_POINT('',(-0.1,0.03,-0.048));
#2884=CARTESIAN_POINT('',(-0.1,0.05,-0.048));
#2885=CARTESIAN_POINT('',(-0.1,0.05,-0.048));
#2886=CARTESIAN_POINT('',(0.1,0.05,-0.048));
#2887=CARTESIAN_POINT('',(0.,-0.05,0.));
#2888=CARTESIAN_POINT('',(0.1,-0.05,0.048));
#2889=CARTESIAN_POINT('',(0.1,-0.05,-0.028));
#2890=CARTESIAN_POINT('',(0.1,-0.05,-0.048));
#2891=CARTESIAN_POINT('',(0.1,-0.05,-0.028));
#2892=CARTESIAN_POINT('',(-0.1,-0.05,-0.028));
#2893=CARTESIAN_POINT('',(-0.1,-0.05,-0.048));
#2894=CARTESIAN_POINT('',(-0.1,-0.05,-0.048));
#2895=CARTESIAN_POINT('',(0.1,-0.05,-0.048));
#2896=CARTESIAN_POINT('',(-0.1,0.05,-0.048));
#2897=CARTESIAN_POINT('',(-0.1,0.03,-0.035));
#2898=CARTESIAN_POINT('',(-0.1,0.03,-0.035));
#2899=CARTESIAN_POINT('',(-0.1,-0.02,-0.035));
#2900=CARTESIAN_POINT('',(-0.1,-0.02,-0.035));
#2901=CARTESIAN_POINT('',(-0.1,-0.02,-0.048));
#2902=CARTESIAN_POINT('',(-0.1,-0.02,-0.048));
#2903=CARTESIAN_POINT('',(-0.1,0.05,-0.048));
#2904=CARTESIAN_POINT('',(-0.1,-0.04,-0.028));
#2905=CARTESIAN_POINT('',(-0.1,-0.04,-0.028));
#2906=CARTESIAN_POINT('',(-0.1,-0.04,0.028000000000001));
#2907=CARTESIAN_POINT('',(-0.1,-0.04,0.028000000000001));
#2908=CARTESIAN_POINT('',(-0.1,-0.05,0.028000000000001));
#2909=CARTESIAN_POINT('',(-0.1,-0.05,0.028000000000001));
#2910=CARTESIAN_POINT('',(-0.1,-0.05,-0.048));
#2911=CARTESIAN_POINT('',(-0.1,-0.02,0.035));
#2912=CARTESIAN_POINT('',(-0.1,-0.02,0.035));
#2913=CARTESIAN_POINT('',(-0.1,0.03,0.035));
#2914=CARTESIAN_POINT('',(-0.1,0.03,0.035));
#2915=CARTESIAN_POINT('',(-0.1,0.03,0.048));
#2916=CARTESIAN_POINT('',(-0.1,0.03,0.048));
#2917=CARTESIAN_POINT('',(-0.1,0.05,0.048));
#2918=CARTESIAN_POINT('',(-0.1,0.05,0.048));
#2919=CARTESIAN_POINT('',(-0.1,0.05,-0.048));
#2920=CARTESIAN_POINT('',(-0.1,0.05,0.048));
#2921=CARTESIAN_POINT('',(0.1,0.03,0.048));
#2922=CARTESIAN_POINT('',(0.1,0.03,0.048));
#2923=CARTESIAN_POINT('',(0.1,0.05,0.048));
#2924=CARTESIAN_POINT('',(0.1,0.05,0.048));
#2925=CARTESIAN_POINT('',(-0.1,0.05,0.048));
#2926=CARTESIAN_POINT('',(0.1,0.05,0.048));
#2927=CARTESIAN_POINT('',(0.1,-0.02,-0.035));
#2928=CARTESIAN_POINT('',(0.1,-0.02,-0.035));
#2929=CARTESIAN_POINT('',(0.1,0.03,-0.035));
#2930=CARTESIAN_POINT('',(0.1,0.03,-0.035));
#2931=CARTESIAN_POINT('',(0.1,0.05,0.048));
#2932=CARTESIAN_POINT('',(0.1,0.03,0.048));
#2933=CARTESIAN_POINT('',(0.1,0.03,0.035));
#2934=CARTESIAN_POINT('',(0.1,0.03,0.035));
#2935=CARTESIAN_POINT('',(0.1,-0.02,0.035));
#2936=CARTESIAN_POINT('',(0.1,-0.02,0.035));
#2937=CARTESIAN_POINT('',(0.1,-0.05,0.048));
#2938=CARTESIAN_POINT('',(0.1,-0.05,0.028000000000001));
#2939=CARTESIAN_POINT('',(0.1,-0.05,0.028000000000001));
#2940=CARTESIAN_POINT('',(0.1,-0.04,0.028000000000001));
#2941=CARTESIAN_POINT('',(0.1,-0.04,0.028000000000001));
#2942=CARTESIAN_POINT('',(0.1,-0.04,-0.028));
#2943=CARTESIAN_POINT('',(0.1,-0.04,-0.028));
#2944=CARTESIAN_POINT('',(0.1,0.05,-0.048));
#2945=CARTESIAN_POINT('',(0.1,-0.02,-0.048));
#2946=CARTESIAN_POINT('',(0.1,-0.02,-0.048));
#2947=CARTESIAN_POINT('',(0.066,0.05,-0.009));
#2948=CARTESIAN_POINT('',(0.066,-0.04,-0.009));
#2949=CARTESIAN_POINT('',(0.066,-0.04,-0.009));
#2950=CARTESIAN_POINT('',(0.066,-0.04,0.007));
#2951=CARTESIAN_POINT('',(0.066,0.05,-0.009));
#2952=CARTESIAN_POINT('',(0.066,0.05,-0.009));
#2953=CARTESIAN_POINT('',(0.066,0.05,-0.009));
#2954=CARTESIAN_POINT('',(0.066,0.05,0.007));
#2955=CARTESIAN_POINT('',(0.066,0.05,0.007));
#2956=CARTESIAN_POINT('',(0.082,0.05,-0.009));
#2957=CARTESIAN_POINT('',(0.082,-0.04,-0.009));
#2958=CARTESIAN_POINT('',(0.082,-0.04,-0.009));
#2959=CARTESIAN_POINT('',(0.082,0.05,-0.009));
#2960=CARTESIAN_POINT('',(0.082,0.05,-0.009));
#2961=CARTESIAN_POINT('',(0.082,0.05,-0.009));
#2962=CARTESIAN_POINT('',(0.082,0.05,0.007));
#2963=CARTESIAN_POINT('',(0.082,-0.04,0.007));
#2964=CARTESIAN_POINT('',(0.082,-0.04,0.007));
#2965=CARTESIAN_POINT('',(0.082,0.05,0.007));
#2966=CARTESIAN_POINT('',(0.082,0.05,0.007));
#2967=CARTESIAN_POINT('',(0.082,0.05,0.007));
#2968=CARTESIAN_POINT('',(0.016,0.05,-0.009));
#2969=CARTESIAN_POINT('',(0.016,-0.04,-0.009));
#2970=CARTESIAN_POINT('',(0.016,-0.04,-0.009));
#2971=CARTESIAN_POINT('',(0.016,-0.04,0.007));
#2972=CARTESIAN_POINT('',(0.016,0.05,-0.009));
#2973=CARTESIAN_POINT('',(0.016,0.05,-0.009));
#2974=CARTESIAN_POINT('',(0.016,0.05,-0.009));
#2975=CARTESIAN_POINT('',(0.016,0.05,0.007));
#2976=CARTESIAN_POINT('',(0.016,0.05,0.007));
#2977=CARTESIAN_POINT('',(0.032,0.05,-0.009));
#2978=CARTESIAN_POINT('',(0.032,-0.04,-0.009));
#2979=CARTESIAN_POINT('',(0.032,-0.04,-0.009));
#2980=CARTESIAN_POINT('',(0.032,0.05,-0.009));
#2981=CARTESIAN_POINT('',(0.032,0.05,-0.009));
#2982=CARTESIAN_POINT('',(0.032,0.05,-0.009));
#2983=CARTESIAN_POINT('',(0.032,0.05,0.007));
#2984=CARTESIAN_POINT('',(0.032,-0.04,0.007));
#2985=CARTESIAN_POINT('',(0.032,-0.04,0.007));
#2986=CARTESIAN_POINT('',(0.032,0.05,0.007));
#2987=CARTESIAN_POINT('',(0.032,0.05,0.007));
#2988=CARTESIAN_POINT('',(0.032,0.05,0.007));
#2989=CARTESIAN_POINT('',(-0.034,0.05,-0.009));
#2990=CARTESIAN_POINT('',(-0.034,-0.04,-0.009));
#2991=CARTESIAN_POINT('',(-0.034,-0.04,-0.009));
#2992=CARTESIAN_POINT('',(-0.034,-0.04,0.007));
#2993=CARTESIAN_POINT('',(-0.034,0.05,-0.009));
#2994=CARTESIAN_POINT('',(-0.034,0.05,-0.009));
#2995=CARTESIAN_POINT('',(-0.034,0.05,-0.009));
#2996=CARTESIAN_POINT('',(-0.034,0.05,0.007));
#2997=CARTESIAN_POINT('',(-0.034,0.05,0.007));
#2998=CARTESIAN_POINT('',(-0.018,0.05,-0.009));
#2999=CARTESIAN_POINT('',(-0.018,-0.04,-0.009));
#3000=CARTESIAN_POINT('',(-0.018,-0.04,-0.009));
#3001=CARTESIAN_POINT('',(-0.018,0.05,-0.009));
#3002=CARTESIAN_POINT('',(-0.018,0.05,-0.009));
#3003=CARTESIAN_POINT('',(-0.018,0.05,-0.009));
#3004=CARTESIAN_POINT('',(-0.018,0.05,0.007));
#3005=CARTESIAN_POINT('',(-0.018,-0.04,0.007));
#3006=CARTESIAN_POINT('',(-0.018,-0.04,0.007));
#3007=CARTESIAN_POINT('',(-0.018,0.05,0.007));
#3008=CARTESIAN_POINT('',(-0.018,0.05,0.007));
#3009=CARTESIAN_POINT('',(-0.018,0.05,0.007));
#3010=CARTESIAN_POINT('',(-0.084,0.05,-0.009));
#3011=CARTESIAN_POINT('',(-0.084,-0.04,-0.009));
#3012=CARTESIAN_POINT('',(-0.084,-0.04,-0.009));
#3013=CARTESIAN_POINT('',(-0.084,-0.04,0.007));
#3014=CARTESIAN_POINT('',(-0.084,0.05,-0.009));
#3015=CARTESIAN_POINT('',(-0.084,0.05,-0.009));
#3016=CARTESIAN_POINT('',(-0.084,0.05,-0.009));
#3017=CARTESIAN_POINT('',(-0.084,0.05,0.007));
#3018=CARTESIAN_POINT('',(-0.084,0.05,0.007));
#3019=CARTESIAN_POINT('',(-0.068,0.05,-0.009));
#3020=CARTESIAN_POINT('',(-0.068,-0.04,-0.009));
#3021=CARTESIAN_POINT('',(-0.068,-0.04,-0.009));
#3022=CARTESIAN_POINT('',(-0.068,0.05,-0.009));
#3023=CARTESIAN_POINT('',(-0.068,0.05,-0.009));
#3024=CARTESIAN_POINT('',(-0.068,0.05,-0.009));
#3025=CARTESIAN_POINT('',(-0.068,0.05,0.007));
#3026=CARTESIAN_POINT('',(-0.068,-0.04,0.007));
#3027=CARTESIAN_POINT('',(-0.068,-0.04,0.007));
#3028=CARTESIAN_POINT('',(-0.068,0.05,0.007));
#3029=CARTESIAN_POINT('',(-0.068,0.05,0.007));
#3030=CARTESIAN_POINT('',(-0.068,0.05,0.007));
#3031=CARTESIAN_POINT('',(0.066,0.05,0.007));
#3032=CARTESIAN_POINT('',(0.066,-0.04,0.007));
#3033=CARTESIAN_POINT('',(0.066,0.05,0.007));
#3034=CARTESIAN_POINT('',(0.016,0.05,0.007));
#3035=CARTESIAN_POINT('',(0.016,-0.04,0.007));
#3036=CARTESIAN_POINT('',(0.016,0.05,0.007));
#3037=CARTESIAN_POINT('',(-0.034,0.05,0.007));
#3038=CARTESIAN_POINT('',(-0.034,-0.04,0.007));
#3039=CARTESIAN_POINT('',(-0.034,0.05,0.007));
#3040=CARTESIAN_POINT('',(-0.084,0.05,0.007));
#3041=CARTESIAN_POINT('',(-0.084,-0.04,0.007));
#3042=CARTESIAN_POINT('',(-0.084,0.05,0.007));
#3043=CARTESIAN_POINT('',(0.1,0.05,-0.048));
#3044=CARTESIAN_POINT('',(0.1,-0.02,-0.048));
#3045=CARTESIAN_POINT('',(0.,0.05,0.));
#3046=CARTESIAN_POINT('',(0.,-0.05,0.));
#3047=CARTESIAN_POINT('',(0.1,-0.05,0.028000000000001));
#3048=CARTESIAN_POINT('',(0.1,-0.04,-0.028));
#3049=CARTESIAN_POINT('',(0.1,-0.04,-0.028));
#3050=CARTESIAN_POINT('',(0.1,-0.05,0.028000000000001));
#3051=CARTESIAN_POINT('',(0.1,-0.04,0.028000000000001));
#3052=CARTESIAN_POINT('',(0.1,-0.04,0.028000000000001));
#3053=CARTESIAN_POINT('',(0.1,0.03,-0.035));
#3054=CARTESIAN_POINT('',(0.1,0.03,-0.035));
#3055=CARTESIAN_POINT('',(0.1,-0.02,-0.048));
#3056=CARTESIAN_POINT('',(0.1,-0.02,-0.035));
#3057=CARTESIAN_POINT('',(0.1,-0.02,-0.035));
#3058=CARTESIAN_POINT('',(0.1,-0.02,0.035));
#3059=CARTESIAN_POINT('',(0.1,-0.02,0.035));
#3060=CARTESIAN_POINT('',(0.1,0.03,0.035));
#3061=CARTESIAN_POINT('',(0.1,0.03,0.035));
#3062=CARTESIAN_POINT('',(0.1,0.03,0.048));
#3063=CARTESIAN_POINT('',(0.,0.,0.));
#3064=CARTESIAN_POINT('',(0.084,-0.01,-0.023723871730558));
#3065=CARTESIAN_POINT('',(0.084,0.,-0.023723871730558));
#3066=CARTESIAN_POINT('',(0.084,0.,-0.023723871730558));
#3067=CARTESIAN_POINT('',(-0.084,0.,-0.023723871730558));
#3068=CARTESIAN_POINT('',(0.084,-0.01,-0.023723871730558));
#3069=CARTESIAN_POINT('',(0.084,-0.01,-0.023723871730558));
#3070=CARTESIAN_POINT('',(0.084,-0.01,-0.023723871730558));
#3071=CARTESIAN_POINT('',(-0.084,-0.01,-0.023723871730558));
#3072=CARTESIAN_POINT('',(-0.084,-0.01,-0.023723871730558));
#3073=CARTESIAN_POINT('',(0.084,0.01,0.023723871730558));
#3074=CARTESIAN_POINT('',(0.084,0.,0.023723871730558));
#3075=CARTESIAN_POINT('',(-0.084,0.,0.023723871730558));
#3076=CARTESIAN_POINT('',(0.084,0.,0.023723871730558));
#3077=CARTESIAN_POINT('',(-0.084,0.01,0.023723871730558));
#3078=CARTESIAN_POINT('',(-0.084,-0.01,0.023723871730558));
#3079=CARTESIAN_POINT('',(0.084,-0.01,0.023723871730558));
#3080=CARTESIAN_POINT('',(0.084,-0.01,0.023723871730558));
#3081=CARTESIAN_POINT('',(0.084,0.01,0.023723871730558));
#3082=CARTESIAN_POINT('',(0.084,-0.0620000000000025,0.0289999999999991));
#3083=CARTESIAN_POINT('',(0.084,0.,0.0289999999999991));
#3084=CARTESIAN_POINT('',(0.084,-0.01,0.023723871730558));
#3085=CARTESIAN_POINT('',(0.084,-0.01,0.0089999999999992));
#3086=CARTESIAN_POINT('',(0.084,-0.01,0.0089999999999992));
#3087=CARTESIAN_POINT('',(0.084,-0.0620000000000007,0.0089999999999993));
#3088=CARTESIAN_POINT('',(0.084,-0.0620000000000007,0.0289999999999986));
#3089=CARTESIAN_POINT('',(0.084,-0.082,0.0289999999999986));
#3090=CARTESIAN_POINT('',(0.084,-0.082,0.0289999999999986));
#3091=CARTESIAN_POINT('',(0.084,-0.082,0.097999999999999));
#3092=CARTESIAN_POINT('',(0.084,-0.082,0.097999999999999));
#3093=CARTESIAN_POINT('',(0.084,-0.1,0.097999999999999));
#3094=CARTESIAN_POINT('',(0.084,-0.1,0.097999999999999));
#3095=CARTESIAN_POINT('',(0.084,-0.1,0.0289999999999991));
#3096=CARTESIAN_POINT('',(0.084,-0.0620000000000025,0.0289999999999991));
#3097=CARTESIAN_POINT('',(0.084000000000002,-0.062,-0.0089999999999993));
#3098=CARTESIAN_POINT('',(0.084,-0.0620000000000002,-0.009000000000001));
#3099=CARTESIAN_POINT('',(0.084,-0.01,-0.009000000000001));
#3100=CARTESIAN_POINT('',(0.084,-0.01,-0.009000000000001));
#3101=CARTESIAN_POINT('',(-0.084,-0.0620000000000025,0.0289999999999991));
#3102=CARTESIAN_POINT('',(-0.084,0.,0.0289999999999991));
#3103=CARTESIAN_POINT('',(-0.084,-0.01,-0.009000000000001));
#3104=CARTESIAN_POINT('',(-0.084,-0.01,-0.009000000000001));
#3105=CARTESIAN_POINT('',(-0.084,-0.0620000000000002,-0.009000000000001));
#3106=CARTESIAN_POINT('',(-0.084,-0.0620000000000002,-0.009000000000001));
#3107=CARTESIAN_POINT('',(-0.084,-0.0620000000000002,-0.0290000000000008));
#3108=CARTESIAN_POINT('',(-0.084,-0.082,-0.0290000000000008));
#3109=CARTESIAN_POINT('',(-0.084,-0.082,-0.098));
#3110=CARTESIAN_POINT('',(-0.084,-0.082,-0.098));
#3111=CARTESIAN_POINT('',(-0.084,-0.1,-0.098));
#3112=CARTESIAN_POINT('',(-0.084,-0.1,-0.098));
#3113=CARTESIAN_POINT('',(-0.084,-0.1,-0.0290000000000029));
#3114=CARTESIAN_POINT('',(-0.084,-0.1,-0.0290000000000029));
#3115=CARTESIAN_POINT('',(-0.084,-0.0619999999999943,-0.0290000000000029));
#3116=CARTESIAN_POINT('',(-0.084,-0.062,0.00900000000000102));
#3117=CARTESIAN_POINT('',(-0.084,-0.01,0.0089999999999992));
#3118=CARTESIAN_POINT('',(-0.084,-0.01,0.0089999999999992));
#3119=CARTESIAN_POINT('',(-0.084,-0.01,0.023723871730558));
#3120=CARTESIAN_POINT('',(0.084,-0.082,0.097999999999999));
#3121=CARTESIAN_POINT('',(0.084,-0.082,0.097999999999999));
#3122=CARTESIAN_POINT('',(0.066,-0.082,0.097999999999999));
#3123=CARTESIAN_POINT('',(0.066,-0.082,0.097999999999999));
#3124=CARTESIAN_POINT('',(0.066,-0.1,0.097999999999999));
#3125=CARTESIAN_POINT('',(0.084,-0.1,0.097999999999999));
#3126=CARTESIAN_POINT('',(0.084,-0.082,0.097999999999999));
#3127=CARTESIAN_POINT('',(0.084,-0.1,0.097999999999999));
#3128=CARTESIAN_POINT('',(-0.016,-0.1,0.097999999999999));
#3129=CARTESIAN_POINT('',(-0.034,-0.1,0.097999999999999));
#3130=CARTESIAN_POINT('',(-0.016,-0.082,0.097999999999999));
#3131=CARTESIAN_POINT('',(-0.016,-0.082,0.097999999999999));
#3132=CARTESIAN_POINT('',(0.084,-0.082,0.097999999999999));
#3133=CARTESIAN_POINT('',(-0.034,-0.082,0.097999999999999));
#3134=CARTESIAN_POINT('',(-0.034,-0.082,0.097999999999999));
#3135=CARTESIAN_POINT('',(0.084,-0.1,0.097999999999999));
#3136=CARTESIAN_POINT('',(0.066,-0.1,0.2));
#3137=CARTESIAN_POINT('',(0.066,-0.1,0.0289999999999991));
#3138=CARTESIAN_POINT('',(0.084,-0.1,0.0289999999999991));
#3139=CARTESIAN_POINT('',(0.084,-0.1,0.097999999999999));
#3140=CARTESIAN_POINT('',(0.084,-0.1,0.0289999999999991));
#3141=CARTESIAN_POINT('',(-0.016,-0.1,0.0289999999999991));
#3142=CARTESIAN_POINT('',(-0.034,-0.1,0.0289999999999991));
#3143=CARTESIAN_POINT('',(-0.016,-0.1,0.2));
#3144=CARTESIAN_POINT('',(-0.034,-0.1,0.2));
#3145=CARTESIAN_POINT('',(0.084,-0.0620000000000025,0.0289999999999991));
#3146=CARTESIAN_POINT('',(0.066,-0.0620000000000025,0.0289999999999991));
#3147=CARTESIAN_POINT('',(0.066000000000001,-0.062,-0.00899999999999931));
#3148=CARTESIAN_POINT('',(0.084,-0.0620000000000002,-0.009000000000001));
#3149=CARTESIAN_POINT('',(0.084,-0.0620000000000025,0.0289999999999991));
#3150=CARTESIAN_POINT('',(-0.034,-0.0620000000000025,0.0289999999999991));
#3151=CARTESIAN_POINT('',(-0.034,-0.062,-0.00899999999999929));
#3152=CARTESIAN_POINT('',(0.084,-0.0620000000000002,-0.009000000000001));
#3153=CARTESIAN_POINT('',(-0.016,-0.0620000000000002,-0.009000000000001));
#3154=CARTESIAN_POINT('',(-0.016,-0.0620000000000025,0.0289999999999991));
#3155=CARTESIAN_POINT('',(0.084,-0.0619999999999943,-0.0290000000000029));
#3156=CARTESIAN_POINT('',(0.084,-0.1,-0.0290000000000029));
#3157=CARTESIAN_POINT('',(0.034,-0.1,-0.0290000000000029));
#3158=CARTESIAN_POINT('',(0.016,-0.1,-0.0290000000000029));
#3159=CARTESIAN_POINT('',(0.034,-0.0619999999999943,-0.0290000000000029));
#3160=CARTESIAN_POINT('',(0.033999999999998,-0.062,0.00900000000000103));
#3161=CARTESIAN_POINT('',(0.084,-0.0620000000000007,0.0089999999999993));
#3162=CARTESIAN_POINT('',(0.015999999999998,-0.062,0.00900000000000102));
#3163=CARTESIAN_POINT('',(0.016,-0.0619999999999943,-0.0290000000000029));
#3164=CARTESIAN_POINT('',(0.084,-0.1,-0.0290000000000029));
#3165=CARTESIAN_POINT('',(0.084,-0.1,-0.098));
#3166=CARTESIAN_POINT('',(0.034,-0.1,-0.098));
#3167=CARTESIAN_POINT('',(0.016,-0.1,-0.098));
#3168=CARTESIAN_POINT('',(0.034,-0.1,0.2));
#3169=CARTESIAN_POINT('',(0.016,-0.1,0.2));
#3170=CARTESIAN_POINT('',(0.084,-0.1,-0.098));
#3171=CARTESIAN_POINT('',(0.084,-0.082,-0.098));
#3172=CARTESIAN_POINT('',(0.034,-0.082,-0.098));
#3173=CARTESIAN_POINT('',(0.016,-0.082,-0.098));
#3174=CARTESIAN_POINT('',(0.034,-0.1,-0.098));
#3175=CARTESIAN_POINT('',(0.016,-0.1,-0.098));
#3176=CARTESIAN_POINT('',(0.084,-0.082,-0.098));
#3177=CARTESIAN_POINT('',(0.084,-0.082,-0.0290000000000008));
#3178=CARTESIAN_POINT('',(0.034,-0.082,-0.0290000000000008));
#3179=CARTESIAN_POINT('',(0.016,-0.082,-0.0290000000000008));
#3180=CARTESIAN_POINT('',(0.034,-0.082,-0.098));
#3181=CARTESIAN_POINT('',(0.016,-0.082,-0.098));
#3182=CARTESIAN_POINT('',(0.084,-0.0620000000000002,-0.0290000000000008));
#3183=CARTESIAN_POINT('',(0.034,-0.0620000000000002,-0.0290000000000008));
#3184=CARTESIAN_POINT('',(0.034,-0.0620000000000002,-0.009000000000001));
#3185=CARTESIAN_POINT('',(0.016,-0.0620000000000002,-0.0290000000000008));
#3186=CARTESIAN_POINT('',(0.016,-0.0620000000000002,-0.009000000000001));
#3187=CARTESIAN_POINT('',(0.084,-0.0620000000000002,-0.009000000000001));
#3188=CARTESIAN_POINT('',(0.084,-0.0620000000000002,-0.009000000000001));
#3189=CARTESIAN_POINT('',(0.066,-0.0620000000000002,-0.009000000000001));
#3190=CARTESIAN_POINT('',(0.066,-0.01,-0.00900000000000102));
#3191=CARTESIAN_POINT('',(0.084,-0.01,-0.009000000000001));
#3192=CARTESIAN_POINT('',(0.084,-0.0620000000000002,-0.009000000000001));
#3193=CARTESIAN_POINT('',(0.084,-0.01,-0.009000000000001));
#3194=CARTESIAN_POINT('',(0.034,-0.01,-0.00900000000000102));
#3195=CARTESIAN_POINT('',(0.016,-0.01,-0.00900000000000102));
#3196=CARTESIAN_POINT('',(0.034,-0.0620000000000002,-0.009000000000001));
#3197=CARTESIAN_POINT('',(0.016,-0.0620000000000002,-0.009000000000001));
#3198=CARTESIAN_POINT('',(0.084,-0.0620000000000002,-0.009000000000001));
#3199=CARTESIAN_POINT('',(0.084,-0.01,-0.009000000000001));
#3200=CARTESIAN_POINT('',(-0.016,-0.01,-0.00900000000000102));
#3201=CARTESIAN_POINT('',(-0.034,-0.01,-0.00900000000000102));
#3202=CARTESIAN_POINT('',(-0.016,-0.0620000000000002,-0.009000000000001));
#3203=CARTESIAN_POINT('',(-0.034,-0.0620000000000002,-0.009000000000001));
#3204=CARTESIAN_POINT('',(0.084,-0.01,0.0089999999999992));
#3205=CARTESIAN_POINT('',(0.084,-0.01,0.0089999999999992));
#3206=CARTESIAN_POINT('',(0.066,-0.01,0.00899999999999921));
#3207=CARTESIAN_POINT('',(0.066,-0.01,0.0089999999999992));
#3208=CARTESIAN_POINT('',(0.066,-0.0620000000000007,0.0089999999999993));
#3209=CARTESIAN_POINT('',(0.084,-0.0620000000000007,0.0089999999999993));
#3210=CARTESIAN_POINT('',(0.084,-0.01,0.0089999999999992));
#3211=CARTESIAN_POINT('',(0.034,-0.01,0.0089999999999992));
#3212=CARTESIAN_POINT('',(0.034,-0.01,0.00899999999999924));
#3213=CARTESIAN_POINT('',(0.084,-0.01,0.0089999999999992));
#3214=CARTESIAN_POINT('',(0.016,-0.01,0.00899999999999921));
#3215=CARTESIAN_POINT('',(0.016,-0.01,0.0089999999999992));
#3216=CARTESIAN_POINT('',(0.084,-0.01,0.0089999999999992));
#3217=CARTESIAN_POINT('',(0.084,-0.0620000000000007,0.0089999999999993));
#3218=CARTESIAN_POINT('',(-0.016,-0.0620000000000007,0.0089999999999993));
#3219=CARTESIAN_POINT('',(-0.034,-0.0620000000000007,0.0089999999999993));
#3220=CARTESIAN_POINT('',(-0.016,-0.01,0.0089999999999992));
#3221=CARTESIAN_POINT('',(-0.016,-0.01,0.00899999999999924));
#3222=CARTESIAN_POINT('',(0.084,-0.01,0.0089999999999992));
#3223=CARTESIAN_POINT('',(-0.034,-0.01,0.00899999999999921));
#3224=CARTESIAN_POINT('',(-0.034,-0.01,0.0089999999999992));
#3225=CARTESIAN_POINT('',(0.084,-0.0620000000000007,0.0289999999999986));
#3226=CARTESIAN_POINT('',(0.066,-0.0620000000000007,0.0289999999999986));
#3227=CARTESIAN_POINT('',(0.066,-0.082,0.0289999999999986));
#3228=CARTESIAN_POINT('',(0.084,-0.082,0.0289999999999986));
#3229=CARTESIAN_POINT('',(0.084,-0.0620000000000007,0.0289999999999986));
#3230=CARTESIAN_POINT('',(-0.016,-0.0620000000000007,0.0289999999999986));
#3231=CARTESIAN_POINT('',(-0.016,-0.082,0.0289999999999986));
#3232=CARTESIAN_POINT('',(-0.034,-0.0620000000000007,0.0289999999999986));
#3233=CARTESIAN_POINT('',(-0.034,-0.082,0.0289999999999986));
#3234=CARTESIAN_POINT('',(0.084,-0.082,0.0289999999999986));
#3235=CARTESIAN_POINT('',(0.084,-0.082,0.0289999999999986));
#3236=CARTESIAN_POINT('',(0.066,-0.082,0.0289999999999986));
#3237=CARTESIAN_POINT('',(0.084,-0.082,0.0289999999999986));
#3238=CARTESIAN_POINT('',(-0.016,-0.082,0.0289999999999986));
#3239=CARTESIAN_POINT('',(-0.034,-0.082,0.0289999999999986));
#3240=CARTESIAN_POINT('',(0.084,-0.0619999999999943,-0.0290000000000029));
#3241=CARTESIAN_POINT('',(0.084,-0.1,-0.0290000000000029));
#3242=CARTESIAN_POINT('',(-0.066,-0.1,-0.0290000000000029));
#3243=CARTESIAN_POINT('',(-0.066,-0.0619999999999943,-0.0290000000000029));
#3244=CARTESIAN_POINT('',(-0.066,-0.062,0.00900000000000103));
#3245=CARTESIAN_POINT('',(0.084,-0.0620000000000007,0.0089999999999993));
#3246=CARTESIAN_POINT('',(0.084,-0.1,-0.0290000000000029));
#3247=CARTESIAN_POINT('',(0.084,-0.1,-0.098));
#3248=CARTESIAN_POINT('',(-0.066,-0.1,-0.098));
#3249=CARTESIAN_POINT('',(-0.066,-0.1,0.2));
#3250=CARTESIAN_POINT('',(0.084,-0.1,-0.098));
#3251=CARTESIAN_POINT('',(0.084,-0.082,-0.098));
#3252=CARTESIAN_POINT('',(-0.066,-0.082,-0.098));
#3253=CARTESIAN_POINT('',(-0.066,-0.1,-0.098));
#3254=CARTESIAN_POINT('',(0.084,-0.082,-0.098));
#3255=CARTESIAN_POINT('',(0.084,-0.082,-0.0290000000000008));
#3256=CARTESIAN_POINT('',(-0.066,-0.082,-0.0290000000000008));
#3257=CARTESIAN_POINT('',(-0.066,-0.082,-0.098));
#3258=CARTESIAN_POINT('',(0.084,-0.0620000000000002,-0.0290000000000008));
#3259=CARTESIAN_POINT('',(-0.066,-0.0620000000000002,-0.0290000000000008));
#3260=CARTESIAN_POINT('',(-0.066,-0.0620000000000002,-0.009000000000001));
#3261=CARTESIAN_POINT('',(0.084,-0.0620000000000002,-0.009000000000001));
#3262=CARTESIAN_POINT('',(0.084,-0.0620000000000002,-0.009000000000001));
#3263=CARTESIAN_POINT('',(0.084,-0.01,-0.009000000000001));
#3264=CARTESIAN_POINT('',(-0.066,-0.01,-0.00900000000000102));
#3265=CARTESIAN_POINT('',(-0.066,-0.0620000000000002,-0.009000000000001));
#3266=CARTESIAN_POINT('',(0.084,-0.01,0.023723871730558));
#3267=CARTESIAN_POINT('',(0.034,-0.01,0.2));
#3268=CARTESIAN_POINT('',(0.016,-0.01,0.2));
#3269=CARTESIAN_POINT('',(-0.016,-0.01,0.2));
#3270=CARTESIAN_POINT('',(-0.034,-0.01,0.2));
#3271=CARTESIAN_POINT('',(0.084,-0.01,0.0089999999999992));
#3272=CARTESIAN_POINT('',(-0.066,-0.01,0.00899999999999924));
#3273=CARTESIAN_POINT('',(-0.066,-0.01,0.2));
#3274=CARTESIAN_POINT('',(0.066,-0.01,0.2));
#3275=CARTESIAN_POINT('',(0.084,-0.01,0.0089999999999992));
#3276=CARTESIAN_POINT('',(-0.066,-0.01,0.0089999999999992));
#3277=CARTESIAN_POINT('',(-0.066,-0.1,0.2));
#3278=CARTESIAN_POINT('',(-0.034,-0.01,0.2));
#3279=CARTESIAN_POINT('',(-0.016,-0.1,0.2));
#3280=CARTESIAN_POINT('',(0.016,-0.01,0.2));
#3281=CARTESIAN_POINT('',(0.034,-0.1,0.2));
#3282=CARTESIAN_POINT('',(0.066,-0.01,0.2));
#3283=CARTESIAN_POINT('',(0.168,0.,10.));
#3284=CARTESIAN_POINT('',(0.,0.,0.));
#3285=CARTESIAN_POINT('',(0.084,-0.01,-0.023723871730558));
#3286=CARTESIAN_POINT('',(0.084,0.,-0.023723871730558));
#3287=CARTESIAN_POINT('',(-0.084,0.,-0.023723871730558));
#3288=CARTESIAN_POINT('',(0.084,0.,-0.023723871730558));
#3289=CARTESIAN_POINT('',(-0.084,-0.01,-0.023723871730558));
#3290=CARTESIAN_POINT('',(-0.084,0.01,-0.023723871730558));
#3291=CARTESIAN_POINT('',(0.084,0.01,-0.023723871730558));
#3292=CARTESIAN_POINT('',(0.084,0.01,-0.023723871730558));
#3293=CARTESIAN_POINT('',(0.084,-0.01,-0.023723871730558));
#3294=CARTESIAN_POINT('',(0.084,0.01,0.023723871730558));
#3295=CARTESIAN_POINT('',(0.084,0.,0.023723871730558));
#3296=CARTESIAN_POINT('',(0.084,0.,0.023723871730558));
#3297=CARTESIAN_POINT('',(-0.084,0.,0.023723871730558));
#3298=CARTESIAN_POINT('',(0.084,0.01,0.023723871730558));
#3299=CARTESIAN_POINT('',(0.084,0.01,0.023723871730558));
#3300=CARTESIAN_POINT('',(0.084,0.01,0.023723871730558));
#3301=CARTESIAN_POINT('',(-0.084,0.01,0.023723871730558));
#3302=CARTESIAN_POINT('',(-0.084,0.01,0.023723871730558));
#3303=CARTESIAN_POINT('',(0.084,-0.0620000000000025,0.0289999999999991));
#3304=CARTESIAN_POINT('',(0.084,0.,0.0289999999999991));
#3305=CARTESIAN_POINT('',(0.084,0.01,-0.023723871730558));
#3306=CARTESIAN_POINT('',(0.084,0.01,-0.009000000000001));
#3307=CARTESIAN_POINT('',(0.084,0.01,-0.009000000000001));
#3308=CARTESIAN_POINT('',(0.084,0.274,-0.00900000000000105));
#3309=CARTESIAN_POINT('',(0.084,0.274,0.0289999999999991));
#3310=CARTESIAN_POINT('',(0.084,0.274,0.0089999999999992));
#3311=CARTESIAN_POINT('',(0.084,0.274,0.0089999999999992));
#3312=CARTESIAN_POINT('',(0.084,0.01,0.0089999999999992));
#3313=CARTESIAN_POINT('',(0.084,0.01,0.0089999999999992));
#3314=CARTESIAN_POINT('',(-0.084,-0.0620000000000025,0.0289999999999991));
#3315=CARTESIAN_POINT('',(-0.084,0.,0.0289999999999991));
#3316=CARTESIAN_POINT('',(-0.084,0.01,0.0089999999999992));
#3317=CARTESIAN_POINT('',(-0.084,0.01,0.0089999999999992));
#3318=CARTESIAN_POINT('',(-0.084,0.274,0.0089999999999992));
#3319=CARTESIAN_POINT('',(-0.084,0.274,0.00899999999999924));
#3320=CARTESIAN_POINT('',(-0.084,0.274,0.0289999999999991));
#3321=CARTESIAN_POINT('',(-0.084,0.274,-0.0090000000000011));
#3322=CARTESIAN_POINT('',(-0.084,0.01,-0.009000000000001));
#3323=CARTESIAN_POINT('',(-0.084,0.01,-0.009000000000001));
#3324=CARTESIAN_POINT('',(-0.084,0.01,-0.023723871730558));
#3325=CARTESIAN_POINT('',(0.084,0.01,-0.009000000000001));
#3326=CARTESIAN_POINT('',(0.084,0.274,-0.0090000000000011));
#3327=CARTESIAN_POINT('',(-0.066,0.274,-0.00900000000000109));
#3328=CARTESIAN_POINT('',(-0.066,0.01,-0.009000000000001));
#3329=CARTESIAN_POINT('',(-0.066,0.01,-0.00900000000000102));
#3330=CARTESIAN_POINT('',(0.084,0.01,-0.009000000000001));
#3331=CARTESIAN_POINT('',(0.084,0.01,-0.009000000000001));
#3332=CARTESIAN_POINT('',(0.084,0.01,-0.009000000000001));
#3333=CARTESIAN_POINT('',(-0.016,0.01,-0.00900000000000102));
#3334=CARTESIAN_POINT('',(-0.034,0.01,-0.00900000000000105));
#3335=CARTESIAN_POINT('',(-0.034,0.01,-0.009000000000001));
#3336=CARTESIAN_POINT('',(-0.034,0.274,-0.00900000000000113));
#3337=CARTESIAN_POINT('',(0.084,0.274,-0.0090000000000011));
#3338=CARTESIAN_POINT('',(-0.016,0.274,-0.00900000000000109));
#3339=CARTESIAN_POINT('',(-0.016,0.01,-0.009000000000001));
#3340=CARTESIAN_POINT('',(0.084,0.01,-0.009000000000001));
#3341=CARTESIAN_POINT('',(0.084,0.01,-0.009000000000001));
#3342=CARTESIAN_POINT('',(0.034,0.01,-0.00900000000000102));
#3343=CARTESIAN_POINT('',(0.016,0.01,-0.00900000000000105));
#3344=CARTESIAN_POINT('',(0.016,0.01,-0.009000000000001));
#3345=CARTESIAN_POINT('',(0.016,0.274,-0.00900000000000113));
#3346=CARTESIAN_POINT('',(0.084,0.274,-0.0090000000000011));
#3347=CARTESIAN_POINT('',(0.034,0.274,-0.00900000000000114));
#3348=CARTESIAN_POINT('',(0.034,0.01,-0.009000000000001));
#3349=CARTESIAN_POINT('',(0.084,0.274,-0.0090000000000011));
#3350=CARTESIAN_POINT('',(-0.0279999999999997,0.33,0.0469999999999991));
#3351=CARTESIAN_POINT('',(-0.078,0.28,-0.0030000000000011));
#3352=CARTESIAN_POINT('',(0.084,0.28,-0.0030000000000011));
#3353=CARTESIAN_POINT('',(-0.072,0.28,-0.0030000000000011));
#3354=CARTESIAN_POINT('',(-0.0159999999999999,0.224,-0.0590000000000012));
#3355=CARTESIAN_POINT('',(0.084,0.274,-0.0090000000000011));
#3356=CARTESIAN_POINT('',(0.00533333333333349,0.313333333333333,0.0303333333333323));
#3357=CARTESIAN_POINT('',(-0.028,0.28,-0.0030000000000011));
#3358=CARTESIAN_POINT('',(0.084,0.28,-0.0030000000000011));
#3359=CARTESIAN_POINT('',(-0.022,0.28,-0.0030000000000011));
#3360=CARTESIAN_POINT('',(0.0173333333333332,0.240666666666667,-0.0423333333333344));
#3361=CARTESIAN_POINT('',(0.084,0.274,-0.0090000000000011));
#3362=CARTESIAN_POINT('',(0.0386666666666667,0.296666666666667,0.0136666666666656));
#3363=CARTESIAN_POINT('',(0.022,0.28,-0.0030000000000011));
#3364=CARTESIAN_POINT('',(0.084,0.28,-0.0030000000000011));
#3365=CARTESIAN_POINT('',(0.028,0.28,-0.0030000000000011));
#3366=CARTESIAN_POINT('',(0.0506666666666666,0.257333333333333,-0.0256666666666678));
#3367=CARTESIAN_POINT('',(0.084,0.28,-0.0030000000000011));
#3368=CARTESIAN_POINT('',(-0.078,0.28,0.2));
#3369=CARTESIAN_POINT('',(-0.078,0.28,0.00299999999999919));
#3370=CARTESIAN_POINT('',(0.084,0.28,0.0029999999999992));
#3371=CARTESIAN_POINT('',(-0.072,0.28,0.00299999999999918));
#3372=CARTESIAN_POINT('',(-0.072,0.28,0.2));
#3373=CARTESIAN_POINT('',(0.084,0.28,-0.0030000000000011));
#3374=CARTESIAN_POINT('',(-0.028,0.28,0.2));
#3375=CARTESIAN_POINT('',(-0.028,0.28,0.00299999999999919));
#3376=CARTESIAN_POINT('',(0.084,0.28,0.0029999999999992));
#3377=CARTESIAN_POINT('',(-0.022,0.28,0.00299999999999922));
#3378=CARTESIAN_POINT('',(-0.022,0.28,0.2));
#3379=CARTESIAN_POINT('',(0.084,0.28,-0.0030000000000011));
#3380=CARTESIAN_POINT('',(0.022,0.28,0.2));
#3381=CARTESIAN_POINT('',(0.022,0.28,0.00299999999999919));
#3382=CARTESIAN_POINT('',(0.084,0.28,0.0029999999999992));
#3383=CARTESIAN_POINT('',(0.028,0.28,0.00299999999999919));
#3384=CARTESIAN_POINT('',(0.028,0.28,0.2));
#3385=CARTESIAN_POINT('',(0.084,0.28,0.0029999999999992));
#3386=CARTESIAN_POINT('',(-0.0239999999999997,0.334,-0.051000000000001));
#3387=CARTESIAN_POINT('',(0.084,0.274,0.0089999999999992));
#3388=CARTESIAN_POINT('',(-0.066,0.274,0.00899999999999921));
#3389=CARTESIAN_POINT('',(-0.0199999999999999,0.228,0.0549999999999993));
#3390=CARTESIAN_POINT('',(0.084,0.28,0.0029999999999992));
#3391=CARTESIAN_POINT('',(0.00933333333333348,0.317333333333333,-0.0343333333333342));
#3392=CARTESIAN_POINT('',(-0.034,0.274,0.00899999999999921));
#3393=CARTESIAN_POINT('',(0.084,0.274,0.0089999999999992));
#3394=CARTESIAN_POINT('',(-0.016,0.274,0.00899999999999921));
#3395=CARTESIAN_POINT('',(0.0133333333333333,0.244666666666667,0.0383333333333325));
#3396=CARTESIAN_POINT('',(0.084,0.28,0.0029999999999992));
#3397=CARTESIAN_POINT('',(0.0426666666666667,0.300666666666667,-0.0176666666666675));
#3398=CARTESIAN_POINT('',(0.016,0.274,0.00899999999999921));
#3399=CARTESIAN_POINT('',(0.084,0.274,0.0089999999999992));
#3400=CARTESIAN_POINT('',(0.034,0.274,0.00899999999999921));
#3401=CARTESIAN_POINT('',(0.0466666666666666,0.261333333333333,0.0216666666666659));
#3402=CARTESIAN_POINT('',(0.084,0.274,0.0089999999999992));
#3403=CARTESIAN_POINT('',(0.084,0.01,0.0089999999999992));
#3404=CARTESIAN_POINT('',(-0.066,0.01,0.00899999999999921));
#3405=CARTESIAN_POINT('',(-0.066,0.274,0.0089999999999992));
#3406=CARTESIAN_POINT('',(0.084,0.274,0.0089999999999992));
#3407=CARTESIAN_POINT('',(-0.034,0.274,0.0089999999999992));
#3408=CARTESIAN_POINT('',(-0.034,0.01,0.0089999999999992));
#3409=CARTESIAN_POINT('',(0.084,0.01,0.0089999999999992));
#3410=CARTESIAN_POINT('',(-0.016,0.01,0.00899999999999921));
#3411=CARTESIAN_POINT('',(-0.016,0.274,0.0089999999999992));
#3412=CARTESIAN_POINT('',(0.084,0.274,0.0089999999999992));
#3413=CARTESIAN_POINT('',(0.016,0.274,0.0089999999999992));
#3414=CARTESIAN_POINT('',(0.016,0.01,0.0089999999999992));
#3415=CARTESIAN_POINT('',(0.084,0.01,0.0089999999999992));
#3416=CARTESIAN_POINT('',(0.034,0.01,0.00899999999999921));
#3417=CARTESIAN_POINT('',(0.034,0.274,0.0089999999999992));
#3418=CARTESIAN_POINT('',(0.084,0.01,-0.009000000000001));
#3419=CARTESIAN_POINT('',(0.084,0.01,-0.009000000000001));
#3420=CARTESIAN_POINT('',(0.066,0.01,-0.00900000000000105));
#3421=CARTESIAN_POINT('',(0.066,0.01,-0.009000000000001));
#3422=CARTESIAN_POINT('',(0.066,0.274,-0.00900000000000107));
#3423=CARTESIAN_POINT('',(0.084,0.274,-0.0090000000000011));
#3424=CARTESIAN_POINT('',(0.084,0.274,-0.0090000000000011));
#3425=CARTESIAN_POINT('',(0.072,0.28,-0.00300000000000108));
#3426=CARTESIAN_POINT('',(0.072,0.28,-0.0030000000000011));
#3427=CARTESIAN_POINT('',(0.084,0.28,-0.0030000000000011));
#3428=CARTESIAN_POINT('',(0.078,0.28,-0.0030000000000011));
#3429=CARTESIAN_POINT('',(0.084,0.274,-0.0090000000000011));
#3430=CARTESIAN_POINT('',(0.084,0.28,-0.0030000000000011));
#3431=CARTESIAN_POINT('',(0.072,0.28,0.2));
#3432=CARTESIAN_POINT('',(0.072,0.28,0.00299999999999919));
#3433=CARTESIAN_POINT('',(0.084,0.28,0.0029999999999992));
#3434=CARTESIAN_POINT('',(0.078,0.28,0.00299999999999919));
#3435=CARTESIAN_POINT('',(0.078,0.28,0.2));
#3436=CARTESIAN_POINT('',(0.084,0.28,0.0029999999999992));
#3437=CARTESIAN_POINT('',(0.076,0.284,-0.00100000000000081));
#3438=CARTESIAN_POINT('',(0.066,0.274,0.00899999999999921));
#3439=CARTESIAN_POINT('',(0.084,0.274,0.0089999999999992));
#3440=CARTESIAN_POINT('',(0.08,0.278,0.0049999999999992));
#3441=CARTESIAN_POINT('',(0.084,0.274,0.0089999999999992));
#3442=CARTESIAN_POINT('',(0.066,0.274,0.0089999999999992));
#3443=CARTESIAN_POINT('',(0.066,0.01,0.0089999999999992));
#3444=CARTESIAN_POINT('',(0.084,0.01,0.0089999999999992));
#3445=CARTESIAN_POINT('',(0.084,0.01,0.0089999999999992));
#3446=CARTESIAN_POINT('',(-0.034,0.01,0.2));
#3447=CARTESIAN_POINT('',(-0.016,0.01,0.2));
#3448=CARTESIAN_POINT('',(0.016,0.01,0.2));
#3449=CARTESIAN_POINT('',(0.034,0.01,0.2));
#3450=CARTESIAN_POINT('',(0.066,0.01,0.2));
#3451=CARTESIAN_POINT('',(-0.066,0.01,0.2));
#3452=CARTESIAN_POINT('',(-0.078,0.28,0.2));
#3453=CARTESIAN_POINT('',(0.084,0.274,0.2));
#3454=CARTESIAN_POINT('',(0.066,0.274,0.2));
#3455=CARTESIAN_POINT('',(0.066,0.274,0.2));
#3456=CARTESIAN_POINT('',(0.034,0.01,0.2));
#3457=CARTESIAN_POINT('',(0.034,0.274,0.2));
#3458=CARTESIAN_POINT('',(0.072,0.28,0.2));
#3459=CARTESIAN_POINT('',(0.034,0.274,0.2));
#3460=CARTESIAN_POINT('',(0.016,0.274,0.2));
#3461=CARTESIAN_POINT('',(0.016,0.274,0.2));
#3462=CARTESIAN_POINT('',(-0.016,0.01,0.2));
#3463=CARTESIAN_POINT('',(-0.016,0.274,0.2));
#3464=CARTESIAN_POINT('',(0.022,0.28,0.2));
#3465=CARTESIAN_POINT('',(-0.016,0.274,0.2));
#3466=CARTESIAN_POINT('',(-0.066,0.274,0.2));
#3467=CARTESIAN_POINT('',(-0.066,0.274,0.2));
#3468=CARTESIAN_POINT('',(-0.028,0.28,0.2));
#3469=CARTESIAN_POINT('',(-0.034,0.274,0.2));
#3470=CARTESIAN_POINT('',(-0.066,0.01,0.2));
#3471=CARTESIAN_POINT('',(-0.034,0.274,0.2));
#3472=CARTESIAN_POINT('',(0.168,0.,-10.));
#3473=CARTESIAN_POINT('',(0.,0.,0.));
#3474=(
GEOMETRIC_REPRESENTATION_CONTEXT(3)
GLOBAL_UNCERTAINTY_ASSIGNED_CONTEXT((#3478))
GLOBAL_UNIT_ASSIGNED_CONTEXT((#3484,#3483,#3482))
REPRESENTATION_CONTEXT('FTR-104-01-L-S','TOP_LEVEL_ASSEMBLY_PART')
);
#3475=(
GEOMETRIC_REPRESENTATION_CONTEXT(3)
GLOBAL_UNCERTAINTY_ASSIGNED_CONTEXT((#3479))
GLOBAL_UNIT_ASSIGNED_CONTEXT((#3484,#3483,#3482))
REPRESENTATION_CONTEXT('FTR-104-01-L-S_body','COMPONENT_PART')
);
#3476=(
GEOMETRIC_REPRESENTATION_CONTEXT(3)
GLOBAL_UNCERTAINTY_ASSIGNED_CONTEXT((#3480))
GLOBAL_UNIT_ASSIGNED_CONTEXT((#3484,#3483,#3482))
REPRESENTATION_CONTEXT('FTR-104-01-L-S_pins','COMPONENT_PART')
);
#3477=(
GEOMETRIC_REPRESENTATION_CONTEXT(3)
GLOBAL_UNCERTAINTY_ASSIGNED_CONTEXT((#3481))
GLOBAL_UNIT_ASSIGNED_CONTEXT((#3484,#3483,#3482))
REPRESENTATION_CONTEXT('FTR-104-01-L-S2PNS','COMPONENT_PART')
);
#3478=UNCERTAINTY_MEASURE_WITH_UNIT(LENGTH_MEASURE(3.93700787401575E-7),
#3484,'DISTANCE_ACCURACY_VALUE','Maximum Tolerance applied to model');
#3479=UNCERTAINTY_MEASURE_WITH_UNIT(LENGTH_MEASURE(3.93700787401575E-7),
#3484,'DISTANCE_ACCURACY_VALUE','Maximum Tolerance applied to model');
#3480=UNCERTAINTY_MEASURE_WITH_UNIT(LENGTH_MEASURE(3.93700787401575E-7),
#3484,'DISTANCE_ACCURACY_VALUE','Maximum Tolerance applied to model');
#3481=UNCERTAINTY_MEASURE_WITH_UNIT(LENGTH_MEASURE(3.93700787401575E-7),
#3484,'DISTANCE_ACCURACY_VALUE','Maximum Tolerance applied to model');
#3482=(
NAMED_UNIT(*)
SI_UNIT($,.STERADIAN.)
SOLID_ANGLE_UNIT()
);
#3483=(
NAMED_UNIT(*)
PLANE_ANGLE_UNIT()
SI_UNIT($,.RADIAN.)
);
#3484=(
CONVERSION_BASED_UNIT('INCH',#3486)
LENGTH_UNIT()
NAMED_UNIT(#3485)
);
#3485=DIMENSIONAL_EXPONENTS(1.,0.,0.,0.,0.,0.,0.);
#3486=LENGTH_MEASURE_WITH_UNIT(LENGTH_MEASURE(25.4),#3487);
#3487=(
LENGTH_UNIT()
NAMED_UNIT(*)
SI_UNIT(.MILLI.,.METRE.)
);
#3488=PRODUCT_DEFINITION_SHAPE('','',#3495);
#3489=PRODUCT_DEFINITION_SHAPE('','',#3496);
#3490=PRODUCT_DEFINITION_SHAPE(' ','NAUO PRDDFN',#45);
#3491=PRODUCT_DEFINITION_SHAPE('','',#3497);
#3492=PRODUCT_DEFINITION_SHAPE(' ','NAUO PRDDFN',#46);
#3493=PRODUCT_DEFINITION_SHAPE('','',#3498);
#3494=PRODUCT_DEFINITION_SHAPE(' ','NAUO PRDDFN',#47);
#3495=PRODUCT_DEFINITION('','',#3503,#3499);
#3496=PRODUCT_DEFINITION('','',#3504,#3500);
#3497=PRODUCT_DEFINITION('','',#3505,#3501);
#3498=PRODUCT_DEFINITION('','',#3506,#3502);
#3499=DESIGN_CONTEXT('',#3524,'design');
#3500=DESIGN_CONTEXT('',#3524,'design');
#3501=DESIGN_CONTEXT('',#3524,'design');
#3502=DESIGN_CONTEXT('',#3524,'design');
#3503=PRODUCT_DEFINITION_FORMATION_WITH_SPECIFIED_SOURCE('','',#3511,
 .NOT_KNOWN.);
#3504=PRODUCT_DEFINITION_FORMATION_WITH_SPECIFIED_SOURCE('','',#3512,
 .NOT_KNOWN.);
#3505=PRODUCT_DEFINITION_FORMATION_WITH_SPECIFIED_SOURCE('','',#3513,
 .NOT_KNOWN.);
#3506=PRODUCT_DEFINITION_FORMATION_WITH_SPECIFIED_SOURCE('','',#3514,
 .NOT_KNOWN.);
#3507=PRODUCT_RELATED_PRODUCT_CATEGORY('','',(#3511));
#3508=PRODUCT_RELATED_PRODUCT_CATEGORY('','',(#3512));
#3509=PRODUCT_RELATED_PRODUCT_CATEGORY('','',(#3513));
#3510=PRODUCT_RELATED_PRODUCT_CATEGORY('','',(#3514));
#3511=PRODUCT('FTR-104-01-L-S','FTR-104-01-L-S','FTR-104-01-L-S',(#3519));
#3512=PRODUCT('FTR-104-01-L-S_body','FTR-104-01-L-S_body',
'FTR-104-01-L-S_body',(#3520));
#3513=PRODUCT('FTR-104-01-L-S_pins','FTR-104-01-L-S_pins',
'FTR-104-01-L-S_pins',(#3521));
#3514=PRODUCT('FTR-104-01-L-S2PNS','FTR-104-01-L-S2PNS',
'FTR-104-01-L-S2PNS',(#3522));
#3515=PRODUCT_CATEGORY('','');
#3516=PRODUCT_CATEGORY('','');
#3517=PRODUCT_CATEGORY('','');
#3518=PRODUCT_CATEGORY('','');
#3519=MECHANICAL_CONTEXT('',#3524,'mechanical');
#3520=MECHANICAL_CONTEXT('',#3524,'mechanical');
#3521=MECHANICAL_CONTEXT('',#3524,'mechanical');
#3522=MECHANICAL_CONTEXT('',#3524,'mechanical');
#3523=APPLICATION_PROTOCOL_DEFINITION('international standard',
'config_control_design',2010,#3524);
#3524=APPLICATION_CONTEXT(
'configuration controlled 3D designs of mechanical parts and assemblie
s');
ENDSEC;
END-ISO-10303-21;
