ISO-10303-21;
HEADER;
FILE_DESCRIPTION (( 'STEP AP214' ),
    '1' );
FILE_NAME ('54-00131.STEP',
    '2023-07-17T05:06:22',
    ( '' ),
    ( '' ),
    'SwSTEP 2.0',
    'SolidWorks 2021',
    '' );
FILE_SCHEMA (( 'AUTOMOTIVE_DESIGN' ));
ENDSEC;

DATA;
#1 = CARTESIAN_POINT ( 'NONE',  ( 1.550000000000050004, -6.349999999999999645, -13.44999999999999929 ) ) ;
#2 = EDGE_CURVE ( 'NONE', #4258, #1901, #3147, .T. ) ;
#3 = CARTESIAN_POINT ( 'NONE',  ( 3.200000000000980283, -1.199999999999979972, -11.79999999999999893 ) ) ;
#4 = CARTESIAN_POINT ( 'NONE',  ( 2.279011654894469885, 1.362787910974103900, -9.900000000000000355 ) ) ;
#5 = DIRECTION ( 'NONE',  ( 0.000000000000000000, -1.000000000000000000, 0.000000000000000000 ) ) ;
#6 = ORIENTED_EDGE ( 'NONE', *, *, #700, .F. ) ;
#7 = FACE_OUTER_BOUND ( 'NONE', #2129, .T. ) ;
#8 = CARTESIAN_POINT ( 'NONE',  ( 3.600000000000159961, -6.349999999999999645, -13.40000000000000036 ) ) ;
#9 = VERTEX_POINT ( 'NONE', #3116 ) ;
#10 = B_SPLINE_CURVE_WITH_KNOTS ( 'NONE', 3,
 ( #3023, #4048, #6889, #5584, #4600, #4631 ),
 .UNSPECIFIED., .F., .F.,
 ( 4, 2, 4 ),
 ( 0.000000000000000000, 0.5000000000000000000, 1.000000000000000000 ),
 .UNSPECIFIED. ) ;
#11 = ADVANCED_FACE ( 'NONE', ( #2569 ), #468, .T. ) ;
#12 = CARTESIAN_POINT ( 'NONE',  ( 1.550000000000050004, -6.349999999999999645, -13.40000000000000036 ) ) ;
#13 = ORIENTED_EDGE ( 'NONE', *, *, #1030, .T. ) ;
#14 = LINE ( 'NONE', #4282, #5469 ) ;
#15 = CARTESIAN_POINT ( 'NONE',  ( 0.9999999999999980016, 2.000000000000000888, 1.899999999999947953 ) ) ;
#16 = DIRECTION ( 'NONE',  ( 0.000000000000000000, 0.000000000000000000, 1.000000000000000000 ) ) ;
#17 = VECTOR ( 'NONE', #2513, 1000.000000000000000 ) ;
#18 = CARTESIAN_POINT ( 'NONE',  ( -2.749999999999090949, -5.239188102445615058, -2.036159617835582303 ) ) ;
#19 = DIRECTION ( 'NONE',  ( 1.000000000000000000, 0.000000000000000000, 0.000000000000000000 ) ) ;
#20 = ORIENTED_EDGE ( 'NONE', *, *, #1425, .T. ) ;
#21 = PRESENTATION_LAYER_ASSIGNMENT (  '', '', ( #6283 ) ) ;
#22 = CARTESIAN_POINT ( 'NONE',  ( -1.074976606823609737, -5.210841805566252205, -5.484640381139167964 ) ) ;
#23 = CARTESIAN_POINT ( 'NONE',  ( -4.000000000000000000, 4.299999999999919886, -11.79999999999999893 ) ) ;
#24 = LINE ( 'NONE', #3164, #6570 ) ;
#25 = EDGE_LOOP ( 'NONE', ( #1602, #4183, #637, #1174 ) ) ;
#26 = DIRECTION ( 'NONE',  ( 0.000000000000000000, -0.7071067811866840191, -0.7071067811864111263 ) ) ;
#27 = AXIS2_PLACEMENT_3D ( 'NONE', #6685, #1897, #2456 ) ;
#28 = DIRECTION ( 'NONE',  ( 0.000000000000000000, 0.000000000000000000, 1.000000000000000000 ) ) ;
#29 = FILL_AREA_STYLE_COLOUR ( '', #3152 ) ;
#30 = CARTESIAN_POINT ( 'NONE',  ( 3.200000000000980283, -2.150000000000039879, -11.79999999999999893 ) ) ;
#31 = CARTESIAN_POINT ( 'NONE',  ( -1.723634596408900377, -2.628457999450771077, -10.78423907980188901 ) ) ;
#32 = CARTESIAN_POINT ( 'NONE',  ( 18.18468237128199760, -5.699999999999820766, -7.399999999998890132 ) ) ;
#33 = EDGE_CURVE ( 'NONE', #409, #3531, #6866, .T. ) ;
#34 = ORIENTED_EDGE ( 'NONE', *, *, #287, .F. ) ;
#35 = EDGE_CURVE ( 'NONE', #4314, #4637, #4206, .T. ) ;
#36 = VECTOR ( 'NONE', #1726, 1000.000000000000000 ) ;
#37 = LINE ( 'NONE', #3029, #17 ) ;
#38 = B_SPLINE_CURVE_WITH_KNOTS ( 'NONE', 3,
 ( #3969, #6102, #1311, #797 ),
 .UNSPECIFIED., .F., .F.,
 ( 4, 4 ),
 ( 0.000000000000000000, 1.000000000000000000 ),
 .UNSPECIFIED. ) ;
#39 = PLANE ( 'NONE',  #6695 ) ;
#40 = DIRECTION ( 'NONE',  ( 1.000000000000000000, 0.000000000000000000, 0.000000000000000000 ) ) ;
#41 = LINE ( 'NONE', #2178, #6780 ) ;
#42 = ORIENTED_EDGE ( 'NONE', *, *, #6692, .T. ) ;
#43 = DIRECTION ( 'NONE',  ( 0.000000000000000000, 0.000000000000000000, -1.000000000000000000 ) ) ;
#44 = DIRECTION ( 'NONE',  ( 0.000000000000000000, -1.000000000000000000, 0.000000000000000000 ) ) ;
#45 = ORIENTED_EDGE ( 'NONE', *, *, #4492, .F. ) ;
#46 = LINE ( 'NONE', #4310, #6195 ) ;
#47 = EDGE_CURVE ( 'NONE', #5909, #4842, #5762, .T. ) ;
#48 = ORIENTED_EDGE ( 'NONE', *, *, #681, .T. ) ;
#49 = DIRECTION ( 'NONE',  ( 0.000000000000000000, 0.000000000000000000, -1.000000000000000000 ) ) ;
#50 = VERTEX_POINT ( 'NONE', #2631 ) ;
#51 = CARTESIAN_POINT ( 'NONE',  ( 1.110223024625159948E-13, -2.514439197769060108, -13.40000000000000036 ) ) ;
#52 = VECTOR ( 'NONE', #2251, 1000.000000000000000 ) ;
#53 = ADVANCED_FACE ( 'NONE', ( #1422 ), #5191, .T. ) ;
#54 = FACE_OUTER_BOUND ( 'NONE', #1667, .T. ) ;
#55 = FACE_OUTER_BOUND ( 'NONE', #1777, .T. ) ;
#56 = CARTESIAN_POINT ( 'NONE',  ( 1.249999999999970024, -8.155228474982497033, -7.599999999999901945 ) ) ;
#57 = ORIENTED_EDGE ( 'NONE', *, *, #5601, .F. ) ;
#58 = CARTESIAN_POINT ( 'NONE',  ( 18.18468237128199760, -8.241421356236859452, -7.658578643763000571 ) ) ;
#59 = DIRECTION ( 'NONE',  ( 0.000000000000000000, 0.000000000000000000, -1.000000000000000000 ) ) ;
#60 = DIRECTION ( 'NONE',  ( 0.000000000000000000, -1.000000000000000000, 0.000000000000000000 ) ) ;
#61 = ORIENTED_EDGE ( 'NONE', *, *, #613, .T. ) ;
#62 = CARTESIAN_POINT ( 'NONE',  ( 0.1121076653245810101, -2.706528140139974781, -10.04147890228909823 ) ) ;
#63 = VECTOR ( 'NONE', #2469, 1000.000000000000000 ) ;
#64 = DIRECTION ( 'NONE',  ( 0.000000000000000000, 0.000000000000000000, -1.000000000000000000 ) ) ;
#65 = VECTOR ( 'NONE', #3053, 1000.000000000000000 ) ;
#66 = LINE ( 'NONE', #5451, #3005 ) ;
#67 = DIRECTION ( 'NONE',  ( 0.000000000000000000, -1.000000000000000000, 0.000000000000000000 ) ) ;
#68 = DIRECTION ( 'NONE',  ( 0.000000000000000000, 0.000000000000000000, 1.000000000000000000 ) ) ;
#69 = EDGE_LOOP ( 'NONE', ( #664, #2825, #755, #5663 ) ) ;
#70 = VECTOR ( 'NONE', #1981, 1000.000000000000000 ) ;
#71 = CARTESIAN_POINT ( 'NONE',  ( 0.000000000000000000, 0.000000000000000000, -5.625000000000000000 ) ) ;
#72 = VERTEX_POINT ( 'NONE', #3852 ) ;
#73 = ADVANCED_FACE ( 'NONE', ( #4863 ), #4900, .T. ) ;
#74 = CARTESIAN_POINT ( 'NONE',  ( -1.500000000000000000, 1.836970198721030181E-16, -10.14999999999999858 ) ) ;
#75 = DIRECTION ( 'NONE',  ( 1.000000000000000000, 0.000000000000000000, 0.000000000000000000 ) ) ;
#76 = DIRECTION ( 'NONE',  ( 1.000000000000000000, 0.000000000000000000, 0.000000000000000000 ) ) ;
#77 = ORIENTED_EDGE ( 'NONE', *, *, #5756, .T. ) ;
#78 = DIRECTION ( 'NONE',  ( 0.000000000000000000, 0.000000000000000000, -1.000000000000000000 ) ) ;
#79 = VECTOR ( 'NONE', #5396, 1000.000000000000000 ) ;
#80 = DIRECTION ( 'NONE',  ( 1.000000000000000000, 0.000000000000000000, 0.000000000000000000 ) ) ;
#81 = VERTEX_POINT ( 'NONE', #5995 ) ;
#82 = CARTESIAN_POINT ( 'NONE',  ( -1.049999999999889910, -5.538256331734729327E-14, -13.44999999999999929 ) ) ;
#83 = ORIENTED_EDGE ( 'NONE', *, *, #1343, .T. ) ;
#84 = CIRCLE ( 'NONE', #4214, 0.5000000000000000000 ) ;
#85 = VECTOR ( 'NONE', #6016, 1000.000000000000000 ) ;
#86 = DIRECTION ( 'NONE',  ( 0.000000000000000000, 0.000000000000000000, -1.000000000000000000 ) ) ;
#87 = ORIENTED_EDGE ( 'NONE', *, *, #3946, .F. ) ;
#88 = CARTESIAN_POINT ( 'NONE',  ( -4.500000000000059508, -2.150000000000039879, -9.750000000000000000 ) ) ;
#89 = EDGE_CURVE ( 'NONE', #2893, #4012, #4383, .T. ) ;
#90 = CARTESIAN_POINT ( 'NONE',  ( 4.499999999999949374, -2.599999999999050182, -9.750000000000000000 ) ) ;
#91 = ADVANCED_FACE ( 'NONE', ( #7 ), #2809, .T. ) ;
#92 = CARTESIAN_POINT ( 'NONE',  ( 1.050000000000109956, -5.551115123125779547E-14, -11.79999999999999893 ) ) ;
#93 = CARTESIAN_POINT ( 'NONE',  ( 0.000000000000000000, 0.000000000000000000, -11.79999999999999893 ) ) ;
#94 = EDGE_CURVE ( 'NONE', #6048, #1656, #4276, .T. ) ;
#95 = CIRCLE ( 'NONE', #4014, 0.2999999999999999334 ) ;
#96 = ORIENTED_EDGE ( 'NONE', *, *, #833, .T. ) ;
#97 = DIRECTION ( 'NONE',  ( -0.000000000000000000, 1.000000000000000000, 0.000000000000000000 ) ) ;
#98 = CARTESIAN_POINT ( 'NONE',  ( 0.000000000000000000, -2.599999999999050182, -11.79999999999999893 ) ) ;
#99 = DIRECTION ( 'NONE',  ( 0.000000000000000000, 1.000000000000000000, 0.000000000000000000 ) ) ;
#100 = AXIS2_PLACEMENT_3D ( 'NONE', #3853, #2181, #609 ) ;
#101 = VERTEX_POINT ( 'NONE', #1194 ) ;
#102 = ORIENTED_EDGE ( 'NONE', *, *, #2741, .T. ) ;
#103 = DIRECTION ( 'NONE',  ( 1.000000000000000000, 0.000000000000000000, 0.000000000000000000 ) ) ;
#104 = EDGE_CURVE ( 'NONE', #461, #6271, #5849, .T. ) ;
#105 = AXIS2_PLACEMENT_3D ( 'NONE', #4977, #1350, #1509 ) ;
#106 = CYLINDRICAL_SURFACE ( 'NONE', #148, 0.5000000000000000000 ) ;
#107 = DIRECTION ( 'NONE',  ( 0.000000000000000000, 1.000000000000000000, 0.000000000000000000 ) ) ;
#108 = ORIENTED_EDGE ( 'NONE', *, *, #5263, .T. ) ;
#109 = ORIENTED_EDGE ( 'NONE', *, *, #4490, .T. ) ;
#110 = B_SPLINE_CURVE_WITH_KNOTS ( 'NONE', 3,
 ( #4203, #3143, #1514, #2667, #4793, #2598, #4, #6405, #3737, #5883, #3780, #2213, #6305, #3632, #5575, #5460, #640, #3320, #5959, #1159, #2917, #1720, #3965, #3392, #5012, #5534, #1306, #1796, #3285, #5420, #752, #1684, #4419, #190, #2772, #4898, #3354, #6028, #6548, #2807, #3850, #3818, #115, #6515 ),
 .UNSPECIFIED., .F., .F.,
 ( 4, 2, 2, 2, 2, 2, 2, 2, 1, 2, 2, 2, 2, 2, 1, 2, 2, 2, 2, 2, 2, 2, 4 ),
 ( 0.1168509028977303965, 0.1647432205539320071, 0.2126355382101335068, 0.2605278558663349786, 0.3084201735225365337, 0.3323663323506369505, 0.3563124911787375337, 0.3802586500068384501, 0.4042048088349390333, 0.4281509676630395056, 0.4520971264911399778, 0.4999894441473420326, 0.5478817618035429771, 0.5718279206316431162, 0.5957740794597440326, 0.6197202382878449489, 0.6436663971159449771, 0.6676125559440460044, 0.6915587147721470318, 0.7394510324283479763, 0.7873433500845490318, 0.8352356677407508645, 0.8831279853969520310 ),
 .UNSPECIFIED. ) ;
#111 = DIRECTION ( 'NONE',  ( -0.000000000000000000, 1.000000000000000000, 0.000000000000000000 ) ) ;
#112 = VECTOR ( 'NONE', #3154, 1000.000000000000000 ) ;
#113 = ORIENTED_EDGE ( 'NONE', *, *, #4615, .F. ) ;
#114 = LINE ( 'NONE', #6513, #5282 ) ;
#115 = CARTESIAN_POINT ( 'NONE',  ( -2.649955175658354811, 0.1757279835150180047, -9.900000000000000355 ) ) ;
#116 = DIRECTION ( 'NONE',  ( 0.08810188277373554033, -0.5425211891288176380, 0.8354093712653555270 ) ) ;
#117 = CARTESIAN_POINT ( 'NONE',  ( 3.650000000000929834, -5.500000000000000000, -5.299999999999999822 ) ) ;
#118 = DIRECTION ( 'NONE',  ( 0.000000000000000000, 1.000000000000000000, 0.000000000000000000 ) ) ;
#119 = EDGE_CURVE ( 'NONE', #5251, #4893, #5962, .T. ) ;
#120 = ORIENTED_EDGE ( 'NONE', *, *, #3282, .F. ) ;
#121 = DIRECTION ( 'NONE',  ( 0.000000000000000000, 0.000000000000000000, 1.000000000000000000 ) ) ;
#122 = VERTEX_POINT ( 'NONE', #6484 ) ;
#123 = CARTESIAN_POINT ( 'NONE',  ( -4.000000000000000000, 4.299999999999910116, -0.5000000000000000000 ) ) ;
#124 = ORIENTED_EDGE ( 'NONE', *, *, #6777, .F. ) ;
#125 = CARTESIAN_POINT ( 'NONE',  ( 0.000000000000000000, 0.000000000000000000, -2.100000000000049827 ) ) ;
#126 = ORIENTED_EDGE ( 'NONE', *, *, #5710, .T. ) ;
#127 = CARTESIAN_POINT ( 'NONE',  ( -1.720813919354110100, -2.795498778140270257, -11.10830667936293992 ) ) ;
#128 = EDGE_CURVE ( 'NONE', #5590, #6254, #2109, .T. ) ;
#129 = CARTESIAN_POINT ( 'NONE',  ( -2.749999999999090061, -5.299999999999680078, -2.299999999999999822 ) ) ;
#130 = DIRECTION ( 'NONE',  ( 0.000000000000000000, -1.000000000000000000, 0.000000000000000000 ) ) ;
#131 = ORIENTED_EDGE ( 'NONE', *, *, #6582, .T. ) ;
#132 = CARTESIAN_POINT ( 'NONE',  ( 0.8374792807742270639, -5.565654700735770177, -6.116796583962119449 ) ) ;
#133 = LINE ( 'NONE', #6012, #4139 ) ;
#134 = CARTESIAN_POINT ( 'NONE',  ( -3.549999999998999733, -5.299999999999280398, -6.100000000000920686 ) ) ;
#135 = STYLED_ITEM ( 'NONE', ( #4413 ), #3533 ) ;
#136 = EDGE_LOOP ( 'NONE', ( #5917, #3933, #6753, #5098 ) ) ;
#137 = DIRECTION ( 'NONE',  ( 0.000000000000000000, 0.000000000000000000, -1.000000000000000000 ) ) ;
#138 = AXIS2_PLACEMENT_3D ( 'NONE', #4270, #4606, #2480 ) ;
#139 = CYLINDRICAL_SURFACE ( 'NONE', #5732, 1.000000000000000888 ) ;
#140 = EDGE_CURVE ( 'NONE', #684, #4930, #6861, .T. ) ;
#141 = FACE_OUTER_BOUND ( 'NONE', #688, .T. ) ;
#142 = CARTESIAN_POINT ( 'NONE',  ( 0.4090465506794786488, -2.669954843141084666, -10.38942298523194729 ) ) ;
#143 = EDGE_LOOP ( 'NONE', ( #2757, #4099, #176, #261, #2994, #6706, #5405, #2397, #3363, #5607, #4428, #5698 ) ) ;
#144 = B_SPLINE_CURVE_WITH_KNOTS ( 'NONE', 3,
 ( #6827, #4162, #6393, #6296, #1502, #3132, #5275, #1044, #2619, #3203, #3622, #6884, #4225, #5341, #5764, #1603, #522, #3103, #3729, #6539, #5376, #2831, #1258, #3239, #2198, #2271, #2759, #1783, #4443, #4847, #3839, #4961, #590, #2864 ),
 .UNSPECIFIED., .F., .F.,
 ( 4, 1, 1, 2, 2, 2, 1, 1, 2, 2, 2, 1, 1, 2, 2, 2, 1, 1, 2, 2, 4 ),
 ( 0.000000000000000000, 0.06249999999999876488, 0.09374999999999746036, 0.1093749999999974742, 0.1249999999999975020, 0.2499999999999991673, 0.3125000000000000555, 0.3437500000000001665, 0.3593750000000002220, 0.3750000000000002776, 0.5000000000000002220, 0.5625000000000002220, 0.5937500000000000000, 0.6093750000000000000, 0.6249999999999998890, 0.7500000000000004441, 0.8125000000000007772, 0.8437500000000004441, 0.8593750000000007772, 0.8750000000000011102, 1.000000000000000000 ),
 .UNSPECIFIED. ) ;
#145 = VERTEX_POINT ( 'NONE', #5423 ) ;
#146 = EDGE_CURVE ( 'NONE', #4177, #4558, #1616, .T. ) ;
#147 = CARTESIAN_POINT ( 'NONE',  ( -3.200000000000000178, -1.199999999999979972, -11.79999999999999893 ) ) ;
#148 = AXIS2_PLACEMENT_3D ( 'NONE', #2242, #1261, #4295 ) ;
#149 = ORIENTED_EDGE ( 'NONE', *, *, #6729, .T. ) ;
#150 = CARTESIAN_POINT ( 'NONE',  ( -9.662512969806918761, -3.100000000000049827, -13.78000000000000114 ) ) ;
#151 = CARTESIAN_POINT ( 'NONE',  ( -1.499999999999830136, -5.349999999999999645, -7.950000000000000178 ) ) ;
#152 = VECTOR ( 'NONE', #6660, 1000.000000000000000 ) ;
#153 = AXIS2_PLACEMENT_3D ( 'NONE', #6091, #1297, #6020 ) ;
#154 = DIRECTION ( 'NONE',  ( 0.000000000000000000, -1.000000000000000000, 0.000000000000000000 ) ) ;
#155 = LINE ( 'NONE', #2287, #1610 ) ;
#156 = LINE ( 'NONE', #6063, #3896 ) ;
#157 = ORIENTED_EDGE ( 'NONE', *, *, #2442, .F. ) ;
#158 = CARTESIAN_POINT ( 'NONE',  ( 18.18468237128199760, -2.781668093414274789, -11.23989685449783948 ) ) ;
#159 = VERTEX_POINT ( 'NONE', #1131 ) ;
#160 = APPLICATION_CONTEXT ( 'automotive_design' ) ;
#161 = DIRECTION ( 'NONE',  ( 1.000000000000000000, 0.000000000000000000, 0.000000000000000000 ) ) ;
#162 = ORIENTED_EDGE ( 'NONE', *, *, #6161, .T. ) ;
#163 = CARTESIAN_POINT ( 'NONE',  ( -1.000000000000000000, -1.224646799147351975E-16, -2.100000000000049827 ) ) ;
#164 = ORIENTED_EDGE ( 'NONE', *, *, #6682, .F. ) ;
#165 = FACE_OUTER_BOUND ( 'NONE', #2023, .T. ) ;
#166 = ORIENTED_EDGE ( 'NONE', *, *, #6646, .T. ) ;
#167 = LINE ( 'NONE', #3334, #6114 ) ;
#168 = FACE_OUTER_BOUND ( 'NONE', #169, .T. ) ;
#169 = EDGE_LOOP ( 'NONE', ( #870, #3403, #5092, #3478 ) ) ;
#170 = EDGE_CURVE ( 'NONE', #6093, #3330, #6374, .T. ) ;
#171 = AXIS2_PLACEMENT_3D ( 'NONE', #1472, #6292, #3619 ) ;
#172 = ADVANCED_FACE ( 'NONE', ( #1722 ), #4796, .T. ) ;
#173 = FACE_OUTER_BOUND ( 'NONE', #4731, .T. ) ;
#174 = CARTESIAN_POINT ( 'NONE',  ( -2.500000000000059952, 2.400000000000960032, -1.000000000000000000 ) ) ;
#175 = FACE_OUTER_BOUND ( 'NONE', #6579, .T. ) ;
#176 = ORIENTED_EDGE ( 'NONE', *, *, #2595, .T. ) ;
#177 = FACE_OUTER_BOUND ( 'NONE', #136, .T. ) ;
#178 = CARTESIAN_POINT ( 'NONE',  ( -9.662512969806918761, -9.364807621135041060, -13.73310889132470081 ) ) ;
#179 = CARTESIAN_POINT ( 'NONE',  ( 1.200000000000089884, -3.100000000000049827, -13.78000000000000114 ) ) ;
#180 = CARTESIAN_POINT ( 'NONE',  ( 18.18468237128199760, -5.700000000000730260, -7.599999999999999645 ) ) ;
#181 = CARTESIAN_POINT ( 'NONE',  ( 0.3894485331555839203, -2.655685948811491670, -10.52518244624263133 ) ) ;
#182 = EDGE_LOOP ( 'NONE', ( #1035, #3315, #4029, #3924 ) ) ;
#183 = EDGE_CURVE ( 'NONE', #5656, #962, #3709, .T. ) ;
#184 = ORIENTED_EDGE ( 'NONE', *, *, #6854, .T. ) ;
#185 = FILL_AREA_STYLE_COLOUR ( '', #5377 ) ;
#186 = EDGE_CURVE ( 'NONE', #1862, #6555, #3181, .T. ) ;
#187 = ADVANCED_FACE ( 'NONE', ( #3218 ), #6519, .T. ) ;
#188 = ORIENTED_EDGE ( 'NONE', *, *, #4284, .F. ) ;
#189 = CARTESIAN_POINT ( 'NONE',  ( 4.000000000000000000, -6.500000000000000000, -11.79999999999999893 ) ) ;
#190 = CARTESIAN_POINT ( 'NONE',  ( -1.736094662512164932, 2.003832176099694884, -9.900000000000000355 ) ) ;
#191 = DIRECTION ( 'NONE',  ( -1.000000000000000000, 0.000000000000000000, 0.000000000000000000 ) ) ;
#192 = AXIS2_PLACEMENT_3D ( 'NONE', #3355, #3928, #191 ) ;
#193 = EDGE_CURVE ( 'NONE', #145, #2127, #2701, .T. ) ;
#194 = SURFACE_SIDE_STYLE ('',( #1761 ) ) ;
#195 = ORIENTED_EDGE ( 'NONE', *, *, #3339, .F. ) ;
#196 = DIRECTION ( 'NONE',  ( 1.000000000000000000, 0.000000000000000000, 0.000000000000000000 ) ) ;
#197 = B_SPLINE_CURVE_WITH_KNOTS ( 'NONE', 3,
 ( #641, #5535, #2773, #2250, #6625, #2321 ),
 .UNSPECIFIED., .F., .F.,
 ( 4, 2, 4 ),
 ( 0.000000000000000000, 0.5000000000000000000, 1.000000000000000000 ),
 .UNSPECIFIED. ) ;
#198 = ADVANCED_FACE ( 'NONE', ( #608 ), #4848, .T. ) ;
#199 = VERTEX_POINT ( 'NONE', #5928 ) ;
#200 = AXIS2_PLACEMENT_3D ( 'NONE', #3231, #4915, #130 ) ;
#201 = CARTESIAN_POINT ( 'NONE',  ( -4.292893218813452094, 4.299999999999907452, -0.4999999999999986677 ) ) ;
#202 = ORIENTED_EDGE ( 'NONE', *, *, #1723, .F. ) ;
#203 = CARTESIAN_POINT ( 'NONE',  ( -4.339999999999999858, -2.559999999999050146, -11.79999999999999893 ) ) ;
#204 = VERTEX_POINT ( 'NONE', #4421 ) ;
#205 = LINE ( 'NONE', #2334, #6810 ) ;
#206 = ORIENTED_EDGE ( 'NONE', *, *, #1467, .F. ) ;
#207 = CARTESIAN_POINT ( 'NONE',  ( 3.650000000000929834, -5.150000000000099831, -5.299999999999999822 ) ) ;
#208 = CARTESIAN_POINT ( 'NONE',  ( 2.942893218813430245, -3.604004760652317287E-16, -9.900000000000018119 ) ) ;
#209 = VECTOR ( 'NONE', #852, 1000.000000000000000 ) ;
#210 = ORIENTED_EDGE ( 'NONE', *, *, #1504, .F. ) ;
#211 = DIRECTION ( 'NONE',  ( -1.000000000000000000, 0.000000000000000000, 0.000000000000000000 ) ) ;
#212 = CARTESIAN_POINT ( 'NONE',  ( 0.000000000000000000, 0.000000000000000000, 0.000000000000000000 ) ) ;
#213 = DIRECTION ( 'NONE',  ( -1.000000000000000000, 0.000000000000000000, 0.000000000000000000 ) ) ;
#214 = VECTOR ( 'NONE', #6850, 1000.000000000000000 ) ;
#215 = VECTOR ( 'NONE', #5665, 1000.000000000000000 ) ;
#216 = ORIENTED_EDGE ( 'NONE', *, *, #1856, .T. ) ;
#217 = EDGE_CURVE ( 'NONE', #3421, #246, #155, .T. ) ;
#218 = LINE ( 'NONE', #6573, #3430 ) ;
#219 = VECTOR ( 'NONE', #4967, 1000.000000000000000 ) ;
#220 = DIRECTION ( 'NONE',  ( 0.000000000000000000, 0.000000000000000000, -1.000000000000000000 ) ) ;
#221 = CARTESIAN_POINT ( 'NONE',  ( -1.250000000000089928, -5.499999999999279687, -7.400000000000000355 ) ) ;
#222 = CARTESIAN_POINT ( 'NONE',  ( -4.000000000000000000, -6.500000000000000000, -11.79999999999999893 ) ) ;
#223 = CARTESIAN_POINT ( 'NONE',  ( -2.299999999999080114, -2.000000000000110134, -11.79999999999999893 ) ) ;
#224 = ORIENTED_EDGE ( 'NONE', *, *, #476, .F. ) ;
#225 = ORIENTED_EDGE ( 'NONE', *, *, #6896, .T. ) ;
#226 = DIRECTION ( 'NONE',  ( 0.000000000000000000, 0.000000000000000000, 1.000000000000000000 ) ) ;
#227 = VECTOR ( 'NONE', #6493, 1000.000000000000000 ) ;
#228 = ORIENTED_EDGE ( 'NONE', *, *, #6403, .F. ) ;
#229 = LINE ( 'NONE', #150, #1387 ) ;
#230 = DIRECTION ( 'NONE',  ( 0.000000000000000000, 0.000000000000000000, -1.000000000000000000 ) ) ;
#231 = DIRECTION ( 'NONE',  ( -1.000000000000000000, 0.000000000000000000, 0.000000000000000000 ) ) ;
#232 = EDGE_CURVE ( 'NONE', #2197, #4275, #6551, .T. ) ;
#233 = EDGE_CURVE ( 'NONE', #1711, #5747, #5281, .T. ) ;
#234 = VECTOR ( 'NONE', #3725, 1000.000000000000000 ) ;
#235 = CARTESIAN_POINT ( 'NONE',  ( 1.592929151026047263, -2.601226433927722237, -11.04333011884747684 ) ) ;
#236 = EDGE_LOOP ( 'NONE', ( #5853, #6606, #5730, #1333 ) ) ;
#237 = AXIS2_PLACEMENT_3D ( 'NONE', #3475, #5654, #2957 ) ;
#238 = CARTESIAN_POINT ( 'NONE',  ( 2.499999999999950262, 2.400000000000960032, -2.550000000000000266 ) ) ;
#239 = CIRCLE ( 'NONE', #907, 0.5000000000000004441 ) ;
#240 = VERTEX_POINT ( 'NONE', #5836 ) ;
#241 = CARTESIAN_POINT ( 'NONE',  ( 1.900000000000900080, -5.299999999999280398, -11.90000000000000036 ) ) ;
#242 = ORIENTED_EDGE ( 'NONE', *, *, #4422, .T. ) ;
#243 = PLANE ( 'NONE',  #5792 ) ;
#244 = EDGE_LOOP ( 'NONE', ( #4613, #2331, #5655, #5465 ) ) ;
#245 = DIRECTION ( 'NONE',  ( 0.000000000000000000, 0.000000000000000000, -1.000000000000000000 ) ) ;
#246 = VERTEX_POINT ( 'NONE', #5413 ) ;
#247 = LINE ( 'NONE', #2407, #1579 ) ;
#248 = EDGE_CURVE ( 'NONE', #6274, #4942, #1080, .T. ) ;
#249 = DIRECTION ( 'NONE',  ( 1.000000000000000000, 0.000000000000000000, 0.000000000000000000 ) ) ;
#250 = ORIENTED_EDGE ( 'NONE', *, *, #4459, .F. ) ;
#251 = FACE_OUTER_BOUND ( 'NONE', #4450, .T. ) ;
#252 = CARTESIAN_POINT ( 'NONE',  ( 4.499999999999949374, 4.299999999999919886, -1.000000000000000000 ) ) ;
#253 = CARTESIAN_POINT ( 'NONE',  ( -1.199999999999929789, -3.100000000000049827, -13.41999999999999993 ) ) ;
#254 = ORIENTED_EDGE ( 'NONE', *, *, #2062, .T. ) ;
#255 = DIRECTION ( 'NONE',  ( 0.000000000000000000, 0.000000000000000000, -1.000000000000000000 ) ) ;
#256 = LINE ( 'NONE', #2416, #1384 ) ;
#257 = LINE ( 'NONE', #5489, #344 ) ;
#258 = CARTESIAN_POINT ( 'NONE',  ( 2.912473175842134943, -1.199999999999999956, -9.400000000000000355 ) ) ;
#259 = CARTESIAN_POINT ( 'NONE',  ( -3.469446951953609850E-15, -2.964743053460099809, -10.45473218451790132 ) ) ;
#260 = EDGE_LOOP ( 'NONE', ( #6690, #3782, #1510, #5082, #3665, #3012, #1121, #6186, #3058, #6598, #6602, #3041, #5149, #6451, #2515, #6218 ) ) ;
#261 = ORIENTED_EDGE ( 'NONE', *, *, #1186, .T. ) ;
#262 = VECTOR ( 'NONE', #2299, 1000.000000000000000 ) ;
#263 = ORIENTED_EDGE ( 'NONE', *, *, #6107, .F. ) ;
#264 = LINE ( 'NONE', #1905, #835 ) ;
#265 = PLANE ( 'NONE',  #5119 ) ;
#266 = EDGE_CURVE ( 'NONE', #1280, #5791, #3516, .T. ) ;
#267 = DIRECTION ( 'NONE',  ( 0.000000000000000000, 1.000000000000000000, 0.000000000000000000 ) ) ;
#268 = DIRECTION ( 'NONE',  ( 0.000000000000000000, 0.000000000000000000, 1.000000000000000000 ) ) ;
#269 = ORIENTED_EDGE ( 'NONE', *, *, #2353, .T. ) ;
#270 = CARTESIAN_POINT ( 'NONE',  ( 2.090790021169710133, -2.559999999999079900, -2.779157999888000052 ) ) ;
#271 = EDGE_LOOP ( 'NONE', ( #597, #2846, #4886, #2002 ) ) ;
#272 = VECTOR ( 'NONE', #4219, 1000.000000000000000 ) ;
#273 = DIRECTION ( 'NONE',  ( 1.000000000000000000, 0.000000000000000000, 0.000000000000000000 ) ) ;
#274 = FACE_OUTER_BOUND ( 'NONE', #3859, .T. ) ;
#275 = EDGE_LOOP ( 'NONE', ( #2182, #6295, #4780, #224 ) ) ;
#276 = CARTESIAN_POINT ( 'NONE',  ( -2.026786536416639972, -2.236097133178304830, -4.992430623593920203 ) ) ;
#277 = ORIENTED_EDGE ( 'NONE', *, *, #618, .T. ) ;
#278 = FACE_OUTER_BOUND ( 'NONE', #6876, .T. ) ;
#279 = ORIENTED_EDGE ( 'NONE', *, *, #5328, .T. ) ;
#280 = ADVANCED_FACE ( 'NONE', ( #6399 ), #3680, .T. ) ;
#281 = DIRECTION ( 'NONE',  ( 0.000000000000000000, 0.000000000000000000, -1.000000000000000000 ) ) ;
#282 = CARTESIAN_POINT ( 'NONE',  ( -3.899999999999839595, 0.04999999999993919725, -13.40000000000000036 ) ) ;
#283 = ADVANCED_FACE ( 'NONE', ( #2726 ), #5279, .F. ) ;
#284 = ORIENTED_EDGE ( 'NONE', *, *, #4507, .T. ) ;
#285 = B_SPLINE_CURVE_WITH_KNOTS ( 'NONE', 3,
 ( #4169, #4271, #435, #3142, #5845, #5773, #3177, #6832, #2176 ),
 .UNSPECIFIED., .F., .F.,
 ( 4, 1, 2, 2, 4 ),
 ( 0.8831279853969520310, 0.9123459890477140233, 0.9269549908730950749, 0.9415639926984760155, 1.000000000000000000 ),
 .UNSPECIFIED. ) ;
#286 = CARTESIAN_POINT ( 'NONE',  ( 1.479999999999979998, -9.820000000000000284, -13.78000000000000114 ) ) ;
#287 = EDGE_CURVE ( 'NONE', #5273, #1288, #810, .T. ) ;
#288 = DIRECTION ( 'NONE',  ( -1.000000000000000000, 0.000000000000000000, 0.000000000000000000 ) ) ;
#289 = FACE_OUTER_BOUND ( 'NONE', #5564, .T. ) ;
#290 = VERTEX_POINT ( 'NONE', #3243 ) ;
#291 = PLANE ( 'NONE',  #532 ) ;
#292 = EDGE_CURVE ( 'NONE', #5748, #4501, #6138, .T. ) ;
#293 = DIRECTION ( 'NONE',  ( 0.000000000000000000, 0.000000000000000000, -1.000000000000000000 ) ) ;
#294 = CARTESIAN_POINT ( 'NONE',  ( -0.9743495587246654432, -5.299999999999281286, -5.360729261695157177 ) ) ;
#295 = CARTESIAN_POINT ( 'NONE',  ( 2.893368467666121546, -1.199999999999979972, -9.534094394794109917 ) ) ;
#296 = ORIENTED_EDGE ( 'NONE', *, *, #3072, .F. ) ;
#297 = ORIENTED_EDGE ( 'NONE', *, *, #5416, .F. ) ;
#298 = FACE_OUTER_BOUND ( 'NONE', #3739, .T. ) ;
#299 = ORIENTED_EDGE ( 'NONE', *, *, #2246, .F. ) ;
#300 = CARTESIAN_POINT ( 'NONE',  ( 1.189204713810657399, -10.43564973953104591, -7.799999999999999822 ) ) ;
#301 = CARTESIAN_POINT ( 'NONE',  ( 18.18468237128199760, -5.699999999999820766, -7.799999999998889599 ) ) ;
#302 = DIRECTION ( 'NONE',  ( 0.000000000000000000, 1.000000000000000000, 0.000000000000000000 ) ) ;
#303 = EDGE_LOOP ( 'NONE', ( #4173, #4706, #674, #1689 ) ) ;
#304 = ADVANCED_FACE ( 'NONE', ( #4816 ), #5381, .T. ) ;
#305 = CARTESIAN_POINT ( 'NONE',  ( 4.292893218813451206, -6.292893218813510714, 1.283108069837011881E-15 ) ) ;
#306 = B_SPLINE_CURVE_WITH_KNOTS ( 'NONE', 3,
 ( #3236, #2900, #4993, #1290, #1740, #2341, #5034, #6642, #771 ),
 .UNSPECIFIED., .F., .F.,
 ( 4, 1, 2, 2, 4 ),
 ( 0.000000000000000000, 0.2500000000000010547, 0.3750000000000015543, 0.5000000000000021094, 1.000000000000000000 ),
 .UNSPECIFIED. ) ;
#307 = VECTOR ( 'NONE', #718, 1000.000000000000000 ) ;
#308 = DIRECTION ( 'NONE',  ( 0.000000000000000000, 0.000000000000000000, 1.000000000000000000 ) ) ;
#309 = DIRECTION ( 'NONE',  ( 0.000000000000000000, -1.000000000000000000, 0.000000000000000000 ) ) ;
#310 = ORIENTED_EDGE ( 'NONE', *, *, #6226, .T. ) ;
#311 = ORIENTED_EDGE ( 'NONE', *, *, #4527, .T. ) ;
#312 = CARTESIAN_POINT ( 'NONE',  ( 0.000000000000000000, 0.000000000000000000, 0.000000000000000000 ) ) ;
#313 = VERTEX_POINT ( 'NONE', #4266 ) ;
#314 = CARTESIAN_POINT ( 'NONE',  ( -0.9999999999991159294, -5.299999999999280398, -5.100000000001030820 ) ) ;
#315 = CARTESIAN_POINT ( 'NONE',  ( 2.942893218813430245, 1.463191872351498837E-08, -9.900000000000018119 ) ) ;
#316 = AXIS2_PLACEMENT_3D ( 'NONE', #32, #5312, #1081 ) ;
#317 = ORIENTED_EDGE ( 'NONE', *, *, #94, .F. ) ;
#318 = DIRECTION ( 'NONE',  ( 0.000000000000000000, 0.8660254037844552499, -0.4999999999999712452 ) ) ;
#319 = CARTESIAN_POINT ( 'NONE',  ( 2.090790021169699919, -2.559999999999064801, -11.79999999999999893 ) ) ;
#320 = CARTESIAN_POINT ( 'NONE',  ( -4.150000000000000355, 0.000000000000000000, -11.79999999999999893 ) ) ;
#321 = EDGE_CURVE ( 'NONE', #902, #406, #5298, .T. ) ;
#322 = ADVANCED_FACE ( 'NONE', ( #2624, #2203 ), #5915, .F. ) ;
#323 = VECTOR ( 'NONE', #3645, 1000.000000000000000 ) ;
#324 = ORIENTED_EDGE ( 'NONE', *, *, #476, .T. ) ;
#325 = CARTESIAN_POINT ( 'NONE',  ( 2.009600286187950058, -3.063158890845960158, -6.648336370488499902 ) ) ;
#326 = VECTOR ( 'NONE', #4213, 1000.000000000000000 ) ;
#327 = DIRECTION ( 'NONE',  ( -1.000000000000000000, 0.000000000000000000, 0.000000000000000000 ) ) ;
#328 = DIRECTION ( 'NONE',  ( 0.000000000000000000, 0.000000000000000000, 1.000000000000000000 ) ) ;
#329 = DIRECTION ( 'NONE',  ( -1.000000000000000000, 0.000000000000000000, 0.000000000000000000 ) ) ;
#330 = AXIS2_PLACEMENT_3D ( 'NONE', #5552, #2043, #4509 ) ;
#331 = VERTEX_POINT ( 'NONE', #4680 ) ;
#332 = ORIENTED_EDGE ( 'NONE', *, *, #47, .T. ) ;
#333 = EDGE_CURVE ( 'NONE', #5529, #1841, #6321, .T. ) ;
#334 = DIRECTION ( 'NONE',  ( 0.000000000000000000, 0.000000000000000000, -1.000000000000000000 ) ) ;
#335 = CIRCLE ( 'NONE', #5689, 0.5000000000000000000 ) ;
#336 = DIRECTION ( 'NONE',  ( 1.000000000000000000, 0.000000000000000000, 0.000000000000000000 ) ) ;
#337 = CARTESIAN_POINT ( 'NONE',  ( 2.039589840463598147, -3.177138823095324582, -6.250834838226801971 ) ) ;
#338 = FACE_OUTER_BOUND ( 'NONE', #5811, .T. ) ;
#339 = AXIS2_PLACEMENT_3D ( 'NONE', #2776, #2702, #4349 ) ;
#340 = ORIENTED_EDGE ( 'NONE', *, *, #2364, .T. ) ;
#341 = CARTESIAN_POINT ( 'NONE',  ( 4.500000000000002665, -6.000000000000062172, -0.5000000000000000000 ) ) ;
#342 = VECTOR ( 'NONE', #4478, 1000.000000000000000 ) ;
#343 = LINE ( 'NONE', #5058, #70 ) ;
#344 = VECTOR ( 'NONE', #6648, 1000.000000000000000 ) ;
#345 = LINE ( 'NONE', #2475, #4242 ) ;
#346 = EDGE_LOOP ( 'NONE', ( #6323, #1883, #2186, #3546, #2064, #4188, #701, #310 ) ) ;
#347 = VERTEX_POINT ( 'NONE', #2000 ) ;
#348 = CARTESIAN_POINT ( 'NONE',  ( 3.650000000000929834, -5.500000000000000000, -11.79999999999999893 ) ) ;
#349 = ORIENTED_EDGE ( 'NONE', *, *, #3696, .F. ) ;
#350 = AXIS2_PLACEMENT_3D ( 'NONE', #554, #2685, #4256 ) ;
#351 = DIRECTION ( 'NONE',  ( -0.000000000000000000, 1.000000000000000000, 0.000000000000000000 ) ) ;
#352 = CARTESIAN_POINT ( 'NONE',  ( -3.149999999999998579, 7.715274834628323406E-16, -9.692893218813461331 ) ) ;
#353 = ORIENTED_EDGE ( 'NONE', *, *, #3723, .F. ) ;
#354 = VECTOR ( 'NONE', #309, 1000.000000000000000 ) ;
#355 = DIRECTION ( 'NONE',  ( -1.000000000000000000, 0.000000000000000000, 0.000000000000000000 ) ) ;
#356 = CARTESIAN_POINT ( 'NONE',  ( -2.013238856752635364, -2.035731848060322591, -4.933750414355078107 ) ) ;
#357 = LINE ( 'NONE', #3091, #5775 ) ;
#358 = ORIENTED_EDGE ( 'NONE', *, *, #1950, .T. ) ;
#359 = CARTESIAN_POINT ( 'NONE',  ( -4.500000000000000000, -6.000000000000000000, -0.5000000000000000000 ) ) ;
#360 = CARTESIAN_POINT ( 'NONE',  ( 2.750000000000899725, -4.208418032298775202, -1.955662937369630150 ) ) ;
#361 = PLANE ( 'NONE',  #3015 ) ;
#362 = DIRECTION ( 'NONE',  ( 0.000000000000000000, 0.000000000000000000, -1.000000000000000000 ) ) ;
#363 = VERTEX_POINT ( 'NONE', #3067 ) ;
#364 = ORIENTED_EDGE ( 'NONE', *, *, #6592, .T. ) ;
#365 = CARTESIAN_POINT ( 'NONE',  ( 2.289217213497130032, -2.199999999999130207, -2.779157999888000052 ) ) ;
#366 = CARTESIAN_POINT ( 'NONE',  ( 0.03799085093867619195, -2.699176050829017459, -10.03108766364310966 ) ) ;
#367 = DIRECTION ( 'NONE',  ( 0.000000000000000000, 0.000000000000000000, 1.000000000000000000 ) ) ;
#368 = CARTESIAN_POINT ( 'NONE',  ( 1.550000000000050004, -3.350000000000000089, -13.44999999999999929 ) ) ;
#369 = EDGE_CURVE ( 'NONE', #1901, #1904, #4132, .T. ) ;
#370 = AXIS2_PLACEMENT_3D ( 'NONE', #4971, #1302, #5007 ) ;
#371 = EDGE_LOOP ( 'NONE', ( #2985, #4657, #3063, #2356 ) ) ;
#372 = DIRECTION ( 'NONE',  ( -1.000000000000000000, 0.000000000000000000, 0.000000000000000000 ) ) ;
#373 = VECTOR ( 'NONE', #2588, 1000.000000000000000 ) ;
#374 = CARTESIAN_POINT ( 'NONE',  ( -1.479999999999999982, -9.539807621135009796, -13.78000000000000114 ) ) ;
#375 = CARTESIAN_POINT ( 'NONE',  ( -9.662512969806918761, -7.257512886940039820, -13.41999999999999993 ) ) ;
#376 = VERTEX_POINT ( 'NONE', #4711 ) ;
#377 = ORIENTED_EDGE ( 'NONE', *, *, #925, .T. ) ;
#378 = DIRECTION ( 'NONE',  ( 0.000000000000000000, 0.000000000000000000, 1.000000000000000000 ) ) ;
#379 = VERTEX_POINT ( 'NONE', #972 ) ;
#380 = CARTESIAN_POINT ( 'NONE',  ( -1.550000000000830047, -3.350000000000000089, -14.40000000000000036 ) ) ;
#381 = DIRECTION ( 'NONE',  ( 1.000000000000000000, 0.000000000000000000, 0.000000000000000000 ) ) ;
#382 = CIRCLE ( 'NONE', #2829, 1.199999999999929789 ) ;
#383 = ORIENTED_EDGE ( 'NONE', *, *, #266, .F. ) ;
#384 = LINE ( 'NONE', #4178, #1113 ) ;
#385 = CARTESIAN_POINT ( 'NONE',  ( 8.847089727481720220E-13, -5.500000000000000000, -7.400000000000000355 ) ) ;
#386 = VECTOR ( 'NONE', #4352, 1000.000000000000000 ) ;
#387 = AXIS2_PLACEMENT_3D ( 'NONE', #3295, #6526, #3937 ) ;
#388 = CARTESIAN_POINT ( 'NONE',  ( -1.479999999999979998, -7.460192378863940377, -13.78000000000000114 ) ) ;
#389 = EDGE_CURVE ( 'NONE', #684, #5471, #6234, .T. ) ;
#390 = LINE ( 'NONE', #6785, #6629 ) ;
#391 = DIRECTION ( 'NONE',  ( 1.000000000000000000, 0.000000000000000000, 0.000000000000000000 ) ) ;
#392 = CARTESIAN_POINT ( 'NONE',  ( -1.049999999999889910, -5.538256331734729327E-14, -13.40000000000000036 ) ) ;
#393 = ORIENTED_EDGE ( 'NONE', *, *, #3075, .T. ) ;
#394 = ORIENTED_EDGE ( 'NONE', *, *, #1700, .T. ) ;
#395 =( NAMED_UNIT ( * ) SI_UNIT ( $, .STERADIAN. ) SOLID_ANGLE_UNIT ( ) );
#396 = CARTESIAN_POINT ( 'NONE',  ( -0.1140123099544831098, -2.761658514347421711, -10.00723521517759806 ) ) ;
#397 = ADVANCED_FACE ( 'NONE', ( #1532 ), #6724, .T. ) ;
#398 = AXIS2_PLACEMENT_3D ( 'NONE', #2737, #2146, #6408 ) ;
#399 = DIRECTION ( 'NONE',  ( 0.000000000000000000, 0.000000000000000000, 1.000000000000000000 ) ) ;
#400 = DIRECTION ( 'NONE',  ( 1.000000000000000000, 0.000000000000000000, 0.000000000000000000 ) ) ;
#401 = ADVANCED_FACE ( 'NONE', ( #4186 ), #5795, .T. ) ;
#402 = VERTEX_POINT ( 'NONE', #6824 ) ;
#403 = EDGE_CURVE ( 'NONE', #3272, #81, #5145, .T. ) ;
#404 = ADVANCED_FACE ( 'NONE', ( #5676 ), #887, .F. ) ;
#405 = CARTESIAN_POINT ( 'NONE',  ( 3.200000000000980283, -1.199999999999979972, -9.750000000000000000 ) ) ;
#406 = VERTEX_POINT ( 'NONE', #1932 ) ;
#407 = ORIENTED_EDGE ( 'NONE', *, *, #94, .T. ) ;
#408 = LINE ( 'NONE', #6837, #3560 ) ;
#409 = VERTEX_POINT ( 'NONE', #4098 ) ;
#410 = CARTESIAN_POINT ( 'NONE',  ( 1.549999999999829958, -5.500000000000000000, -7.349999999999999645 ) ) ;
#411 = FACE_OUTER_BOUND ( 'NONE', #1962, .T. ) ;
#412 = ORIENTED_EDGE ( 'NONE', *, *, #463, .F. ) ;
#413 = AXIS2_PLACEMENT_3D ( 'NONE', #2879, #1757, #5013 ) ;
#414 = DIRECTION ( 'NONE',  ( 0.000000000000000000, 1.000000000000000000, 0.000000000000000000 ) ) ;
#415 = DIRECTION ( 'NONE',  ( 1.000000000000000000, 0.000000000000000000, 0.000000000000000000 ) ) ;
#416 = CIRCLE ( 'NONE', #3990, 0.5000000000000000000 ) ;
#417 = DIRECTION ( 'NONE',  ( 0.000000000000000000, 1.000000000000000000, 0.000000000000000000 ) ) ;
#418 = ORIENTED_EDGE ( 'NONE', *, *, #3682, .T. ) ;
#419 = CARTESIAN_POINT ( 'NONE',  ( 1.249999999999970246, -8.950740143441688446, -8.266417144082286228 ) ) ;
#420 = DIRECTION ( 'NONE',  ( 0.000000000000000000, 0.000000000000000000, -1.000000000000000000 ) ) ;
#421 = CARTESIAN_POINT ( 'NONE',  ( -1.250000000000089928, -5.299999999999390532, -7.399999999999260503 ) ) ;
#422 = ORIENTED_EDGE ( 'NONE', *, *, #5328, .F. ) ;
#423 = AXIS2_PLACEMENT_3D ( 'NONE', #3158, #1468, #6875 ) ;
#424 = EDGE_CURVE ( 'NONE', #5409, #4177, #1964, .T. ) ;
#425 = ORIENTED_EDGE ( 'NONE', *, *, #2706, .F. ) ;
#426 = DIRECTION ( 'NONE',  ( -1.000000000000000000, 0.000000000000000000, 0.000000000000000000 ) ) ;
#427 = VECTOR ( 'NONE', #1493, 1000.000000000000000 ) ;
#428 = VECTOR ( 'NONE', #5557, 1000.000000000000000 ) ;
#429 = VECTOR ( 'NONE', #230, 1000.000000000000000 ) ;
#430 = CARTESIAN_POINT ( 'NONE',  ( 0.3130321649791333316, -11.27061431531213387, -7.800000000000000711 ) ) ;
#431 = CARTESIAN_POINT ( 'NONE',  ( 1.767263979401265006, -2.812972883729164764, -10.94205167027821979 ) ) ;
#432 = DIRECTION ( 'NONE',  ( 0.000000000000000000, 0.000000000000000000, 1.000000000000000000 ) ) ;
#433 = VERTEX_POINT ( 'NONE', #392 ) ;
#434 = VECTOR ( 'NONE', #4821, 1000.000000000000114 ) ;
#435 = CARTESIAN_POINT ( 'NONE',  ( -2.640414268656834818, -0.2669783659187774938, -9.900000000000000355 ) ) ;
#436 = VECTOR ( 'NONE', #1319, 1000.000000000000000 ) ;
#437 = CARTESIAN_POINT ( 'NONE',  ( 2.750000000000909495, -5.500000000000000000, -1.500072740962019813 ) ) ;
#438 = ORIENTED_EDGE ( 'NONE', *, *, #4956, .F. ) ;
#439 = ORIENTED_EDGE ( 'NONE', *, *, #1165, .T. ) ;
#440 = CARTESIAN_POINT ( 'NONE',  ( 2.289217213497130032, -2.199999999999130207, -9.799999999999998934 ) ) ;
#441 = ORIENTED_EDGE ( 'NONE', *, *, #4730, .T. ) ;
#442 = CARTESIAN_POINT ( 'NONE',  ( -4.500000000000059508, -2.150000000000039879, -11.79999999999999893 ) ) ;
#443 = ORIENTED_EDGE ( 'NONE', *, *, #482, .F. ) ;
#444 = CARTESIAN_POINT ( 'NONE',  ( -1.988926004241350132, -2.056894535381540212, -5.437755051655310368 ) ) ;
#445 = DIRECTION ( 'NONE',  ( 0.000000000000000000, -0.4999999999999610867, -0.8660254037844611341 ) ) ;
#446 = EDGE_CURVE ( 'NONE', #2344, #3802, #2616, .T. ) ;
#447 = CIRCLE ( 'NONE', #667, 1.050000000000000044 ) ;
#448 = PLANE ( 'NONE',  #5772 ) ;
#449 = VECTOR ( 'NONE', #1660, 1000.000000000000000 ) ;
#450 = ORIENTED_EDGE ( 'NONE', *, *, #5127, .F. ) ;
#451 = CARTESIAN_POINT ( 'NONE',  ( 1.249999999999970024, -8.848356442502812058, -8.265513730028716921 ) ) ;
#452 = CARTESIAN_POINT ( 'NONE',  ( -1.549999999999049916, -5.500000000000000000, -7.349999999999999645 ) ) ;
#453 = DIRECTION ( 'NONE',  ( 1.000000000000000000, 0.000000000000000000, 0.000000000000000000 ) ) ;
#454 = ORIENTED_EDGE ( 'NONE', *, *, #6181, .F. ) ;
#455 = ORIENTED_EDGE ( 'NONE', *, *, #6592, .F. ) ;
#456 = CARTESIAN_POINT ( 'NONE',  ( 18.18468237128199760, -8.899999999998740918, -8.175735931287990255 ) ) ;
#457 = CARTESIAN_POINT ( 'NONE',  ( -0.9447026431337507413, -10.87316414641285256, -7.799999999999998934 ) ) ;
#458 = CARTESIAN_POINT ( 'NONE',  ( -0.1121088177076750014, -2.706526339254924807, -10.04149831957634120 ) ) ;
#459 = FACE_OUTER_BOUND ( 'NONE', #271, .T. ) ;
#460 =( NAMED_UNIT ( * ) PLANE_ANGLE_UNIT ( ) SI_UNIT ( $, .RADIAN. ) );
#461 = VERTEX_POINT ( 'NONE', #6201 ) ;
#462 = EDGE_CURVE ( 'NONE', #6167, #6271, #6901, .T. ) ;
#463 = EDGE_CURVE ( 'NONE', #2948, #4024, #1965, .T. ) ;
#464 = CARTESIAN_POINT ( 'NONE',  ( -0.9166666666657703466, -4.208262654782781276, -1.955562034030935203 ) ) ;
#465 = PLANE ( 'NONE',  #6799 ) ;
#466 = CYLINDRICAL_SURFACE ( 'NONE', #4306, 0.2699999999999998512 ) ;
#467 = VERTEX_POINT ( 'NONE', #2551 ) ;
#468 = CYLINDRICAL_SURFACE ( 'NONE', #3988, 0.5000000000000000000 ) ;
#469 = CARTESIAN_POINT ( 'NONE',  ( 18.18468237128199760, -2.906897123192779819, -6.230395288045460056 ) ) ;
#470 = ORIENTED_EDGE ( 'NONE', *, *, #119, .T. ) ;
#471 = LINE ( 'NONE', #6251, #5112 ) ;
#472 = CIRCLE ( 'NONE', #6733, 2.299999999999999822 ) ;
#473 = ORIENTED_EDGE ( 'NONE', *, *, #6458, .T. ) ;
#474 = LINE ( 'NONE', #6450, #5800 ) ;
#475 = CARTESIAN_POINT ( 'NONE',  ( -2.030966181958648420, -3.267201604054243980, -6.561720969311249263 ) ) ;
#476 = EDGE_CURVE ( 'NONE', #5485, #6006, #5760, .T. ) ;
#477 = EDGE_CURVE ( 'NONE', #1233, #2898, #3590, .T. ) ;
#478 = CIRCLE ( 'NONE', #4721, 1.000000000000000000 ) ;
#479 = DIRECTION ( 'NONE',  ( 0.04120792509276909044, 0.8379581950489879416, 0.5441764146485870146 ) ) ;
#480 = EDGE_CURVE ( 'NONE', #2674, #5785, #2585, .T. ) ;
#481 = ORIENTED_EDGE ( 'NONE', *, *, #1555, .F. ) ;
#482 = EDGE_CURVE ( 'NONE', #2529, #1209, #5734, .T. ) ;
#483 = FACE_OUTER_BOUND ( 'NONE', #5319, .T. ) ;
#484 = VECTOR ( 'NONE', #1754, 999.9999999999998863 ) ;
#485 = PRESENTATION_LAYER_ASSIGNMENT (  '', '', ( #3955 ) ) ;
#486 = DIRECTION ( 'NONE',  ( 0.000000000000000000, 0.000000000000000000, 1.000000000000000000 ) ) ;
#487 = DIRECTION ( 'NONE',  ( 0.000000000000000000, 0.000000000000000000, 1.000000000000000000 ) ) ;
#488 = ORIENTED_EDGE ( 'NONE', *, *, #3078, .F. ) ;
#489 = EDGE_CURVE ( 'NONE', #1543, #5188, #4120, .T. ) ;
#490 = ORIENTED_EDGE ( 'NONE', *, *, #1576, .T. ) ;
#491 = DIRECTION ( 'NONE',  ( 1.000000000000000000, 0.000000000000000000, 0.000000000000000000 ) ) ;
#492 = ADVANCED_FACE ( 'NONE', ( #1703 ), #6461, .F. ) ;
#493 = CARTESIAN_POINT ( 'NONE',  ( -2.009700783678886715, -2.199282096071505599, -5.263901188524870989 ) ) ;
#494 = CARTESIAN_POINT ( 'NONE',  ( 1.469576144398566049E-16, 1.199999988095949988, -13.95000000000000107 ) ) ;
#495 = CARTESIAN_POINT ( 'NONE',  ( 0.08997370807476681720, -2.625573177817451587, -10.81168632420674136 ) ) ;
#496 = DIRECTION ( 'NONE',  ( -1.000000000000000000, 0.000000000000000000, 0.000000000000000000 ) ) ;
#497 = LINE ( 'NONE', #3107, #5429 ) ;
#498 = ORIENTED_EDGE ( 'NONE', *, *, #3753, .F. ) ;
#499 = AXIS2_PLACEMENT_3D ( 'NONE', #2135, #4854, #1641 ) ;
#500 = CARTESIAN_POINT ( 'NONE',  ( -2.299999999999080114, -2.000000000000110134, -9.900000000000000355 ) ) ;
#501 = CARTESIAN_POINT ( 'NONE',  ( 3.900000000000130029, -6.049999999999999822, -11.79999999999999893 ) ) ;
#502 = CARTESIAN_POINT ( 'NONE',  ( 18.18468237128199760, -2.781668093412849707, -11.23989685449770093 ) ) ;
#503 = VERTEX_POINT ( 'NONE', #1177 ) ;
#504 = ORIENTED_EDGE ( 'NONE', *, *, #4025, .F. ) ;
#505 = DIRECTION ( 'NONE',  ( 0.000000000000000000, -1.000000000000000000, 0.000000000000000000 ) ) ;
#506 = EDGE_CURVE ( 'NONE', #5124, #3968, #5827, .T. ) ;
#507 = VERTEX_POINT ( 'NONE', #1567 ) ;
#508 = CARTESIAN_POINT ( 'NONE',  ( -9.662512969806918761, -11.59999999999999964, -13.41999999999999993 ) ) ;
#509 = EDGE_LOOP ( 'NONE', ( #762, #983, #690, #2477 ) ) ;
#510 = LINE ( 'NONE', #5327, #1562 ) ;
#511 = DIRECTION ( 'NONE',  ( 0.000000000000000000, 0.000000000000000000, 1.000000000000000000 ) ) ;
#512 = ADVANCED_FACE ( 'NONE', ( #5445 ), #587, .T. ) ;
#513 = PLANE ( 'NONE',  #4559 ) ;
#514 = ORIENTED_EDGE ( 'NONE', *, *, #5263, .F. ) ;
#515 = ADVANCED_FACE ( 'NONE', ( #4776 ), #2195, .T. ) ;
#516 = CARTESIAN_POINT ( 'NONE',  ( -4.500000000000059508, 3.799999999999910116, 0.000000000000000000 ) ) ;
#517 = CARTESIAN_POINT ( 'NONE',  ( -1.479999999999979998, -7.635192378864010365, -13.73310889132458001 ) ) ;
#518 = DIRECTION ( 'NONE',  ( 0.000000000000000000, 0.000000000000000000, -1.000000000000000000 ) ) ;
#519 = EDGE_CURVE ( 'NONE', #2948, #3909, #3305, .T. ) ;
#520 = EDGE_LOOP ( 'NONE', ( #6265, #5030, #6235, #6040 ) ) ;
#521 = EDGE_LOOP ( 'NONE', ( #6010, #4810, #1292, #2979 ) ) ;
#522 = CARTESIAN_POINT ( 'NONE',  ( -0.1583013641705987018, -11.29987030249282753, -7.599999999999870859 ) ) ;
#523 = CARTESIAN_POINT ( 'NONE',  ( -1.128016328966315651, -10.58910593284229051, -7.800000000000000711 ) ) ;
#524 = CIRCLE ( 'NONE', #2648, 1.050000000000000044 ) ;
#525 = DIRECTION ( 'NONE',  ( 0.000000000000000000, 0.000000000000000000, -1.000000000000000000 ) ) ;
#526 = CARTESIAN_POINT ( 'NONE',  ( -0.2009904935187865060, -2.702920187785689432, -10.07577868192379889 ) ) ;
#527 = CARTESIAN_POINT ( 'NONE',  ( -1.250000000000089928, -8.241421356236900309, -7.658578643762970373 ) ) ;
#528 = FACE_OUTER_BOUND ( 'NONE', #4635, .T. ) ;
#529 = ADVANCED_FACE ( 'NONE', ( #4325 ), #4742, .T. ) ;
#530 = ORIENTED_EDGE ( 'NONE', *, *, #2770, .F. ) ;
#531 = PLANE ( 'NONE',  #2489 ) ;
#532 = AXIS2_PLACEMENT_3D ( 'NONE', #2905, #5037, #1855 ) ;
#533 = CARTESIAN_POINT ( 'NONE',  ( 2.750000000000909495, -4.111624435740910855, -1.748839756839455140 ) ) ;
#534 = CYLINDRICAL_SURFACE ( 'NONE', #5224, 1.250000000000300204 ) ;
#535 = AXIS2_PLACEMENT_3D ( 'NONE', #1407, #362, #6264 ) ;
#536 = PLANE ( 'NONE',  #1418 ) ;
#537 = VERTEX_POINT ( 'NONE', #4845 ) ;
#538 = DIRECTION ( 'NONE',  ( 0.000000000000000000, 1.000000000000000000, 0.000000000000000000 ) ) ;
#539 = VECTOR ( 'NONE', #4725, 1000.000000000000000 ) ;
#540 = CYLINDRICAL_SURFACE ( 'NONE', #100, 1.050000000000000044 ) ;
#541 = ORIENTED_EDGE ( 'NONE', *, *, #4077, .T. ) ;
#542 = LINE ( 'NONE', #5998, #5215 ) ;
#543 = EDGE_LOOP ( 'NONE', ( #3601, #816, #1790, #394 ) ) ;
#544 = AXIS2_PLACEMENT_3D ( 'NONE', #3629, #4238, #3704 ) ;
#545 = CARTESIAN_POINT ( 'NONE',  ( 4.499999999999949374, 3.799999999999910116, -3.500000000000000000 ) ) ;
#546 = CARTESIAN_POINT ( 'NONE',  ( 1.199999999999929789, 0.000000000000000000, -13.95000000000000107 ) ) ;
#547 = LINE ( 'NONE', #619, #4677 ) ;
#548 = AXIS2_PLACEMENT_3D ( 'NONE', #4147, #6275, #3117 ) ;
#549 = LINE ( 'NONE', #4804, #2938 ) ;
#550 = DIRECTION ( 'NONE',  ( 0.000000000000000000, 1.000000000000000000, 0.000000000000000000 ) ) ;
#551 = ORIENTED_EDGE ( 'NONE', *, *, #699, .F. ) ;
#552 = EDGE_CURVE ( 'NONE', #5110, #6529, #3204, .T. ) ;
#553 = DIRECTION ( 'NONE',  ( -1.000000000000000000, 0.000000000000000000, 0.000000000000000000 ) ) ;
#554 = CARTESIAN_POINT ( 'NONE',  ( -1.499999999999830136, -5.349999999999999645, -13.44999999999999929 ) ) ;
#555 = LINE ( 'NONE', #1107, #2112 ) ;
#556 = AXIS2_PLACEMENT_3D ( 'NONE', #3241, #5379, #593 ) ;
#557 = VERTEX_POINT ( 'NONE', #4881 ) ;
#558 = CARTESIAN_POINT ( 'NONE',  ( 18.18468237128199760, -2.582763714337614758, -11.21899116184404122 ) ) ;
#559 = CIRCLE ( 'NONE', #6155, 0.3600000000000000977 ) ;
#560 = DIRECTION ( 'NONE',  ( -0.8543394976758417192, 0.5197153285318708571, 0.000000000000000000 ) ) ;
#561 = CARTESIAN_POINT ( 'NONE',  ( 0.000000000000000000, -5.150000000000099831, -11.79999999999999893 ) ) ;
#562 = DIRECTION ( 'NONE',  ( 1.000000000000000000, 0.000000000000000000, 0.000000000000000000 ) ) ;
#563 = PLANE ( 'NONE',  #5880 ) ;
#564 = EDGE_CURVE ( 'NONE', #5418, #6191, #4221, .T. ) ;
#565 = LINE ( 'NONE', #6776, #3138 ) ;
#566 = DIRECTION ( 'NONE',  ( 0.000000000000000000, 0.7071067811869580222, -0.7071067811861369012 ) ) ;
#567 = EDGE_CURVE ( 'NONE', #3222, #2915, #24, .T. ) ;
#568 = DIRECTION ( 'NONE',  ( 0.000000000000000000, 0.000000000000000000, 1.000000000000000000 ) ) ;
#569 = CARTESIAN_POINT ( 'NONE',  ( -4.000000000000000000, 3.799999999999910116, 8.673617379884030542E-16 ) ) ;
#570 = ORIENTED_EDGE ( 'NONE', *, *, #5955, .F. ) ;
#571 = CARTESIAN_POINT ( 'NONE',  ( 4.000000000000000000, -6.500000000000000000, -11.79999999999999893 ) ) ;
#572 = LINE ( 'NONE', #4864, #4227 ) ;
#573 = EDGE_LOOP ( 'NONE', ( #5625, #441, #4622, #6819 ) ) ;
#574 = LINE ( 'NONE', #611, #5555 ) ;
#575 = ORIENTED_EDGE ( 'NONE', *, *, #4922, .F. ) ;
#576 = CARTESIAN_POINT ( 'NONE',  ( -4.000000000000000000, 4.299999999999919886, -1.000000000000000000 ) ) ;
#577 = EDGE_LOOP ( 'NONE', ( #4540, #4871 ) ) ;
#578 = CARTESIAN_POINT ( 'NONE',  ( -2.028242630948734693, -3.267738536803629135, -6.615245505653480684 ) ) ;
#579 = CARTESIAN_POINT ( 'NONE',  ( -1.767385659580525070, -2.813193008876099910, -10.93995731940469973 ) ) ;
#580 = VECTOR ( 'NONE', #2661, 1000.000000000000000 ) ;
#581 = DIRECTION ( 'NONE',  ( 1.000000000000000000, 0.000000000000000000, 0.000000000000000000 ) ) ;
#582 = LINE ( 'NONE', #4841, #3874 ) ;
#583 = ORIENTED_EDGE ( 'NONE', *, *, #6373, .F. ) ;
#584 = AXIS2_PLACEMENT_3D ( 'NONE', #2036, #491, #2650 ) ;
#585 = CARTESIAN_POINT ( 'NONE',  ( 0.4038432047111394918, -4.761557278767885037, -5.484640381139160858 ) ) ;
#586 = CARTESIAN_POINT ( 'NONE',  ( 4.500000000000059508, -2.559999999999050146, -9.799999999999998934 ) ) ;
#587 = PLANE ( 'NONE',  #1998 ) ;
#588 = ORIENTED_EDGE ( 'NONE', *, *, #2141, .T. ) ;
#589 = ADVANCED_FACE ( 'NONE', ( #4367 ), #6499, .F. ) ;
#590 = CARTESIAN_POINT ( 'NONE',  ( 1.250000000000150546, -10.20932957137097397, -7.599999999999870859 ) ) ;
#591 = VECTOR ( 'NONE', #336, 1000.000000000000000 ) ;
#592 = CARTESIAN_POINT ( 'NONE',  ( 1.200000000000089884, 2.299999999999999822, -13.78000000000000114 ) ) ;
#593 = DIRECTION ( 'NONE',  ( 1.000000000000000000, 0.000000000000000000, 0.000000000000000000 ) ) ;
#594 = CARTESIAN_POINT ( 'NONE',  ( 1.777709254451915077, -2.659722563033235065, -10.48677662737560112 ) ) ;
#595 = DIRECTION ( 'NONE',  ( 0.000000000000000000, 0.000000000000000000, -1.000000000000000000 ) ) ;
#596 = DIRECTION ( 'NONE',  ( 1.000000000000000000, 0.000000000000000000, 0.000000000000000000 ) ) ;
#597 = ORIENTED_EDGE ( 'NONE', *, *, #3033, .T. ) ;
#598 = AXIS2_PLACEMENT_3D ( 'NONE', #3494, #2869, #1227 ) ;
#599 = CARTESIAN_POINT ( 'NONE',  ( 1.249999999999948708, -8.978539816339356605, -8.475735931287999847 ) ) ;
#600 = VERTEX_POINT ( 'NONE', #6920 ) ;
#601 = EDGE_CURVE ( 'NONE', #5193, #1793, #2126, .T. ) ;
#602 = CARTESIAN_POINT ( 'NONE',  ( 3.900000000000130029, -3.350000000000000089, -14.40000000000000036 ) ) ;
#603 = EDGE_CURVE ( 'NONE', #6533, #3085, #6390, .T. ) ;
#604 = DIRECTION ( 'NONE',  ( 1.000000000000000000, 0.000000000000000000, 0.000000000000000000 ) ) ;
#605 = CARTESIAN_POINT ( 'NONE',  ( 4.000000000000000000, -6.000000000000000000, 0.000000000000000000 ) ) ;
#606 = ORIENTED_EDGE ( 'NONE', *, *, #4451, .T. ) ;
#607 = EDGE_CURVE ( 'NONE', #2883, #2419, #2888, .T. ) ;
#608 = FACE_OUTER_BOUND ( 'NONE', #5757, .T. ) ;
#609 = DIRECTION ( 'NONE',  ( 1.000000000000000000, 0.000000000000000000, 0.000000000000000000 ) ) ;
#610 = EDGE_LOOP ( 'NONE', ( #3442, #1408, #4008, #4254 ) ) ;
#611 = CARTESIAN_POINT ( 'NONE',  ( -1.199999999999929789, 1.469576158976738011E-16, -14.09999999999999964 ) ) ;
#612 = VERTEX_POINT ( 'NONE', #5338 ) ;
#613 = EDGE_CURVE ( 'NONE', #1933, #5511, #555, .T. ) ;
#614 = DIRECTION ( 'NONE',  ( 0.000000000000000000, 1.000000000000000000, 0.000000000000000000 ) ) ;
#615 = ORIENTED_EDGE ( 'NONE', *, *, #648, .T. ) ;
#616 = CARTESIAN_POINT ( 'NONE',  ( 1.249999999999970024, -8.829289321880070318, -8.246446609406261175 ) ) ;
#617 = AXIS2_PLACEMENT_3D ( 'NONE', #903, #4663, #2017 ) ;
#618 = EDGE_CURVE ( 'NONE', #1199, #5656, #3237, .T. ) ;
#619 = CARTESIAN_POINT ( 'NONE',  ( -3.899999999999889777, 0.04999999999993949562, -13.44999999999999929 ) ) ;
#620 = LINE ( 'NONE', #4951, #5210 ) ;
#621 = FACE_OUTER_BOUND ( 'NONE', #6768, .T. ) ;
#622 = ORIENTED_EDGE ( 'NONE', *, *, #3044, .F. ) ;
#623 = CARTESIAN_POINT ( 'NONE',  ( 0.3146152057864106122, -5.215627809397502368, -6.116796583962115896 ) ) ;
#624 = CARTESIAN_POINT ( 'NONE',  ( 1.075528555105619894E-13, -5.551115123125779547E-14, -13.41999999999999993 ) ) ;
#625 = CARTESIAN_POINT ( 'NONE',  ( 4.500000000000059508, -2.559999999999050146, -2.779157999888000052 ) ) ;
#626 = B_SPLINE_CURVE_WITH_KNOTS ( 'NONE', 3,
 ( #5833, #5276, #493, #6395, #4747, #3695 ),
 .UNSPECIFIED., .F., .F.,
 ( 4, 2, 4 ),
 ( 0.000000000000000000, 0.5000000000000000000, 1.000000000000000000 ),
 .UNSPECIFIED. ) ;
#627 = VERTEX_POINT ( 'NONE', #6678 ) ;
#628 = CARTESIAN_POINT ( 'NONE',  ( 0.000000000000000000, 0.000000000000000000, -11.79999999999999893 ) ) ;
#629 = VECTOR ( 'NONE', #116, 1000.000000000000114 ) ;
#630 = FACE_OUTER_BOUND ( 'NONE', #4535, .T. ) ;
#631 = EDGE_CURVE ( 'NONE', #6307, #537, #3914, .T. ) ;
#632 = CARTESIAN_POINT ( 'NONE',  ( 3.200000000000980283, -2.150000000000039879, -11.79999999999999893 ) ) ;
#633 = CARTESIAN_POINT ( 'NONE',  ( -2.690679803854535201, -1.199999999999980194, -9.807819840689457891 ) ) ;
#634 = EDGE_LOOP ( 'NONE', ( #5064, #6280, #6426, #5078 ) ) ;
#635 = VECTOR ( 'NONE', #273, 1000.000000000000000 ) ;
#636 = DIRECTION ( 'NONE',  ( 0.000000000000000000, 0.000000000000000000, -1.000000000000000000 ) ) ;
#637 = ORIENTED_EDGE ( 'NONE', *, *, #5872, .F. ) ;
#638 = B_SPLINE_CURVE_WITH_KNOTS ( 'NONE', 3,
 ( #5410, #1706, #1743, #4887 ),
 .UNSPECIFIED., .F., .F.,
 ( 4, 4 ),
 ( 0.000000000000000000, 1.000000000000000000 ),
 .UNSPECIFIED. ) ;
#639 = DIRECTION ( 'NONE',  ( -0.02524987779172328806, -0.7311205248564567327, -0.6817809192146127018 ) ) ;
#640 = CARTESIAN_POINT ( 'NONE',  ( 1.032528193925336124, 2.445250724579020041, -9.900000000000000355 ) ) ;
#641 = CARTESIAN_POINT ( 'NONE',  ( -1.250000000000089928, -5.700000000000730260, -7.599999999999999645 ) ) ;
#642 = CARTESIAN_POINT ( 'NONE',  ( 4.500000000000000000, -1.100000000000100009, -0.5000000000000000000 ) ) ;
#643 = AXIS2_PLACEMENT_3D ( 'NONE', #1920, #1322, #5066 ) ;
#644 = CARTESIAN_POINT ( 'NONE',  ( 3.200000000000980283, -1.199999999999979972, -11.79999999999999893 ) ) ;
#645 = EDGE_LOOP ( 'NONE', ( #6447, #2219 ) ) ;
#646 = CARTESIAN_POINT ( 'NONE',  ( 1.550000000000050004, -2.514439197769060108, -13.40000000000000036 ) ) ;
#647 = ORIENTED_EDGE ( 'NONE', *, *, #3685, .T. ) ;
#648 = EDGE_CURVE ( 'NONE', #3961, #6562, #2342, .T. ) ;
#649 = VECTOR ( 'NONE', #4735, 1000.000000000000000 ) ;
#650 = CARTESIAN_POINT ( 'NONE',  ( 1.989999970449682465, -2.068032811649323399, -5.434812751575036849 ) ) ;
#651 = ORIENTED_EDGE ( 'NONE', *, *, #1069, .F. ) ;
#652 = CARTESIAN_POINT ( 'NONE',  ( -4.339999999999999858, -2.199999999999130207, -2.779157999888000052 ) ) ;
#653 = EDGE_LOOP ( 'NONE', ( #651, #5638, #4041, #299, #5289, #124, #3672, #1377, #4020, #202, #3370, #3584, #4145 ) ) ;
#654 = LINE ( 'NONE', #2786, #5020 ) ;
#655 = DIRECTION ( 'NONE',  ( 1.000000000000000000, 0.000000000000000000, 0.000000000000000000 ) ) ;
#656 = CARTESIAN_POINT ( 'NONE',  ( 3.900000000000130029, -6.049999999999999822, -13.44999999999999929 ) ) ;
#657 = VECTOR ( 'NONE', #4791, 1000.000000000000000 ) ;
#658 = VERTEX_POINT ( 'NONE', #134 ) ;
#659 = DIRECTION ( 'NONE',  ( -0.000000000000000000, 1.000000000000000000, 0.000000000000000000 ) ) ;
#660 = EDGE_CURVE ( 'NONE', #2567, #4682, #2268, .T. ) ;
#661 = FACE_OUTER_BOUND ( 'NONE', #3497, .T. ) ;
#662 = DIRECTION ( 'NONE',  ( 1.000000000000000000, 0.000000000000000000, 0.000000000000000000 ) ) ;
#663 = VECTOR ( 'NONE', #1518, 1000.000000000000000 ) ;
#664 = ORIENTED_EDGE ( 'NONE', *, *, #2130, .T. ) ;
#665 = CARTESIAN_POINT ( 'NONE',  ( -3.200000000000000178, -5.500000000000000000, -5.299999999999999822 ) ) ;
#666 = VECTOR ( 'NONE', #2304, 1000.000000000000000 ) ;
#667 = AXIS2_PLACEMENT_3D ( 'NONE', #3760, #6460, #5943 ) ;
#668 = FACE_OUTER_BOUND ( 'NONE', #6636, .T. ) ;
#669 = CARTESIAN_POINT ( 'NONE',  ( 0.3921533433015807479, -2.679596472397149487, -10.29768901055715880 ) ) ;
#670 = ORIENTED_EDGE ( 'NONE', *, *, #6502, .F. ) ;
#671 = ORIENTED_EDGE ( 'NONE', *, *, #5285, .F. ) ;
#672 = DIRECTION ( 'NONE',  ( 0.000000000000000000, 0.000000000000000000, 1.000000000000000000 ) ) ;
#673 = VECTOR ( 'NONE', #6489, 1000.000000000000000 ) ;
#674 = ORIENTED_EDGE ( 'NONE', *, *, #389, .T. ) ;
#675 = CARTESIAN_POINT ( 'NONE',  ( -1.250000000000101696, -8.743404002370652961, -8.443404002370925809 ) ) ;
#676 = CARTESIAN_POINT ( 'NONE',  ( -4.000000000000000000, -6.500000000000000000, -11.79999999999999893 ) ) ;
#677 = CARTESIAN_POINT ( 'NONE',  ( 1.110223024625159948E-13, 0.04999999999993899602, -13.44999999999999929 ) ) ;
#678 = DIRECTION ( 'NONE',  ( 0.000000000000000000, 1.000000000000000000, 0.000000000000000000 ) ) ;
#679 = CARTESIAN_POINT ( 'NONE',  ( 1.513100616469857274, -2.592507949979882653, -11.12628095261560723 ) ) ;
#680 = ORIENTED_EDGE ( 'NONE', *, *, #4104, .T. ) ;
#681 = EDGE_CURVE ( 'NONE', #6773, #1862, #6083, .T. ) ;
#682 = PLANE ( 'NONE',  #974 ) ;
#683 = ADVANCED_FACE ( 'NONE', ( #5599 ), #1331, .F. ) ;
#684 = VERTEX_POINT ( 'NONE', #6013 ) ;
#685 = CARTESIAN_POINT ( 'NONE',  ( -4.339999999999999858, -2.559999999999050146, -9.799999999999998934 ) ) ;
#686 = ORIENTED_EDGE ( 'NONE', *, *, #3879, .T. ) ;
#687 = CARTESIAN_POINT ( 'NONE',  ( 2.750000000000909939, -4.855385607022504324, -1.714682910752678868 ) ) ;
#688 = EDGE_LOOP ( 'NONE', ( #1429, #4695, #1691, #225 ) ) ;
#689 = CARTESIAN_POINT ( 'NONE',  ( -1.199999999999929789, -3.100000000000049827, -13.78000000000000114 ) ) ;
#690 = ORIENTED_EDGE ( 'NONE', *, *, #482, .T. ) ;
#691 = PLANE ( 'NONE',  #1817 ) ;
#692 = CARTESIAN_POINT ( 'NONE',  ( 1.574999999999999956, 1.928818708657080112E-16, -10.14999999999999858 ) ) ;
#693 = ORIENTED_EDGE ( 'NONE', *, *, #506, .T. ) ;
#694 = EDGE_CURVE ( 'NONE', #3398, #5511, #4994, .T. ) ;
#695 = CARTESIAN_POINT ( 'NONE',  ( -3.649999999999999911, -5.150000000000099831, -11.79999999999999893 ) ) ;
#696 = DIRECTION ( 'NONE',  ( 0.000000000000000000, 0.000000000000000000, -1.000000000000000000 ) ) ;
#697 = PLANE ( 'NONE',  #2462 ) ;
#698 = VECTOR ( 'NONE', #3578, 1000.000000000000000 ) ;
#699 = EDGE_CURVE ( 'NONE', #6254, #4012, #4439, .T. ) ;
#700 = EDGE_CURVE ( 'NONE', #851, #331, #1368, .T. ) ;
#701 = ORIENTED_EDGE ( 'NONE', *, *, #5817, .T. ) ;
#702 = DIRECTION ( 'NONE',  ( -1.000000000000000000, 0.000000000000000000, 0.000000000000000000 ) ) ;
#703 = VECTOR ( 'NONE', #3532, 1000.000000000000000 ) ;
#704 = ADVANCED_FACE ( 'NONE', ( #1816 ), #3341, .F. ) ;
#705 = CARTESIAN_POINT ( 'NONE',  ( -0.4769906117180051641, -2.235173569842736629, -11.08741575439268345 ) ) ;
#706 = DIRECTION ( 'NONE',  ( 1.000000000000000000, 0.000000000000000000, 0.000000000000000000 ) ) ;
#707 = LINE ( 'NONE', #3457, #6752 ) ;
#708 = LINE ( 'NONE', #2837, #219 ) ;
#709 = ORIENTED_EDGE ( 'NONE', *, *, #1467, .T. ) ;
#710 = VERTEX_POINT ( 'NONE', #1291 ) ;
#711 = EDGE_CURVE ( 'NONE', #4069, #4248, #6368, .T. ) ;
#712 = CARTESIAN_POINT ( 'NONE',  ( 3.149999999999999911, 3.857637417314159731E-16, 0.000000000000000000 ) ) ;
#713 = AXIS2_PLACEMENT_3D ( 'NONE', #4814, #980, #1571 ) ;
#714 = ORIENTED_EDGE ( 'NONE', *, *, #128, .T. ) ;
#715 = LINE ( 'NONE', #1158, #4396 ) ;
#716 = SURFACE_STYLE_FILL_AREA ( #1192 ) ;
#717 = AXIS2_PLACEMENT_3D ( 'NONE', #2318, #1683, #4456 ) ;
#718 = DIRECTION ( 'NONE',  ( 1.000000000000000000, 0.000000000000000000, 0.000000000000000000 ) ) ;
#719 = VERTEX_POINT ( 'NONE', #6569 ) ;
#720 = CARTESIAN_POINT ( 'NONE',  ( 4.000000000000000000, -6.500000000000000000, -0.5000000000000000000 ) ) ;
#721 = ORIENTED_EDGE ( 'NONE', *, *, #3713, .F. ) ;
#722 = CARTESIAN_POINT ( 'NONE',  ( -4.500000000000002665, 4.092893218813362211, -0.4999999999999986677 ) ) ;
#723 = ORIENTED_EDGE ( 'NONE', *, *, #4039, .T. ) ;
#724 = ADVANCED_FACE ( 'NONE', ( #175 ), #772, .T. ) ;
#725 = LINE ( 'NONE', #1769, #5514 ) ;
#726 = ORIENTED_EDGE ( 'NONE', *, *, #4704, .F. ) ;
#727 = DIRECTION ( 'NONE',  ( 1.000000000000000000, 0.000000000000000000, 0.000000000000000000 ) ) ;
#728 = ORIENTED_EDGE ( 'NONE', *, *, #1542, .T. ) ;
#729 = CARTESIAN_POINT ( 'NONE',  ( -2.749999999999090061, -5.500000000000000000, -5.600000000000860290 ) ) ;
#730 = FACE_OUTER_BOUND ( 'NONE', #182, .T. ) ;
#731 = EDGE_LOOP ( 'NONE', ( #2409, #6845, #470, #6130, #3814, #6758 ) ) ;
#732 = VECTOR ( 'NONE', #1652, 1000.000000000000000 ) ;
#733 = ADVANCED_FACE ( 'NONE', ( #5035 ), #1218, .T. ) ;
#734 = CARTESIAN_POINT ( 'NONE',  ( 4.292893218813451206, 4.299999999999911005, -0.2071067811865466290 ) ) ;
#735 = CARTESIAN_POINT ( 'NONE',  ( -2.299999999999895017, -5.522948246745389327E-14, -13.78000000000000114 ) ) ;
#736 = LINE ( 'NONE', #3449, #4896 ) ;
#737 = ORIENTED_EDGE ( 'NONE', *, *, #3654, .F. ) ;
#738 = CARTESIAN_POINT ( 'NONE',  ( 1.900000000000900080, -5.500000000000000000, -7.400000000000000355 ) ) ;
#739 = ADVANCED_FACE ( 'NONE', ( #5484 ), #697, .T. ) ;
#740 = EDGE_CURVE ( 'NONE', #3607, #5110, #736, .T. ) ;
#741 = CARTESIAN_POINT ( 'NONE',  ( -3.469446951953609850E-15, -2.699783421336159783, -10.03070813642793979 ) ) ;
#742 = CARTESIAN_POINT ( 'NONE',  ( 4.000000000000000000, 3.799999999999910116, -1.000000000000000000 ) ) ;
#743 = DIRECTION ( 'NONE',  ( 0.000000000000000000, -1.000000000000000000, 0.000000000000000000 ) ) ;
#744 = CARTESIAN_POINT ( 'NONE',  ( 2.020427002392612525, -2.196935859294359528, -5.052733697185765038 ) ) ;
#745 = VERTEX_POINT ( 'NONE', #5072 ) ;
#746 = VERTEX_POINT ( 'NONE', #2862 ) ;
#747 = DIRECTION ( 'NONE',  ( 0.000000000000000000, 0.000000000000000000, -1.000000000000000000 ) ) ;
#748 = VECTOR ( 'NONE', #3503, 1000.000000000000000 ) ;
#749 = ORIENTED_EDGE ( 'NONE', *, *, #4410, .T. ) ;
#750 = CLOSED_SHELL ( 'NONE', ( #2689, #5067, #3375, #5522, #172, #2504, #5442, #515, #5070, #2886, #2965, #1937, #2577, #1758, #6885, #5218, #512, #6621, #5744 ) ) ;
#751 = DIRECTION ( 'NONE',  ( 0.000000000000000000, 0.000000000000000000, -1.000000000000000000 ) ) ;
#752 = CARTESIAN_POINT ( 'NONE',  ( -1.408928838953739771, 2.245912288528749912, -9.900000000000000355 ) ) ;
#753 = PLANE ( 'NONE',  #413 ) ;
#754 = VECTOR ( 'NONE', #3174, 1000.000000000000000 ) ;
#755 = ORIENTED_EDGE ( 'NONE', *, *, #1069, .T. ) ;
#756 = DIRECTION ( 'NONE',  ( 0.000000000000000000, 0.000000000000000000, 1.000000000000000000 ) ) ;
#757 = ORIENTED_EDGE ( 'NONE', *, *, #6084, .T. ) ;
#758 = VECTOR ( 'NONE', #3324, 1000.000000000000000 ) ;
#759 = CARTESIAN_POINT ( 'NONE',  ( -4.500000000000002665, 3.799999999999910116, -0.2071067811865460739 ) ) ;
#760 = ORIENTED_EDGE ( 'NONE', *, *, #186, .T. ) ;
#761 = DIRECTION ( 'NONE',  ( -0.08810188277370141485, -0.5425211891281140897, 0.8354093712658161586 ) ) ;
#762 = ORIENTED_EDGE ( 'NONE', *, *, #6178, .T. ) ;
#763 = FACE_OUTER_BOUND ( 'NONE', #4416, .T. ) ;
#764 = EDGE_LOOP ( 'NONE', ( #2728, #3042, #3785, #3390 ) ) ;
#765 = LINE ( 'NONE', #207, #5167 ) ;
#766 = CARTESIAN_POINT ( 'NONE',  ( 2.942893218813436018, 5.885786437626864043, -9.900000000000032330 ) ) ;
#767 = AXIS2_PLACEMENT_3D ( 'NONE', #3721, #1066, #3613 ) ;
#768 = ORIENTED_EDGE ( 'NONE', *, *, #2459, .T. ) ;
#769 = VECTOR ( 'NONE', #367, 1000.000000000000000 ) ;
#770 = CARTESIAN_POINT ( 'NONE',  ( 4.292893218813452094, 3.799999999999910116, 8.673617379884028570E-16 ) ) ;
#771 = CARTESIAN_POINT ( 'NONE',  ( -2.749999999999090061, -4.700000903659369733, -1.699610252709139901 ) ) ;
#772 = PLANE ( 'NONE',  #3902 ) ;
#773 = VECTOR ( 'NONE', #566, 1000.000000000000114 ) ;
#774 = EDGE_LOOP ( 'NONE', ( #3747, #377, #83, #2703 ) ) ;
#775 = CARTESIAN_POINT ( 'NONE',  ( -4.000000000000000000, -6.500000000000000000, -0.5000000000000000000 ) ) ;
#776 = ADVANCED_FACE ( 'NONE', ( #289 ), #5199, .T. ) ;
#777 = ADVANCED_FACE ( 'NONE', ( #880 ), #6282, .T. ) ;
#778 = VECTOR ( 'NONE', #2387, 1000.000000000000000 ) ;
#779 = CARTESIAN_POINT ( 'NONE',  ( -2.020240653348552851, -2.963622990852173622, -6.283293015412228399 ) ) ;
#780 = CARTESIAN_POINT ( 'NONE',  ( -3.149999999999999911, 0.000000000000000000, -9.400000000000000355 ) ) ;
#781 = DIRECTION ( 'NONE',  ( 0.000000000000000000, 1.982541115402067279E-14, -1.000000000000000000 ) ) ;
#782 = LINE ( 'NONE', #6650, #2450 ) ;
#783 = ORIENTED_EDGE ( 'NONE', *, *, #5797, .T. ) ;
#784 = ORIENTED_EDGE ( 'NONE', *, *, #6203, .F. ) ;
#785 = PLANE ( 'NONE',  #2821 ) ;
#786 = CIRCLE ( 'NONE', #5132, 1.479999999999999982 ) ;
#787 = EDGE_LOOP ( 'NONE', ( #2929, #5643, #1837, #2166 ) ) ;
#788 = CARTESIAN_POINT ( 'NONE',  ( -0.04503944985619572072, -2.766308109884401567, -9.994224449313415803 ) ) ;
#789 = EDGE_CURVE ( 'NONE', #3272, #1839, #4702, .T. ) ;
#790 = LINE ( 'NONE', #151, #5334 ) ;
#791 = CYLINDRICAL_SURFACE ( 'NONE', #1073, 1.000000000000000000 ) ;
#792 = EDGE_CURVE ( 'NONE', #1137, #6120, #84, .T. ) ;
#793 = VECTOR ( 'NONE', #1005, 1000.000000000000000 ) ;
#794 = DIRECTION ( 'NONE',  ( 0.000000000000000000, 0.000000000000000000, 1.000000000000000000 ) ) ;
#795 = ORIENTED_EDGE ( 'NONE', *, *, #1701, .T. ) ;
#796 = VECTOR ( 'NONE', #6380, 1000.000000000000000 ) ;
#797 = CARTESIAN_POINT ( 'NONE',  ( -1.644264407091929892, -2.781668093413509624, -11.23989685449770093 ) ) ;
#798 = AXIS2_PLACEMENT_3D ( 'NONE', #2578, #5100, #1400 ) ;
#799 = EDGE_CURVE ( 'NONE', #719, #2959, #2054, .T. ) ;
#800 = VERTEX_POINT ( 'NONE', #320 ) ;
#801 = CARTESIAN_POINT ( 'NONE',  ( 2.750000000000909939, -4.511052748445885996, -1.728074565084832814 ) ) ;
#802 = LINE ( 'NONE', #4389, #5245 ) ;
#803 = ORIENTED_EDGE ( 'NONE', *, *, #5467, .T. ) ;
#804 = LINE ( 'NONE', #6559, #5158 ) ;
#805 = ORIENTED_EDGE ( 'NONE', *, *, #4399, .F. ) ;
#806 = CARTESIAN_POINT ( 'NONE',  ( -3.599999999999940137, -6.349999999999999645, -14.40000000000000036 ) ) ;
#807 = ORIENTED_EDGE ( 'NONE', *, *, #2741, .F. ) ;
#808 = EDGE_CURVE ( 'NONE', #6191, #3802, #2449, .T. ) ;
#809 = CARTESIAN_POINT ( 'NONE',  ( -1.250000000000089928, -8.970710678117770343, -8.246446609406030248 ) ) ;
#810 = B_SPLINE_CURVE_WITH_KNOTS ( 'NONE', 3,
 ( #1678, #1574, #6857, #2068, #633, #4196, #5951, #4337, #2100, #1540 ),
 .UNSPECIFIED., .F., .F.,
 ( 4, 2, 2, 2, 4 ),
 ( 0.000000000000000000, 0.2500000000000000000, 0.5000000000000000000, 0.7500000000000000000, 1.000000000000000000 ),
 .UNSPECIFIED. ) ;
#811 = DIRECTION ( 'NONE',  ( 1.000000000000000000, 0.000000000000000000, 0.000000000000000000 ) ) ;
#812 = VERTEX_POINT ( 'NONE', #6228 ) ;
#813 = CARTESIAN_POINT ( 'NONE',  ( -4.339999999999999858, -8.187744794624178368, -11.79999999999999893 ) ) ;
#814 = DIRECTION ( 'NONE',  ( -1.000000000000000000, 0.000000000000000000, 0.000000000000000000 ) ) ;
#815 = CARTESIAN_POINT ( 'NONE',  ( -2.489999999999950031, -2.559999999999050146, -2.779157999888000052 ) ) ;
#816 = ORIENTED_EDGE ( 'NONE', *, *, #2696, .F. ) ;
#817 =( BOUNDED_SURFACE ( )  B_SPLINE_SURFACE ( 3, 3, ( 
 ( #5459, #2425, #6730, #2393, #2466, #1936, #4561 ),
 ( #1381, #861, #1411, #6696, #6655, #5113, #366 ),
 ( #6170, #5574, #788, #1346, #3501, #4075, #2916 ),
 ( #893, #396, #4103, #6134, #1868, #5047, #2983 ) ),
 .UNSPECIFIED., .F., .F., .T. ) 
 B_SPLINE_SURFACE_WITH_KNOTS ( ( 4, 4 ),
 ( 4, 3, 4 ),
 ( 0.000000000000000000, 1.000000000000000000 ),
 ( 0.000000000000000000, 0.5000000000000000000, 1.000000000000000000 ),
 .UNSPECIFIED. ) 
 GEOMETRIC_REPRESENTATION_ITEM ( )  RATIONAL_B_SPLINE_SURFACE ( (
 ( 1.000000000000000000, 0.8002735016169680859, 0.8002735016169680859, 1.000000000000000000, 0.8002735016169680859, 0.8002735016169680859, 1.000000000000000000),
 ( 0.9956918674672440295, 0.7968258173095500441, 0.7968258173095500441, 0.9956918674672440295, 0.7968258173095500441, 0.7968258173095500441, 0.9956918674672440295),
 ( 0.9956918674672440295, 0.7968258173095500441, 0.7968258173095500441, 0.9956918674672440295, 0.7968258173095500441, 0.7968258173095500441, 0.9956918674672440295),
 ( 1.000000000000000000, 0.8002735016169680859, 0.8002735016169680859, 1.000000000000000000, 0.8002735016169680859, 0.8002735016169680859, 1.000000000000000000) ) ) 
 REPRESENTATION_ITEM ( '' )  SURFACE ( )  );
#818 = CARTESIAN_POINT ( 'NONE',  ( -1.250000000000089928, -5.299999999999390532, -7.399999999999260503 ) ) ;
#819 = CARTESIAN_POINT ( 'NONE',  ( 1.479999999999979998, -8.500000000000000000, -13.27999999999999936 ) ) ;
#820 = CARTESIAN_POINT ( 'NONE',  ( 4.499999999999949374, 3.799999999999910116, -3.500000000000000000 ) ) ;
#821 = DIRECTION ( 'NONE',  ( 0.000000000000000000, 0.5000000000000600631, -0.8660254037844040687 ) ) ;
#822 = ORIENTED_EDGE ( 'NONE', *, *, #4922, .T. ) ;
#823 = ADVANCED_FACE ( 'NONE', ( #4672 ), #4565, .F. ) ;
#824 = VERTEX_POINT ( 'NONE', #1433 ) ;
#825 = CARTESIAN_POINT ( 'NONE',  ( -1.250000000000301981, -10.04999999999840021, 21.81166452058999994 ) ) ;
#826 = ORIENTED_EDGE ( 'NONE', *, *, #4946, .T. ) ;
#827 = CARTESIAN_POINT ( 'NONE',  ( 2.525062168252599992, -0.8295123224881520985, -9.900000000000000355 ) ) ;
#828 = CARTESIAN_POINT ( 'NONE',  ( 2.750000000000909495, -5.500000000000000000, -6.968314918796939317 ) ) ;
#829 = LINE ( 'NONE', #4006, #4546 ) ;
#830 = CYLINDRICAL_SURFACE ( 'NONE', #1896, 0.5000000000000004441 ) ;
#831 = EDGE_LOOP ( 'NONE', ( #2471, #5004, #2739, #263 ) ) ;
#832 = FACE_OUTER_BOUND ( 'NONE', #5600, .T. ) ;
#833 = EDGE_CURVE ( 'NONE', #4773, #973, #3556, .T. ) ;
#834 = EDGE_CURVE ( 'NONE', #2049, #2420, #3612, .T. ) ;
#835 = VECTOR ( 'NONE', #6207, 1000.000000000000000 ) ;
#836 = CIRCLE ( 'NONE', #3602, 3.149999999999999911 ) ;
#837 = ADVANCED_FACE ( 'NONE', ( #1924 ), #1401, .F. ) ;
#838 = CARTESIAN_POINT ( 'NONE',  ( 3.650000000000929834, -5.500000000000000000, -11.79999999999999893 ) ) ;
#839 = FACE_OUTER_BOUND ( 'NONE', #1620, .T. ) ;
#840 = ORIENTED_EDGE ( 'NONE', *, *, #6738, .T. ) ;
#841 = VERTEX_POINT ( 'NONE', #3002 ) ;
#842 = CARTESIAN_POINT ( 'NONE',  ( 3.900000000000130029, -6.049999999999999822, -11.79999999999999893 ) ) ;
#843 = VERTEX_POINT ( 'NONE', #965 ) ;
#844 = CARTESIAN_POINT ( 'NONE',  ( -0.9999999999991024957, -5.299999999999280398, -4.968059594531085921 ) ) ;
#845 = CARTESIAN_POINT ( 'NONE',  ( 3.149999999999998579, 1.566164342312047273E-08, -9.692893218813461331 ) ) ;
#846 = EDGE_LOOP ( 'NONE', ( #4778, #2838, #149, #1588 ) ) ;
#847 = DIRECTION ( 'NONE',  ( 0.000000000000000000, 0.000000000000000000, 1.000000000000000000 ) ) ;
#848 = EDGE_CURVE ( 'NONE', #5677, #841, #357, .T. ) ;
#849 = CARTESIAN_POINT ( 'NONE',  ( -3.049999999999060130, -5.500000000000000000, -6.100000000000920686 ) ) ;
#850 = DIRECTION ( 'NONE',  ( 0.000000000000000000, 0.000000000000000000, 1.000000000000000000 ) ) ;
#851 = VERTEX_POINT ( 'NONE', #4611 ) ;
#852 = DIRECTION ( 'NONE',  ( -1.000000000000000000, 0.000000000000000000, 0.000000000000000000 ) ) ;
#853 = VECTOR ( 'NONE', #3278, 1000.000000000000000 ) ;
#854 = CARTESIAN_POINT ( 'NONE',  ( 0.000000000000000000, 0.000000000000000000, -13.78000000000000114 ) ) ;
#855 = DIRECTION ( 'NONE',  ( 0.000000000000000000, 0.000000000000000000, 1.000000000000000000 ) ) ;
#856 = LINE ( 'NONE', #1263, #6848 ) ;
#857 = EDGE_LOOP ( 'NONE', ( #3763, #3460, #277, #6870, #4916, #1808, #4115, #6285, #1246 ) ) ;
#858 = ORIENTED_EDGE ( 'NONE', *, *, #3576, .F. ) ;
#859 = LINE ( 'NONE', #2981, #2495 ) ;
#860 = EDGE_CURVE ( 'NONE', #4161, #3011, #6751, .T. ) ;
#861 = CARTESIAN_POINT ( 'NONE',  ( -0.03841679540950714011, -2.718332125691981904, -10.01911761955835622 ) ) ;
#862 =( NAMED_UNIT ( * ) PLANE_ANGLE_UNIT ( ) SI_UNIT ( $, .RADIAN. ) );
#863 = FACE_BOUND ( 'NONE', #5763, .T. ) ;
#864 = ORIENTED_EDGE ( 'NONE', *, *, #2872, .T. ) ;
#865 = CARTESIAN_POINT ( 'NONE',  ( 4.000000000000000000, -6.500000000000000000, -11.79999999999999893 ) ) ;
#866 = EDGE_CURVE ( 'NONE', #5387, #3909, #5700, .T. ) ;
#867 = AXIS2_PLACEMENT_3D ( 'NONE', #6029, #5992, #1193 ) ;
#868 = CARTESIAN_POINT ( 'NONE',  ( -9.662512969806918761, 2.299999999999999822, -13.78000000000000114 ) ) ;
#869 = DIRECTION ( 'NONE',  ( 0.000000000000000000, 1.000000000000000000, 0.000000000000000000 ) ) ;
#870 = ORIENTED_EDGE ( 'NONE', *, *, #552, .F. ) ;
#871 = ORIENTED_EDGE ( 'NONE', *, *, #6314, .T. ) ;
#872 = CARTESIAN_POINT ( 'NONE',  ( 18.18468237128199760, -8.687867965643759405, -8.387867965643870605 ) ) ;
#873 = ORIENTED_EDGE ( 'NONE', *, *, #884, .T. ) ;
#874 = B_SPLINE_CURVE_WITH_KNOTS ( 'NONE', 3,
 ( #3293, #5506, #650, #5021, #2850, #5470, #4944, #4982 ),
 .UNSPECIFIED., .F., .F.,
 ( 4, 2, 2, 4 ),
 ( 0.000000000000000000, 0.2500000000000009437, 0.5000000000000018874, 1.000000000000000000 ),
 .UNSPECIFIED. ) ;
#875 = DIRECTION ( 'NONE',  ( 0.000000000000000000, 0.000000000000000000, 1.000000000000000000 ) ) ;
#876 = LINE ( 'NONE', #5131, #4995 ) ;
#877 = EDGE_LOOP ( 'NONE', ( #5778, #3083, #5395, #6560 ) ) ;
#878 = CARTESIAN_POINT ( 'NONE',  ( 4.000000000000000000, 3.799999999999910116, 8.673617379884030542E-16 ) ) ;
#879 = FACE_OUTER_BOUND ( 'NONE', #3121, .T. ) ;
#880 = FACE_OUTER_BOUND ( 'NONE', #521, .T. ) ;
#881 = VECTOR ( 'NONE', #2540, 1000.000000000000000 ) ;
#882 = ORIENTED_EDGE ( 'NONE', *, *, #6769, .F. ) ;
#883 = CARTESIAN_POINT ( 'NONE',  ( -4.499999999999999112, -6.171572875253873214, -0.2071067811865466290 ) ) ;
#884 = EDGE_CURVE ( 'NONE', #290, #159, #3263, .T. ) ;
#885 = FACE_OUTER_BOUND ( 'NONE', #4514, .T. ) ;
#886 = CARTESIAN_POINT ( 'NONE',  ( 4.499999999999949374, 0.000000000000000000, -11.79999999999999893 ) ) ;
#887 = PLANE ( 'NONE',  #1051 ) ;
#888 = VECTOR ( 'NONE', #4381, 1000.000000000000000 ) ;
#889 = EDGE_LOOP ( 'NONE', ( #6067, #5594, #6611, #4830, #1485, #6246, #3255, #4454 ) ) ;
#890 = VERTEX_POINT ( 'NONE', #546 ) ;
#891 = DIRECTION ( 'NONE',  ( 0.000000000000000000, 0.000000000000000000, 1.000000000000000000 ) ) ;
#892 = VECTOR ( 'NONE', #6616, 1000.000000000000000 ) ;
#893 = CARTESIAN_POINT ( 'NONE',  ( -0.1127481932547634014, -2.704807173809260057, -10.04275987549483951 ) ) ;
#894 = SURFACE_STYLE_FILL_AREA ( #3502 ) ;
#895 = LINE ( 'NONE', #3467, #4648 ) ;
#896 = EDGE_LOOP ( 'NONE', ( #3997, #188, #2339, #4051 ) ) ;
#897 = CARTESIAN_POINT ( 'NONE',  ( 18.18468237128199760, -5.299999999999280398, -7.399999999998890132 ) ) ;
#898 = VECTOR ( 'NONE', #2828, 1000.000000000000000 ) ;
#899 = CARTESIAN_POINT ( 'NONE',  ( 1.075528555105619894E-13, -5.551115123125779547E-14, -13.78000000000000114 ) ) ;
#900 = AXIS2_PLACEMENT_3D ( 'NONE', #4815, #1709, #2762 ) ;
#901 = FACE_OUTER_BOUND ( 'NONE', #645, .T. ) ;
#902 = VERTEX_POINT ( 'NONE', #6452 ) ;
#903 = CARTESIAN_POINT ( 'NONE',  ( 1.549999999999829958, -6.500000000000000000, -7.349999999999999645 ) ) ;
#904 = LINE ( 'NONE', #5192, #3779 ) ;
#905 = EDGE_CURVE ( 'NONE', #2523, #6274, #3123, .T. ) ;
#906 = VERTEX_POINT ( 'NONE', #616 ) ;
#907 = AXIS2_PLACEMENT_3D ( 'NONE', #5071, #3448, #4402 ) ;
#908 = CARTESIAN_POINT ( 'NONE',  ( 1.549999999999829958, -1.100000000000100009, -11.79999999999999893 ) ) ;
#909 = EDGE_CURVE ( 'NONE', #2144, #1369, #2084, .T. ) ;
#910 = LINE ( 'NONE', #1489, #2433 ) ;
#911 = VERTEX_POINT ( 'NONE', #4250 ) ;
#912 = CARTESIAN_POINT ( 'NONE',  ( -1.989895683209114141, -2.005136570117744821, -5.336174325286157760 ) ) ;
#913 = CARTESIAN_POINT ( 'NONE',  ( 18.18468237128199760, -8.099999999999448974, -7.799999999999999822 ) ) ;
#914 = DIRECTION ( 'NONE',  ( 1.000000000000000000, 0.000000000000000000, 0.000000000000000000 ) ) ;
#915 = EDGE_CURVE ( 'NONE', #2049, #4598, #1612, .T. ) ;
#916 = ADVANCED_FACE ( 'NONE', ( #6346 ), #1063, .T. ) ;
#917 = DIRECTION ( 'NONE',  ( 1.000000000000000000, 0.000000000000000000, 0.000000000000000000 ) ) ;
#918 = PLANE ( 'NONE',  #6257 ) ;
#919 = DIRECTION ( 'NONE',  ( 1.000000000000000000, 0.000000000000000000, 0.000000000000000000 ) ) ;
#920 = EDGE_CURVE ( 'NONE', #6788, #5400, #2226, .T. ) ;
#921 = ORIENTED_EDGE ( 'NONE', *, *, #369, .T. ) ;
#922 = ORIENTED_EDGE ( 'NONE', *, *, #1207, .T. ) ;
#923 = ADVANCED_FACE ( 'NONE', ( #5265, #3718 ), #2710, .T. ) ;
#924 = LINE ( 'NONE', #1447, #591 ) ;
#925 = EDGE_CURVE ( 'NONE', #5964, #1409, #5819, .T. ) ;
#926 = DIRECTION ( 'NONE',  ( 1.000000000000000000, 0.000000000000000000, 0.000000000000000000 ) ) ;
#927 = AXIS2_PLACEMENT_3D ( 'NONE', #2021, #747, #6024 ) ;
#928 = EDGE_LOOP ( 'NONE', ( #2891, #2541, #1278 ) ) ;
#929 = DIRECTION ( 'NONE',  ( 0.000000000000000000, -1.000000000000000000, 0.000000000000000000 ) ) ;
#930 = ORIENTED_EDGE ( 'NONE', *, *, #233, .T. ) ;
#931 = DIRECTION ( 'NONE',  ( 1.000000000000000000, 0.000000000000000000, 0.000000000000000000 ) ) ;
#932 = DIRECTION ( 'NONE',  ( 0.000000000000000000, 0.000000000000000000, -1.000000000000000000 ) ) ;
#933 = ORIENTED_EDGE ( 'NONE', *, *, #3508, .T. ) ;
#934 = DIRECTION ( 'NONE',  ( 0.000000000000000000, -1.000000000000000000, 0.000000000000000000 ) ) ;
#935 = DIRECTION ( 'NONE',  ( -1.000000000000000000, 0.000000000000000000, 0.000000000000000000 ) ) ;
#936 = VECTOR ( 'NONE', #6877, 1000.000000000000000 ) ;
#937 = ORIENTED_EDGE ( 'NONE', *, *, #2682, .T. ) ;
#938 = EDGE_CURVE ( 'NONE', #2883, #812, #3227, .T. ) ;
#939 = CARTESIAN_POINT ( 'NONE',  ( 18.18468237128199760, -4.700000000000730260, -2.300000000000899991 ) ) ;
#940 = DIRECTION ( 'NONE',  ( 1.000000000000000000, 0.000000000000000000, 0.000000000000000000 ) ) ;
#941 = VECTOR ( 'NONE', #639, 1000.000000000000000 ) ;
#942 = VECTOR ( 'NONE', #761, 999.9999999999998863 ) ;
#943 = CARTESIAN_POINT ( 'NONE',  ( -3.149999999999999911, 0.000000000000000000, 0.000000000000000000 ) ) ;
#944 = ORIENTED_EDGE ( 'NONE', *, *, #193, .F. ) ;
#945 = DIRECTION ( 'NONE',  ( 1.000000000000000000, 0.000000000000000000, 0.000000000000000000 ) ) ;
#946 = PLANE ( 'NONE',  #4684 ) ;
#947 = CARTESIAN_POINT ( 'NONE',  ( 18.18468237128199760, -9.112132034355578725, -8.387867965643998502 ) ) ;
#948 = ORIENTED_EDGE ( 'NONE', *, *, #3669, .T. ) ;
#949 = ORIENTED_EDGE ( 'NONE', *, *, #3893, .T. ) ;
#950 = DIRECTION ( 'NONE',  ( 0.000000000000000000, 1.000000000000000000, 0.000000000000000000 ) ) ;
#951 = CARTESIAN_POINT ( 'NONE',  ( 1.176405706191816725, -10.47300727159681344, -7.799999999999999822 ) ) ;
#952 = CARTESIAN_POINT ( 'NONE',  ( 2.036029042481894091, -3.260183971453769036, -6.452589952856826905 ) ) ;
#953 = CARTESIAN_POINT ( 'NONE',  ( -3.200000000000000178, -5.150000000000099831, -5.299999999999999822 ) ) ;
#954 = ORIENTED_EDGE ( 'NONE', *, *, #2953, .T. ) ;
#955 = EDGE_CURVE ( 'NONE', #4160, #5840, #4769, .T. ) ;
#956 = PLANE ( 'NONE',  #2236 ) ;
#957 = EDGE_LOOP ( 'NONE', ( #551, #5619, #3202, #6707, #3175, #3400, #2404, #1376, #297, #1166 ) ) ;
#958 = EDGE_LOOP ( 'NONE', ( #5830, #5709, #728, #4057 ) ) ;
#959 = DIRECTION ( 'NONE',  ( 0.000000000000000000, 0.6819983600624618392, -0.7313537016192046547 ) ) ;
#960 = ORIENTED_EDGE ( 'NONE', *, *, #4632, .F. ) ;
#961 = CARTESIAN_POINT ( 'NONE',  ( 1.249999999999970024, -5.500000000000444089, -7.454540495996864635 ) ) ;
#962 = VERTEX_POINT ( 'NONE', #6912 ) ;
#963 = VECTOR ( 'NONE', #1015, 1000.000000000000000 ) ;
#964 = DIRECTION ( 'NONE',  ( 0.000000000000000000, 0.000000000000000000, 1.000000000000000000 ) ) ;
#965 = CARTESIAN_POINT ( 'NONE',  ( 1.900000000000900080, -5.299999999999280398, -7.400000000000000355 ) ) ;
#966 = AXIS2_PLACEMENT_3D ( 'NONE', #868, #5802, #1913 ) ;
#967 = DIRECTION ( 'NONE',  ( -0.000000000000000000, 1.000000000000000000, 0.000000000000000000 ) ) ;
#968 = B_SPLINE_CURVE_WITH_KNOTS ( 'NONE', 3,
 ( #1410, #6206, #5679, #5150 ),
 .UNSPECIFIED., .F., .F.,
 ( 4, 4 ),
 ( 0.000000000000000000, 1.000000000000000000 ),
 .UNSPECIFIED. ) ;
#969 = ORIENTED_EDGE ( 'NONE', *, *, #4597, .F. ) ;
#970 = LINE ( 'NONE', #6350, #1828 ) ;
#971 = LINE ( 'NONE', #1406, #4136 ) ;
#972 = CARTESIAN_POINT ( 'NONE',  ( 1.249999999999970024, -5.699999999999820766, -7.799999999999480238 ) ) ;
#973 = VERTEX_POINT ( 'NONE', #2187 ) ;
#974 = AXIS2_PLACEMENT_3D ( 'NONE', #4424, #3259, #121 ) ;
#975 = VERTEX_POINT ( 'NONE', #5329 ) ;
#976 = LINE ( 'NONE', #2065, #6387 ) ;
#977 = EDGE_CURVE ( 'NONE', #812, #658, #1329, .T. ) ;
#978 = VECTOR ( 'NONE', #415, 1000.000000000000000 ) ;
#979 = VECTOR ( 'NONE', #1963, 1000.000000000000000 ) ;
#980 = DIRECTION ( 'NONE',  ( 0.000000000000000000, 0.7071067811864111263, -0.7071067811866840191 ) ) ;
#981 = DIRECTION ( 'NONE',  ( 0.000000000000000000, 1.000000000000000000, 0.000000000000000000 ) ) ;
#982 = PRODUCT_CONTEXT ( 'NONE', #3664, 'mechanical' ) ;
#983 = ORIENTED_EDGE ( 'NONE', *, *, #3813, .T. ) ;
#984 = VECTOR ( 'NONE', #4803, 1000.000000000000114 ) ;
#985 = EDGE_CURVE ( 'NONE', #3226, #6307, #2211, .T. ) ;
#986 = DIRECTION ( 'NONE',  ( 1.000000000000000000, 0.000000000000000000, 0.000000000000000000 ) ) ;
#987 = ADVANCED_FACE ( 'NONE', ( #1138 ), #6712, .T. ) ;
#988 = AXIS2_PLACEMENT_3D ( 'NONE', #6110, #4431, #6561 ) ;
#989 = CARTESIAN_POINT ( 'NONE',  ( 4.860000000000079368, -10.19999999999910045, -9.799999999999998934 ) ) ;
#990 = DIRECTION ( 'NONE',  ( 0.000000000000000000, -1.000000000000000000, 0.000000000000000000 ) ) ;
#991 = VERTEX_POINT ( 'NONE', #2892 ) ;
#992 = ORIENTED_EDGE ( 'NONE', *, *, #4200, .T. ) ;
#993 = DIRECTION ( 'NONE',  ( 0.000000000000000000, -0.7071067811864111263, -0.7071067811866840191 ) ) ;
#994 = VERTEX_POINT ( 'NONE', #1245 ) ;
#995 = EDGE_CURVE ( 'NONE', #5325, #3432, #804, .T. ) ;
#996 = DIRECTION ( 'NONE',  ( 0.000000000000000000, 0.000000000000000000, 1.000000000000000000 ) ) ;
#997 = ORIENTED_EDGE ( 'NONE', *, *, #1980, .T. ) ;
#998 = DIRECTION ( 'NONE',  ( 0.000000000000000000, 0.000000000000000000, 1.000000000000000000 ) ) ;
#999 = CARTESIAN_POINT ( 'NONE',  ( 4.000000000000000000, 3.799999999999910116, -11.79999999999999893 ) ) ;
#1000 = ADVANCED_FACE ( 'NONE', ( #5061 ), #243, .F. ) ;
#1001 = LINE ( 'NONE', #6258, #5000 ) ;
#1002 = CIRCLE ( 'NONE', #237, 1.199999999999929789 ) ;
#1003 = EDGE_LOOP ( 'NONE', ( #1310, #3715, #1339, #4241 ) ) ;
#1004 = CARTESIAN_POINT ( 'NONE',  ( 1.500000000000000000, 0.000000000000000000, -9.150000000000000355 ) ) ;
#1005 = DIRECTION ( 'NONE',  ( 0.000000000000000000, 0.000000000000000000, 1.000000000000000000 ) ) ;
#1006 = DIRECTION ( 'NONE',  ( 0.000000000000000000, 0.1045284632673960518, -0.9945218953683003793 ) ) ;
#1007 = ORIENTED_EDGE ( 'NONE', *, *, #3062, .T. ) ;
#1008 = ORIENTED_EDGE ( 'NONE', *, *, #5994, .F. ) ;
#1009 = PLANE ( 'NONE',  #584 ) ;
#1010 = CARTESIAN_POINT ( 'NONE',  ( -0.7622451431825518764, -11.05532213661967411, -7.799999999999998934 ) ) ;
#1011 = CARTESIAN_POINT ( 'NONE',  ( -2.749999999999090505, -4.738420249089020153, -1.699460922117104866 ) ) ;
#1012 = EDGE_CURVE ( 'NONE', #851, #5975, #1805, .T. ) ;
#1013 = CARTESIAN_POINT ( 'NONE',  ( -0.4025395765107192547, -2.665274082909879549, -10.43395744399450997 ) ) ;
#1014 = CARTESIAN_POINT ( 'NONE',  ( -1.698825188617989923, -2.621219684218614177, -10.85310704895525724 ) ) ;
#1015 = DIRECTION ( 'NONE',  ( -1.000000000000000000, 0.000000000000000000, 0.000000000000000000 ) ) ;
#1016 = ORIENTED_EDGE ( 'NONE', *, *, #4547, .T. ) ;
#1017 = EDGE_CURVE ( 'NONE', #6617, #2369, #4534, .T. ) ;
#1018 = DIRECTION ( 'NONE',  ( 0.000000000000000000, 0.000000000000000000, 1.000000000000000000 ) ) ;
#1019 = VECTOR ( 'NONE', #3351, 1000.000000000000000 ) ;
#1020 = DIRECTION ( 'NONE',  ( 0.000000000000000000, 0.000000000000000000, -1.000000000000000000 ) ) ;
#1021 = CARTESIAN_POINT ( 'NONE',  ( -3.200000000000000178, -5.500000000000000000, -11.79999999999999893 ) ) ;
#1022 = ORIENTED_EDGE ( 'NONE', *, *, #3371, .T. ) ;
#1023 = ORIENTED_EDGE ( 'NONE', *, *, #1528, .F. ) ;
#1024 = PLANE ( 'NONE',  #3104 ) ;
#1025 = VERTEX_POINT ( 'NONE', #3827 ) ;
#1026 = PLANE ( 'NONE',  #2092 ) ;
#1027 = AXIS2_PLACEMENT_3D ( 'NONE', #2094, #4683, #4746 ) ;
#1028 = EDGE_CURVE ( 'NONE', #1656, #4991, #725, .T. ) ;
#1029 = ORIENTED_EDGE ( 'NONE', *, *, #6505, .T. ) ;
#1030 = EDGE_CURVE ( 'NONE', #6386, #6788, #5283, .T. ) ;
#1031 = DIRECTION ( 'NONE',  ( 0.000000000000000000, 0.000000000000000000, -1.000000000000000000 ) ) ;
#1032 = CARTESIAN_POINT ( 'NONE',  ( 1.900000000000900080, -5.299999999999280398, -11.90000000000000036 ) ) ;
#1033 = VECTOR ( 'NONE', #293, 1000.000000000000000 ) ;
#1034 = CARTESIAN_POINT ( 'NONE',  ( 3.050000000000939959, -5.500000000000000000, -5.600000000000860290 ) ) ;
#1035 = ORIENTED_EDGE ( 'NONE', *, *, #3086, .F. ) ;
#1036 = EDGE_CURVE ( 'NONE', #1358, #4682, #1169, .T. ) ;
#1037 = LINE ( 'NONE', #4740, #2769 ) ;
#1038 = VECTOR ( 'NONE', #1800, 1000.000000000000000 ) ;
#1039 = PRESENTATION_LAYER_ASSIGNMENT (  '', '', ( #5739 ) ) ;
#1040 = DIRECTION ( 'NONE',  ( 0.000000000000000000, 0.000000000000000000, -1.000000000000000000 ) ) ;
#1041 = DIRECTION ( 'NONE',  ( 1.000000000000000000, 0.000000000000000000, 0.000000000000000000 ) ) ;
#1042 = ORIENTED_EDGE ( 'NONE', *, *, #33, .T. ) ;
#1043 = ORIENTED_EDGE ( 'NONE', *, *, #1609, .T. ) ;
#1044 = CARTESIAN_POINT ( 'NONE',  ( -1.099066901658467987, -10.67002773514057701, -7.599999999999871747 ) ) ;
#1045 = CARTESIAN_POINT ( 'NONE',  ( -0.07915068208573269870, -11.30006484875136508, -7.800000000000001599 ) ) ;
#1046 = CARTESIAN_POINT ( 'NONE',  ( 1.050000000000107958, -5.551115123125779547E-14, -13.78000000000000114 ) ) ;
#1047 = DIRECTION ( 'NONE',  ( -1.000000000000000000, 0.000000000000000000, 0.000000000000000000 ) ) ;
#1048 = CARTESIAN_POINT ( 'NONE',  ( 2.289217213497130032, -2.199999999999130207, -2.779157999888000052 ) ) ;
#1049 = EDGE_LOOP ( 'NONE', ( #3884, #1680, #3573, #3867, #2955, #481, #126, #2873, #6440, #5724 ) ) ;
#1050 = CARTESIAN_POINT ( 'NONE',  ( 0.000000000000000000, 0.000000000000000000, -9.150000000000000355 ) ) ;
#1051 = AXIS2_PLACEMENT_3D ( 'NONE', #5178, #3129, #919 ) ;
#1052 = CARTESIAN_POINT ( 'NONE',  ( 2.750000000000899281, -4.262827944442311612, -1.596500210373651640 ) ) ;
#1053 = FACE_OUTER_BOUND ( 'NONE', #236, .T. ) ;
#1054 = DIRECTION ( 'NONE',  ( 0.000000000000000000, 0.000000000000000000, 1.000000000000000000 ) ) ;
#1055 = VERTEX_POINT ( 'NONE', #3439 ) ;
#1056 = CARTESIAN_POINT ( 'NONE',  ( 0.000000000000000000, 0.000000000000000000, -11.79999999999999893 ) ) ;
#1057 = DIRECTION ( 'NONE',  ( 0.000000000000000000, 1.000000000000000000, 0.000000000000000000 ) ) ;
#1058 = VERTEX_POINT ( 'NONE', #203 ) ;
#1059 = ADVANCED_FACE ( 'NONE', ( #3402 ), #1273, .T. ) ;
#1060 = LINE ( 'NONE', #5852, #3756 ) ;
#1061 = EDGE_LOOP ( 'NONE', ( #3484, #5046, #1104, #349 ) ) ;
#1062 = FACE_OUTER_BOUND ( 'NONE', #1190, .T. ) ;
#1063 = CYLINDRICAL_SURFACE ( 'NONE', #6335, 0.5000000000000004441 ) ;
#1064 = CARTESIAN_POINT ( 'NONE',  ( -2.299999999999080114, -1.199999999999979972, -9.900000000000000355 ) ) ;
#1065 = CARTESIAN_POINT ( 'NONE',  ( 4.500000000000059508, -2.559999999999050146, -9.799999999999998934 ) ) ;
#1066 = DIRECTION ( 'NONE',  ( 0.000000000000000000, 0.000000000000000000, 1.000000000000000000 ) ) ;
#1067 = AXIS2_PLACEMENT_3D ( 'NONE', #5085, #5154, #302 ) ;
#1068 = VERTEX_POINT ( 'NONE', #5023 ) ;
#1069 = EDGE_CURVE ( 'NONE', #6509, #1568, #4500, .T. ) ;
#1070 = LINE ( 'NONE', #516, #272 ) ;
#1071 = LINE ( 'NONE', #5407, #4584 ) ;
#1072 = CARTESIAN_POINT ( 'NONE',  ( 3.650000000000929834, -5.500000000000000000, -11.79999999999999893 ) ) ;
#1073 = AXIS2_PLACEMENT_3D ( 'NONE', #4493, #1833, #76 ) ;
#1074 = ORIENTED_EDGE ( 'NONE', *, *, #1114, .T. ) ;
#1075 = CARTESIAN_POINT ( 'NONE',  ( -3.200000000000000178, -2.150000000000039879, -11.79999999999999893 ) ) ;
#1076 = EDGE_CURVE ( 'NONE', #3787, #1244, #6632, .T. ) ;
#1077 = FACE_OUTER_BOUND ( 'NONE', #3281, .T. ) ;
#1078 = CIRCLE ( 'NONE', #423, 1.050000000000000044 ) ;
#1079 = CARTESIAN_POINT ( 'NONE',  ( -0.1592330567167360433, -2.705078118463362991, -10.05524734298947465 ) ) ;
#1080 = LINE ( 'NONE', #3810, #1848 ) ;
#1081 = DIRECTION ( 'NONE',  ( 0.000000000000000000, 0.000000000000000000, 1.000000000000000000 ) ) ;
#1082 = CARTESIAN_POINT ( 'NONE',  ( -4.500000000000059508, 2.400000000000960032, -1.000000000000000000 ) ) ;
#1083 = CIRCLE ( 'NONE', #1645, 0.5000000000000004441 ) ;
#1084 = DIRECTION ( 'NONE',  ( -1.000000000000000000, 0.000000000000000000, 0.000000000000000000 ) ) ;
#1085 = DIRECTION ( 'NONE',  ( 0.000000000000000000, 0.000000000000000000, 1.000000000000000000 ) ) ;
#1086 = AXIS2_PLACEMENT_3D ( 'NONE', #5408, #5374, #5944 ) ;
#1087 = PLANE ( 'NONE',  #5993 ) ;
#1088 = ORIENTED_EDGE ( 'NONE', *, *, #3297, .T. ) ;
#1089 = CARTESIAN_POINT ( 'NONE',  ( -3.899999999999789857, -6.049999999999999822, -11.79999999999999893 ) ) ;
#1090 = AXIS2_PLACEMENT_3D ( 'NONE', #3759, #1105, #5372 ) ;
#1091 = CARTESIAN_POINT ( 'NONE',  ( -1.049999999999891909, -5.538256331734729327E-14, -13.41999999999999993 ) ) ;
#1092 = ORIENTED_EDGE ( 'NONE', *, *, #6688, .F. ) ;
#1093 = CARTESIAN_POINT ( 'NONE',  ( 4.499999999999949374, 2.400000000000960032, -2.550000000000000266 ) ) ;
#1094 = ORIENTED_EDGE ( 'NONE', *, *, #3804, .T. ) ;
#1095 = VECTOR ( 'NONE', #1506, 1000.000000000000000 ) ;
#1096 = DIRECTION ( 'NONE',  ( 1.000000000000000000, 0.000000000000000000, 0.000000000000000000 ) ) ;
#1097 = ORIENTED_EDGE ( 'NONE', *, *, #1504, .T. ) ;
#1098 = EDGE_CURVE ( 'NONE', #5692, #2883, #1840, .T. ) ;
#1099 = DIRECTION ( 'NONE',  ( 1.000000000000000000, 0.000000000000000000, 0.000000000000000000 ) ) ;
#1100 = DIRECTION ( 'NONE',  ( 1.000000000000000000, 0.000000000000000000, 0.000000000000000000 ) ) ;
#1101 = AXIS2_PLACEMENT_3D ( 'NONE', #5225, #2478, #4604 ) ;
#1102 = DIRECTION ( 'NONE',  ( 0.000000000000000000, -1.000000000000000000, 0.000000000000000000 ) ) ;
#1103 = FACE_OUTER_BOUND ( 'NONE', #6772, .T. ) ;
#1104 = ORIENTED_EDGE ( 'NONE', *, *, #6467, .T. ) ;
#1105 = DIRECTION ( 'NONE',  ( 0.000000000000000000, 0.000000000000000000, 1.000000000000000000 ) ) ;
#1106 = DIRECTION ( 'NONE',  ( -1.000000000000000000, 0.000000000000000000, 0.000000000000000000 ) ) ;
#1107 = CARTESIAN_POINT ( 'NONE',  ( -4.339999999999999858, -2.559999999999050146, -11.79999999999999893 ) ) ;
#1108 = CIRCLE ( 'NONE', #6815, 0.7999999999999999334 ) ;
#1109 = CIRCLE ( 'NONE', #5031, 3.899999999999999911 ) ;
#1110 = ORIENTED_EDGE ( 'NONE', *, *, #1847, .F. ) ;
#1111 = DIRECTION ( 'NONE',  ( 0.000000000000000000, 0.000000000000000000, 1.000000000000000000 ) ) ;
#1112 = EDGE_CURVE ( 'NONE', #1500, #1841, #2718, .T. ) ;
#1113 = VECTOR ( 'NONE', #2516, 1000.000000000000000 ) ;
#1114 = EDGE_CURVE ( 'NONE', #710, #2034, #2113, .T. ) ;
#1115 = EDGE_CURVE ( 'NONE', #5292, #5110, #836, .T. ) ;
#1116 = CARTESIAN_POINT ( 'NONE',  ( 2.750000000000909495, -3.137993503012875163, -3.603632002693444747 ) ) ;
#1117 = DIRECTION ( 'NONE',  ( 0.000000000000000000, -0.5299192642332043457, -0.8480480961564265119 ) ) ;
#1118 = CARTESIAN_POINT ( 'NONE',  ( -0.3292769411089510045, -2.642061908719032459, -10.65480652902133407 ) ) ;
#1119 = CARTESIAN_POINT ( 'NONE',  ( -3.149999999999999911, 0.000000000000000000, -9.900000000000000355 ) ) ;
#1120 = DIRECTION ( 'NONE',  ( 0.000000000000000000, 0.000000000000000000, -1.000000000000000000 ) ) ;
#1121 = ORIENTED_EDGE ( 'NONE', *, *, #3465, .T. ) ;
#1122 = PRODUCT_DEFINITION_FORMATION_WITH_SPECIFIED_SOURCE ( 'ANY', '', #6288, .NOT_KNOWN. ) ;
#1123 = CARTESIAN_POINT ( 'NONE',  ( 2.750000000000909495, -4.700000000000730260, -2.300000000000899991 ) ) ;
#1124 = EDGE_CURVE ( 'NONE', #3095, #1846, #1948, .T. ) ;
#1125 = ORIENTED_EDGE ( 'NONE', *, *, #3312, .F. ) ;
#1126 = DIRECTION ( 'NONE',  ( 0.000000000000000000, 0.000000000000000000, -1.000000000000000000 ) ) ;
#1127 = EDGE_CURVE ( 'NONE', #6538, #4574, #4447, .T. ) ;
#1128 = DIRECTION ( 'NONE',  ( 0.000000000000000000, -1.000000000000000000, 0.000000000000000000 ) ) ;
#1129 = FACE_OUTER_BOUND ( 'NONE', #2537, .T. ) ;
#1130 = EDGE_LOOP ( 'NONE', ( #6558, #6640, #2927, #1304 ) ) ;
#1131 = CARTESIAN_POINT ( 'NONE',  ( 1.479999999999979998, -7.635192378863959739, -13.73310889132459955 ) ) ;
#1132 = DIRECTION ( 'NONE',  ( 0.000000000000000000, 0.000000000000000000, -1.000000000000000000 ) ) ;
#1133 = ORIENTED_EDGE ( 'NONE', *, *, #613, .F. ) ;
#1134 = CARTESIAN_POINT ( 'NONE',  ( -1.499999999999830136, -6.349999999999999645, -11.79999999999999893 ) ) ;
#1135 = ORIENTED_EDGE ( 'NONE', *, *, #5476, .T. ) ;
#1136 = CARTESIAN_POINT ( 'NONE',  ( -1.479999999999979998, -9.919999999999999929, -13.78000000000000114 ) ) ;
#1137 = VERTEX_POINT ( 'NONE', #222 ) ;
#1138 = FACE_OUTER_BOUND ( 'NONE', #2184, .T. ) ;
#1139 = CARTESIAN_POINT ( 'NONE',  ( -3.599999999999940137, -6.049999999999999822, -11.79999999999999893 ) ) ;
#1140 = LINE ( 'NONE', #5403, #1308 ) ;
#1141 = DIRECTION ( 'NONE',  ( 0.000000000000000000, 1.000000000000000000, 0.000000000000000000 ) ) ;
#1142 = EDGE_CURVE ( 'NONE', #5471, #4520, #6517, .T. ) ;
#1143 = ORIENTED_EDGE ( 'NONE', *, *, #601, .F. ) ;
#1144 = CARTESIAN_POINT ( 'NONE',  ( 1.075704258665263868, -5.209798377160854699, -4.721805525395513570 ) ) ;
#1145 = DIRECTION ( 'NONE',  ( 0.000000000000000000, -1.000000000000000000, 0.000000000000000000 ) ) ;
#1146 = CARTESIAN_POINT ( 'NONE',  ( -4.339999999999999858, -1.949999999999100009, -9.799999999999998934 ) ) ;
#1147 = ORIENTED_EDGE ( 'NONE', *, *, #5427, .T. ) ;
#1148 = CARTESIAN_POINT ( 'NONE',  ( -4.500000000000059508, 3.799999999999910116, -11.79999999999999893 ) ) ;
#1149 = EDGE_CURVE ( 'NONE', #4800, #1055, #707, .T. ) ;
#1150 = VECTOR ( 'NONE', #6793, 1000.000000000000000 ) ;
#1151 = CARTESIAN_POINT ( 'NONE',  ( -0.5877149042824231229, -2.857529744987934439, -10.28315502499717660 ) ) ;
#1152 = CARTESIAN_POINT ( 'NONE',  ( 2.026786536416745221, -2.236097133178124974, -4.992430623593720362 ) ) ;
#1153 = CARTESIAN_POINT ( 'NONE',  ( -1.339214871256506845, -2.583207954071968793, -11.21476450310635897 ) ) ;
#1154 = ORIENTED_EDGE ( 'NONE', *, *, #6293, .F. ) ;
#1155 = PRODUCT_DEFINITION ( 'UNKNOWN', '', #1122, #2437 ) ;
#1156 = CARTESIAN_POINT ( 'NONE',  ( 4.149999999999880451, 0.000000000000000000, -11.79999999999999893 ) ) ;
#1157 = VERTEX_POINT ( 'NONE', #5605 ) ;
#1158 = CARTESIAN_POINT ( 'NONE',  ( -1.550000000000830047, -6.349999999999999645, -14.40000000000000036 ) ) ;
#1159 = CARTESIAN_POINT ( 'NONE',  ( 0.6192365151811130008, 2.578180903858290129, -9.900000000000000355 ) ) ;
#1160 = DIRECTION ( 'NONE',  ( 1.000000000000000000, 0.000000000000000000, 0.000000000000000000 ) ) ;
#1161 = DIRECTION ( 'NONE',  ( 0.000000000000000000, 1.000000000000000000, 0.000000000000000000 ) ) ;
#1162 = PLANE ( 'NONE',  #339 ) ;
#1163 = ORIENTED_EDGE ( 'NONE', *, *, #6178, .F. ) ;
#1164 = DIRECTION ( 'NONE',  ( 0.000000000000000000, 0.000000000000000000, 1.000000000000000000 ) ) ;
#1165 = EDGE_CURVE ( 'NONE', #3473, #122, #2386, .T. ) ;
#1166 = ORIENTED_EDGE ( 'NONE', *, *, #1701, .F. ) ;
#1167 = DIRECTION ( 'NONE',  ( 0.000000000000000000, 1.000000000000000000, 0.000000000000000000 ) ) ;
#1168 = ORIENTED_EDGE ( 'NONE', *, *, #1970, .F. ) ;
#1169 = LINE ( 'NONE', #4466, #3831 ) ;
#1170 = ORIENTED_EDGE ( 'NONE', *, *, #4998, .T. ) ;
#1171 = DIRECTION ( 'NONE',  ( -1.000000000000000000, 0.000000000000000000, 0.000000000000000000 ) ) ;
#1172 = CARTESIAN_POINT ( 'NONE',  ( -2.749999999999090505, -5.151972445898457487, -1.902887971111557386 ) ) ;
#1173 = CARTESIAN_POINT ( 'NONE',  ( 1.249999999999970024, -5.700000000000730260, -7.599999999999999645 ) ) ;
#1174 = ORIENTED_EDGE ( 'NONE', *, *, #799, .T. ) ;
#1175 = CARTESIAN_POINT ( 'NONE',  ( 4.500000000000000000, 3.799999999999910116, -0.5000000000000000000 ) ) ;
#1176 = DIRECTION ( 'NONE',  ( 0.000000000000000000, 0.000000000000000000, -1.000000000000000000 ) ) ;
#1177 = CARTESIAN_POINT ( 'NONE',  ( 3.030782786503114945, -2.199999999999175060, -11.79999999999999893 ) ) ;
#1178 = EDGE_LOOP ( 'NONE', ( #1385, #5953, #4083, #1585 ) ) ;
#1179 = CARTESIAN_POINT ( 'NONE',  ( -1.250000000000089928, -8.099999999999500488, -7.799999999999999822 ) ) ;
#1180 = B_SPLINE_CURVE_WITH_KNOTS ( 'NONE', 3,
 ( #1152, #744, #5380, #1228, #2870, #4853 ),
 .UNSPECIFIED., .F., .F.,
 ( 4, 2, 4 ),
 ( 0.000000000000000000, 0.5000000000000000000, 1.000000000000000000 ),
 .UNSPECIFIED. ) ;
#1181 = CIRCLE ( 'NONE', #2081, 0.2699999999999998512 ) ;
#1182 = CARTESIAN_POINT ( 'NONE',  ( -3.200000000000000178, -1.199999999999979972, -11.79999999999999893 ) ) ;
#1183 = CARTESIAN_POINT ( 'NONE',  ( -4.000000000000000000, -6.500000000000000000, -0.5000000000000000000 ) ) ;
#1184 = CARTESIAN_POINT ( 'NONE',  ( 1.249999999999970024, -5.299999999999390532, -7.399999999999110400 ) ) ;
#1185 = EDGE_LOOP ( 'NONE', ( #2354, #3260 ) ) ;
#1186 = EDGE_CURVE ( 'NONE', #9, #1793, #856, .T. ) ;
#1187 = ORIENTED_EDGE ( 'NONE', *, *, #1215, .T. ) ;
#1188 = ADVANCED_FACE ( 'NONE', ( #5642 ), #3418, .T. ) ;
#1189 = CARTESIAN_POINT ( 'NONE',  ( -2.749999999999090061, -5.299999999999280398, -5.600000000000860290 ) ) ;
#1190 = EDGE_LOOP ( 'NONE', ( #3592, #5848, #5970, #1445 ) ) ;
#1191 = CARTESIAN_POINT ( 'NONE',  ( 3.229209978830354544, -2.559999999999050146, -11.79999999999999893 ) ) ;
#1192 = FILL_AREA_STYLE ('',( #5991 ) ) ;
#1193 = DIRECTION ( 'NONE',  ( -1.000000000000000000, 0.000000000000000000, 0.000000000000000000 ) ) ;
#1194 = CARTESIAN_POINT ( 'NONE',  ( -4.500000000000059508, 0.000000000000000000, -11.79999999999999893 ) ) ;
#1195 = AXIS2_PLACEMENT_3D ( 'NONE', #5661, #1364, #5097 ) ;
#1196 = ORIENTED_EDGE ( 'NONE', *, *, #3140, .F. ) ;
#1197 = LINE ( 'NONE', #6522, #36 ) ;
#1198 = EDGE_CURVE ( 'NONE', #4275, #5939, #1338, .T. ) ;
#1199 = VERTEX_POINT ( 'NONE', #3919 ) ;
#1200 = ADVANCED_FACE ( 'NONE', ( #2836 ), #4966, .T. ) ;
#1201 = ADVANCED_FACE ( 'NONE', ( #1823 ), #2458, .T. ) ;
#1202 = VECTOR ( 'NONE', #5287, 1000.000000000000000 ) ;
#1203 = LINE ( 'NONE', #4464, #6154 ) ;
#1204 = ORIENTED_EDGE ( 'NONE', *, *, #4280, .F. ) ;
#1205 = CARTESIAN_POINT ( 'NONE',  ( 2.750000000000909495, -5.070157065835278587, -1.820042066303368733 ) ) ;
#1206 = ORIENTED_EDGE ( 'NONE', *, *, #2377, .F. ) ;
#1207 = EDGE_CURVE ( 'NONE', #5292, #2915, #6303, .T. ) ;
#1208 = DIRECTION ( 'NONE',  ( 1.000000000000000000, 0.000000000000000000, 0.000000000000000000 ) ) ;
#1209 = VERTEX_POINT ( 'NONE', #6165 ) ;
#1210 = CARTESIAN_POINT ( 'NONE',  ( 2.890671664372315153, -2.430323138703034846, -2.779157999888000052 ) ) ;
#1211 = DIRECTION ( 'NONE',  ( 0.000000000000000000, 0.000000000000000000, -1.000000000000000000 ) ) ;
#1212 = CIRCLE ( 'NONE', #1776, 0.5000000000000004441 ) ;
#1213 = EDGE_CURVE ( 'NONE', #612, #1661, #4722, .T. ) ;
#1214 = ORIENTED_EDGE ( 'NONE', *, *, #4905, .T. ) ;
#1215 = EDGE_CURVE ( 'NONE', #6680, #6031, #6577, .T. ) ;
#1216 = CARTESIAN_POINT ( 'NONE',  ( 4.500000000000002665, 3.799999999999910116, -0.4999999999999986677 ) ) ;
#1217 = DIRECTION ( 'NONE',  ( 1.000000000000000000, 0.000000000000000000, 0.000000000000000000 ) ) ;
#1218 = CYLINDRICAL_SURFACE ( 'NONE', #3331, 0.5000000000000004441 ) ;
#1219 = AXIS2_PLACEMENT_3D ( 'NONE', #6668, #6149, #1361 ) ;
#1220 = ORIENTED_EDGE ( 'NONE', *, *, #5701, .T. ) ;
#1221 = DIRECTION ( 'NONE',  ( 1.000000000000000000, 0.000000000000000000, 0.000000000000000000 ) ) ;
#1222 = AXIS2_PLACEMENT_3D ( 'NONE', #3950, #5635, #213 ) ;
#1223 = MANIFOLD_SOLID_BREP ( 'NONE', #4755 ) ;
#1224 = VECTOR ( 'NONE', #6756, 1000.000000000000000 ) ;
#1225 = LINE ( 'NONE', #2834, #5636 ) ;
#1226 = CARTESIAN_POINT ( 'NONE',  ( -4.000000000000000000, -6.000000000000000000, -0.5000000000000000000 ) ) ;
#1227 = DIRECTION ( 'NONE',  ( 1.000000000000000000, 0.000000000000000000, 0.000000000000000000 ) ) ;
#1228 = CARTESIAN_POINT ( 'NONE',  ( 2.009601352166667354, -2.198166267430099463, -5.264038195054890679 ) ) ;
#1229 = EDGE_LOOP ( 'NONE', ( #1971, #3262, #588, #3577 ) ) ;
#1230 = VERTEX_POINT ( 'NONE', #2657 ) ;
#1231 = VECTOR ( 'NONE', #3340, 1000.000000000000000 ) ;
#1232 = AXIS2_PLACEMENT_3D ( 'NONE', #3790, #2708, #1096 ) ;
#1233 = VERTEX_POINT ( 'NONE', #1183 ) ;
#1234 = EDGE_CURVE ( 'NONE', #4016, #2853, #1465, .T. ) ;
#1235 = LINE ( 'NONE', #2733, #484 ) ;
#1236 = MANIFOLD_SOLID_BREP ( 'NONE', #1523 ) ;
#1237 = DIRECTION ( 'NONE',  ( 0.000000000000000000, 1.000000000000000000, 0.000000000000000000 ) ) ;
#1238 = CARTESIAN_POINT ( 'NONE',  ( 1.500000000000060174, -6.349999999999999645, -7.950000000000000178 ) ) ;
#1239 = CARTESIAN_POINT ( 'NONE',  ( 1.484339910797821016, -2.590139851670968163, -11.14881190299005631 ) ) ;
#1240 = ORIENTED_EDGE ( 'NONE', *, *, #6580, .F. ) ;
#1241 = LINE ( 'NONE', #4462, #6401 ) ;
#1242 = ADVANCED_FACE ( 'NONE', ( #3171 ), #3770, .T. ) ;
#1243 = VERTEX_POINT ( 'NONE', #5913 ) ;
#1244 = VERTEX_POINT ( 'NONE', #4264 ) ;
#1245 = CARTESIAN_POINT ( 'NONE',  ( 1.777709254451909970, -2.831868875732264978, -10.76226831563482023 ) ) ;
#1246 = ORIENTED_EDGE ( 'NONE', *, *, #3078, .T. ) ;
#1247 = CARTESIAN_POINT ( 'NONE',  ( -2.749999999999090061, -3.137993503012875163, -3.603632002693444747 ) ) ;
#1248 = ORIENTED_EDGE ( 'NONE', *, *, #925, .F. ) ;
#1249 = LINE ( 'NONE', #3943, #4608 ) ;
#1250 = CARTESIAN_POINT ( 'NONE',  ( -3.149999999999999911, 7.715274834628319461E-16, -9.400000000000000355 ) ) ;
#1251 = ADVANCED_FACE ( 'NONE', ( #141 ), #2691, .T. ) ;
#1252 = ORIENTED_EDGE ( 'NONE', *, *, #5918, .T. ) ;
#1253 = FACE_OUTER_BOUND ( 'NONE', #846, .T. ) ;
#1254 = FACE_OUTER_BOUND ( 'NONE', #5156, .T. ) ;
#1255 = DIRECTION ( 'NONE',  ( 0.000000000000000000, 0.000000000000000000, 1.000000000000000000 ) ) ;
#1256 = AXIS2_PLACEMENT_3D ( 'NONE', #2804, #1792, #4933 ) ;
#1257 = EDGE_LOOP ( 'NONE', ( #5060, #3405, #2231, #311 ) ) ;
#1258 = CARTESIAN_POINT ( 'NONE',  ( 0.4401297180295981604, -11.22013143605883378, -7.599999999999868194 ) ) ;
#1259 = ADVANCED_FACE ( 'NONE', ( #6396 ), #4890, .T. ) ;
#1260 = VECTOR ( 'NONE', #950, 1000.000000000000000 ) ;
#1261 = DIRECTION ( 'NONE',  ( -1.000000000000000000, 0.000000000000000000, 0.000000000000000000 ) ) ;
#1262 = DIRECTION ( 'NONE',  ( 1.000000000000000000, 0.000000000000000000, 0.000000000000000000 ) ) ;
#1263 = CARTESIAN_POINT ( 'NONE',  ( 2.164999999999909885, -2.970259389424509955, -3.494704195690554904 ) ) ;
#1264 = FACE_OUTER_BOUND ( 'NONE', #4035, .T. ) ;
#1265 = ORIENTED_EDGE ( 'NONE', *, *, #5056, .F. ) ;
#1266 = ORIENTED_EDGE ( 'NONE', *, *, #1428, .T. ) ;
#1267 = LINE ( 'NONE', #3389, #3594 ) ;
#1268 = AXIS2_PLACEMENT_3D ( 'NONE', #4587, #6722, #4645 ) ;
#1269 = VERTEX_POINT ( 'NONE', #5983 ) ;
#1270 = CARTESIAN_POINT ( 'NONE',  ( 0.000000000000000000, 0.000000000000000000, -9.150000000000000355 ) ) ;
#1271 = DIRECTION ( 'NONE',  ( 0.000000000000000000, -1.000000000000000000, 0.000000000000000000 ) ) ;
#1272 = VECTOR ( 'NONE', #3221, 1000.000000000000000 ) ;
#1273 = CONICAL_SURFACE ( 'NONE', #387, 1.199999999471401901, 1.405647647690330126 ) ;
#1274 = CARTESIAN_POINT ( 'NONE',  ( -4.500000000000059508, -2.150000000000039879, -9.750000000000000000 ) ) ;
#1275 = CARTESIAN_POINT ( 'NONE',  ( 1.468265398482798023, -2.588983070638180450, -11.15981793932974142 ) ) ;
#1276 = ORIENTED_EDGE ( 'NONE', *, *, #5608, .F. ) ;
#1277 = CARTESIAN_POINT ( 'NONE',  ( 18.18468237128199760, -9.699999999999819877, -7.799999999999999822 ) ) ;
#1278 = ORIENTED_EDGE ( 'NONE', *, *, #5907, .F. ) ;
#1279 = DIRECTION ( 'NONE',  ( 0.000000000000000000, -0.8660254037844039576, -0.5000000000000599520 ) ) ;
#1280 = VERTEX_POINT ( 'NONE', #6430 ) ;
#1281 = DIRECTION ( 'NONE',  ( 0.000000000000000000, 0.000000000000000000, 1.000000000000000000 ) ) ;
#1282 = ORIENTED_EDGE ( 'NONE', *, *, #3879, .F. ) ;
#1283 = LINE ( 'NONE', #3514, #3445 ) ;
#1284 = EDGE_CURVE ( 'NONE', #1230, #824, #5702, .T. ) ;
#1285 = ORIENTED_EDGE ( 'NONE', *, *, #4998, .F. ) ;
#1286 = CARTESIAN_POINT ( 'NONE',  ( 0.6144798133665314577, -5.299999999999278621, -4.299979373643919800 ) ) ;
#1287 = DIRECTION ( 'NONE',  ( 0.000000000000000000, 1.000000000000000000, 0.000000000000000000 ) ) ;
#1288 = VERTEX_POINT ( 'NONE', #2724 ) ;
#1289 = DIRECTION ( 'NONE',  ( 1.000000000000000000, 0.000000000000000000, 0.000000000000000000 ) ) ;
#1290 = CARTESIAN_POINT ( 'NONE',  ( -2.749999999999089617, -4.340680156381664823, -1.817992899792175709 ) ) ;
#1291 = CARTESIAN_POINT ( 'NONE',  ( 2.750000000000909495, -5.299999999999680078, -2.299999999999999822 ) ) ;
#1292 = ORIENTED_EDGE ( 'NONE', *, *, #6214, .T. ) ;
#1293 = CARTESIAN_POINT ( 'NONE',  ( -4.499999999999999112, -6.292893218813510714, -0.3284271247461895693 ) ) ;
#1294 = EDGE_CURVE ( 'NONE', #5828, #4970, #4789, .T. ) ;
#1295 = DIRECTION ( 'NONE',  ( 1.000000000000000000, 0.000000000000000000, 0.000000000000000000 ) ) ;
#1296 = CARTESIAN_POINT ( 'NONE',  ( -1.479999999999979998, -8.699999999999899813, -12.93358983848641941 ) ) ;
#1297 = DIRECTION ( 'NONE',  ( 0.000000000000000000, 1.000000000000000000, 0.000000000000000000 ) ) ;
#1298 = CARTESIAN_POINT ( 'NONE',  ( 1.249999999999970024, -8.970710678117770343, -8.246446609406030248 ) ) ;
#1299 = EDGE_LOOP ( 'NONE', ( #5546, #2494, #2247, #4470 ) ) ;
#1300 = ORIENTED_EDGE ( 'NONE', *, *, #2664, .T. ) ;
#1301 = EDGE_CURVE ( 'NONE', #6031, #101, #3493, .T. ) ;
#1302 = DIRECTION ( 'NONE',  ( 0.000000000000000000, 0.000000000000000000, 1.000000000000000000 ) ) ;
#1303 = VECTOR ( 'NONE', #231, 1000.000000000000000 ) ;
#1304 = ORIENTED_EDGE ( 'NONE', *, *, #4905, .F. ) ;
#1305 = CARTESIAN_POINT ( 'NONE',  ( 1.250000000000132117, -10.04999999999840021, -7.799999999999999822 ) ) ;
#1306 = CARTESIAN_POINT ( 'NONE',  ( -0.8710284605817100179, 2.504296248771329836, -9.900000000000000355 ) ) ;
#1307 = DIRECTION ( 'NONE',  ( 1.000000000000000000, 0.000000000000000000, 0.000000000000000000 ) ) ;
#1308 = VECTOR ( 'NONE', #581, 1000.000000000000000 ) ;
#1309 =( LENGTH_UNIT ( ) NAMED_UNIT ( * ) SI_UNIT ( .MILLI., .METRE. ) );
#1310 = ORIENTED_EDGE ( 'NONE', *, *, #2459, .F. ) ;
#1311 = CARTESIAN_POINT ( 'NONE',  ( -1.545531434166588669, -2.649065173988563782, -11.22595972605738623 ) ) ;
#1312 = ORIENTED_EDGE ( 'NONE', *, *, #5431, .F. ) ;
#1313 = AXIS2_PLACEMENT_3D ( 'NONE', #6487, #3184, #4386 ) ;
#1314 = LINE ( 'NONE', #2256, #2350 ) ;
#1315 = EDGE_LOOP ( 'NONE', ( #3637, #393, #4902, #4605, #583, #1934, #3936 ) ) ;
#1316 = CARTESIAN_POINT ( 'NONE',  ( 2.750000000000909495, -5.213719564082375690, -1.984090377948400485 ) ) ;
#1317 = ORIENTED_EDGE ( 'NONE', *, *, #3086, .T. ) ;
#1318 = UNCERTAINTY_MEASURE_WITH_UNIT (LENGTH_MEASURE( 1.000000000000000082E-05 ), #5713, 'distance_accuracy_value', 'NONE');
#1319 = DIRECTION ( 'NONE',  ( 1.000000000000000000, 0.000000000000000000, 0.000000000000000000 ) ) ;
#1320 = ORIENTED_EDGE ( 'NONE', *, *, #4025, .T. ) ;
#1321 = CARTESIAN_POINT ( 'NONE',  ( 0.5058697459232633920, -5.299999999999280398, -4.227392436926565189 ) ) ;
#1322 = DIRECTION ( 'NONE',  ( 0.000000000000000000, 0.000000000000000000, 1.000000000000000000 ) ) ;
#1323 = VECTOR ( 'NONE', #2746, 1000.000000000000000 ) ;
#1324 = VECTOR ( 'NONE', #6198, 1000.000000000000000 ) ;
#1325 = ORIENTED_EDGE ( 'NONE', *, *, #2620, .T. ) ;
#1326 = VECTOR ( 'NONE', #6370, 1000.000000000000227 ) ;
#1327 = EDGE_CURVE ( 'NONE', #1901, #6652, #1108, .T. ) ;
#1328 = CARTESIAN_POINT ( 'NONE',  ( -1.479999999999979998, -3.100000000000049827, -13.41999999999999993 ) ) ;
#1329 = CIRCLE ( 'NONE', #5227, 0.5000000000000004441 ) ;
#1330 = CARTESIAN_POINT ( 'NONE',  ( -1.199999999999929789, 1.469576158976738011E-16, -13.95000000000000107 ) ) ;
#1331 = CYLINDRICAL_SURFACE ( 'NONE', #5458, 0.1999999999999996503 ) ;
#1332 = STYLED_ITEM ( 'NONE', ( #6239 ), #5966 ) ;
#1333 = ORIENTED_EDGE ( 'NONE', *, *, #938, .F. ) ;
#1334 = DIRECTION ( 'NONE',  ( 1.000000000000000000, 0.000000000000000000, 0.000000000000000000 ) ) ;
#1335 = AXIS2_PLACEMENT_3D ( 'NONE', #5813, #932, #6804 ) ;
#1336 = DIRECTION ( 'NONE',  ( 0.000000000000000000, 0.000000000000000000, -1.000000000000000000 ) ) ;
#1337 = CARTESIAN_POINT ( 'NONE',  ( 4.000000000000000000, -6.000000000000000000, -0.5000000000000000000 ) ) ;
#1338 = LINE ( 'NONE', #180, #6638 ) ;
#1339 = ORIENTED_EDGE ( 'NONE', *, *, #6491, .F. ) ;
#1340 = EDGE_CURVE ( 'NONE', #1839, #4024, #1746, .T. ) ;
#1341 = ORIENTED_EDGE ( 'NONE', *, *, #4615, .T. ) ;
#1342 = DIRECTION ( 'NONE',  ( 1.000000000000000000, 0.000000000000000000, 0.000000000000000000 ) ) ;
#1343 = EDGE_CURVE ( 'NONE', #1409, #3531, #2348, .T. ) ;
#1344 = EDGE_CURVE ( 'NONE', #4504, #3930, #257, .T. ) ;
#1345 = ORIENTED_EDGE ( 'NONE', *, *, #977, .T. ) ;
#1346 = CARTESIAN_POINT ( 'NONE',  ( -1.853233911816578491E-07, -2.766308203330537729, -9.994224390921793599 ) ) ;
#1347 = DIRECTION ( 'NONE',  ( -1.000000000000000000, 0.000000000000000000, 0.000000000000000000 ) ) ;
#1348 = CARTESIAN_POINT ( 'NONE',  ( -0.1121088177076750014, -2.706526339254924807, -10.04149831957634120 ) ) ;
#1349 = AXIS2_PLACEMENT_3D ( 'NONE', #1226, #5107, #328 ) ;
#1350 = DIRECTION ( 'NONE',  ( 0.000000000000000000, 0.000000000000000000, 1.000000000000000000 ) ) ;
#1351 = ORIENTED_EDGE ( 'NONE', *, *, #1284, .T. ) ;
#1352 = AXIS2_PLACEMENT_3D ( 'NONE', #4532, #1767, #4498 ) ;
#1353 = CARTESIAN_POINT ( 'NONE',  ( 4.500000000000000000, -6.000000000000000000, -0.5000000000000000000 ) ) ;
#1354 = EDGE_CURVE ( 'NONE', #4698, #6006, #6476, .T. ) ;
#1355 = ORIENTED_EDGE ( 'NONE', *, *, #5268, .T. ) ;
#1356 = DIRECTION ( 'NONE',  ( -1.000000000000000000, 0.000000000000000000, 0.000000000000000000 ) ) ;
#1357 = LINE ( 'NONE', #405, #3224 ) ;
#1358 = VERTEX_POINT ( 'NONE', #2417 ) ;
#1359 = DIRECTION ( 'NONE',  ( 0.000000000000000000, 0.000000000000000000, 1.000000000000000000 ) ) ;
#1360 = VERTEX_POINT ( 'NONE', #820 ) ;
#1361 = DIRECTION ( 'NONE',  ( 0.000000000000000000, 0.000000000000000000, -1.000000000000000000 ) ) ;
#1362 = VERTEX_POINT ( 'NONE', #780 ) ;
#1363 = CARTESIAN_POINT ( 'NONE',  ( -0.8709526468683485012, -5.299999999999280398, -4.592368886824226948 ) ) ;
#1364 = DIRECTION ( 'NONE',  ( -1.000000000000000000, 0.000000000000000000, 0.000000000000000000 ) ) ;
#1365 = EDGE_LOOP ( 'NONE', ( #6525, #2813, #6204, #3553 ) ) ;
#1366 = CARTESIAN_POINT ( 'NONE',  ( 4.000000000000000000, 4.092893218813362211, 8.673617379884028570E-16 ) ) ;
#1367 = FACE_OUTER_BOUND ( 'NONE', #958, .T. ) ;
#1368 = LINE ( 'NONE', #6118, #6026 ) ;
#1369 = VERTEX_POINT ( 'NONE', #2457 ) ;
#1370 = ADVANCED_FACE ( 'NONE', ( #3383 ), #5076, .T. ) ;
#1371 = CARTESIAN_POINT ( 'NONE',  ( 3.900000000000130029, -3.350000000000000089, -13.40000000000000036 ) ) ;
#1372 = B_SPLINE_CURVE_WITH_KNOTS ( 'NONE', 3,
 ( #6795, #2499, #4562, #337, #1906, #952, #6209, #2468 ),
 .UNSPECIFIED., .F., .F.,
 ( 4, 2, 2, 4 ),
 ( 0.000000000000000000, 0.2500000000000000000, 0.5000000000000000000, 1.000000000000000000 ),
 .UNSPECIFIED. ) ;
#1373 = DIRECTION ( 'NONE',  ( 0.000000000000000000, 0.000000000000000000, 1.000000000000000000 ) ) ;
#1374 = CARTESIAN_POINT ( 'NONE',  ( 4.860000000000079368, -2.559999999999050146, -2.779157999888000052 ) ) ;
#1375 = CARTESIAN_POINT ( 'NONE',  ( -4.500000000000059508, -6.000000000000000000, -3.500000000000000000 ) ) ;
#1376 = ORIENTED_EDGE ( 'NONE', *, *, #3189, .F. ) ;
#1377 = ORIENTED_EDGE ( 'NONE', *, *, #2095, .F. ) ;
#1378 = EDGE_CURVE ( 'NONE', #1661, #1233, #6588, .T. ) ;
#1379 = VECTOR ( 'NONE', #2963, 1000.000000000000000 ) ;
#1380 = DIRECTION ( 'NONE',  ( -1.000000000000000000, 0.000000000000000000, 0.000000000000000000 ) ) ;
#1381 = CARTESIAN_POINT ( 'NONE',  ( -0.03799084743383512180, -2.699175893184433850, -10.03108776215037956 ) ) ;
#1382 = CARTESIAN_POINT ( 'NONE',  ( 4.500000000000059508, -10.19999999999910045, -11.79999999999999893 ) ) ;
#1383 = CARTESIAN_POINT ( 'NONE',  ( -4.000000000000000000, 4.299999999999919886, -1.000000000000000000 ) ) ;
#1384 = VECTOR ( 'NONE', #327, 1000.000000000000000 ) ;
#1385 = ORIENTED_EDGE ( 'NONE', *, *, #35, .T. ) ;
#1386 = PLANE ( 'NONE',  #5182 ) ;
#1387 = VECTOR ( 'NONE', #6547, 1000.000000000000000 ) ;
#1388 =( GEOMETRIC_REPRESENTATION_CONTEXT ( 3 ) GLOBAL_UNCERTAINTY_ASSIGNED_CONTEXT ( ( #4779 ) ) GLOBAL_UNIT_ASSIGNED_CONTEXT ( ( #3808, #2201, #5875 ) ) REPRESENTATION_CONTEXT ( 'NONE', 'WORKASPACE' ) );
#1389 = CARTESIAN_POINT ( 'NONE',  ( 0.000000000000000000, 0.000000000000000000, -13.95000000000000107 ) ) ;
#1390 = CARTESIAN_POINT ( 'NONE',  ( -1.250000000000089928, -9.699999999999819877, -7.799999999999999822 ) ) ;
#1391 = VERTEX_POINT ( 'NONE', #5560 ) ;
#1392 = VERTEX_POINT ( 'NONE', #1296 ) ;
#1393 = CARTESIAN_POINT ( 'NONE',  ( 2.299999999999859934, -2.000000000000110134, -11.79999999999999893 ) ) ;
#1394 = ORIENTED_EDGE ( 'NONE', *, *, #6595, .T. ) ;
#1395 = FACE_OUTER_BOUND ( 'NONE', #1764, .T. ) ;
#1396 = EDGE_CURVE ( 'NONE', #5400, #2078, #5029, .T. ) ;
#1397 = CYLINDRICAL_SURFACE ( 'NONE', #1876, 0.5999999999999998668 ) ;
#1398 = ORIENTED_EDGE ( 'NONE', *, *, #6794, .T. ) ;
#1399 = FACE_BOUND ( 'NONE', #3604, .T. ) ;
#1400 = DIRECTION ( 'NONE',  ( 0.000000000000000000, 0.000000000000000000, 1.000000000000000000 ) ) ;
#1401 = PLANE ( 'NONE',  #1886 ) ;
#1402 = ORIENTED_EDGE ( 'NONE', *, *, #6161, .F. ) ;
#1403 = CARTESIAN_POINT ( 'NONE',  ( 1.479999999999979998, -9.542487113058909287, -13.41999999999999993 ) ) ;
#1404 = AXIS2_PLACEMENT_3D ( 'NONE', #1119, #595, #67 ) ;
#1405 = CARTESIAN_POINT ( 'NONE',  ( -2.749999999999090061, -4.111624435740880656, -1.748839756839470017 ) ) ;
#1406 = CARTESIAN_POINT ( 'NONE',  ( 4.499999999999949374, -2.150000000000039879, -11.79999999999999893 ) ) ;
#1407 = CARTESIAN_POINT ( 'NONE',  ( 4.000000000000000000, -6.000000000000000000, -11.79999999999999893 ) ) ;
#1408 = ORIENTED_EDGE ( 'NONE', *, *, #3576, .T. ) ;
#1409 = VERTEX_POINT ( 'NONE', #6614 ) ;
#1410 = CARTESIAN_POINT ( 'NONE',  ( -2.749999999999090061, -4.111624435740880656, -1.748839756839470017 ) ) ;
#1411 = CARTESIAN_POINT ( 'NONE',  ( -0.02259272426590825528, -2.732007167794617608, -10.01057250486234906 ) ) ;
#1412 = EDGE_CURVE ( 'NONE', #2980, #1770, #2464, .T. ) ;
#1413 =( NAMED_UNIT ( * ) SI_UNIT ( $, .STERADIAN. ) SOLID_ANGLE_UNIT ( ) );
#1414 = EDGE_CURVE ( 'NONE', #4134, #6101, #5144, .T. ) ;
#1415 = LINE ( 'NONE', #6796, #63 ) ;
#1416 = ORIENTED_EDGE ( 'NONE', *, *, #519, .F. ) ;
#1417 = DIRECTION ( 'NONE',  ( -0.9952719235557661026, 0.08236899631855601478, -0.05146986134699775561 ) ) ;
#1418 = AXIS2_PLACEMENT_3D ( 'NONE', #3113, #3179, #5 ) ;
#1419 = CARTESIAN_POINT ( 'NONE',  ( 2.750000000000909495, -4.604059822785077749, -1.705049121854700589 ) ) ;
#1420 = CARTESIAN_POINT ( 'NONE',  ( -3.649999999999999911, -5.500000000000000000, -11.79999999999999893 ) ) ;
#1421 = ORIENTED_EDGE ( 'NONE', *, *, #1946, .F. ) ;
#1422 = FACE_OUTER_BOUND ( 'NONE', #6838, .T. ) ;
#1423 = CARTESIAN_POINT ( 'NONE',  ( 1.500000000000060174, -5.349999999999999645, -11.79999999999999893 ) ) ;
#1424 = ORIENTED_EDGE ( 'NONE', *, *, #1294, .T. ) ;
#1425 = EDGE_CURVE ( 'NONE', #2898, #5409, #5463, .T. ) ;
#1426 = PLANE ( 'NONE',  #5620 ) ;
#1427 = CARTESIAN_POINT ( 'NONE',  ( 18.18468237128199760, -8.241421356236928730, -7.658578643762930405 ) ) ;
#1428 = EDGE_CURVE ( 'NONE', #4107, #4978, #4032, .T. ) ;
#1429 = ORIENTED_EDGE ( 'NONE', *, *, #6004, .F. ) ;
#1430 = EDGE_CURVE ( 'NONE', #2435, #1630, #4067, .T. ) ;
#1431 = AXIS2_PLACEMENT_3D ( 'NONE', #2514, #5784, #5166 ) ;
#1432 = CARTESIAN_POINT ( 'NONE',  ( 18.18468237128199760, -2.970259389423805185, -3.494704195690109927 ) ) ;
#1433 = CARTESIAN_POINT ( 'NONE',  ( 2.300000000000109956, -5.551115123125779547E-14, -13.78000000000000114 ) ) ;
#1434 = ADVANCED_FACE ( 'NONE', ( #4131 ), #1498, .T. ) ;
#1435 = VECTOR ( 'NONE', #5237, 1000.000000000000000 ) ;
#1436 = ORIENTED_EDGE ( 'NONE', *, *, #6301, .T. ) ;
#1437 = CARTESIAN_POINT ( 'NONE',  ( -4.500000000000002665, -6.000000000000062172, -0.5000000000000006661 ) ) ;
#1438 = ADVANCED_FACE ( 'NONE', ( #5177 ), #5203, .T. ) ;
#1439 = DIRECTION ( 'NONE',  ( 0.5197153285315629923, -0.8543394976760289028, 0.000000000000000000 ) ) ;
#1440 = AXIS2_PLACEMENT_3D ( 'NONE', #2720, #6879, #1041 ) ;
#1441 = DIRECTION ( 'NONE',  ( 1.000000000000000000, 0.000000000000000000, 0.000000000000000000 ) ) ;
#1442 = DIRECTION ( 'NONE',  ( 0.000000000000000000, 1.000000000000000000, 0.000000000000000000 ) ) ;
#1443 = AXIS2_PLACEMENT_3D ( 'NONE', #2899, #2934, #211 ) ;
#1444 = VERTEX_POINT ( 'NONE', #5733 ) ;
#1445 = ORIENTED_EDGE ( 'NONE', *, *, #6287, .T. ) ;
#1446 = CARTESIAN_POINT ( 'NONE',  ( 1.279896855207895978, -2.582763714275670086, -11.21899116183752021 ) ) ;
#1447 = CARTESIAN_POINT ( 'NONE',  ( -9.662512969806918761, -9.542487113058909287, -13.41999999999999993 ) ) ;
#1448 = PLANE ( 'NONE',  #6662 ) ;
#1449 = COLOUR_RGB ( '',0.6745098039215686736, 0.6745098039215686736, 0.6745098039215686736 ) ;
#1450 = ORIENTED_EDGE ( 'NONE', *, *, #4321, .F. ) ;
#1451 = EDGE_CURVE ( 'NONE', #5840, #2587, #971, .T. ) ;
#1452 = CARTESIAN_POINT ( 'NONE',  ( -2.749999999999090061, -4.700000903659369733, -1.699610252709139901 ) ) ;
#1453 = VECTOR ( 'NONE', #3417, 1000.000000000000000 ) ;
#1454 = DIRECTION ( 'NONE',  ( 1.000000000000000000, 0.000000000000000000, 0.000000000000000000 ) ) ;
#1455 = ORIENTED_EDGE ( 'NONE', *, *, #6462, .T. ) ;
#1456 = ORIENTED_EDGE ( 'NONE', *, *, #4962, .T. ) ;
#1457 = LINE ( 'NONE', #3027, #6699 ) ;
#1458 = ORIENTED_EDGE ( 'NONE', *, *, #6215, .F. ) ;
#1459 = VECTOR ( 'NONE', #3983, 1000.000000000000000 ) ;
#1460 = CARTESIAN_POINT ( 'NONE',  ( 18.18468237128199760, -3.137993503012869834, -3.603632002693439862 ) ) ;
#1461 = DIRECTION ( 'NONE',  ( 0.08810188277373708077, 0.5425211891288380661, -0.8354093712653419823 ) ) ;
#1462 = VERTEX_POINT ( 'NONE', #886 ) ;
#1463 = PLANE ( 'NONE',  #2240 ) ;
#1464 = CARTESIAN_POINT ( 'NONE',  ( -3.150000000434957315, -0.5010738653973367818, -9.400000000000002132 ) ) ;
#1465 = B_SPLINE_CURVE_WITH_KNOTS ( 'NONE', 3,
 ( #5834, #2800, #3311, #3207 ),
 .UNSPECIFIED., .F., .F.,
 ( 4, 4 ),
 ( 0.000000000000000000, 1.000000000000000000 ),
 .UNSPECIFIED. ) ;
#1466 = ADVANCED_FACE ( 'NONE', ( #6263 ), #946, .F. ) ;
#1467 = EDGE_CURVE ( 'NONE', #1058, #1473, #5675, .T. ) ;
#1468 = DIRECTION ( 'NONE',  ( 0.000000000000000000, 0.000000000000000000, 1.000000000000000000 ) ) ;
#1469 = ORIENTED_EDGE ( 'NONE', *, *, #2620, .F. ) ;
#1470 = CARTESIAN_POINT ( 'NONE',  ( -2.500000000000059952, 2.400000000000960032, -2.550000000000000266 ) ) ;
#1471 = CARTESIAN_POINT ( 'NONE',  ( 1.249999999999970024, -9.749999999998358646, 21.81166452058999994 ) ) ;
#1472 = CARTESIAN_POINT ( 'NONE',  ( -4.250000000000090594, 3.799999999999910116, -0.5000000000000000000 ) ) ;
#1473 = VERTEX_POINT ( 'NONE', #4710 ) ;
#1474 = ORIENTED_EDGE ( 'NONE', *, *, #3381, .T. ) ;
#1475 = CARTESIAN_POINT ( 'NONE',  ( -2.500000000000059952, 4.299999999999919886, -2.550000000000000266 ) ) ;
#1476 = EDGE_CURVE ( 'NONE', #2992, #1529, #1967, .T. ) ;
#1477 = CARTESIAN_POINT ( 'NONE',  ( -0.1960284920190890345, -11.28914290735686166, -7.800000000000000711 ) ) ;
#1478 = DIRECTION ( 'NONE',  ( 0.000000000000000000, 0.000000000000000000, 1.000000000000000000 ) ) ;
#1479 = DIRECTION ( 'NONE',  ( 0.000000000000000000, 0.000000000000000000, -1.000000000000000000 ) ) ;
#1480 = VECTOR ( 'NONE', #4088, 1000.000000000000000 ) ;
#1481 = CARTESIAN_POINT ( 'NONE',  ( 0.000000000000000000, 0.000000000000000000, 0.000000000000000000 ) ) ;
#1482 = ORIENTED_EDGE ( 'NONE', *, *, #1476, .T. ) ;
#1483 = DIRECTION ( 'NONE',  ( -1.000000000000000000, 0.000000000000000000, 0.000000000000000000 ) ) ;
#1484 = ORIENTED_EDGE ( 'NONE', *, *, #799, .F. ) ;
#1485 = ORIENTED_EDGE ( 'NONE', *, *, #3161, .F. ) ;
#1486 = LINE ( 'NONE', #3606, #5455 ) ;
#1487 = ORIENTED_EDGE ( 'NONE', *, *, #5728, .T. ) ;
#1488 = FACE_OUTER_BOUND ( 'NONE', #1830, .T. ) ;
#1489 = CARTESIAN_POINT ( 'NONE',  ( -4.339999999999999858, -2.199999999999130207, -9.799999999999998934 ) ) ;
#1490 = AXIS2_PLACEMENT_3D ( 'NONE', #5825, #6846, #945 ) ;
#1491 = ORIENTED_EDGE ( 'NONE', *, *, #740, .T. ) ;
#1492 = CARTESIAN_POINT ( 'NONE',  ( 1.075528555105619894E-13, -5.551115123125779547E-14, -13.78000000000000114 ) ) ;
#1493 = DIRECTION ( 'NONE',  ( 0.000000000000000000, 0.000000000000000000, -1.000000000000000000 ) ) ;
#1494 = EDGE_CURVE ( 'NONE', #4441, #2822, #2584, .T. ) ;
#1495 = LINE ( 'NONE', #6784, #2322 ) ;
#1496 = ORIENTED_EDGE ( 'NONE', *, *, #4200, .F. ) ;
#1497 = FACE_OUTER_BOUND ( 'NONE', #3711, .T. ) ;
#1498 = PLANE ( 'NONE',  #3454 ) ;
#1499 = CARTESIAN_POINT ( 'NONE',  ( -1.250000000000101696, -5.491205336494630274, -7.756890761442869042 ) ) ;
#1500 = VERTEX_POINT ( 'NONE', #3066 ) ;
#1501 = ORIENTED_EDGE ( 'NONE', *, *, #6806, .F. ) ;
#1502 = CARTESIAN_POINT ( 'NONE',  ( -1.189204713810744218, -10.43564973953152020, -7.599999999999869083 ) ) ;
#1503 = EDGE_CURVE ( 'NONE', #6617, #4641, #5351, .T. ) ;
#1504 = EDGE_CURVE ( 'NONE', #1369, #3878, #3618, .T. ) ;
#1505 = PLANE ( 'NONE',  #713 ) ;
#1506 = DIRECTION ( 'NONE',  ( 0.000000000000000000, 0.000000000000000000, -1.000000000000000000 ) ) ;
#1507 = CARTESIAN_POINT ( 'NONE',  ( -1.199999999999913802, -1.962141687034899995, -13.78000000000000114 ) ) ;
#1508 = EDGE_CURVE ( 'NONE', #3878, #3011, #3336, .T. ) ;
#1509 = DIRECTION ( 'NONE',  ( 1.000000000000000000, 0.000000000000000000, 0.000000000000000000 ) ) ;
#1510 = ORIENTED_EDGE ( 'NONE', *, *, #3925, .T. ) ;
#1511 =( BOUNDED_SURFACE ( )  B_SPLINE_SURFACE ( 3, 3, ( 
 ( #741, #6575, #4371, #2867 ),
 ( #4999, #2309, #3807, #2723 ),
 ( #5948, #6506, #6429, #1151 ),
 ( #5488, #4964, #705, #3769 ) ),
 .UNSPECIFIED., .F., .F., .F. ) 
 B_SPLINE_SURFACE_WITH_KNOTS ( ( 4, 4 ),
 ( 4, 4 ),
 ( 0.000000000000000000, 1.000000000000000000 ),
 ( 0.000000000000000000, 1.000000000000000000 ),
 .UNSPECIFIED. ) 
 GEOMETRIC_REPRESENTATION_ITEM ( )  RATIONAL_B_SPLINE_SURFACE ( (
 ( 1.000000000000000000, 0.3333333333333335369, 0.3333333333333335369, 1.000000000000000000),
 ( 0.7277763031966849594, 0.2425921010655620047, 0.2425921010655620047, 0.7277763031966849594),
 ( 0.7277763031966849594, 0.2425921010655620047, 0.2425921010655620047, 0.7277763031966849594),
 ( 1.000000000000000000, 0.3333333333333335369, 0.3333333333333335369, 1.000000000000000000) ) ) 
 REPRESENTATION_ITEM ( '' )  SURFACE ( )  );
#1512 = ADVANCED_FACE ( 'NONE', ( #3528 ), #361, .F. ) ;
#1513 = PLANE ( 'NONE',  #544 ) ;
#1514 = CARTESIAN_POINT ( 'NONE',  ( 2.632033191043760212, 0.3572060135528135061, -9.900000000000000355 ) ) ;
#1515 = DIRECTION ( 'NONE',  ( 0.000000000000000000, -1.000000000000000000, 0.000000000000000000 ) ) ;
#1516 = ORIENTED_EDGE ( 'NONE', *, *, #6369, .T. ) ;
#1517 = VERTEX_POINT ( 'NONE', #4679 ) ;
#1518 = DIRECTION ( 'NONE',  ( -1.000000000000000000, 0.000000000000000000, 0.000000000000000000 ) ) ;
#1519 = ORIENTED_EDGE ( 'NONE', *, *, #4468, .T. ) ;
#1520 = CARTESIAN_POINT ( 'NONE',  ( -1.899999999998069899, -5.500000000000000000, -7.400000000000000355 ) ) ;
#1521 = ORIENTED_EDGE ( 'NONE', *, *, #4459, .T. ) ;
#1522 = VECTOR ( 'NONE', #6136, 1000.000000000000000 ) ;
#1523 = CLOSED_SHELL ( 'NONE', ( #2753, #1992, #4787, #6446, #3656, #5352, #6605, #91, #1200, #2326, #4143, #5397, #733, #6514, #6809, #2784, #11, #3833, #837, #5662, #5018, #916, #6261, #5570, #6715, #2558, #53, #1466, #4851, #2453, #2365, #73, #3521, #1512, #4040, #3359, #6382, #6683, #6080, #5738, #3806, #4707, #4739, #4400, #4004, #1438, #2155, #5578, #4510, #3004, #589, #6812, #6252, #322, #5980, #5174, #4573, #401, #404, #4625, #1000, #823, #1681, #283, #4201, #704, #1751, #4316, #4332 ) ) ;
#1524 = CARTESIAN_POINT ( 'NONE',  ( -9.662512969806918761, -7.460192378863940377, -13.78000000000000114 ) ) ;
#1525 = CARTESIAN_POINT ( 'NONE',  ( -9.662512969806918761, -7.635192378864090301, -13.73310889132459955 ) ) ;
#1526 = VECTOR ( 'NONE', #981, 1000.000000000000000 ) ;
#1527 = CARTESIAN_POINT ( 'NONE',  ( 4.499999999999949374, 3.799999999999910116, -11.79999999999999893 ) ) ;
#1528 = EDGE_CURVE ( 'NONE', #3539, #1834, #4619, .T. ) ;
#1529 = VERTEX_POINT ( 'NONE', #452 ) ;
#1530 = LINE ( 'NONE', #3648, #3266 ) ;
#1531 = DIRECTION ( 'NONE',  ( 0.000000000000000000, 1.000000000000000000, 0.000000000000000000 ) ) ;
#1532 = FACE_OUTER_BOUND ( 'NONE', #4208, .T. ) ;
#1533 = ORIENTED_EDGE ( 'NONE', *, *, #6215, .T. ) ;
#1534 = VECTOR ( 'NONE', #6844, 1000.000000000000000 ) ;
#1535 = EDGE_LOOP ( 'NONE', ( #2108, #6831, #2436, #364, #4409, #5644, #1187, #3446, #5956, #1521, #5262, #4278, #2805, #3459 ) ) ;
#1536 = LINE ( 'NONE', #1570, #1820 ) ;
#1537 = VECTOR ( 'NONE', #5896, 1000.000000000000114 ) ;
#1538 = VECTOR ( 'NONE', #6676, 1000.000000000000000 ) ;
#1539 = LINE ( 'NONE', #3658, #5960 ) ;
#1540 = CARTESIAN_POINT ( 'NONE',  ( -2.912473175842150042, -1.199999999999969980, -9.400000000000000355 ) ) ;
#1541 = FACE_OUTER_BOUND ( 'NONE', #6909, .T. ) ;
#1542 = EDGE_CURVE ( 'NONE', #1517, #3139, #2346, .T. ) ;
#1543 = VERTEX_POINT ( 'NONE', #2060 ) ;
#1544 = ADVANCED_FACE ( 'NONE', ( #4185 ), #918, .T. ) ;
#1545 = CIRCLE ( 'NONE', #2005, 0.5000000000138528078 ) ;
#1546 = DIRECTION ( 'NONE',  ( 0.000000000000000000, -1.000000000000000000, 0.000000000000000000 ) ) ;
#1547 = AXIS2_PLACEMENT_3D ( 'NONE', #312, #5749, #2047 ) ;
#1548 = LINE ( 'NONE', #5389, #1326 ) ;
#1549 = CARTESIAN_POINT ( 'NONE',  ( -3.549999999998999733, -5.500000000000000000, -6.100000000000920686 ) ) ;
#1550 = ORIENTED_EDGE ( 'NONE', *, *, #905, .T. ) ;
#1551 = DIRECTION ( 'NONE',  ( 0.000000000000000000, 0.000000000000000000, -1.000000000000000000 ) ) ;
#1552 = CARTESIAN_POINT ( 'NONE',  ( -1.250000000000090150, -8.872830082596054879, -8.276180251376182184 ) ) ;
#1553 = VERTEX_POINT ( 'NONE', #6786 ) ;
#1554 = VECTOR ( 'NONE', #2412, 1000.000000000000000 ) ;
#1555 = EDGE_CURVE ( 'NONE', #4991, #6555, #4741, .T. ) ;
#1556 = DIRECTION ( 'NONE',  ( 0.000000000000000000, -1.000000000000000000, 0.000000000000000000 ) ) ;
#1557 = EDGE_LOOP ( 'NONE', ( #570, #4857, #2003, #3952 ) ) ;
#1558 = AXIS2_PLACEMENT_3D ( 'NONE', #179, #2385, #2977 ) ;
#1559 = FACE_OUTER_BOUND ( 'NONE', #653, .T. ) ;
#1560 = CARTESIAN_POINT ( 'NONE',  ( 1.200000000000089884, -1.962141687034069992, -13.78000000000000114 ) ) ;
#1561 = CARTESIAN_POINT ( 'NONE',  ( 4.499999999999949374, 3.799999999999910116, -1.000000000000000000 ) ) ;
#1562 = VECTOR ( 'NONE', #998, 1000.000000000000000 ) ;
#1563 = ORIENTED_EDGE ( 'NONE', *, *, #6226, .F. ) ;
#1564 = PRODUCT_DEFINITION_FORMATION_WITH_SPECIFIED_SOURCE ( 'ANY', '', #4720, .NOT_KNOWN. ) ;
#1565 = DIRECTION ( 'NONE',  ( -1.000000000000000000, 0.000000000000000000, 0.000000000000000000 ) ) ;
#1566 = CARTESIAN_POINT ( 'NONE',  ( -4.339999999999999858, -2.199999999999130207, -11.79999999999999893 ) ) ;
#1567 = CARTESIAN_POINT ( 'NONE',  ( -4.500000000000059508, -2.599999999999050182, -11.79999999999999893 ) ) ;
#1568 = VERTEX_POINT ( 'NONE', #6878 ) ;
#1569 = ORIENTED_EDGE ( 'NONE', *, *, #1076, .T. ) ;
#1570 = CARTESIAN_POINT ( 'NONE',  ( 18.18468237128199760, -2.906897123192779819, -6.230395288045460056 ) ) ;
#1571 = DIRECTION ( 'NONE',  ( -1.000000000000000000, 0.000000000000000000, 0.000000000000000000 ) ) ;
#1572 = DIRECTION ( 'NONE',  ( 0.000000000000000000, 0.000000000000000000, -1.000000000000000000 ) ) ;
#1573 = CARTESIAN_POINT ( 'NONE',  ( 0.1804228786671998042, -2.628710414578316890, -10.78183751028466375 ) ) ;
#1574 = CARTESIAN_POINT ( 'NONE',  ( -2.436293896535346004, -1.199999999999980194, -9.899999999999998579 ) ) ;
#1575 = PLANE ( 'NONE',  #2196 ) ;
#1576 = EDGE_CURVE ( 'NONE', #507, #2959, #5977, .T. ) ;
#1577 = EDGE_LOOP ( 'NONE', ( #6691, #3451, #6337, #1355 ) ) ;
#1578 = CARTESIAN_POINT ( 'NONE',  ( 2.750000000000899281, -4.474682338249718505, -1.502965928288898301 ) ) ;
#1579 = VECTOR ( 'NONE', #5512, 1000.000000000000000 ) ;
#1580 = LINE ( 'NONE', #4303, #3433 ) ;
#1581 = CARTESIAN_POINT ( 'NONE',  ( -1.549999999999049916, -6.500000000000000000, -11.79999999999999893 ) ) ;
#1582 = ORIENTED_EDGE ( 'NONE', *, *, #5889, .T. ) ;
#1583 = CARTESIAN_POINT ( 'NONE',  ( 18.18468237128199760, -8.970710678117889358, -8.246446609406149264 ) ) ;
#1584 = CARTESIAN_POINT ( 'NONE',  ( -4.150000000000000355, 0.000000000000000000, -11.79999999999999893 ) ) ;
#1585 = ORIENTED_EDGE ( 'NONE', *, *, #3472, .F. ) ;
#1586 = LINE ( 'NONE', #6445, #5838 ) ;
#1587 = AXIS2_PLACEMENT_3D ( 'NONE', #4557, #1380, #891 ) ;
#1588 = ORIENTED_EDGE ( 'NONE', *, *, #2652, .F. ) ;
#1589 = LINE ( 'NONE', #1692, #3458 ) ;
#1590 = EDGE_CURVE ( 'NONE', #4744, #6544, #3197, .T. ) ;
#1591 = DIRECTION ( 'NONE',  ( -1.000000000000000000, 0.000000000000000000, 0.000000000000000000 ) ) ;
#1592 = LINE ( 'NONE', #5898, #6435 ) ;
#1593 = CIRCLE ( 'NONE', #2269, 0.5000000000000000000 ) ;
#1594 = DIRECTION ( 'NONE',  ( 1.000000000000000000, 0.000000000000000000, 0.000000000000000000 ) ) ;
#1595 = VERTEX_POINT ( 'NONE', #517 ) ;
#1596 = PLANE ( 'NONE',  #4824 ) ;
#1597 = VECTOR ( 'NONE', #372, 1000.000000000000000 ) ;
#1598 = AXIS2_PLACEMENT_3D ( 'NONE', #5971, #1281, #2368 ) ;
#1599 = CARTESIAN_POINT ( 'NONE',  ( 3.200000000000980283, -5.500000000000000000, -11.79999999999999893 ) ) ;
#1600 = DIRECTION ( 'NONE',  ( 0.000000000000000000, 1.000000000000000000, 0.000000000000000000 ) ) ;
#1601 = ORIENTED_EDGE ( 'NONE', *, *, #3044, .T. ) ;
#1602 = ORIENTED_EDGE ( 'NONE', *, *, #1576, .F. ) ;
#1603 = CARTESIAN_POINT ( 'NONE',  ( -0.3130321649816185658, -11.27061431531159030, -7.599999999999869083 ) ) ;
#1604 = B_SPLINE_CURVE_WITH_KNOTS ( 'NONE', 3,
 ( #2171, #6431, #431, #5914 ),
 .UNSPECIFIED., .F., .F.,
 ( 4, 4 ),
 ( 0.000000000000000000, 1.000000000000000000 ),
 .UNSPECIFIED. ) ;
#1605 = LINE ( 'NONE', #1182, #5832 ) ;
#1606 = CARTESIAN_POINT ( 'NONE',  ( -1.715381925340688118, -2.625857461276109195, -10.80898154777275089 ) ) ;
#1607 = CARTESIAN_POINT ( 'NONE',  ( 0.000000000000000000, 0.000000000000000000, -11.87500000000000000 ) ) ;
#1608 = LINE ( 'NONE', #3735, #1696 ) ;
#1609 = EDGE_CURVE ( 'NONE', #5267, #991, #3205, .T. ) ;
#1610 = VECTOR ( 'NONE', #1759, 1000.000000000000000 ) ;
#1611 = CARTESIAN_POINT ( 'NONE',  ( 1.249999999999970024, -8.970710678117649550, -8.246446609405911232 ) ) ;
#1612 = B_SPLINE_CURVE_WITH_KNOTS ( 'NONE', 3,
 ( #5367, #578, #475, #5297, #5788, #4358, #4283, #4838 ),
 .UNSPECIFIED., .F., .F.,
 ( 4, 2, 2, 4 ),
 ( 0.000000000000000000, 0.2500000000000001665, 0.5000000000000003331, 1.000000000000000000 ),
 .UNSPECIFIED. ) ;
#1613 = FACE_OUTER_BOUND ( 'NONE', #6486, .T. ) ;
#1614 = DIRECTION ( 'NONE',  ( 0.000000000000000000, 0.000000000000000000, 1.000000000000000000 ) ) ;
#1615 = VERTEX_POINT ( 'NONE', #3800 ) ;
#1616 = LINE ( 'NONE', #642, #5647 ) ;
#1617 = CARTESIAN_POINT ( 'NONE',  ( -1.000000000000000000, 1.224646799147351975E-16, -13.78000000000000114 ) ) ;
#1618 = ORIENTED_EDGE ( 'NONE', *, *, #564, .F. ) ;
#1619 = FACE_OUTER_BOUND ( 'NONE', #6916, .T. ) ;
#1620 = EDGE_LOOP ( 'NONE', ( #2080, #108, #45, #216, #6043, #1043, #2871, #2633 ) ) ;
#1621 = PLANE ( 'NONE',  #2910 ) ;
#1622 = ORIENTED_EDGE ( 'NONE', *, *, #2272, .F. ) ;
#1623 = CARTESIAN_POINT ( 'NONE',  ( 1.000000000000000000, -2.000000000000000000, -2.100000000000046718 ) ) ;
#1624 = EDGE_CURVE ( 'NONE', #973, #4305, #5137, .T. ) ;
#1625 = DIRECTION ( 'NONE',  ( 0.000000000000000000, 0.000000000000000000, -1.000000000000000000 ) ) ;
#1626 = EDGE_CURVE ( 'NONE', #1729, #5997, #447, .T. ) ;
#1627 = LINE ( 'NONE', #6112, #262 ) ;
#1628 = DIRECTION ( 'NONE',  ( 1.000000000000000000, 0.000000000000000000, 0.000000000000000000 ) ) ;
#1629 = EDGE_CURVE ( 'NONE', #5909, #1280, #1071, .T. ) ;
#1630 = VERTEX_POINT ( 'NONE', #3304 ) ;
#1631 = CARTESIAN_POINT ( 'NONE',  ( 4.000000000000000000, 4.299999999999919886, -2.700000000000000178 ) ) ;
#1632 = DIRECTION ( 'NONE',  ( 1.000000000000000000, 0.000000000000000000, 0.000000000000000000 ) ) ;
#1633 = CARTESIAN_POINT ( 'NONE',  ( -3.049999999999060130, -5.500000000000000000, -6.100000000000920686 ) ) ;
#1634 = VECTOR ( 'NONE', #6216, 1000.000000000000000 ) ;
#1635 = ADVANCED_FACE ( 'NONE', ( #5337 ), #2089, .T. ) ;
#1636 = ORIENTED_EDGE ( 'NONE', *, *, #5797, .F. ) ;
#1637 = CARTESIAN_POINT ( 'NONE',  ( 1.479999999999979998, -8.699999999999899813, -12.93358983848641941 ) ) ;
#1638 = EDGE_CURVE ( 'NONE', #5214, #4978, #559, .T. ) ;
#1639 = SURFACE_SIDE_STYLE ('',( #3731 ) ) ;
#1640 = DIRECTION ( 'NONE',  ( 0.000000000000000000, 0.000000000000000000, -1.000000000000000000 ) ) ;
#1641 = DIRECTION ( 'NONE',  ( 0.000000000000000000, 0.8480480961564262898, -0.5299192642332044567 ) ) ;
#1642 = CARTESIAN_POINT ( 'NONE',  ( -3.232442890089805232, -2.199999999999115108, -9.799999999999998934 ) ) ;
#1643 = ORIENTED_EDGE ( 'NONE', *, *, #2467, .T. ) ;
#1644 = CARTESIAN_POINT ( 'NONE',  ( 3.900000000000130029, -3.350000000000000089, -13.44999999999999929 ) ) ;
#1645 = AXIS2_PLACEMENT_3D ( 'NONE', #2518, #2546, #5755 ) ;
#1646 = ORIENTED_EDGE ( 'NONE', *, *, #5247, .F. ) ;
#1647 = VECTOR ( 'NONE', #399, 1000.000000000000000 ) ;
#1648 = CARTESIAN_POINT ( 'NONE',  ( 4.000000000000000000, -6.500000000000000000, -7.349999999999999645 ) ) ;
#1649 = DIRECTION ( 'NONE',  ( -1.000000000000000000, 0.000000000000000000, 0.000000000000000000 ) ) ;
#1650 = DIRECTION ( 'NONE',  ( 1.000000000000000000, 0.000000000000000000, 0.000000000000000000 ) ) ;
#1651 = ORIENTED_EDGE ( 'NONE', *, *, #6504, .F. ) ;
#1652 = DIRECTION ( 'NONE',  ( -1.000000000000000000, 0.000000000000000000, 0.000000000000000000 ) ) ;
#1653 = VECTOR ( 'NONE', #6299, 1000.000000000000000 ) ;
#1654 = CARTESIAN_POINT ( 'NONE',  ( 1.753062005678280855, -2.640094170077023961, -10.67352831161208471 ) ) ;
#1655 = EDGE_CURVE ( 'NONE', #2782, #902, #5444, .T. ) ;
#1656 = VERTEX_POINT ( 'NONE', #3163 ) ;
#1657 = DIRECTION ( 'NONE',  ( 1.000000000000000000, 0.000000000000000000, 0.000000000000000000 ) ) ;
#1658 = ORIENTED_EDGE ( 'NONE', *, *, #648, .F. ) ;
#1659 = AXIS2_PLACEMENT_3D ( 'NONE', #644, #80, #1688 ) ;
#1660 = DIRECTION ( 'NONE',  ( 0.000000000000000000, 0.000000000000000000, -1.000000000000000000 ) ) ;
#1661 = VERTEX_POINT ( 'NONE', #4366 ) ;
#1662 = DIRECTION ( 'NONE',  ( 0.000000000000000000, 0.000000000000000000, 1.000000000000000000 ) ) ;
#1663 = DIRECTION ( 'NONE',  ( 1.000000000000000000, 0.000000000000000000, 0.000000000000000000 ) ) ;
#1664 = AXIS2_PLACEMENT_3D ( 'NONE', #1584, #44, #2738 ) ;
#1665 = DIRECTION ( 'NONE',  ( 0.000000000000000000, 0.000000000000000000, 1.000000000000000000 ) ) ;
#1666 = DIRECTION ( 'NONE',  ( 0.000000000000000000, 0.000000000000000000, -1.000000000000000000 ) ) ;
#1667 = EDGE_LOOP ( 'NONE', ( #5868, #4474, #4168, #2115 ) ) ;
#1668 = CARTESIAN_POINT ( 'NONE',  ( 0.3153220279694223804, -5.212030876511316357, -4.088229105052649359 ) ) ;
#1669 = CARTESIAN_POINT ( 'NONE',  ( 2.750000000000909495, -4.111624435740910855, -1.748839756839455140 ) ) ;
#1670 = DIRECTION ( 'NONE',  ( 1.224646799147353947E-16, 1.000000000000000000, 0.000000000000000000 ) ) ;
#1671 = VECTOR ( 'NONE', #5143, 1000.000000000000000 ) ;
#1672 = VECTOR ( 'NONE', #5969, 1000.000000000000000 ) ;
#1673 = ORIENTED_EDGE ( 'NONE', *, *, #4730, .F. ) ;
#1674 = CARTESIAN_POINT ( 'NONE',  ( 18.18468237128199760, -4.700000000000730260, -2.300000000000899991 ) ) ;
#1675 = VECTOR ( 'NONE', #6750, 1000.000000000000000 ) ;
#1676 = LINE ( 'NONE', #592, #6748 ) ;
#1677 = LINE ( 'NONE', #5491, #2775 ) ;
#1678 = CARTESIAN_POINT ( 'NONE',  ( -2.362731470142100054, -1.199999999999979972, -9.900000000000000355 ) ) ;
#1679 = DIRECTION ( 'NONE',  ( 0.000000000000000000, 0.000000000000000000, -1.000000000000000000 ) ) ;
#1680 = ORIENTED_EDGE ( 'NONE', *, *, #183, .F. ) ;
#1681 = ADVANCED_FACE ( 'NONE', ( #4775, #1702 ), #2645, .F. ) ;
#1682 = ORIENTED_EDGE ( 'NONE', *, *, #6379, .F. ) ;
#1683 = DIRECTION ( 'NONE',  ( 0.000000000000000000, 0.000000000000000000, 1.000000000000000000 ) ) ;
#1684 = CARTESIAN_POINT ( 'NONE',  ( -1.544386251948035138, 2.155080904950320342, -9.900000000000000355 ) ) ;
#1685 = LINE ( 'NONE', #1274, #307 ) ;
#1686 = ORIENTED_EDGE ( 'NONE', *, *, #6333, .F. ) ;
#1687 = CARTESIAN_POINT ( 'NONE',  ( 0.000000000000000000, -1.100000000000100009, -11.79999999999999893 ) ) ;
#1688 = DIRECTION ( 'NONE',  ( 0.000000000000000000, 1.000000000000000000, 0.000000000000000000 ) ) ;
#1689 = ORIENTED_EDGE ( 'NONE', *, *, #3401, .F. ) ;
#1690 = CARTESIAN_POINT ( 'NONE',  ( 4.500000000000000000, 3.799999999999910116, -0.5000000000000000000 ) ) ;
#1691 = ORIENTED_EDGE ( 'NONE', *, *, #6894, .F. ) ;
#1692 = CARTESIAN_POINT ( 'NONE',  ( 1.500000000000060174, -5.349999999999999645, -13.44999999999999929 ) ) ;
#1693 = ORIENTED_EDGE ( 'NONE', *, *, #6358, .T. ) ;
#1694 = DIRECTION ( 'NONE',  ( 1.000000000000000000, 0.000000000000000000, 0.000000000000000000 ) ) ;
#1695 = CARTESIAN_POINT ( 'NONE',  ( 4.000000000000000000, 3.799999999999910116, -2.700000000000000178 ) ) ;
#1696 = VECTOR ( 'NONE', #1988, 1000.000000000000000 ) ;
#1697 = LINE ( 'NONE', #3829, #3817 ) ;
#1698 = CARTESIAN_POINT ( 'NONE',  ( -2.037134352765184619, -3.043296795206644756, -6.084124547720120013 ) ) ;
#1699 = ORIENTED_EDGE ( 'NONE', *, *, #5431, .T. ) ;
#1700 = EDGE_CURVE ( 'NONE', #3139, #1517, #3794, .T. ) ;
#1701 = EDGE_CURVE ( 'NONE', #4012, #4738, #2678, .T. ) ;
#1702 = FACE_OUTER_BOUND ( 'NONE', #244, .T. ) ;
#1703 = FACE_OUTER_BOUND ( 'NONE', #4050, .T. ) ;
#1704 = VECTOR ( 'NONE', #5523, 1000.000000000000000 ) ;
#1705 = ORIENTED_EDGE ( 'NONE', *, *, #631, .F. ) ;
#1706 = CARTESIAN_POINT ( 'NONE',  ( 1.249999999999949152, -9.647640122439581134, -7.600000000000119549 ) ) ;
#1707 = COLOUR_RGB ( '',0.01960784313725490169, 0.01960784313725490169, 0.01960784313725490169 ) ;
#1708 = CYLINDRICAL_SURFACE ( 'NONE', #6290, 1.479999999999999982 ) ;
#1709 = DIRECTION ( 'NONE',  ( -0.000000000000000000, 1.000000000000000000, 0.000000000000000000 ) ) ;
#1710 = DIRECTION ( 'NONE',  ( 1.000000000000000000, 1.776356839400250465E-15, 0.000000000000000000 ) ) ;
#1711 = VERTEX_POINT ( 'NONE', #2755 ) ;
#1712 = EDGE_CURVE ( 'NONE', #1656, #3846, #4220, .T. ) ;
#1713 = ORIENTED_EDGE ( 'NONE', *, *, #480, .T. ) ;
#1714 = CARTESIAN_POINT ( 'NONE',  ( 18.18468237128199760, -2.487698303561229896, -5.155822334097730497 ) ) ;
#1715 = ADVANCED_FACE ( 'NONE', ( #661 ), #6351, .T. ) ;
#1716 = EDGE_CURVE ( 'NONE', #2419, #658, #6389, .T. ) ;
#1717 = ORIENTED_EDGE ( 'NONE', *, *, #1327, .F. ) ;
#1718 = DIRECTION ( 'NONE',  ( 0.000000000000000000, 0.000000000000000000, -1.000000000000000000 ) ) ;
#1719 = EDGE_CURVE ( 'NONE', #4574, #2925, #306, .T. ) ;
#1720 = CARTESIAN_POINT ( 'NONE',  ( 0.1794992552197630098, 2.650027624110534497, -9.900000000000000355 ) ) ;
#1721 = CARTESIAN_POINT ( 'NONE',  ( -2.024980546198105191, -3.262063269921839925, -6.669242063142889698 ) ) ;
#1722 = FACE_OUTER_BOUND ( 'NONE', #4146, .T. ) ;
#1723 = EDGE_CURVE ( 'NONE', #2855, #5590, #3949, .T. ) ;
#1724 = CARTESIAN_POINT ( 'NONE',  ( 1.500000000000060174, -5.349999999999999645, -13.44999999999999929 ) ) ;
#1725 = ORIENTED_EDGE ( 'NONE', *, *, #1943, .F. ) ;
#1726 = DIRECTION ( 'NONE',  ( 1.000000000000000000, 0.000000000000000000, 0.000000000000000000 ) ) ;
#1727 = AXIS2_PLACEMENT_3D ( 'NONE', #2180, #4307, #6441 ) ;
#1728 = ADVANCED_FACE ( 'NONE', ( #1254 ), #4438, .F. ) ;
#1729 = VERTEX_POINT ( 'NONE', #6082 ) ;
#1730 = LINE ( 'NONE', #685, #6259 ) ;
#1731 = ORIENTED_EDGE ( 'NONE', *, *, #6874, .F. ) ;
#1732 = DIRECTION ( 'NONE',  ( 0.000000000000000000, 0.000000000000000000, -1.000000000000000000 ) ) ;
#1733 = EDGE_LOOP ( 'NONE', ( #2052, #1773, #1725, #514 ) ) ;
#1734 = CARTESIAN_POINT ( 'NONE',  ( 0.000000000000000000, -1.199999999999979972, -11.79999999999999893 ) ) ;
#1735 = ORIENTED_EDGE ( 'NONE', *, *, #860, .F. ) ;
#1736 = CARTESIAN_POINT ( 'NONE',  ( -2.749999999999090061, -5.248253181713012694, -2.055628430885511282 ) ) ;
#1737 = DIRECTION ( 'NONE',  ( 1.000000000000000000, 0.000000000000000000, 0.000000000000000000 ) ) ;
#1738 = ORIENTED_EDGE ( 'NONE', *, *, #909, .F. ) ;
#1739 = PLANE ( 'NONE',  #1889 ) ;
#1740 = CARTESIAN_POINT ( 'NONE',  ( -2.749999999999090505, -4.379849089831215458, -1.791258514066920382 ) ) ;
#1741 = CARTESIAN_POINT ( 'NONE',  ( 18.18468237128199760, -5.700000000000730260, -7.400000000000000355 ) ) ;
#1742 = ORIENTED_EDGE ( 'NONE', *, *, #4792, .F. ) ;
#1743 = CARTESIAN_POINT ( 'NONE',  ( 1.249999999999949152, -9.595602668246852929, -7.621554619278233744 ) ) ;
#1744 = CIRCLE ( 'NONE', #5314, 1.574999999999999956 ) ;
#1745 = DIRECTION ( 'NONE',  ( 0.000000000000000000, 0.000000000000000000, -1.000000000000000000 ) ) ;
#1746 = LINE ( 'NONE', #221, #1784 ) ;
#1747 = CARTESIAN_POINT ( 'NONE',  ( 2.501542901470428681, -1.199999999999979972, -9.888372608560297650 ) ) ;
#1748 = DIRECTION ( 'NONE',  ( -1.000000000000000000, 0.000000000000000000, 0.000000000000000000 ) ) ;
#1749 = ORIENTED_EDGE ( 'NONE', *, *, #3616, .T. ) ;
#1750 = VERTEX_POINT ( 'NONE', #6046 ) ;
#1751 = ADVANCED_FACE ( 'NONE', ( #4027 ), #3869, .F. ) ;
#1752 = CARTESIAN_POINT ( 'NONE',  ( 18.18468237128199760, -5.299999999999280398, -11.90000000000000036 ) ) ;
#1753 = ORIENTED_EDGE ( 'NONE', *, *, #3925, .F. ) ;
#1754 = DIRECTION ( 'NONE',  ( 0.000000000000000000, -0.7071067811866840191, 0.7071067811864111263 ) ) ;
#1755 = EDGE_CURVE ( 'NONE', #6006, #145, #3410, .T. ) ;
#1756 = CARTESIAN_POINT ( 'NONE',  ( -4.500000000000059508, -6.000000000000000000, -11.79999999999999893 ) ) ;
#1757 = DIRECTION ( 'NONE',  ( 0.000000000000000000, 0.000000000000000000, -1.000000000000000000 ) ) ;
#1758 = ADVANCED_FACE ( 'NONE', ( #6117 ), #6677, .T. ) ;
#1759 = DIRECTION ( 'NONE',  ( 1.000000000000000000, 0.000000000000000000, 0.000000000000000000 ) ) ;
#1760 = VECTOR ( 'NONE', #4434, 1000.000000000000000 ) ;
#1761 = SURFACE_STYLE_FILL_AREA ( #2429 ) ;
#1762 = ORIENTED_EDGE ( 'NONE', *, *, #3377, .F. ) ;
#1763 = CARTESIAN_POINT ( 'NONE',  ( 4.499999999999999112, -6.292893218813510714, -0.3284271247461888477 ) ) ;
#1764 = EDGE_LOOP ( 'NONE', ( #3530, #113, #6805, #6318 ) ) ;
#1765 = VECTOR ( 'NONE', #3837, 1000.000000000000000 ) ;
#1766 = PRESENTATION_LAYER_ASSIGNMENT (  '', '', ( #6689 ) ) ;
#1767 = DIRECTION ( 'NONE',  ( 0.000000000000000000, 0.000000000000000000, 1.000000000000000000 ) ) ;
#1768 = ORIENTED_EDGE ( 'NONE', *, *, #5141, .T. ) ;
#1769 = CARTESIAN_POINT ( 'NONE',  ( -3.200000000000000178, -5.500000000000000000, -1.000000000000000000 ) ) ;
#1770 = VERTEX_POINT ( 'NONE', #1330 ) ;
#1771 = EDGE_CURVE ( 'NONE', #6667, #1058, #4511, .T. ) ;
#1772 = CARTESIAN_POINT ( 'NONE',  ( 3.200000000000980283, -5.500000000000000000, -5.299999999999999822 ) ) ;
#1773 = ORIENTED_EDGE ( 'NONE', *, *, #2082, .T. ) ;
#1774 = LINE ( 'NONE', #6563, #2592 ) ;
#1775 = CARTESIAN_POINT ( 'NONE',  ( -3.149999999999998135, 6.299999999999996270, -9.399999999999998579 ) ) ;
#1776 = AXIS2_PLACEMENT_3D ( 'NONE', #1695, #3828, #1663 ) ;
#1777 = EDGE_LOOP ( 'NONE', ( #2849, #6743, #5441, #4322 ) ) ;
#1778 = CARTESIAN_POINT ( 'NONE',  ( -2.749999999999090061, -2.970259389423805185, -3.494704195690109927 ) ) ;
#1779 = CARTESIAN_POINT ( 'NONE',  ( 2.660000000000000142, -2.289999999999110081, -2.779157999888000052 ) ) ;
#1780 = CARTESIAN_POINT ( 'NONE',  ( 18.18468237128199760, -3.137993503012869834, -3.603632002693439862 ) ) ;
#1781 =( GEOMETRIC_REPRESENTATION_CONTEXT ( 3 ) GLOBAL_UNCERTAINTY_ASSIGNED_CONTEXT ( ( #5093 ) ) GLOBAL_UNIT_ASSIGNED_CONTEXT ( ( #1309, #1909, #5501 ) ) REPRESENTATION_CONTEXT ( 'NONE', 'WORKASPACE' ) );
#1782 = ORIENTED_EDGE ( 'NONE', *, *, #3101, .T. ) ;
#1783 = CARTESIAN_POINT ( 'NONE',  ( 1.099985083677871067, -10.64672103068301112, -7.599999999999869083 ) ) ;
#1784 = VECTOR ( 'NONE', #2942, 1000.000000000000000 ) ;
#1785 = CARTESIAN_POINT ( 'NONE',  ( -1.550000000000830047, -6.349999999999999645, -13.40000000000000036 ) ) ;
#1786 = CARTESIAN_POINT ( 'NONE',  ( 0.1316582745858156933, -5.299999999999278621, -6.100142574173051280 ) ) ;
#1787 = CARTESIAN_POINT ( 'NONE',  ( -2.749999999999090505, -4.912972318641680047, -1.738725848137061769 ) ) ;
#1788 = LINE ( 'NONE', #3920, #5448 ) ;
#1789 = EDGE_LOOP ( 'NONE', ( #5567, #2765, #2602, #5816, #1007 ) ) ;
#1790 = ORIENTED_EDGE ( 'NONE', *, *, #6171, .T. ) ;
#1791 = VECTOR ( 'NONE', #4124, 1000.000000000000000 ) ;
#1792 = DIRECTION ( 'NONE',  ( 0.000000000000000000, 0.000000000000000000, 1.000000000000000000 ) ) ;
#1793 = VERTEX_POINT ( 'NONE', #5634 ) ;
#1794 = DIRECTION ( 'NONE',  ( 0.000000000000000000, 0.000000000000000000, -1.000000000000000000 ) ) ;
#1795 = EDGE_CURVE ( 'NONE', #3811, #745, #133, .T. ) ;
#1796 = CARTESIAN_POINT ( 'NONE',  ( -1.032900235697519875, 2.445100542779979680, -9.900000000000000355 ) ) ;
#1797 = CARTESIAN_POINT ( 'NONE',  ( -2.247557109910129913, -2.199999999999130207, -2.779157999888000052 ) ) ;
#1798 = SHAPE_REPRESENTATION_RELATIONSHIP ( 'NONE' , 'NONE' ,  #4580, #3513 ) ;
#1799 = ORIENTED_EDGE ( 'NONE', *, *, #3245, .T. ) ;
#1800 = DIRECTION ( 'NONE',  ( 0.000000000000000000, 1.000000000000000000, 0.000000000000000000 ) ) ;
#1801 = ORIENTED_EDGE ( 'NONE', *, *, #1476, .F. ) ;
#1802 = ADVANCED_FACE ( 'NONE', ( #1367 ), #2378, .F. ) ;
#1803 = CARTESIAN_POINT ( 'NONE',  ( -4.000000000000000000, 3.799999999999910116, 8.673617379884030542E-16 ) ) ;
#1804 = ORIENTED_EDGE ( 'NONE', *, *, #3377, .T. ) ;
#1805 = LINE ( 'NONE', #276, #942 ) ;
#1806 = ORIENTED_EDGE ( 'NONE', *, *, #2951, .T. ) ;
#1807 = CARTESIAN_POINT ( 'NONE',  ( -9.662512969806918761, -8.500000000000000000, -13.27999999999999936 ) ) ;
#1808 = ORIENTED_EDGE ( 'NONE', *, *, #462, .T. ) ;
#1809 = EDGE_CURVE ( 'NONE', #5398, #3398, #4475, .T. ) ;
#1810 = LINE ( 'NONE', #2896, #2140 ) ;
#1811 = LINE ( 'NONE', #1427, #4658 ) ;
#1812 = ORIENTED_EDGE ( 'NONE', *, *, #1528, .T. ) ;
#1813 = DIRECTION ( 'NONE',  ( 0.000000000000000000, 0.000000000000000000, 1.000000000000000000 ) ) ;
#1814 = EDGE_CURVE ( 'NONE', #1230, #4738, #2827, .T. ) ;
#1815 = CARTESIAN_POINT ( 'NONE',  ( -1.250000000000089928, -5.500000000000449418, -7.400000000000000355 ) ) ;
#1816 = FACE_OUTER_BOUND ( 'NONE', #6860, .T. ) ;
#1817 = AXIS2_PLACEMENT_3D ( 'NONE', #2823, #2680, #655 ) ;
#1818 = ORIENTED_EDGE ( 'NONE', *, *, #694, .T. ) ;
#1819 = CARTESIAN_POINT ( 'NONE',  ( -4.292893218813457423, -6.292893218813510714, 8.108884014980905823E-16 ) ) ;
#1820 = VECTOR ( 'NONE', #6853, 1000.000000000000000 ) ;
#1821 = DIRECTION ( 'NONE',  ( -1.000000000000000000, 0.000000000000000000, 0.000000000000000000 ) ) ;
#1822 = DIRECTION ( 'NONE',  ( 0.000000000000000000, 0.000000000000000000, 1.000000000000000000 ) ) ;
#1823 = FACE_OUTER_BOUND ( 'NONE', #3167, .T. ) ;
#1824 = DIRECTION ( 'NONE',  ( 1.000000000000000000, 0.000000000000000000, 0.000000000000000000 ) ) ;
#1825 = ORIENTED_EDGE ( 'NONE', *, *, #4956, .T. ) ;
#1826 = ORIENTED_EDGE ( 'NONE', *, *, #808, .F. ) ;
#1827 = SURFACE_STYLE_FILL_AREA ( #6511 ) ;
#1828 = VECTOR ( 'NONE', #5202, 1000.000000000000000 ) ;
#1829 = ORIENTED_EDGE ( 'NONE', *, *, #2374, .F. ) ;
#1830 = EDGE_LOOP ( 'NONE', ( #454, #4412, #2709, #2209 ) ) ;
#1831 = CARTESIAN_POINT ( 'NONE',  ( -1.992027483134215293, -2.146699123532244791, -5.521499184909279379 ) ) ;
#1832 = CARTESIAN_POINT ( 'NONE',  ( 18.18468237128199760, -2.582763714337620087, -11.21899116184400036 ) ) ;
#1833 = DIRECTION ( 'NONE',  ( 0.000000000000000000, 0.000000000000000000, 1.000000000000000000 ) ) ;
#1834 = VERTEX_POINT ( 'NONE', #174 ) ;
#1835 = EDGE_CURVE ( 'NONE', #1360, #5364, #239, .T. ) ;
#1836 = DIRECTION ( 'NONE',  ( 0.000000000000000000, 0.000000000000000000, 1.000000000000000000 ) ) ;
#1837 = ORIENTED_EDGE ( 'NONE', *, *, #3989, .T. ) ;
#1838 = CARTESIAN_POINT ( 'NONE',  ( -1.479999999999979998, -8.300000000000000711, -12.93358983848630039 ) ) ;
#1839 = VERTEX_POINT ( 'NONE', #1815 ) ;
#1840 = LINE ( 'NONE', #3974, #3500 ) ;
#1841 = VERTEX_POINT ( 'NONE', #2861 ) ;
#1842 = CARTESIAN_POINT ( 'NONE',  ( -4.500000000000059508, 2.400000000000960032, -2.550000000000000266 ) ) ;
#1843 = ORIENTED_EDGE ( 'NONE', *, *, #3033, .F. ) ;
#1844 = LINE ( 'NONE', #729, #5723 ) ;
#1845 = CARTESIAN_POINT ( 'NONE',  ( 3.032656905156803084, -0.9882141070624984591, -9.399999999999995026 ) ) ;
#1846 = VERTEX_POINT ( 'NONE', #4919 ) ;
#1847 = EDGE_CURVE ( 'NONE', #6590, #3165, #5598, .T. ) ;
#1848 = VECTOR ( 'NONE', #4297, 1000.000000000000000 ) ;
#1849 = PLANE ( 'NONE',  #5901 ) ;
#1850 = DIRECTION ( 'NONE',  ( 0.000000000000000000, 0.000000000000000000, 1.000000000000000000 ) ) ;
#1851 = CARTESIAN_POINT ( 'NONE',  ( 3.900000000000130029, 0.04999999999993899602, -13.40000000000000036 ) ) ;
#1852 = EDGE_CURVE ( 'NONE', #3378, #3701, #2411, .T. ) ;
#1853 = ADVANCED_FACE ( 'NONE', ( #6609 ), #4059, .T. ) ;
#1854 = ORIENTED_EDGE ( 'NONE', *, *, #6214, .F. ) ;
#1855 = DIRECTION ( 'NONE',  ( 0.000000000000000000, -1.000000000000000000, 0.000000000000000000 ) ) ;
#1856 = EDGE_CURVE ( 'NONE', #746, #5509, #6717, .T. ) ;
#1857 = CARTESIAN_POINT ( 'NONE',  ( -2.009600286187299911, -3.063158890845665283, -6.648336370488479474 ) ) ;
#1858 = CARTESIAN_POINT ( 'NONE',  ( -2.749999999999090061, -4.700000000000730260, -2.300000000000899991 ) ) ;
#1859 = DIRECTION ( 'NONE',  ( 0.000000000000000000, 1.000000000000000000, 0.000000000000000000 ) ) ;
#1860 = LINE ( 'NONE', #4302, #5232 ) ;
#1861 = VERTEX_POINT ( 'NONE', #5135 ) ;
#1862 = VERTEX_POINT ( 'NONE', #6281 ) ;
#1863 = EDGE_CURVE ( 'NONE', #4177, #2898, #4790, .T. ) ;
#1864 = CARTESIAN_POINT ( 'NONE',  ( 18.18468237128199760, -5.900000000000730438, -7.599999999999869971 ) ) ;
#1865 = VECTOR ( 'NONE', #3773, 1000.000000000000000 ) ;
#1866 = VERTEX_POINT ( 'NONE', #2543 ) ;
#1867 = VECTOR ( 'NONE', #1551, 1000.000000000000000 ) ;
#1868 = CARTESIAN_POINT ( 'NONE',  ( 0.06704951458402867714, -2.802243206817797372, -9.981875084696188338 ) ) ;
#1869 = LINE ( 'NONE', #4005, #5563 ) ;
#1870 = CARTESIAN_POINT ( 'NONE',  ( 18.18468237128199760, -9.699999999998908606, -7.599999999999869971 ) ) ;
#1871 = VECTOR ( 'NONE', #1120, 1000.000000000000000 ) ;
#1872 = ORIENTED_EDGE ( 'NONE', *, *, #1115, .F. ) ;
#1873 = CARTESIAN_POINT ( 'NONE',  ( 4.000000000000000000, -6.500000000000057732, -0.2071067811865473229 ) ) ;
#1874 = EDGE_LOOP ( 'NONE', ( #2363, #4387, #1806, #937 ) ) ;
#1875 = CARTESIAN_POINT ( 'NONE',  ( 2.750000000000909939, -4.651541108969044380, -1.699397858861928512 ) ) ;
#1876 = AXIS2_PLACEMENT_3D ( 'NONE', #3944, #6078, #2857 ) ;
#1877 = CARTESIAN_POINT ( 'NONE',  ( 1.200000000000089884, -1.962141687034069992, -13.78000000000000114 ) ) ;
#1878 = ORIENTED_EDGE ( 'NONE', *, *, #6276, .T. ) ;
#1879 = ADVANCED_FACE ( 'NONE', ( #879 ), #5198, .T. ) ;
#1880 = DIRECTION ( 'NONE',  ( -1.000000000000000000, 0.000000000000000000, 0.000000000000000000 ) ) ;
#1881 = ORIENTED_EDGE ( 'NONE', *, *, #424, .T. ) ;
#1882 = DIRECTION ( 'NONE',  ( 0.000000000000000000, 0.000000000000000000, 1.000000000000000000 ) ) ;
#1883 = ORIENTED_EDGE ( 'NONE', *, *, #4743, .F. ) ;
#1884 = CARTESIAN_POINT ( 'NONE',  ( -0.6603104979481533299, -5.299999999999280398, -4.346222878224720532 ) ) ;
#1885 = FACE_OUTER_BOUND ( 'NONE', #1535, .T. ) ;
#1886 = AXIS2_PLACEMENT_3D ( 'NONE', #3523, #5668, #5136 ) ;
#1887 = VECTOR ( 'NONE', #137, 1000.000000000000000 ) ;
#1888 = EDGE_LOOP ( 'NONE', ( #5295, #3677, #5588, #2215, #4533, #1394, #6500, #6054, #1351, #686 ) ) ;
#1889 = AXIS2_PLACEMENT_3D ( 'NONE', #695, #97, #2266 ) ;
#1890 = LINE ( 'NONE', #2340, #2655 ) ;
#1891 = DIRECTION ( 'NONE',  ( -1.000000000000000000, 0.000000000000000000, 0.000000000000000000 ) ) ;
#1892 = EDGE_CURVE ( 'NONE', #5656, #5238, #384, .T. ) ;
#1893 = DIRECTION ( 'NONE',  ( 1.000000000000000000, 0.000000000000000000, 0.000000000000000000 ) ) ;
#1894 = PRESENTATION_LAYER_ASSIGNMENT (  '', '', ( #1332 ) ) ;
#1895 = ORIENTED_EDGE ( 'NONE', *, *, #6297, .F. ) ;
#1896 = AXIS2_PLACEMENT_3D ( 'NONE', #2919, #3394, #3929 ) ;
#1897 = DIRECTION ( 'NONE',  ( 0.000000000000000000, 0.000000000000000000, -1.000000000000000000 ) ) ;
#1898 = DIRECTION ( 'NONE',  ( 0.000000000000000000, 0.000000000000000000, 1.000000000000000000 ) ) ;
#1899 = CARTESIAN_POINT ( 'NONE',  ( 2.598355489592941936, -1.199999999999980416, -9.853490434241189533 ) ) ;
#1900 = ORIENTED_EDGE ( 'NONE', *, *, #6414, .T. ) ;
#1901 = VERTEX_POINT ( 'NONE', #6813 ) ;
#1902 = AXIS2_PLACEMENT_3D ( 'NONE', #1525, #445, #2579 ) ;
#1903 = CARTESIAN_POINT ( 'NONE',  ( 1.249999999999970024, -9.699999999999819877, -7.799999999999999822 ) ) ;
#1904 = VERTEX_POINT ( 'NONE', #3641 ) ;
#1905 = CARTESIAN_POINT ( 'NONE',  ( 1.479999999999979998, -3.100000000000049827, -13.41999999999999993 ) ) ;
#1906 = CARTESIAN_POINT ( 'NONE',  ( 2.039121453483769830, -3.202260727729559608, -6.300095481530682662 ) ) ;
#1907 = DIRECTION ( 'NONE',  ( 0.000000000000000000, 0.000000000000000000, 1.000000000000000000 ) ) ;
#1908 = ADVANCED_FACE ( 'NONE', ( #4642 ), #6315, .T. ) ;
#1909 =( NAMED_UNIT ( * ) PLANE_ANGLE_UNIT ( ) SI_UNIT ( $, .RADIAN. ) );
#1910 = ORIENTED_EDGE ( 'NONE', *, *, #1414, .T. ) ;
#1911 = VECTOR ( 'NONE', #86, 1000.000000000000000 ) ;
#1912 = CARTESIAN_POINT ( 'NONE',  ( 4.500000000000000000, -6.000000000000000000, -0.5000000000000000000 ) ) ;
#1913 = DIRECTION ( 'NONE',  ( 0.000000000000000000, -1.000000000000000000, 0.000000000000000000 ) ) ;
#1914 = CARTESIAN_POINT ( 'NONE',  ( 3.229209978830354544, -2.559999999999050146, -9.799999999999998934 ) ) ;
#1915 = ORIENTED_EDGE ( 'NONE', *, *, #1234, .T. ) ;
#1916 = ORIENTED_EDGE ( 'NONE', *, *, #884, .F. ) ;
#1917 = FACE_OUTER_BOUND ( 'NONE', #1003, .T. ) ;
#1918 = VERTEX_POINT ( 'NONE', #4582 ) ;
#1919 = CARTESIAN_POINT ( 'NONE',  ( 0.000000000000000000, 0.000000000000000000, -14.09999999999999964 ) ) ;
#1920 = CARTESIAN_POINT ( 'NONE',  ( 1.110223024625159948E-13, 0.04999999999993899602, -13.40000000000000036 ) ) ;
#1921 = ORIENTED_EDGE ( 'NONE', *, *, #5906, .F. ) ;
#1922 = CARTESIAN_POINT ( 'NONE',  ( -4.500000000000059508, -6.000000000000000000, -11.79999999999999893 ) ) ;
#1923 = CARTESIAN_POINT ( 'NONE',  ( -1.899999999998069899, -5.299999999999280398, -7.400000000000000355 ) ) ;
#1924 = FACE_OUTER_BOUND ( 'NONE', #889, .T. ) ;
#1925 = ORIENTED_EDGE ( 'NONE', *, *, #6045, .T. ) ;
#1926 = CARTESIAN_POINT ( 'NONE',  ( -4.292893218813452094, -6.500000000000057732, -0.4999999999999993894 ) ) ;
#1927 = EDGE_CURVE ( 'NONE', #6111, #843, #3032, .T. ) ;
#1928 = ADVANCED_FACE ( 'NONE', ( #6193 ), #4671, .T. ) ;
#1929 = CIRCLE ( 'NONE', #370, 1.500000000000000000 ) ;
#1930 = CARTESIAN_POINT ( 'NONE',  ( 2.289217213497130032, -2.199999999999130207, -9.799999999999998934 ) ) ;
#1931 = CARTESIAN_POINT ( 'NONE',  ( -3.200000000000000178, -5.150000000000099831, -11.79999999999999893 ) ) ;
#1932 = CARTESIAN_POINT ( 'NONE',  ( -4.500000000000000000, 3.799999999999910116, -0.5000000000000000000 ) ) ;
#1933 = VERTEX_POINT ( 'NONE', #319 ) ;
#1934 = ORIENTED_EDGE ( 'NONE', *, *, #6210, .F. ) ;
#1935 = DIRECTION ( 'NONE',  ( -1.000000000000000000, 0.000000000000000000, 0.000000000000000000 ) ) ;
#1936 = CARTESIAN_POINT ( 'NONE',  ( -9.657998985626868060E-16, -2.699783421336157563, -10.03070813642793802 ) ) ;
#1937 = ADVANCED_FACE ( 'NONE', ( #6255 ), #1463, .T. ) ;
#1938 = CARTESIAN_POINT ( 'NONE',  ( 0.000000000000000000, 0.000000000000000000, -2.100000000000049827 ) ) ;
#1939 = EDGE_CURVE ( 'NONE', #5306, #3981, #5725, .T. ) ;
#1940 = VECTOR ( 'NONE', #5075, 1000.000000000000000 ) ;
#1941 = APPLICATION_PROTOCOL_DEFINITION ( 'draft international standard', 'automotive_design', 1998, #6736 ) ;
#1942 = ORIENTED_EDGE ( 'NONE', *, *, #3273, .F. ) ;
#1943 = EDGE_CURVE ( 'NONE', #6644, #1553, #4262, .T. ) ;
#1944 = FACE_OUTER_BOUND ( 'NONE', #5473, .T. ) ;
#1945 = B_SPLINE_CURVE_WITH_KNOTS ( 'NONE', 3,
 ( #1452, #1011, #3134, #5277, #6361, #1787, #3265, #5973, #1172, #5937, #3754, #18, #1736, #2749, #4319, #129 ),
 .UNSPECIFIED., .F., .F.,
 ( 4, 1, 2, 2, 2, 1, 2, 2, 4 ),
 ( 0.000000000000000000, 0.1249999999999952816, 0.1874999999999941991, 0.2499999999999931166, 0.4999999999999940048, 0.6249999999999945599, 0.6874999999999956701, 0.7499999999999967804, 1.000000000000000000 ),
 .UNSPECIFIED. ) ;
#1946 = EDGE_CURVE ( 'NONE', #1959, #4161, #3119, .T. ) ;
#1947 = AXIS2_PLACEMENT_3D ( 'NONE', #2842, #2357, #751 ) ;
#1948 = CIRCLE ( 'NONE', #4833, 0.3499999999999996447 ) ;
#1949 = CARTESIAN_POINT ( 'NONE',  ( -2.912473175842154482, -1.199999999999961986, 0.000000000000000000 ) ) ;
#1950 = EDGE_CURVE ( 'NONE', #1529, #4314, #5667, .T. ) ;
#1951 = LINE ( 'NONE', #437, #354 ) ;
#1952 = ORIENTED_EDGE ( 'NONE', *, *, #2747, .F. ) ;
#1953 = DIRECTION ( 'NONE',  ( 0.000000000000000000, 0.000000000000000000, 1.000000000000000000 ) ) ;
#1954 = LINE ( 'NONE', #5719, #6347 ) ;
#1955 = ORIENTED_EDGE ( 'NONE', *, *, #1327, .T. ) ;
#1956 = ADVANCED_FACE ( 'NONE', ( #1960 ), #5699, .T. ) ;
#1957 = LINE ( 'NONE', #5315, #6503 ) ;
#1958 = CARTESIAN_POINT ( 'NONE',  ( 2.942893221140949311, -0.4681291605332871253, -9.900000000000019895 ) ) ;
#1959 = VERTEX_POINT ( 'NONE', #3225 ) ;
#1960 = FACE_OUTER_BOUND ( 'NONE', #5207, .T. ) ;
#1961 = CARTESIAN_POINT ( 'NONE',  ( 3.050000000000939959, -5.500000000000000000, -5.600000000000860290 ) ) ;
#1962 = EDGE_LOOP ( 'NONE', ( #4603, #3692, #4449, #5335 ) ) ;
#1963 = DIRECTION ( 'NONE',  ( 0.000000000000000000, -1.000000000000000000, 0.000000000000000000 ) ) ;
#1964 = CIRCLE ( 'NONE', #6763, 0.5000000000000000000 ) ;
#1965 = B_SPLINE_CURVE_WITH_KNOTS ( 'NONE', 3,
 ( #2492, #5204, #1499, #4620, #3563, #421 ),
 .UNSPECIFIED., .F., .F.,
 ( 4, 2, 4 ),
 ( 0.000000000000000000, 0.5000000000000000000, 1.000000000000000000 ),
 .UNSPECIFIED. ) ;
#1966 = CARTESIAN_POINT ( 'NONE',  ( 3.200000000000980283, -5.150000000000099831, -11.79999999999999893 ) ) ;
#1967 = LINE ( 'NONE', #6723, #3567 ) ;
#1968 = DIRECTION ( 'NONE',  ( 0.000000000000000000, 1.000000000000000000, 0.000000000000000000 ) ) ;
#1969 = ORIENTED_EDGE ( 'NONE', *, *, #4368, .T. ) ;
#1970 = EDGE_CURVE ( 'NONE', #6745, #6617, #4249, .T. ) ;
#1971 = ORIENTED_EDGE ( 'NONE', *, *, #631, .T. ) ;
#1972 = DIRECTION ( 'NONE',  ( 0.000000000000000000, 0.000000000000000000, -1.000000000000000000 ) ) ;
#1973 = CARTESIAN_POINT ( 'NONE',  ( 2.596954001191139838, -0.5302657454888030086, -9.900000000000000355 ) ) ;
#1974 = SURFACE_STYLE_USAGE ( .BOTH. , #6764 ) ;
#1975 = ADVANCED_FACE ( 'NONE', ( #1559 ), #5365, .T. ) ;
#1976 = FACE_OUTER_BOUND ( 'NONE', #6391, .T. ) ;
#1977 = ORIENTED_EDGE ( 'NONE', *, *, #4703, .T. ) ;
#1978 = VECTOR ( 'NONE', #1515, 1000.000000000000000 ) ;
#1979 = VECTOR ( 'NONE', #6143, 1000.000000000000000 ) ;
#1980 = EDGE_CURVE ( 'NONE', #5651, #3421, #4870, .T. ) ;
#1981 = DIRECTION ( 'NONE',  ( 0.000000000000000000, -1.000000000000000000, 0.000000000000000000 ) ) ;
#1982 = DIRECTION ( 'NONE',  ( 1.000000000000000000, 0.000000000000000000, 0.000000000000000000 ) ) ;
#1983 = ORIENTED_EDGE ( 'NONE', *, *, #2170, .T. ) ;
#1984 = ORIENTED_EDGE ( 'NONE', *, *, #6854, .F. ) ;
#1985 = SHAPE_REPRESENTATION ( '54-00131', ( #3450, #105 ), #2561 ) ;
#1986 = CARTESIAN_POINT ( 'NONE',  ( 3.650000000000929834, -5.150000000000099831, -11.79999999999999893 ) ) ;
#1987 = ORIENTED_EDGE ( 'NONE', *, *, #519, .T. ) ;
#1988 = DIRECTION ( 'NONE',  ( 0.000000000000000000, 0.000000000000000000, -1.000000000000000000 ) ) ;
#1989 = CARTESIAN_POINT ( 'NONE',  ( 1.249999999999969802, -5.596955004124264832, -7.580473785412382703 ) ) ;
#1990 = VERTEX_POINT ( 'NONE', #2637 ) ;
#1991 = VECTOR ( 'NONE', #6342, 1000.000000000000000 ) ;
#1992 = ADVANCED_FACE ( 'NONE', ( #5264 ), #5787, .T. ) ;
#1993 = DIRECTION ( 'NONE',  ( 1.000000000000000000, 0.000000000000000000, 0.000000000000000000 ) ) ;
#1994 = CARTESIAN_POINT ( 'NONE',  ( 18.18468237128199760, -3.262063269921635200, -6.669242063142870158 ) ) ;
#1995 = CIRCLE ( 'NONE', #767, 1.050000000000000044 ) ;
#1996 = DIRECTION ( 'NONE',  ( 0.000000000000000000, -1.000000000000000000, 0.000000000000000000 ) ) ;
#1997 = CARTESIAN_POINT ( 'NONE',  ( 4.499999999999949374, 0.000000000000000000, -11.79999999999999893 ) ) ;
#1998 = AXIS2_PLACEMENT_3D ( 'NONE', #1146, #5867, #662 ) ;
#1999 = DIRECTION ( 'NONE',  ( 1.000000000000000000, 0.000000000000000000, 0.000000000000000000 ) ) ;
#2000 = CARTESIAN_POINT ( 'NONE',  ( -2.500000000000059952, 2.400000000000960032, -2.700000000000000178 ) ) ;
#2001 = AXIS2_PLACEMENT_3D ( 'NONE', #4476, #847, #3000 ) ;
#2002 = ORIENTED_EDGE ( 'NONE', *, *, #4822, .F. ) ;
#2003 = ORIENTED_EDGE ( 'NONE', *, *, #915, .F. ) ;
#2004 = FILL_AREA_STYLE_COLOUR ( '', #4612 ) ;
#2005 = AXIS2_PLACEMENT_3D ( 'NONE', #259, #3419, #5562 ) ;
#2006 = CARTESIAN_POINT ( 'NONE',  ( 2.650015325608714889, 1.317574454024765849E-08, -9.900000000000000355 ) ) ;
#2007 = LINE ( 'NONE', #828, #2547 ) ;
#2008 = DIRECTION ( 'NONE',  ( 0.000000000000000000, 0.000000000000000000, 1.000000000000000000 ) ) ;
#2009 = VECTOR ( 'NONE', #2438, 1000.000000000000000 ) ;
#2010 = ORIENTED_EDGE ( 'NONE', *, *, #3233, .F. ) ;
#2011 = ADVANCED_FACE ( 'NONE', ( #1062 ), #3683, .T. ) ;
#2012 = EDGE_CURVE ( 'NONE', #5022, #1360, #6415, .T. ) ;
#2013 = AXIS2_PLACEMENT_3D ( 'NONE', #2868, #1822, #3346 ) ;
#2014 = LINE ( 'NONE', #5123, #2795 ) ;
#2015 = ORIENTED_EDGE ( 'NONE', *, *, #2235, .T. ) ;
#2016 = AXIS2_PLACEMENT_3D ( 'NONE', #3510, #6705, #3603 ) ;
#2017 = DIRECTION ( 'NONE',  ( 0.000000000000000000, -1.000000000000000000, 0.000000000000000000 ) ) ;
#2018 = LINE ( 'NONE', #6309, #663 ) ;
#2019 = ORIENTED_EDGE ( 'NONE', *, *, #603, .T. ) ;
#2020 = VECTOR ( 'NONE', #4543, 1000.000000000000000 ) ;
#2021 = CARTESIAN_POINT ( 'NONE',  ( 3.650000000000929834, -5.150000000000099831, -5.299999999999999822 ) ) ;
#2022 = CARTESIAN_POINT ( 'NONE',  ( 3.030782786503039894, -2.199999999999130207, -9.799999999999998934 ) ) ;
#2023 = EDGE_LOOP ( 'NONE', ( #4113, #6355, #3844, #5496 ) ) ;
#2024 = CARTESIAN_POINT ( 'NONE',  ( 18.18468237128199760, -11.29999999999930083, -7.799999999999999822 ) ) ;
#2025 = CARTESIAN_POINT ( 'NONE',  ( -2.942893219219790524, -0.4681291684452249524, -9.900000000000023448 ) ) ;
#2026 = ADVANCED_FACE ( 'NONE', ( #2185, #3717 ), #1621, .T. ) ;
#2027 = EDGE_CURVE ( 'NONE', #4842, #5791, #474, .T. ) ;
#2028 = CARTESIAN_POINT ( 'NONE',  ( -1.550000000000830047, -6.349999999999999645, -14.40000000000000036 ) ) ;
#2029 = ORIENTED_EDGE ( 'NONE', *, *, #5952, .F. ) ;
#2030 = EDGE_CURVE ( 'NONE', #2078, #5400, #6477, .T. ) ;
#2031 = CARTESIAN_POINT ( 'NONE',  ( 1.550000000000050004, -6.349999999999999645, -14.40000000000000036 ) ) ;
#2032 = CARTESIAN_POINT ( 'NONE',  ( -2.500000000000059952, 4.299999999999919886, -1.000000000000000000 ) ) ;
#2033 = DIRECTION ( 'NONE',  ( 1.734723475976807094E-15, 0.000000000000000000, -1.000000000000000000 ) ) ;
#2034 = VERTEX_POINT ( 'NONE', #5854 ) ;
#2035 = ORIENTED_EDGE ( 'NONE', *, *, #2531, .F. ) ;
#2036 = CARTESIAN_POINT ( 'NONE',  ( 4.499999999999949374, 3.799999999999910116, -11.79999999999999893 ) ) ;
#2037 = EDGE_CURVE ( 'NONE', #5409, #1661, #5296, .T. ) ;
#2038 = CARTESIAN_POINT ( 'NONE',  ( -1.250000000000202505, -10.20932957137128838, -7.800000000000000711 ) ) ;
#2039 = CARTESIAN_POINT ( 'NONE',  ( -4.500000000000059508, 0.000000000000000000, -3.500000000000000000 ) ) ;
#2040 = CARTESIAN_POINT ( 'NONE',  ( -2.749999999999090061, -4.700000903659369733, -1.699610252709139901 ) ) ;
#2041 = ORIENTED_EDGE ( 'NONE', *, *, #6682, .T. ) ;
#2042 = CARTESIAN_POINT ( 'NONE',  ( -1.550000000000830047, -2.514439197769060108, -13.40000000000000036 ) ) ;
#2043 = DIRECTION ( 'NONE',  ( 0.000000000000000000, 0.000000000000000000, 1.000000000000000000 ) ) ;
#2044 = LINE ( 'NONE', #3707, #2982 ) ;
#2045 = ORIENTED_EDGE ( 'NONE', *, *, #3273, .T. ) ;
#2046 = VERTEX_POINT ( 'NONE', #4734 ) ;
#2047 = DIRECTION ( 'NONE',  ( -1.000000000000000000, 0.000000000000000000, 0.000000000000000000 ) ) ;
#2048 = EDGE_CURVE ( 'NONE', #363, #461, #3749, .T. ) ;
#2049 = VERTEX_POINT ( 'NONE', #5933 ) ;
#2050 = FACE_OUTER_BOUND ( 'NONE', #896, .T. ) ;
#2051 = VECTOR ( 'NONE', #4889, 1000.000000000000114 ) ;
#2052 = ORIENTED_EDGE ( 'NONE', *, *, #2087, .F. ) ;
#2053 = DIRECTION ( 'NONE',  ( 0.000000000000000000, 0.000000000000000000, 1.000000000000000000 ) ) ;
#2054 = LINE ( 'NONE', #4060, #2767 ) ;
#2055 = DIRECTION ( 'NONE',  ( 1.000000000000000000, 0.000000000000000000, 0.000000000000000000 ) ) ;
#2056 = VERTEX_POINT ( 'NONE', #2744 ) ;
#2057 = EDGE_CURVE ( 'NONE', #3011, #1157, #2117, .T. ) ;
#2058 = EDGE_CURVE ( 'NONE', #1990, #503, #6345, .T. ) ;
#2059 = CARTESIAN_POINT ( 'NONE',  ( 1.249999999999970024, -11.29999999999930083, -7.799999999999999822 ) ) ;
#2060 = CARTESIAN_POINT ( 'NONE',  ( -1.199999999999929789, 1.469576158976738011E-16, -13.78000000000000114 ) ) ;
#2061 = CARTESIAN_POINT ( 'NONE',  ( 1.249999999999970024, -9.699999999998908606, -7.599999999999869971 ) ) ;
#2062 = EDGE_CURVE ( 'NONE', #3109, #6749, #1589, .T. ) ;
#2063 = ORIENTED_EDGE ( 'NONE', *, *, #2152, .F. ) ;
#2064 = ORIENTED_EDGE ( 'NONE', *, *, #567, .T. ) ;
#2065 = CARTESIAN_POINT ( 'NONE',  ( 1.249999999999970024, -8.687867965643759405, -8.387867965643870605 ) ) ;
#2066 = DIRECTION ( 'NONE',  ( -1.000000000000000000, 0.000000000000000000, 0.000000000000000000 ) ) ;
#2067 = CARTESIAN_POINT ( 'NONE',  ( 0.02290896958133161257, -2.624570144137955641, -10.82122955219334948 ) ) ;
#2068 = CARTESIAN_POINT ( 'NONE',  ( -2.631394039196243817, -1.199999999999979750, -9.842965142974813730 ) ) ;
#2069 = CARTESIAN_POINT ( 'NONE',  ( -4.000000000000000000, 3.799999999999910116, -0.5000000000000000000 ) ) ;
#2070 = EDGE_CURVE ( 'NONE', #4641, #5251, #510, .T. ) ;
#2071 = EDGE_LOOP ( 'NONE', ( #5340, #5934, #4666, #5109 ) ) ;
#2072 = DIRECTION ( 'NONE',  ( 1.000000000000000000, 0.000000000000000000, 0.000000000000000000 ) ) ;
#2073 = LINE ( 'NONE', #5357, #539 ) ;
#2074 = DIRECTION ( 'NONE',  ( -1.000000000000000000, 0.000000000000000000, 0.000000000000000000 ) ) ;
#2075 = ORIENTED_EDGE ( 'NONE', *, *, #2246, .T. ) ;
#2076 = CARTESIAN_POINT ( 'NONE',  ( 1.200000000000089884, -3.100000000000049827, -13.78000000000000114 ) ) ;
#2077 = LINE ( 'NONE', #2511, #4674 ) ;
#2078 = VERTEX_POINT ( 'NONE', #4801 ) ;
#2079 = DIRECTION ( 'NONE',  ( 0.000000000000000000, 0.000000000000000000, -1.000000000000000000 ) ) ;
#2080 = ORIENTED_EDGE ( 'NONE', *, *, #2595, .F. ) ;
#2081 = AXIS2_PLACEMENT_3D ( 'NONE', #2660, #432, #3210 ) ;
#2082 = EDGE_CURVE ( 'NONE', #975, #1553, #14, .T. ) ;
#2083 = DIRECTION ( 'NONE',  ( 0.000000000000000000, -1.000000000000000000, 0.000000000000000000 ) ) ;
#2084 = LINE ( 'NONE', #1032, #2207 ) ;
#2085 = LINE ( 'NONE', #2641, #4767 ) ;
#2086 = ORIENTED_EDGE ( 'NONE', *, *, #909, .T. ) ;
#2087 = EDGE_CURVE ( 'NONE', #975, #1615, #874, .T. ) ;
#2088 = CARTESIAN_POINT ( 'NONE',  ( 4.000000000000000000, 4.299999999999919886, -3.500000000000000000 ) ) ;
#2089 = CYLINDRICAL_SURFACE ( 'NONE', #5032, 0.7000000000000000666 ) ;
#2090 = CARTESIAN_POINT ( 'NONE',  ( -1.250000000000089928, -5.499999999999279687, -7.799999999999999822 ) ) ;
#2091 = ORIENTED_EDGE ( 'NONE', *, *, #3991, .T. ) ;
#2092 = AXIS2_PLACEMENT_3D ( 'NONE', #1520, #5260, #1556 ) ;
#2093 = EDGE_LOOP ( 'NONE', ( #1804, #606, #4572, #3395, #3621, #6183, #1686, #6145, #443, #5042, #6023, #6779, #4526, #721, #4175, #1843 ) ) ;
#2094 = CARTESIAN_POINT ( 'NONE',  ( -2.739999999999950031, -2.559999999999050146, -11.79999999999999893 ) ) ;
#2095 = EDGE_CURVE ( 'NONE', #2958, #5325, #2781, .T. ) ;
#2096 = MECHANICAL_DESIGN_GEOMETRIC_PRESENTATION_REPRESENTATION (  '', ( #6689 ), #3764 ) ;
#2097 = CARTESIAN_POINT ( 'NONE',  ( 0.000000000000000000, 0.000000000000000000, -9.150000000000000355 ) ) ;
#2098 = FACE_OUTER_BOUND ( 'NONE', #5823, .T. ) ;
#2099 = CARTESIAN_POINT ( 'NONE',  ( 3.650000000000929834, -5.500000000000000000, -11.79999999999999893 ) ) ;
#2100 = CARTESIAN_POINT ( 'NONE',  ( -2.912473175842171802, -1.199999999999980194, -9.469700097263313410 ) ) ;
#2101 = DIRECTION ( 'NONE',  ( 1.000000000000000000, 0.000000000000000000, 0.000000000000000000 ) ) ;
#2102 = ORIENTED_EDGE ( 'NONE', *, *, #3157, .F. ) ;
#2103 = CIRCLE ( 'NONE', #6574, 2.299999999999999822 ) ;
#2104 = LINE ( 'NONE', #5316, #657 ) ;
#2105 = EDGE_CURVE ( 'NONE', #3378, #4929, #2472, .T. ) ;
#2106 = DIRECTION ( 'NONE',  ( 0.000000000000000000, 0.000000000000000000, 1.000000000000000000 ) ) ;
#2107 = CARTESIAN_POINT ( 'NONE',  ( 2.890671664372520322, -2.430323138703160524, -11.79999999999999893 ) ) ;
#2108 = ORIENTED_EDGE ( 'NONE', *, *, #3508, .F. ) ;
#2109 = LINE ( 'NONE', #5462, #6094 ) ;
#2110 = PLANE ( 'NONE',  #1664 ) ;
#2111 = ORIENTED_EDGE ( 'NONE', *, *, #2664, .F. ) ;
#2112 = VECTOR ( 'NONE', #4809, 1000.000000000000000 ) ;
#2113 = B_SPLINE_CURVE_WITH_KNOTS ( 'NONE', 3,
 ( #2332, #6599, #6108, #1316, #2259, #3329, #6002, #1205, #5472, #687, #2817, #4017 ),
 .UNSPECIFIED., .F., .F.,
 ( 4, 1, 1, 2, 2, 2, 4 ),
 ( 0.000000000000000000, 0.2499999999999985567, 0.3749999999999971689, 0.4374999999999965028, 0.4999999999999957812, 0.7499999999999978906, 1.000000000000000000 ),
 .UNSPECIFIED. ) ;
#2114 = CYLINDRICAL_SURFACE ( 'NONE', #5680, 0.2999999999999999334 ) ;
#2115 = ORIENTED_EDGE ( 'NONE', *, *, #2962, .T. ) ;
#2116 = VECTOR ( 'NONE', #6233, 1000.000000000000000 ) ;
#2117 = LINE ( 'NONE', #4212, #796 ) ;
#2118 = CARTESIAN_POINT ( 'NONE',  ( -3.049999999999060130, -5.299999999999280398, -6.100000000000920686 ) ) ;
#2119 = AXIS2_PLACEMENT_3D ( 'NONE', #2267, #1850, #1217 ) ;
#2120 = CARTESIAN_POINT ( 'NONE',  ( -4.000000000000000000, 3.799999999999910116, -0.5000000000000000000 ) ) ;
#2121 = DIRECTION ( 'NONE',  ( 0.000000000000000000, 0.000000000000000000, 1.000000000000000000 ) ) ;
#2122 = AXIS2_PLACEMENT_3D ( 'NONE', #6069, #4908, #2293 ) ;
#2123 = ORIENTED_EDGE ( 'NONE', *, *, #6413, .T. ) ;
#2124 = CARTESIAN_POINT ( 'NONE',  ( 1.249999999999970246, -8.872830082595962509, -8.275291611199310893 ) ) ;
#2125 = DIRECTION ( 'NONE',  ( 0.000000000000000000, 0.000000000000000000, -1.000000000000000000 ) ) ;
#2126 = LINE ( 'NONE', #4257, #2328 ) ;
#2127 = VERTEX_POINT ( 'NONE', #2330 ) ;
#2128 = UNCERTAINTY_MEASURE_WITH_UNIT (LENGTH_MEASURE( 1.000000000000000082E-05 ), #2470, 'distance_accuracy_value', 'NONE');
#2129 = EDGE_LOOP ( 'NONE', ( #1646, #2045, #473, #6651 ) ) ;
#2130 = EDGE_CURVE ( 'NONE', #290, #3095, #1203, .T. ) ;
#2131 = CARTESIAN_POINT ( 'NONE',  ( -1.250000000000089928, -8.687867965643759405, -8.387867965643870605 ) ) ;
#2132 = EDGE_CURVE ( 'NONE', #5364, #2046, #3898, .T. ) ;
#2133 = DIRECTION ( 'NONE',  ( 0.000000000000000000, 0.000000000000000000, -1.000000000000000000 ) ) ;
#2134 = DIRECTION ( 'NONE',  ( 0.000000000000000000, -1.000000000000000000, 0.000000000000000000 ) ) ;
#2135 = CARTESIAN_POINT ( 'NONE',  ( -1.279896855207079964, 13.18406534392610041, 14.95674975082869906 ) ) ;
#2136 = CARTESIAN_POINT ( 'NONE',  ( -1.250000000000089928, -5.699999999999820766, -7.799999999999480238 ) ) ;
#2137 = DIRECTION ( 'NONE',  ( 0.000000000000000000, -1.000000000000000000, 0.000000000000000000 ) ) ;
#2138 = ADVANCED_FACE ( 'NONE', ( #6597 ), #2924, .T. ) ;
#2139 = CARTESIAN_POINT ( 'NONE',  ( -1.199999999999929789, -3.100000000000049827, -13.41999999999999993 ) ) ;
#2140 = VECTOR ( 'NONE', #875, 1000.000000000000000 ) ;
#2141 = EDGE_CURVE ( 'NONE', #6883, #3226, #6557, .T. ) ;
#2142 = DIRECTION ( 'NONE',  ( -1.000000000000000000, 0.000000000000000000, 0.000000000000000000 ) ) ;
#2143 = CARTESIAN_POINT ( 'NONE',  ( 0.000000000000000000, 0.000000000000000000, -10.14999999999999858 ) ) ;
#2144 = VERTEX_POINT ( 'NONE', #241 ) ;
#2145 = EDGE_CURVE ( 'NONE', #4107, #1990, #4355, .T. ) ;
#2146 = DIRECTION ( 'NONE',  ( -0.000000000000000000, 1.000000000000000000, 0.000000000000000000 ) ) ;
#2147 = CARTESIAN_POINT ( 'NONE',  ( 1.249999999999970024, -8.687867965643739865, -8.387867965643890145 ) ) ;
#2148 = ORIENTED_EDGE ( 'NONE', *, *, #4545, .T. ) ;
#2149 = CARTESIAN_POINT ( 'NONE',  ( 2.890671664372520322, -2.430323138703160524, -9.799999999999998934 ) ) ;
#2150 = CIRCLE ( 'NONE', #4936, 0.5000000000000000000 ) ;
#2151 = ORIENTED_EDGE ( 'NONE', *, *, #4673, .T. ) ;
#2152 = EDGE_CURVE ( 'NONE', #3398, #1243, #1730, .T. ) ;
#2153 = DIRECTION ( 'NONE',  ( 1.000000000000000000, 0.000000000000000000, 0.000000000000000000 ) ) ;
#2154 = DIRECTION ( 'NONE',  ( 0.000000000000000000, -1.000000000000000000, 0.000000000000000000 ) ) ;
#2155 = ADVANCED_FACE ( 'NONE', ( #274 ), #3194, .T. ) ;
#2156 = CARTESIAN_POINT ( 'NONE',  ( 0.000000000000000000, 0.000000000000000000, -3.500000000000000000 ) ) ;
#2157 = DIRECTION ( 'NONE',  ( 1.000000000000000000, 0.000000000000000000, 0.000000000000000000 ) ) ;
#2158 = VECTOR ( 'NONE', #5239, 1000.000000000000000 ) ;
#2159 = DIRECTION ( 'NONE',  ( 0.000000000000000000, 0.000000000000000000, 1.000000000000000000 ) ) ;
#2160 = EDGE_LOOP ( 'NONE', ( #3055, #2324, #2086, #1731 ) ) ;
#2161 = CARTESIAN_POINT ( 'NONE',  ( -0.3145951450162873253, -5.215623867448346829, -6.116796583962115896 ) ) ;
#2162 = AXIS2_PLACEMENT_3D ( 'NONE', #2847, #196, #5087 ) ;
#2163 = AXIS2_PLACEMENT_3D ( 'NONE', #5310, #3276, #525 ) ;
#2164 = DIRECTION ( 'NONE',  ( 1.000000000000000000, 0.000000000000000000, 0.000000000000000000 ) ) ;
#2165 = CARTESIAN_POINT ( 'NONE',  ( 0.000000000000000000, 0.000000000000000000, -13.78000000000000114 ) ) ;
#2166 = ORIENTED_EDGE ( 'NONE', *, *, #5436, .F. ) ;
#2167 = DIRECTION ( 'NONE',  ( 0.000000000000000000, 0.000000000000000000, 1.000000000000000000 ) ) ;
#2168 = CARTESIAN_POINT ( 'NONE',  ( 4.000000000000000000, 4.299999999999919886, -11.79999999999999893 ) ) ;
#2169 =( LENGTH_UNIT ( ) NAMED_UNIT ( * ) SI_UNIT ( .MILLI., .METRE. ) );
#2170 = EDGE_CURVE ( 'NONE', #246, #4281, #1314, .T. ) ;
#2171 = CARTESIAN_POINT ( 'NONE',  ( 1.644264407092789870, -2.781668093413519838, -11.23989685449770093 ) ) ;
#2172 = CARTESIAN_POINT ( 'NONE',  ( -1.309753775160818812, -2.582763714336703487, -11.21899116185271872 ) ) ;
#2173 = CARTESIAN_POINT ( 'NONE',  ( 2.362731470142100054, -1.199999999999979972, -9.900000000000000355 ) ) ;
#2174 = ORIENTED_EDGE ( 'NONE', *, *, #4198, .F. ) ;
#2175 = CARTESIAN_POINT ( 'NONE',  ( 4.499999999999949374, 2.400000000000960032, -1.000000000000000000 ) ) ;
#2176 = CARTESIAN_POINT ( 'NONE',  ( -2.362731470142100054, -1.199999999999979972, -9.900000000000000355 ) ) ;
#2177 = DIRECTION ( 'NONE',  ( 0.000000000000000000, 0.000000000000000000, -1.000000000000000000 ) ) ;
#2178 = CARTESIAN_POINT ( 'NONE',  ( -1.549999999999049916, -5.500000000000000000, -11.79999999999999893 ) ) ;
#2179 = EDGE_LOOP ( 'NONE', ( #4259, #2282, #3996, #6055 ) ) ;
#2180 = CARTESIAN_POINT ( 'NONE',  ( 0.000000000000000000, 0.000000000000000000, -13.94999999810410074 ) ) ;
#2181 = DIRECTION ( 'NONE',  ( 0.000000000000000000, 0.000000000000000000, 1.000000000000000000 ) ) ;
#2182 = ORIENTED_EDGE ( 'NONE', *, *, #4126, .F. ) ;
#2183 = CARTESIAN_POINT ( 'NONE',  ( 1.549999999999829958, -5.500000000000000000, -11.79999999999999893 ) ) ;
#2184 = EDGE_LOOP ( 'NONE', ( #4865, #4342 ) ) ;
#2185 = FACE_BOUND ( 'NONE', #3574, .T. ) ;
#2186 = ORIENTED_EDGE ( 'NONE', *, *, #905, .F. ) ;
#2187 = CARTESIAN_POINT ( 'NONE',  ( -1.574999999999999956, 0.000000000000000000, -10.14999999999999858 ) ) ;
#2188 = CARTESIAN_POINT ( 'NONE',  ( 0.000000000000000000, 0.000000000000000000, -10.14999999999999858 ) ) ;
#2189 = LINE ( 'NONE', #4286, #5947 ) ;
#2190 = AXIS2_PLACEMENT_3D ( 'NONE', #1938, #1479, #2427 ) ;
#2191 = VERTEX_POINT ( 'NONE', #5585 ) ;
#2192 = CARTESIAN_POINT ( 'NONE',  ( -0.8374636057402740086, -5.565644207361509999, -6.116796583962119449 ) ) ;
#2193 = EDGE_CURVE ( 'NONE', #4177, #6167, #802, .T. ) ;
#2194 = CARTESIAN_POINT ( 'NONE',  ( 0.9166666666675662434, -4.106287682736922129, -1.745374028915654741 ) ) ;
#2195 = CYLINDRICAL_SURFACE ( 'NONE', #6797, 0.3600000000000000977 ) ;
#2196 = AXIS2_PLACEMENT_3D ( 'NONE', #1048, #5250, #2694 ) ;
#2197 = VERTEX_POINT ( 'NONE', #6000 ) ;
#2198 = CARTESIAN_POINT ( 'NONE',  ( 0.7622451431821324341, -11.05532213662029761, -7.599999999999872635 ) ) ;
#2199 = DIRECTION ( 'NONE',  ( 0.000000000000000000, 1.000000000000000000, 0.000000000000000000 ) ) ;
#2200 = VECTOR ( 'NONE', #6495, 1000.000000000000000 ) ;
#2201 =( NAMED_UNIT ( * ) PLANE_ANGLE_UNIT ( ) SI_UNIT ( $, .RADIAN. ) );
#2202 = CARTESIAN_POINT ( 'NONE',  ( 8.847089727481720220E-13, -5.500000000000000000, -11.90000000000000036 ) ) ;
#2203 = FACE_OUTER_BOUND ( 'NONE', #346, .T. ) ;
#2204 = DIRECTION ( 'NONE',  ( 0.000000000000000000, 0.000000000000000000, -1.000000000000000000 ) ) ;
#2205 = VERTEX_POINT ( 'NONE', #3327 ) ;
#2206 = DIRECTION ( 'NONE',  ( 1.000000000000000000, 0.000000000000000000, 0.000000000000000000 ) ) ;
#2207 = VECTOR ( 'NONE', #3188, 1000.000000000000000 ) ;
#2208 = AXIS2_PLACEMENT_3D ( 'NONE', #628, #3308, #5447 ) ;
#2209 = ORIENTED_EDGE ( 'NONE', *, *, #2640, .F. ) ;
#2210 = VECTOR ( 'NONE', #40, 1000.000000000000000 ) ;
#2211 = CIRCLE ( 'NONE', #4011, 1.479999999999999982 ) ;
#2212 = FACE_OUTER_BOUND ( 'NONE', #2647, .T. ) ;
#2213 = CARTESIAN_POINT ( 'NONE',  ( 1.609543877736155038, 2.106867234199750083, -9.900000000000000355 ) ) ;
#2214 = CARTESIAN_POINT ( 'NONE',  ( 1.250000000000132117, -10.04999999999840021, -7.599999999999869971 ) ) ;
#2215 = ORIENTED_EDGE ( 'NONE', *, *, #1939, .T. ) ;
#2216 = DIRECTION ( 'NONE',  ( 0.000000000000000000, 0.000000000000000000, 1.000000000000000000 ) ) ;
#2217 = VECTOR ( 'NONE', #2072, 1000.000000000000000 ) ;
#2218 = FACE_OUTER_BOUND ( 'NONE', #3915, .T. ) ;
#2219 = ORIENTED_EDGE ( 'NONE', *, *, #2465, .T. ) ;
#2220 = DIRECTION ( 'NONE',  ( 0.000000000000000000, 0.000000000000000000, 1.000000000000000000 ) ) ;
#2221 = ADVANCED_FACE ( 'NONE', ( #6144, #6245 ), #5090, .T. ) ;
#2222 = ORIENTED_EDGE ( 'NONE', *, *, #2872, .F. ) ;
#2223 = AXIS2_PLACEMENT_3D ( 'NONE', #3548, #993, #5693 ) ;
#2224 = CARTESIAN_POINT ( 'NONE',  ( 18.18468237128199760, -2.283098795542540138, -5.375228444583569853 ) ) ;
#2225 = ORIENTED_EDGE ( 'NONE', *, *, #3745, .T. ) ;
#2226 = LINE ( 'NONE', #6492, #3317 ) ;
#2227 = LINE ( 'NONE', #4285, #984 ) ;
#2228 = DIRECTION ( 'NONE',  ( 0.000000000000000000, 0.000000000000000000, 1.000000000000000000 ) ) ;
#2229 = LINE ( 'NONE', #2264, #3540 ) ;
#2231 = ORIENTED_EDGE ( 'NONE', *, *, #3507, .F. ) ;
#2230 =( BOUNDED_SURFACE ( )  B_SPLINE_SURFACE ( 3, 3, ( 
 ( #5443, #1668, #6567, #3235 ),
 ( #1144, #3912, #6044, #3269 ),
 ( #3196, #585, #4878, #22 ),
 ( #132, #623, #2161, #2192 ) ),
 .UNSPECIFIED., .F., .F., .F. ) 
 B_SPLINE_SURFACE_WITH_KNOTS ( ( 4, 4 ),
 ( 4, 4 ),
 ( 0.000000000000000000, 1.000000000000000000 ),
 ( 0.000000000000000000, 1.000000000000000000 ),
 .UNSPECIFIED. ) 
 GEOMETRIC_REPRESENTATION_ITEM ( )  RATIONAL_B_SPLINE_SURFACE ( (
 ( 1.000000000000000000, 0.8873253512002460264, 0.8873253512002460264, 1.000000000000000000),
 ( 0.8864161810976789457, 0.7865395492020790247, 0.7865395492020790247, 0.8864161810976789457),
 ( 0.8864161810976789457, 0.7865395492020790247, 0.7865395492020790247, 0.8864161810976789457),
 ( 1.000000000000000000, 0.8873253512002460264, 0.8873253512002460264, 1.000000000000000000) ) ) 
 REPRESENTATION_ITEM ( '' )  SURFACE ( )  );
#2232 = ADVANCED_FACE ( 'NONE', ( #4111 ), #6272, .T. ) ;
#2233 = DIRECTION ( 'NONE',  ( 0.000000000000000000, 0.000000000000000000, 1.000000000000000000 ) ) ;
#2234 = CARTESIAN_POINT ( 'NONE',  ( -3.649999999999999911, -1.100000000000100009, -11.79999999999999893 ) ) ;
#2235 = EDGE_CURVE ( 'NONE', #962, #4160, #1357, .T. ) ;
#2236 = AXIS2_PLACEMENT_3D ( 'NONE', #2533, #1483, #4015 ) ;
#2237 = ORIENTED_EDGE ( 'NONE', *, *, #2058, .F. ) ;
#2238 = VERTEX_POINT ( 'NONE', #1914 ) ;
#2239 = DIRECTION ( 'NONE',  ( 0.000000000000000000, 0.5446390350149148407, -0.8386705679454968809 ) ) ;
#2240 = AXIS2_PLACEMENT_3D ( 'NONE', #6227, #3581, #414 ) ;
#2241 = EDGE_CURVE ( 'NONE', #3531, #6590, #3572, .T. ) ;
#2242 = CARTESIAN_POINT ( 'NONE',  ( -0.2500000000000829892, -6.000000000000000000, -0.5000000000000000000 ) ) ;
#2243 = DIRECTION ( 'NONE',  ( 0.000000000000000000, 0.000000000000000000, 1.000000000000000000 ) ) ;
#2244 = ORIENTED_EDGE ( 'NONE', *, *, #2241, .T. ) ;
#2245 = ORIENTED_EDGE ( 'NONE', *, *, #5767, .T. ) ;
#2246 = EDGE_CURVE ( 'NONE', #3226, #6533, #4694, .T. ) ;
#2247 = ORIENTED_EDGE ( 'NONE', *, *, #2377, .T. ) ;
#2248 = DIRECTION ( 'NONE',  ( -0.05164535740069417513, 0.000000000000000000, 0.9986654880684295854 ) ) ;
#2249 = DIRECTION ( 'NONE',  ( 1.000000000000000000, 0.000000000000000000, 0.000000000000000000 ) ) ;
#2250 = CARTESIAN_POINT ( 'NONE',  ( -1.250000000000090150, -5.519526214588105439, -7.503044995876281931 ) ) ;
#2251 = DIRECTION ( 'NONE',  ( -1.000000000000000000, 0.000000000000000000, 0.000000000000000000 ) ) ;
#2252 = FACE_OUTER_BOUND ( 'NONE', #543, .T. ) ;
#2253 = VERTEX_POINT ( 'NONE', #1390 ) ;
#2254 = DIRECTION ( 'NONE',  ( 0.000000000000000000, 0.000000000000000000, 1.000000000000000000 ) ) ;
#2255 = EDGE_LOOP ( 'NONE', ( #871, #3387, #647, #3131 ) ) ;
#2256 = CARTESIAN_POINT ( 'NONE',  ( 4.499999999999949374, 3.558925565098959964, -2.700000000000000178 ) ) ;
#2257 = ORIENTED_EDGE ( 'NONE', *, *, #4233, .F. ) ;
#2258 = ADVANCED_FACE ( 'NONE', ( #6182 ), #956, .T. ) ;
#2259 = CARTESIAN_POINT ( 'NONE',  ( 2.750000000000909051, -5.177922361946476926, -1.936125363538919064 ) ) ;
#2260 = ORIENTED_EDGE ( 'NONE', *, *, #848, .F. ) ;
#2261 = CARTESIAN_POINT ( 'NONE',  ( 4.499999999999949374, 2.400000000000960032, -2.550000000000000266 ) ) ;
#2262 = VECTOR ( 'NONE', #4362, 1000.000000000000000 ) ;
#2263 = DIRECTION ( 'NONE',  ( 1.000000000000000000, 0.000000000000000000, 0.000000000000000000 ) ) ;
#2264 = CARTESIAN_POINT ( 'NONE',  ( 18.18468237128199760, -5.299999999999280398, -2.299999999999999822 ) ) ;
#2265 = ORIENTED_EDGE ( 'NONE', *, *, #5990, .T. ) ;
#2266 = DIRECTION ( 'NONE',  ( 1.000000000000000000, 0.000000000000000000, 0.000000000000000000 ) ) ;
#2267 = CARTESIAN_POINT ( 'NONE',  ( 1.110223024625159948E-13, -5.551115123125779547E-14, -13.44999999999999929 ) ) ;
#2268 = LINE ( 'NONE', #2901, #1554 ) ;
#2269 = AXIS2_PLACEMENT_3D ( 'NONE', #4783, #6927, #2133 ) ;
#2270 = ORIENTED_EDGE ( 'NONE', *, *, #5345, .T. ) ;
#2271 = CARTESIAN_POINT ( 'NONE',  ( 0.9447026431338827468, -10.87316414641251150, -7.599999999999869083 ) ) ;
#2272 = EDGE_CURVE ( 'NONE', #5930, #5556, #3545, .T. ) ;
#2273 = AXIS2_PLACEMENT_3D ( 'NONE', #1277, #3396, #5538 ) ;
#2274 = AXIS2_PLACEMENT_3D ( 'NONE', #2909, #5108, #5040 ) ;
#2275 = EDGE_CURVE ( 'NONE', #4107, #1280, #4661, .T. ) ;
#2276 = CARTESIAN_POINT ( 'NONE',  ( -4.339999999999999858, -10.19999999999910045, -10.80000000000000071 ) ) ;
#2277 = FILL_AREA_STYLE ('',( #29 ) ) ;
#2278 = FACE_OUTER_BOUND ( 'NONE', #1733, .T. ) ;
#2279 = ORIENTED_EDGE ( 'NONE', *, *, #2798, .F. ) ;
#2280 = ORIENTED_EDGE ( 'NONE', *, *, #3161, .T. ) ;
#2281 =( NAMED_UNIT ( * ) SI_UNIT ( $, .STERADIAN. ) SOLID_ANGLE_UNIT ( ) );
#2282 = ORIENTED_EDGE ( 'NONE', *, *, #1149, .T. ) ;
#2283 = CARTESIAN_POINT ( 'NONE',  ( -1.250000000000089928, -8.687867965643739865, -8.387867965643890145 ) ) ;
#2284 = ADVANCED_FACE ( 'NONE', ( #839 ), #5221, .T. ) ;
#2285 = DIRECTION ( 'NONE',  ( 1.000000000000000000, 0.000000000000000000, 0.000000000000000000 ) ) ;
#2286 = LINE ( 'NONE', #4420, #5669 ) ;
#2287 = CARTESIAN_POINT ( 'NONE',  ( 4.499999999999949374, 2.400000000000960032, -2.700000000000000178 ) ) ;
#2288 = DIRECTION ( 'NONE',  ( 0.000000000000000000, -0.5299192642332050118, -0.8480480961564259568 ) ) ;
#2289 = ORIENTED_EDGE ( 'NONE', *, *, #5140, .F. ) ;
#2290 = DIRECTION ( 'NONE',  ( 1.000000000000000000, 0.000000000000000000, 0.000000000000000000 ) ) ;
#2291 = VECTOR ( 'NONE', #6757, 1000.000000000000000 ) ;
#2292 = VERTEX_POINT ( 'NONE', #5690 ) ;
#2293 = DIRECTION ( 'NONE',  ( 1.000000000000000000, 0.000000000000000000, 0.000000000000000000 ) ) ;
#2294 = ORIENTED_EDGE ( 'NONE', *, *, #2539, .T. ) ;
#2295 = CARTESIAN_POINT ( 'NONE',  ( -1.000000000000000000, -1.999999999999996447, 1.899999999999947953 ) ) ;
#2296 = ORIENTED_EDGE ( 'NONE', *, *, #3998, .F. ) ;
#2297 = DIRECTION ( 'NONE',  ( 0.000000000000000000, -1.000000000000000000, 0.000000000000000000 ) ) ;
#2298 = EDGE_LOOP ( 'NONE', ( #1456, #6311, #2700, #6197 ) ) ;
#2299 = DIRECTION ( 'NONE',  ( 0.000000000000000000, 0.000000000000000000, 1.000000000000000000 ) ) ;
#2300 = CARTESIAN_POINT ( 'NONE',  ( -2.500000000000059952, 2.400000000000960032, -2.550000000000000266 ) ) ;
#2301 = ORIENTED_EDGE ( 'NONE', *, *, #389, .F. ) ;
#2302 = CARTESIAN_POINT ( 'NONE',  ( 3.030782786503039894, -2.199999999999130207, -2.779157999888000052 ) ) ;
#2303 = DIRECTION ( 'NONE',  ( 0.000000000000000000, 0.000000000000000000, 1.000000000000000000 ) ) ;
#2304 = DIRECTION ( 'NONE',  ( 0.000000000000000000, 0.000000000000000000, -1.000000000000000000 ) ) ;
#2305 = ORIENTED_EDGE ( 'NONE', *, *, #4616, .T. ) ;
#2306 = CARTESIAN_POINT ( 'NONE',  ( -2.749999999999090061, -5.500000000000000000, -6.968314918796939317 ) ) ;
#2307 = EDGE_CURVE ( 'NONE', #6443, #890, #1002, .T. ) ;
#2308 = AXIS2_PLACEMENT_3D ( 'NONE', #4382, #4860, #3428 ) ;
#2309 = CARTESIAN_POINT ( 'NONE',  ( 0.3692454791660838564, -2.073507570093820807, -10.42204872171018870 ) ) ;
#2310 = CARTESIAN_POINT ( 'NONE',  ( -0.8004371157145814264, -5.299999999999280398, -5.713691775801189365 ) ) ;
#2311 = CARTESIAN_POINT ( 'NONE',  ( 2.691072224498106014, -1.199999999999979527, -9.804008306817831198 ) ) ;
#2312 = LINE ( 'NONE', #4448, #3776 ) ;
#2313 = ORIENTED_EDGE ( 'NONE', *, *, #2951, .F. ) ;
#2314 = ORIENTED_EDGE ( 'NONE', *, *, #3745, .F. ) ;
#2315 = LINE ( 'NONE', #1189, #1019 ) ;
#2316 = ORIENTED_EDGE ( 'NONE', *, *, #3674, .F. ) ;
#2317 = VECTOR ( 'NONE', #3407, 1000.000000000000000 ) ;
#2318 = CARTESIAN_POINT ( 'NONE',  ( 0.000000000000000000, 0.000000000000000000, -9.650000000000000355 ) ) ;
#2319 = EDGE_CURVE ( 'NONE', #3708, #4258, #1951, .T. ) ;
#2320 = DIRECTION ( 'NONE',  ( -0.000000000000000000, 0.9945218953682842811, 0.1045284632675500258 ) ) ;
#2321 = CARTESIAN_POINT ( 'NONE',  ( -1.250000000000089928, -5.500000000000449418, -7.400000000000000355 ) ) ;
#2322 = VECTOR ( 'NONE', #5200, 1000.000000000000000 ) ;
#2323 = CARTESIAN_POINT ( 'NONE',  ( 1.663722670138348292, -2.612204782505105349, -10.93887810937664895 ) ) ;
#2324 = ORIENTED_EDGE ( 'NONE', *, *, #5862, .T. ) ;
#2325 = CARTESIAN_POINT ( 'NONE',  ( 2.429328335627639834, -2.430323138702815022, -11.79999999999999893 ) ) ;
#2326 = ADVANCED_FACE ( 'NONE', ( #2434, #901 ), #5189, .F. ) ;
#2327 = ORIENTED_EDGE ( 'NONE', *, *, #660, .T. ) ;
#2328 = VECTOR ( 'NONE', #2686, 1000.000000000000000 ) ;
#2329 = CIRCLE ( 'NONE', #6905, 0.6099999999999998757 ) ;
#2330 = CARTESIAN_POINT ( 'NONE',  ( 2.499999999999950262, 4.299999999999919886, -2.700000000000000178 ) ) ;
#2331 = ORIENTED_EDGE ( 'NONE', *, *, #2037, .F. ) ;
#2332 = CARTESIAN_POINT ( 'NONE',  ( 2.750000000000909495, -5.299999999999680078, -2.299999999999999822 ) ) ;
#2333 = EDGE_LOOP ( 'NONE', ( #6922, #5468, #5752, #2482 ) ) ;
#2334 = CARTESIAN_POINT ( 'NONE',  ( -3.200000000000000178, -1.100000000000100009, -11.79999999999999893 ) ) ;
#2335 = ORIENTED_EDGE ( 'NONE', *, *, #2415, .T. ) ;
#2336 = DIRECTION ( 'NONE',  ( 0.000000000000000000, -1.000000000000000000, 0.000000000000000000 ) ) ;
#2337 = CARTESIAN_POINT ( 'NONE',  ( 1.075528555105619894E-13, -5.551115123125779547E-14, -13.41999999999999993 ) ) ;
#2338 = AXIS2_PLACEMENT_3D ( 'NONE', #2711, #5936, #5858 ) ;
#2339 = ORIENTED_EDGE ( 'NONE', *, *, #3674, .T. ) ;
#2340 = CARTESIAN_POINT ( 'NONE',  ( -3.899999999999789857, -6.049999999999999822, -14.40000000000000036 ) ) ;
#2341 = CARTESIAN_POINT ( 'NONE',  ( -2.749999999999090061, -4.399328904255201067, -1.779552585064713144 ) ) ;
#2342 = LINE ( 'NONE', #1851, #342 ) ;
#2343 = PRESENTATION_LAYER_ASSIGNMENT (  '', '', ( #5344 ) ) ;
#2344 = VERTEX_POINT ( 'NONE', #2990 ) ;
#2345 = DIRECTION ( 'NONE',  ( 0.000000000000000000, 0.000000000000000000, -1.000000000000000000 ) ) ;
#2346 = CIRCLE ( 'NONE', #2906, 1.050000000000000044 ) ;
#2347 = DIRECTION ( 'NONE',  ( -1.000000000000000000, 0.000000000000000000, 0.000000000000000000 ) ) ;
#2348 = LINE ( 'NONE', #3875, #4354 ) ;
#2349 = DIRECTION ( 'NONE',  ( 0.04120792509278380089, -0.8379581950490639919, -0.5441764146484689979 ) ) ;
#2350 = VECTOR ( 'NONE', #3437, 1000.000000000000000 ) ;
#2351 = CARTESIAN_POINT ( 'NONE',  ( -3.200000000000000178, -1.199999999999979972, -1.000000000000000000 ) ) ;
#2352 = ORIENTED_EDGE ( 'NONE', *, *, #3946, .T. ) ;
#2353 = EDGE_CURVE ( 'NONE', #1568, #1595, #2014, .T. ) ;
#2354 = ORIENTED_EDGE ( 'NONE', *, *, #2030, .T. ) ;
#2355 = VECTOR ( 'NONE', #3836, 1000.000000000000000 ) ;
#2356 = ORIENTED_EDGE ( 'NONE', *, *, #660, .F. ) ;
#2357 = DIRECTION ( 'NONE',  ( 0.000000000000000000, -1.000000000000000000, 0.000000000000000000 ) ) ;
#2358 = PLANE ( 'NONE',  #2884 ) ;
#2359 = FACE_OUTER_BOUND ( 'NONE', #5242, .T. ) ;
#2360 = ORIENTED_EDGE ( 'NONE', *, *, #333, .F. ) ;
#2361 = DIRECTION ( 'NONE',  ( -1.000000000000000000, 0.000000000000000000, 0.000000000000000000 ) ) ;
#2362 = EDGE_CURVE ( 'NONE', #4970, #5292, #345, .T. ) ;
#2363 = ORIENTED_EDGE ( 'NONE', *, *, #5011, .F. ) ;
#2364 = EDGE_CURVE ( 'NONE', #1473, #5398, #4144, .T. ) ;
#2365 = ADVANCED_FACE ( 'NONE', ( #6741 ), #4082, .F. ) ;
#2366 = DIRECTION ( 'NONE',  ( -1.000000000000000000, 0.000000000000000000, 0.000000000000000000 ) ) ;
#2367 = EDGE_LOOP ( 'NONE', ( #6490, #6416, #4548 ) ) ;
#2368 = DIRECTION ( 'NONE',  ( 1.000000000000000000, 0.000000000000000000, 0.000000000000000000 ) ) ;
#2369 = VERTEX_POINT ( 'NONE', #3216 ) ;
#2370 = CARTESIAN_POINT ( 'NONE',  ( 2.289217213497130032, -2.199999999999130207, -11.79999999999999893 ) ) ;
#2371 = ORIENTED_EDGE ( 'NONE', *, *, #6874, .T. ) ;
#2372 = CARTESIAN_POINT ( 'NONE',  ( -0.1313175606050843713, -5.299999999999280398, -4.099791487558434255 ) ) ;
#2373 = FACE_OUTER_BOUND ( 'NONE', #5051, .T. ) ;
#2374 = EDGE_CURVE ( 'NONE', #2959, #4441, #6306, .T. ) ;
#2375 = EDGE_LOOP ( 'NONE', ( #4223, #383, #5008, #1266 ) ) ;
#2376 = CARTESIAN_POINT ( 'NONE',  ( 18.18468237128199760, -8.099999999999448974, -7.599999999999869971 ) ) ;
#2377 = EDGE_CURVE ( 'NONE', #4893, #313, #1109, .T. ) ;
#2378 = CYLINDRICAL_SURFACE ( 'NONE', #2119, 1.050000000000000044 ) ;
#2379 = DIRECTION ( 'NONE',  ( 0.000000000000000000, 0.5446390350179317608, -0.8386705679435376704 ) ) ;
#2380 = VECTOR ( 'NONE', #636, 1000.000000000000000 ) ;
#2381 = EDGE_LOOP ( 'NONE', ( #1942, #3258, #3249, #3861 ) ) ;
#2382 = LINE ( 'NONE', #4030, #979 ) ;
#2383 = AXIS2_PLACEMENT_3D ( 'NONE', #4593, #1972, #6168 ) ;
#2384 = CARTESIAN_POINT ( 'NONE',  ( 2.300000000000109956, -5.551115123125779547E-14, -13.41999999999999993 ) ) ;
#2385 = DIRECTION ( 'NONE',  ( -0.000000000000000000, 1.000000000000000000, 0.000000000000000000 ) ) ;
#2386 = LINE ( 'NONE', #5525, #4953 ) ;
#2387 = DIRECTION ( 'NONE',  ( 0.000000000000000000, 0.000000000000000000, -1.000000000000000000 ) ) ;
#2388 = EDGE_LOOP ( 'NONE', ( #6572, #6202, #5932, #5922, #2503 ) ) ;
#2389 = VERTEX_POINT ( 'NONE', #5810 ) ;
#2390 = CARTESIAN_POINT ( 'NONE',  ( 1.110223024625159948E-13, -3.350000000000000089, -13.40000000000000036 ) ) ;
#2391 = AXIS2_PLACEMENT_3D ( 'NONE', #3588, #5731, #1565 ) ;
#2392 = EDGE_LOOP ( 'NONE', ( #3052, #6798, #1345, #6694 ) ) ;
#2393 = CARTESIAN_POINT ( 'NONE',  ( -1.734723475976804925E-15, -2.699783421336154898, -10.03070813642793979 ) ) ;
#2394 = FILL_AREA_STYLE_COLOUR ( '', #6339 ) ;
#2395 = CARTESIAN_POINT ( 'NONE',  ( 1.110223024625159948E-13, -5.551115123125779547E-14, -13.40000000000000036 ) ) ;
#2396 = CARTESIAN_POINT ( 'NONE',  ( 0.000000000000000000, 0.000000000000000000, 0.000000000000000000 ) ) ;
#2397 = ORIENTED_EDGE ( 'NONE', *, *, #5955, .T. ) ;
#2398 = DIRECTION ( 'NONE',  ( 0.000000000000000000, 0.000000000000000000, -1.000000000000000000 ) ) ;
#2399 = ORIENTED_EDGE ( 'NONE', *, *, #1629, .F. ) ;
#2400 = CARTESIAN_POINT ( 'NONE',  ( -1.549999999999049916, -6.500000000000000000, -7.349999999999999645 ) ) ;
#2401 = CARTESIAN_POINT ( 'NONE',  ( -4.000000000000000000, 4.299999999999914557, -0.2071067811865467123 ) ) ;
#2402 = ORIENTED_EDGE ( 'NONE', *, *, #1028, .F. ) ;
#2403 = DIRECTION ( 'NONE',  ( 1.000000000000000000, 0.000000000000000000, 0.000000000000000000 ) ) ;
#2404 = ORIENTED_EDGE ( 'NONE', *, *, #1343, .F. ) ;
#2405 = CARTESIAN_POINT ( 'NONE',  ( 1.550000000000050004, -3.350000000000000089, -13.40000000000000036 ) ) ;
#2406 = ORIENTED_EDGE ( 'NONE', *, *, #5820, .T. ) ;
#2407 = CARTESIAN_POINT ( 'NONE',  ( 3.229209978830339889, -2.559999999999050146, -2.779157999888000052 ) ) ;
#2408 = CARTESIAN_POINT ( 'NONE',  ( 3.032656905156802640, -0.9882141070624985701, -9.692893218813470213 ) ) ;
#2409 = ORIENTED_EDGE ( 'NONE', *, *, #5659, .T. ) ;
#2410 = FACE_OUTER_BOUND ( 'NONE', #787, .T. ) ;
#2411 = LINE ( 'NONE', #4477, #2020 ) ;
#2412 = DIRECTION ( 'NONE',  ( 0.000000000000000000, 0.000000000000000000, -1.000000000000000000 ) ) ;
#2413 = EDGE_LOOP ( 'NONE', ( #296, #102, #6725, #6742 ) ) ;
#2414 = CARTESIAN_POINT ( 'NONE',  ( -1.250000000000089928, -9.558578643762039917, -7.658578643762729676 ) ) ;
#2415 = EDGE_CURVE ( 'NONE', #1391, #5409, #5318, .T. ) ;
#2416 = CARTESIAN_POINT ( 'NONE',  ( 3.900000000000130029, -5.349999999999999645, -11.79999999999999893 ) ) ;
#2417 = CARTESIAN_POINT ( 'NONE',  ( -1.499999999999830136, -5.349999999999999645, -11.79999999999999893 ) ) ;
#2418 = CARTESIAN_POINT ( 'NONE',  ( 2.769070772439020889, -1.199999999999979972, -9.738837632735409144 ) ) ;
#2419 = VERTEX_POINT ( 'NONE', #1549 ) ;
#2420 = VERTEX_POINT ( 'NONE', #4171 ) ;
#2421 = SURFACE_SIDE_STYLE ('',( #3498 ) ) ;
#2422 = VECTOR ( 'NONE', #6830, 1000.000000000000000 ) ;
#2423 = ORIENTED_EDGE ( 'NONE', *, *, #5843, .F. ) ;
#2424 = EDGE_LOOP ( 'NONE', ( #3006, #6620 ) ) ;
#2425 = CARTESIAN_POINT ( 'NONE',  ( -3.264504048139599898E-15, -2.699783421336157563, -10.03070813642793802 ) ) ;
#2426 = CARTESIAN_POINT ( 'NONE',  ( 0.04014431553366638872, -2.708735797084323771, -10.02044685553317649 ) ) ;
#2427 = DIRECTION ( 'NONE',  ( 1.000000000000000000, 0.000000000000000000, 0.000000000000000000 ) ) ;
#2428 = AXIS2_PLACEMENT_3D ( 'NONE', #3734, #2560, #4719 ) ;
#2429 = FILL_AREA_STYLE ('',( #3431 ) ) ;
#2430 = VERTEX_POINT ( 'NONE', #1581 ) ;
#2431 = FACE_OUTER_BOUND ( 'NONE', #2630, .T. ) ;
#2432 = CARTESIAN_POINT ( 'NONE',  ( -1.777709254451545151, -2.831868875732335145, -10.76226831563598019 ) ) ;
#2433 = VECTOR ( 'NONE', #6869, 1000.000000000000000 ) ;
#2434 = FACE_BOUND ( 'NONE', #4690, .T. ) ;
#2435 = VERTEX_POINT ( 'NONE', #5926 ) ;
#2436 = ORIENTED_EDGE ( 'NONE', *, *, #1165, .F. ) ;
#2437 = PRODUCT_DEFINITION_CONTEXT ( 'detailed design', #6736, 'design' ) ;
#2438 = DIRECTION ( 'NONE',  ( -1.000000000000000000, 0.000000000000000000, 0.000000000000000000 ) ) ;
#2439 = EDGE_CURVE ( 'NONE', #3330, #4016, #2044, .T. ) ;
#2440 = EDGE_LOOP ( 'NONE', ( #4224, #195 ) ) ;
#2441 = FACE_OUTER_BOUND ( 'NONE', #6378, .T. ) ;
#2442 = EDGE_CURVE ( 'NONE', #503, #1068, #5847, .T. ) ;
#2443 = CARTESIAN_POINT ( 'NONE',  ( 2.551282793227118706, -0.8313547249890743673, -9.900000000000000355 ) ) ;
#2444 = AXIS2_PLACEMENT_3D ( 'NONE', #51, #2611, #2639 ) ;
#2445 = ORIENTED_EDGE ( 'NONE', *, *, #6926, .T. ) ;
#2446 = B_SPLINE_CURVE_WITH_KNOTS ( 'NONE', 3,
 ( #5217, #1578, #1052, #533 ),
 .UNSPECIFIED., .F., .F.,
 ( 4, 4 ),
 ( 0.000000000000000000, 1.000000000000000000 ),
 .UNSPECIFIED. ) ;
#2447 = LINE ( 'NONE', #4581, #5009 ) ;
#2448 = DIRECTION ( 'NONE',  ( 0.000000000000000000, 0.000000000000000000, 1.000000000000000000 ) ) ;
#2449 = LINE ( 'NONE', #3060, #4882 ) ;
#2450 = VECTOR ( 'NONE', #6127, 1000.000000000000000 ) ;
#2451 = ORIENTED_EDGE ( 'NONE', *, *, #5105, .F. ) ;
#2452 = CARTESIAN_POINT ( 'NONE',  ( 3.200000000000980283, -5.150000000000099831, -5.299999999999999822 ) ) ;
#2453 = ADVANCED_FACE ( 'NONE', ( #1129 ), #536, .T. ) ;
#2454 = EDGE_CURVE ( 'NONE', #122, #2782, #6229, .T. ) ;
#2455 = VECTOR ( 'NONE', #5963, 1000.000000000000000 ) ;
#2456 = DIRECTION ( 'NONE',  ( 0.000000000000000000, -1.000000000000000000, 0.000000000000000000 ) ) ;
#2457 = CARTESIAN_POINT ( 'NONE',  ( 3.550000000000880007, -5.299999999999280398, -11.90000000000000036 ) ) ;
#2458 = CYLINDRICAL_SURFACE ( 'NONE', #2274, 0.1999999999999996503 ) ;
#2459 = EDGE_CURVE ( 'NONE', #3109, #2613, #6439, .T. ) ;
#2460 = VERTEX_POINT ( 'NONE', #569 ) ;
#2461 = ORIENTED_EDGE ( 'NONE', *, *, #1115, .T. ) ;
#2462 = AXIS2_PLACEMENT_3D ( 'NONE', #6643, #4959, #3984 ) ;
#2463 = ADVANCED_FACE ( 'NONE', ( #6834 ), #2699, .T. ) ;
#2464 = CIRCLE ( 'NONE', #2013, 1.199999999999929789 ) ;
#2465 = EDGE_CURVE ( 'NONE', #4305, #973, #1744, .T. ) ;
#2466 = CARTESIAN_POINT ( 'NONE',  ( -1.516047344179588541E-15, -2.699783421336157563, -10.03070813642793802 ) ) ;
#2467 = EDGE_CURVE ( 'NONE', #1866, #1529, #41, .T. ) ;
#2468 = CARTESIAN_POINT ( 'NONE',  ( 2.024980546198864584, -3.262063269921744890, -6.669242063142870158 ) ) ;
#2469 = DIRECTION ( 'NONE',  ( 1.000000000000000000, 0.000000000000000000, 0.000000000000000000 ) ) ;
#2470 =( LENGTH_UNIT ( ) NAMED_UNIT ( * ) SI_UNIT ( .MILLI., .METRE. ) );
#2471 = ORIENTED_EDGE ( 'NONE', *, *, #6821, .F. ) ;
#2472 = CIRCLE ( 'NONE', #2122, 1.050000000000000044 ) ;
#2473 = DIRECTION ( 'NONE',  ( 0.000000000000000000, 0.000000000000000000, 1.000000000000000000 ) ) ;
#2474 = LINE ( 'NONE', #3509, #4653 ) ;
#2475 = CARTESIAN_POINT ( 'NONE',  ( 2.912473175842124729, -1.200000000000039702, 0.000000000000000000 ) ) ;
#2476 = ORIENTED_EDGE ( 'NONE', *, *, #2145, .T. ) ;
#2477 = ORIENTED_EDGE ( 'NONE', *, *, #4217, .F. ) ;
#2478 = DIRECTION ( 'NONE',  ( -0.000000000000000000, 1.000000000000000000, 0.000000000000000000 ) ) ;
#2479 = ORIENTED_EDGE ( 'NONE', *, *, #1771, .F. ) ;
#2480 = DIRECTION ( 'NONE',  ( 0.000000000000000000, 0.000000000000000000, -1.000000000000000000 ) ) ;
#2481 = LINE ( 'NONE', #2932, #4108 ) ;
#2482 = ORIENTED_EDGE ( 'NONE', *, *, #1494, .T. ) ;
#2483 = ADVANCED_FACE ( 'NONE', ( #4794 ), #1087, .T. ) ;
#2484 = CARTESIAN_POINT ( 'NONE',  ( 3.650000000000929834, -5.500000000000000000, -7.349999999999999645 ) ) ;
#2485 = DIRECTION ( 'NONE',  ( -1.000000000000000000, 0.000000000000000000, 0.000000000000000000 ) ) ;
#2486 = ORIENTED_EDGE ( 'NONE', *, *, #3297, .F. ) ;
#2487 = CARTESIAN_POINT ( 'NONE',  ( -1.199999999999913802, -1.962141687034899995, -13.41999999999999993 ) ) ;
#2488 = ADVANCED_FACE ( 'NONE', ( #5884 ), #2629, .T. ) ;
#2489 = AXIS2_PLACEMENT_3D ( 'NONE', #4117, #6746, #4667 ) ;
#2490 = CARTESIAN_POINT ( 'NONE',  ( 4.499999999999949374, -2.599999999999050182, -11.79999999999999893 ) ) ;
#2491 = DIRECTION ( 'NONE',  ( -0.000000000000000000, 1.000000000000000000, 0.000000000000000000 ) ) ;
#2492 = CARTESIAN_POINT ( 'NONE',  ( -1.250000000000089928, -5.699999999999820766, -7.799999999999480238 ) ) ;
#2493 = ORIENTED_EDGE ( 'NONE', *, *, #6297, .T. ) ;
#2494 = ORIENTED_EDGE ( 'NONE', *, *, #6475, .T. ) ;
#2495 = VECTOR ( 'NONE', #1935, 1000.000000000000000 ) ;
#2496 = DIRECTION ( 'NONE',  ( 0.000000000000000000, 0.000000000000000000, -1.000000000000000000 ) ) ;
#2497 = EDGE_CURVE ( 'NONE', #3165, #5306, #5391, .T. ) ;
#2498 = CARTESIAN_POINT ( 'NONE',  ( 3.200000000000980283, -5.500000000000000000, -1.000000000000000000 ) ) ;
#2499 = CARTESIAN_POINT ( 'NONE',  ( 2.038505706494255776, -3.083004902568087680, -6.121152956876847462 ) ) ;
#2500 = LINE ( 'NONE', #3569, #3985 ) ;
#2501 = AXIS2_PLACEMENT_3D ( 'NONE', #3008, #5142, #4096 ) ;
#2502 = ITEM_DEFINED_TRANSFORMATION ( 'NONE', 'NONE', #105,  #5697 ) ;
#2503 = ORIENTED_EDGE ( 'NONE', *, *, #1503, .T. ) ;
#2504 = ADVANCED_FACE ( 'NONE', ( #5254 ), #466, .F. ) ;
#2505 = VECTOR ( 'NONE', #2473, 1000.000000000000000 ) ;
#2506 = VECTOR ( 'NONE', #2783, 1000.000000000000000 ) ;
#2507 = DIRECTION ( 'NONE',  ( 0.000000000000000000, 0.000000000000000000, 1.000000000000000000 ) ) ;
#2508 = DIRECTION ( 'NONE',  ( 0.000000000000000000, 0.000000000000000000, -1.000000000000000000 ) ) ;
#2509 = ORIENTED_EDGE ( 'NONE', *, *, #5056, .T. ) ;
#2510 = EDGE_LOOP ( 'NONE', ( #3153, #3352, #714, #4309 ) ) ;
#2511 = CARTESIAN_POINT ( 'NONE',  ( 3.725592231765940010, 4.299999999999919886, -2.700000000000000178 ) ) ;
#2512 = EDGE_LOOP ( 'NONE', ( #805, #4494, #5678, #6025 ) ) ;
#2513 = DIRECTION ( 'NONE',  ( 0.000000000000000000, -1.000000000000000000, 0.000000000000000000 ) ) ;
#2514 = CARTESIAN_POINT ( 'NONE',  ( 3.600000000000159961, -6.049999999999999822, -13.44999999999999929 ) ) ;
#2515 = ORIENTED_EDGE ( 'NONE', *, *, #1946, .T. ) ;
#2516 = DIRECTION ( 'NONE',  ( 1.000000000000000000, 0.000000000000000000, 0.000000000000000000 ) ) ;
#2517 = DIRECTION ( 'NONE',  ( 0.000000000000000000, 0.000000000000000000, -1.000000000000000000 ) ) ;
#2518 = CARTESIAN_POINT ( 'NONE',  ( 4.000000000000000000, 3.799999999999910116, -0.5000000000000000000 ) ) ;
#2519 = VECTOR ( 'NONE', #1968, 1000.000000000000000 ) ;
#2520 = CYLINDRICAL_SURFACE ( 'NONE', #2391, 0.2500000000000002220 ) ;
#2521 = CARTESIAN_POINT ( 'NONE',  ( 1.900000000000900080, -5.500000000000000000, -11.90000000000000036 ) ) ;
#2522 = DIRECTION ( 'NONE',  ( 0.000000000000000000, 0.000000000000000000, -1.000000000000000000 ) ) ;
#2523 = VERTEX_POINT ( 'NONE', #5576 ) ;
#2524 = ORIENTED_EDGE ( 'NONE', *, *, #2880, .F. ) ;
#2525 = EDGE_CURVE ( 'NONE', #5939, #1839, #197, .T. ) ;
#2526 = CARTESIAN_POINT ( 'NONE',  ( 2.454840885827509922, -1.018641820719724089, -9.900000000000000355 ) ) ;
#2527 = CARTESIAN_POINT ( 'NONE',  ( -1.250000000000089928, -5.700000000000730260, -7.599999999999999645 ) ) ;
#2528 = FACE_OUTER_BOUND ( 'NONE', #6881, .T. ) ;
#2529 = VERTEX_POINT ( 'NONE', #2214 ) ;
#2530 = AXIS2_PLACEMENT_3D ( 'NONE', #2395, #4596, #6657 ) ;
#2531 = EDGE_CURVE ( 'NONE', #2049, #2998, #5500, .T. ) ;
#2532 = AXIS2_PLACEMENT_3D ( 'NONE', #899, #2507, #3543 ) ;
#2533 = CARTESIAN_POINT ( 'NONE',  ( -1.499999999999830136, -6.349999999999999645, -13.44999999999999929 ) ) ;
#2534 = ORIENTED_EDGE ( 'NONE', *, *, #3723, .T. ) ;
#2535 = ORIENTED_EDGE ( 'NONE', *, *, #1112, .T. ) ;
#2536 = CARTESIAN_POINT ( 'NONE',  ( -2.749999999999090061, -5.500000000000000000, -2.300000000000899991 ) ) ;
#2537 = EDGE_LOOP ( 'NONE', ( #109, #2586, #1320, #1029 ) ) ;
#2538 = PLANE ( 'NONE',  #5055 ) ;
#2539 = EDGE_CURVE ( 'NONE', #1770, #6443, #5873, .T. ) ;
#2540 = DIRECTION ( 'NONE',  ( -1.000000000000000000, 0.000000000000000000, 0.000000000000000000 ) ) ;
#2541 = ORIENTED_EDGE ( 'NONE', *, *, #6769, .T. ) ;
#2542 = VECTOR ( 'NONE', #2254, 1000.000000000000000 ) ;
#2543 = CARTESIAN_POINT ( 'NONE',  ( -1.549999999999049916, -5.500000000000000000, -11.79999999999999893 ) ) ;
#2544 = DIRECTION ( 'NONE',  ( 1.000000000000000000, 0.000000000000000000, 0.000000000000000000 ) ) ;
#2545 = CIRCLE ( 'NONE', #6448, 1.000000000000000000 ) ;
#2546 = DIRECTION ( 'NONE',  ( 0.000000000000000000, 1.224646799147351975E-16, 1.000000000000000000 ) ) ;
#2547 = VECTOR ( 'NONE', #1478, 1000.000000000000000 ) ;
#2548 = ORIENTED_EDGE ( 'NONE', *, *, #2654, .T. ) ;
#2549 = LINE ( 'NONE', #6822, #5390 ) ;
#2550 = DIRECTION ( 'NONE',  ( 1.000000000000000000, 0.000000000000000000, 0.000000000000000000 ) ) ;
#2551 = CARTESIAN_POINT ( 'NONE',  ( 4.499999999999949374, -2.599999999999050182, -9.750000000000000000 ) ) ;
#2552 = CIRCLE ( 'NONE', #4670, 3.149999999999999911 ) ;
#2553 = ORIENTED_EDGE ( 'NONE', *, *, #477, .F. ) ;
#2554 = ORIENTED_EDGE ( 'NONE', *, *, #1655, .T. ) ;
#2555 = DIRECTION ( 'NONE',  ( -1.000000000000000000, 0.000000000000000000, 0.000000000000000000 ) ) ;
#2556 = CIRCLE ( 'NONE', #1547, 3.149999999999999911 ) ;
#2557 = CARTESIAN_POINT ( 'NONE',  ( -0.4229303212867768225, -11.22643610404322878, -7.799999999999999822 ) ) ;
#2558 = ADVANCED_FACE ( 'NONE', ( #3888 ), #6518, .F. ) ;
#2559 = CARTESIAN_POINT ( 'NONE',  ( -0.1794474355438865631, -2.628991926802390910, -10.77915910038650438 ) ) ;
#2560 = DIRECTION ( 'NONE',  ( 1.000000000000000000, 0.000000000000000000, 0.000000000000000000 ) ) ;
#2561 =( GEOMETRIC_REPRESENTATION_CONTEXT ( 3 ) GLOBAL_UNCERTAINTY_ASSIGNED_CONTEXT ( ( #2128 ) ) GLOBAL_UNIT_ASSIGNED_CONTEXT ( ( #2470, #460, #6859 ) ) REPRESENTATION_CONTEXT ( 'NONE', 'WORKASPACE' ) );
#2562 = ORIENTED_EDGE ( 'NONE', *, *, #3979, .T. ) ;
#2563 = DIRECTION ( 'NONE',  ( 0.000000000000000000, 0.000000000000000000, 1.000000000000000000 ) ) ;
#2564 = AXIS2_PLACEMENT_3D ( 'NONE', #3589, #5240, #391 ) ;
#2565 = CARTESIAN_POINT ( 'NONE',  ( -2.739999999999950031, -2.559999999999050146, -11.79999999999999893 ) ) ;
#2566 = CARTESIAN_POINT ( 'NONE',  ( -1.574999999999999956, 0.000000000000000000, -10.14999999999999858 ) ) ;
#2567 = VERTEX_POINT ( 'NONE', #4976 ) ;
#2568 = AXIS2_PLACEMENT_3D ( 'NONE', #576, #49, #2083 ) ;
#2569 = FACE_OUTER_BOUND ( 'NONE', #4364, .T. ) ;
#2570 = PLANE ( 'NONE',  #3657 ) ;
#2571 = ORIENTED_EDGE ( 'NONE', *, *, #2170, .F. ) ;
#2572 = EDGE_CURVE ( 'NONE', #5190, #3607, #3186, .T. ) ;
#2573 = AXIS2_PLACEMENT_3D ( 'NONE', #3913, #1891, #3373 ) ;
#2574 = CARTESIAN_POINT ( 'NONE',  ( 1.075528555105619894E-13, -5.551115123125779547E-14, -13.41999999999999993 ) ) ;
#2575 = EDGE_CURVE ( 'NONE', #5939, #5748, #5461, .T. ) ;
#2576 = EDGE_LOOP ( 'NONE', ( #530, #6147, #6, #2451 ) ) ;
#2577 = ADVANCED_FACE ( 'NONE', ( #2359 ), #4458, .T. ) ;
#2578 = CARTESIAN_POINT ( 'NONE',  ( 3.050000000000939959, -5.500000000000000000, -6.100000000000920686 ) ) ;
#2579 = DIRECTION ( 'NONE',  ( 0.000000000000000000, -0.8660254037844611341, 0.4999999999999610867 ) ) ;
#2580 = DIRECTION ( 'NONE',  ( 0.000000000000000000, 0.000000000000000000, -1.000000000000000000 ) ) ;
#2581 = EDGE_LOOP ( 'NONE', ( #1402, #2245, #6175, #6354 ) ) ;
#2582 = ADVANCED_FACE ( 'NONE', ( #6062 ), #791, .T. ) ;
#2583 = PLANE ( 'NONE',  #6068 ) ;
#2584 = LINE ( 'NONE', #1931, #2116 ) ;
#2585 = LINE ( 'NONE', #947, #214 ) ;
#2586 = ORIENTED_EDGE ( 'NONE', *, *, #3610, .T. ) ;
#2587 = VERTEX_POINT ( 'NONE', #4346 ) ;
#2588 = DIRECTION ( 'NONE',  ( 0.000000000000000000, 0.000000000000000000, 1.000000000000000000 ) ) ;
#2589 = FACE_OUTER_BOUND ( 'NONE', #4763, .T. ) ;
#2590 = CARTESIAN_POINT ( 'NONE',  ( -0.2807957223967191274, -2.696624596067795476, -10.13567723598289128 ) ) ;
#2591 = DIRECTION ( 'NONE',  ( 0.000000000000000000, 0.000000000000000000, 1.000000000000000000 ) ) ;
#2592 = VECTOR ( 'NONE', #6671, 1000.000000000000000 ) ;
#2593 = DIRECTION ( 'NONE',  ( 0.000000000000000000, 0.000000000000000000, 1.000000000000000000 ) ) ;
#2594 = ORIENTED_EDGE ( 'NONE', *, *, #5673, .T. ) ;
#2595 = EDGE_CURVE ( 'NONE', #1615, #9, #5421, .T. ) ;
#2596 = B_SPLINE_CURVE_WITH_KNOTS ( 'NONE', 3,
 ( #3668, #2627, #464, #6437 ),
 .UNSPECIFIED., .F., .F.,
 ( 4, 4 ),
 ( 0.000000000000000000, 1.000000000000000000 ),
 .UNSPECIFIED. ) ;
#2597 = CARTESIAN_POINT ( 'NONE',  ( 18.18468237128199760, -3.043296795205579830, -6.084124547721280862 ) ) ;
#2598 = CARTESIAN_POINT ( 'NONE',  ( 2.367049551025110166, 1.204811792319891772, -9.900000000000000355 ) ) ;
#2599 = AXIS2_PLACEMENT_3D ( 'NONE', #5558, #2941, #4065 ) ;
#2600 = CARTESIAN_POINT ( 'NONE',  ( 2.660000000000000142, -2.289999999999110081, -2.779157999888000052 ) ) ;
#2601 = ORIENTED_EDGE ( 'NONE', *, *, #4126, .T. ) ;
#2602 = ORIENTED_EDGE ( 'NONE', *, *, #489, .T. ) ;
#2603 = DIRECTION ( 'NONE',  ( -0.000000000000000000, 1.000000000000000000, 0.000000000000000000 ) ) ;
#2604 = ORIENTED_EDGE ( 'NONE', *, *, #5670, .F. ) ;
#2605 = EDGE_CURVE ( 'NONE', #5073, #2056, #3866, .T. ) ;
#2606 = CARTESIAN_POINT ( 'NONE',  ( 1.249999999999970246, -5.520202283402584342, -7.502368927062116555 ) ) ;
#2607 = AXIS2_PLACEMENT_3D ( 'NONE', #4528, #756, #5581 ) ;
#2608 = VECTOR ( 'NONE', #3994, 1000.000000000000114 ) ;
#2609 = ORIENTED_EDGE ( 'NONE', *, *, #5011, .T. ) ;
#2610 = CARTESIAN_POINT ( 'NONE',  ( -3.599999999999940137, -6.349999999999999645, -13.44999999999999929 ) ) ;
#2611 = DIRECTION ( 'NONE',  ( 0.000000000000000000, 0.000000000000000000, -1.000000000000000000 ) ) ;
#2612 = DIRECTION ( 'NONE',  ( 0.000000000000000000, 0.000000000000000000, 1.000000000000000000 ) ) ;
#2613 = VERTEX_POINT ( 'NONE', #1238 ) ;
#2614 = DIRECTION ( 'NONE',  ( 0.000000000000000000, 0.000000000000000000, 1.000000000000000000 ) ) ;
#2615 = CARTESIAN_POINT ( 'NONE',  ( -2.989999999999950031, -2.559999999999050146, -11.79999999999999893 ) ) ;
#2616 = LINE ( 'NONE', #6787, #2519 ) ;
#2617 = ORIENTED_EDGE ( 'NONE', *, *, #866, .F. ) ;
#2618 = ORIENTED_EDGE ( 'NONE', *, *, #5869, .F. ) ;
#2619 = CARTESIAN_POINT ( 'NONE',  ( -1.005321978318851395, -10.81224530174340437, -7.599999999999869083 ) ) ;
#2620 = EDGE_CURVE ( 'NONE', #2389, #745, #1685, .T. ) ;
#2621 = DIRECTION ( 'NONE',  ( 0.000000000000000000, -1.000000000000000000, 0.000000000000000000 ) ) ;
#2622 = CARTESIAN_POINT ( 'NONE',  ( -2.649999999999999911, 0.000000000000000000, -9.400000000000000355 ) ) ;
#2623 = CARTESIAN_POINT ( 'NONE',  ( -0.3894060288661844726, -2.655605758329667498, -10.52594540771245235 ) ) ;
#2624 = FACE_BOUND ( 'NONE', #3899, .T. ) ;
#2625 = CARTESIAN_POINT ( 'NONE',  ( -1.479999999999979998, -7.457512886940070196, -13.41999999999999993 ) ) ;
#2626 = ORIENTED_EDGE ( 'NONE', *, *, #3157, .T. ) ;
#2627 = CARTESIAN_POINT ( 'NONE',  ( 0.9166666666675623576, -4.208262654782781276, -1.955562034030935203 ) ) ;
#2628 = CARTESIAN_POINT ( 'NONE',  ( 4.499999999999949374, 3.799999999999910116, -11.79999999999999893 ) ) ;
#2629 = CYLINDRICAL_SURFACE ( 'NONE', #6104, 1.500000000000000000 ) ;
#2630 = EDGE_LOOP ( 'NONE', ( #1915, #5979, #3360, #5375 ) ) ;
#2631 = CARTESIAN_POINT ( 'NONE',  ( 4.149999999999939959, 0.000000000000000000, -3.500000000000000000 ) ) ;
#2632 = CARTESIAN_POINT ( 'NONE',  ( 1.777709254451915077, -2.659722563033235065, -10.48677662737560112 ) ) ;
#2633 = ORIENTED_EDGE ( 'NONE', *, *, #2640, .T. ) ;
#2634 = LINE ( 'NONE', #4640, #4211 ) ;
#2635 = EDGE_LOOP ( 'NONE', ( #6803, #2305, #1984, #1533, #418, #2174, #6654, #1658 ) ) ;
#2636 = VECTOR ( 'NONE', #267, 1000.000000000000000 ) ;
#2637 = CARTESIAN_POINT ( 'NONE',  ( 4.500000000000059508, -2.199999999999090239, -11.79999999999999893 ) ) ;
#2638 = ADVANCED_FACE ( 'NONE', ( #3393 ), #753, .T. ) ;
#2639 = DIRECTION ( 'NONE',  ( 0.000000000000000000, -1.000000000000000000, 0.000000000000000000 ) ) ;
#2640 = EDGE_CURVE ( 'NONE', #4436, #9, #6482, .T. ) ;
#2641 = CARTESIAN_POINT ( 'NONE',  ( -1.479999999999979998, 2.299999999999999822, -13.78000000000000114 ) ) ;
#2642 = VECTOR ( 'NONE', #6224, 1000.000000000000000 ) ;
#2643 = EDGE_LOOP ( 'NONE', ( #5095, #1214, #2553, #2406, #3942, #4960, #3681, #4566 ) ) ;
#2644 = CARTESIAN_POINT ( 'NONE',  ( -1.499999999999830136, -5.349999999999999645, -7.950000000000000178 ) ) ;
#2645 = PLANE ( 'NONE',  #3017 ) ;
#2646 = DIRECTION ( 'NONE',  ( 1.000000000000000000, -1.224646799147354440E-16, 0.000000000000000000 ) ) ;
#2647 = EDGE_LOOP ( 'NONE', ( #5988, #4892, #4172, #2301 ) ) ;
#2648 = AXIS2_PLACEMENT_3D ( 'NONE', #2337, #5028, #811 ) ;
#2649 = VERTEX_POINT ( 'NONE', #2808 ) ;
#2650 = DIRECTION ( 'NONE',  ( 0.000000000000000000, 1.000000000000000000, 0.000000000000000000 ) ) ;
#2651 = ADVANCED_FACE ( 'NONE', ( #5961 ), #6100, .T. ) ;
#2652 = EDGE_CURVE ( 'NONE', #2046, #402, #2286, .T. ) ;
#2653 = AXIS2_PLACEMENT_3D ( 'NONE', #3801, #1670, #2646 ) ;
#2654 = EDGE_CURVE ( 'NONE', #1841, #1500, #3740, .T. ) ;
#2655 = VECTOR ( 'NONE', #5633, 1000.000000000000000 ) ;
#2656 = CARTESIAN_POINT ( 'NONE',  ( -3.649999999999999911, -5.150000000000099831, -11.79999999999999893 ) ) ;
#2657 = CARTESIAN_POINT ( 'NONE',  ( -2.299999999999895017, -5.522948246745389327E-14, -13.78000000000000114 ) ) ;
#2658 = FACE_OUTER_BOUND ( 'NONE', #5433, .T. ) ;
#2659 = CARTESIAN_POINT ( 'NONE',  ( -1.772078547552715877, -2.649536350413285835, -10.58369196665030998 ) ) ;
#2660 = CARTESIAN_POINT ( 'NONE',  ( 2.660000000000000142, -2.289999999999110081, -11.79999999999999893 ) ) ;
#2661 = DIRECTION ( 'NONE',  ( 0.000000000000000000, -1.000000000000000000, 0.000000000000000000 ) ) ;
#2662 = VECTOR ( 'NONE', #3862, 1000.000000000000000 ) ;
#2663 = ADVANCED_FACE ( 'NONE', ( #5615 ), #1448, .T. ) ;
#2664 = EDGE_CURVE ( 'NONE', #4199, #906, #1415, .T. ) ;
#2665 = LINE ( 'NONE', #1611, #773 ) ;
#2666 = VECTOR ( 'NONE', #4536, 1000.000000000000000 ) ;
#2667 = CARTESIAN_POINT ( 'NONE',  ( 2.560112569179695541, 0.7075351077325420235, -9.900000000000000355 ) ) ;
#2668 = DIRECTION ( 'NONE',  ( -1.000000000000000000, 0.000000000000000000, 0.000000000000000000 ) ) ;
#2669 = ORIENTED_EDGE ( 'NONE', *, *, #1542, .F. ) ;
#2670 = DIRECTION ( 'NONE',  ( 1.000000000000000000, 0.000000000000000000, 0.000000000000000000 ) ) ;
#2671 = DIRECTION ( 'NONE',  ( 1.000000000000000000, 0.000000000000000000, 0.000000000000000000 ) ) ;
#2672 = ORIENTED_EDGE ( 'NONE', *, *, #2996, .T. ) ;
#2673 = DIRECTION ( 'NONE',  ( 0.000000000000000000, 0.000000000000000000, 1.000000000000000000 ) ) ;
#2674 = VERTEX_POINT ( 'NONE', #2954 ) ;
#2675 = AXIS2_PLACEMENT_3D ( 'NONE', #742, #855, #1262 ) ;
#2676 = DIRECTION ( 'NONE',  ( 0.000000000000000000, 1.000000000000000000, 0.000000000000000000 ) ) ;
#2677 = CARTESIAN_POINT ( 'NONE',  ( 1.000000000000000000, 2.249639673992789970E-32, -2.100000000000049827 ) ) ;
#2678 = CIRCLE ( 'NONE', #5704, 2.299999999999999822 ) ;
#2679 = CARTESIAN_POINT ( 'NONE',  ( -3.649999999999999911, -5.150000000000099831, -5.299999999999999822 ) ) ;
#2680 = DIRECTION ( 'NONE',  ( 0.000000000000000000, 0.000000000000000000, 1.000000000000000000 ) ) ;
#2681 = DIRECTION ( 'NONE',  ( 1.000000000000000000, 0.000000000000000000, 0.000000000000000000 ) ) ;
#2682 = EDGE_CURVE ( 'NONE', #3222, #2523, #829, .T. ) ;
#2683 = ORIENTED_EDGE ( 'NONE', *, *, #3282, .T. ) ;
#2684 = DIRECTION ( 'NONE',  ( -0.000000000000000000, 0.7071067811861370123, 0.7071067811869581332 ) ) ;
#2685 = DIRECTION ( 'NONE',  ( -0.000000000000000000, 1.000000000000000000, 0.000000000000000000 ) ) ;
#2686 = DIRECTION ( 'NONE',  ( -1.000000000000000000, 0.000000000000000000, 0.000000000000000000 ) ) ;
#2687 = EDGE_LOOP ( 'NONE', ( #2313, #1312, #4554, #1240, #4906, #922, #3757 ) ) ;
#2688 = CARTESIAN_POINT ( 'NONE',  ( 1.249999999999970024, -8.241421356236859452, -7.658578643763000571 ) ) ;
#2689 = ADVANCED_FACE ( 'NONE', ( #4627 ), #6211, .F. ) ;
#2690 = CARTESIAN_POINT ( 'NONE',  ( 0.5967211345697776004, -11.14998497962037760, -7.799999999999999822 ) ) ;
#2691 = CYLINDRICAL_SURFACE ( 'NONE', #3907, 0.5000000000000005551 ) ;
#2692 = CARTESIAN_POINT ( 'NONE',  ( -0.3633353744700226207, -2.684076171665722654, -10.25506751907059844 ) ) ;
#2693 = CARTESIAN_POINT ( 'NONE',  ( -1.250000000000089928, -8.099999999999448974, -7.599999999999999645 ) ) ;
#2694 = DIRECTION ( 'NONE',  ( 0.000000000000000000, 0.000000000000000000, -1.000000000000000000 ) ) ;
#2695 = LINE ( 'NONE', #380, #3037 ) ;
#2696 = EDGE_CURVE ( 'NONE', #2191, #433, #4754, .T. ) ;
#2697 = LINE ( 'NONE', #4202, #434 ) ;
#2698 = LINE ( 'NONE', #5253, #1202 ) ;
#2699 = PLANE ( 'NONE',  #3628 ) ;
#2700 = ORIENTED_EDGE ( 'NONE', *, *, #3199, .F. ) ;
#2701 = LINE ( 'NONE', #5393, #4969 ) ;
#2702 = DIRECTION ( 'NONE',  ( 0.000000000000000000, 0.000000000000000000, -1.000000000000000000 ) ) ;
#2703 = ORIENTED_EDGE ( 'NONE', *, *, #33, .F. ) ;
#2704 = LINE ( 'NONE', #1093, #1272 ) ;
#2705 = VECTOR ( 'NONE', #5208, 999.9999999999998863 ) ;
#2706 = EDGE_CURVE ( 'NONE', #4682, #6745, #4563, .T. ) ;
#2707 = ORIENTED_EDGE ( 'NONE', *, *, #4233, .T. ) ;
#2708 = DIRECTION ( 'NONE',  ( 0.000000000000000000, 0.000000000000000000, 1.000000000000000000 ) ) ;
#2709 = ORIENTED_EDGE ( 'NONE', *, *, #1186, .F. ) ;
#2710 = PLANE ( 'NONE',  #2444 ) ;
#2711 = CARTESIAN_POINT ( 'NONE',  ( 2.660000000000000142, -2.289999999999110081, -11.79999999999999893 ) ) ;
#2712 = CARTESIAN_POINT ( 'NONE',  ( 1.050000000000107958, -5.551115123125779547E-14, -13.41999999999999993 ) ) ;
#2713 = CIRCLE ( 'NONE', #5631, 0.3999999999999993006 ) ;
#2714 = CARTESIAN_POINT ( 'NONE',  ( 1.249999999999970024, -8.241421356236900309, -7.658578643762960603 ) ) ;
#2716 = ORIENTED_EDGE ( 'NONE', *, *, #1814, .T. ) ;
#2715 =( BOUNDED_SURFACE ( )  B_SPLINE_SURFACE ( 3, 3, ( 
 ( #2824, #3369, #1775, #1250 ),
 ( #4320, #3267, #4989, #352 ),
 ( #208, #766, #3444, #5592 ),
 ( #3483, #6639, #4539, #2897 ) ),
 .UNSPECIFIED., .F., .F., .F. ) 
 B_SPLINE_SURFACE_WITH_KNOTS ( ( 4, 4 ),
 ( 4, 4 ),
 ( 0.000000000000000000, 1.000000000000000000 ),
 ( 0.000000000000000000, 1.000000000000000000 ),
 .UNSPECIFIED. ) 
 GEOMETRIC_REPRESENTATION_ITEM ( )  RATIONAL_B_SPLINE_SURFACE ( (
 ( 1.000000000000000000, 0.3333333333333335369, 0.3333333333333335369, 1.000000000000000000),
 ( 0.8047378541243479511, 0.2682459513747824653, 0.2682459513747824653, 0.8047378541243479511),
 ( 0.8047378541243479511, 0.2682459513747824653, 0.2682459513747824653, 0.8047378541243479511),
 ( 1.000000000000000000, 0.3333333333333335369, 0.3333333333333335369, 1.000000000000000000) ) ) 
 REPRESENTATION_ITEM ( '' )  SURFACE ( )  );
#2717 = LINE ( 'NONE', #4843, #6449 ) ;
#2718 = CIRCLE ( 'NONE', #5637, 1.000000000000000000 ) ;
#2719 = DIRECTION ( 'NONE',  ( 0.000000000000000000, 0.000000000000000000, 1.000000000000000000 ) ) ;
#2720 = CARTESIAN_POINT ( 'NONE',  ( 2.750000000000909495, -5.500000000000000000, -1.500072740962019813 ) ) ;
#2721 = ORIENTED_EDGE ( 'NONE', *, *, #3381, .F. ) ;
#2722 = CYLINDRICAL_SURFACE ( 'NONE', #3700, 0.5000000000000004441 ) ;
#2723 = CARTESIAN_POINT ( 'NONE',  ( -0.3692454791660913505, -2.699783421336162004, -10.03070813642794690 ) ) ;
#2724 = CARTESIAN_POINT ( 'NONE',  ( -2.912473175842150042, -1.199999999999969980, -9.400000000000000355 ) ) ;
#2725 = LINE ( 'NONE', #2202, #892 ) ;
#2726 = FACE_OUTER_BOUND ( 'NONE', #2071, .T. ) ;
#2727 = LINE ( 'NONE', #4855, #4990 ) ;
#2728 = ORIENTED_EDGE ( 'NONE', *, *, #321, .F. ) ;
#2729 = EDGE_CURVE ( 'NONE', #6566, #6191, #3599, .T. ) ;
#2730 =( NAMED_UNIT ( * ) PLANE_ANGLE_UNIT ( ) SI_UNIT ( $, .RADIAN. ) );
#2731 = ORIENTED_EDGE ( 'NONE', *, *, #3234, .T. ) ;
#2732 = AXIS2_PLACEMENT_3D ( 'NONE', #3733, #1047, #6472 ) ;
#2733 = CARTESIAN_POINT ( 'NONE',  ( 1.249999999999970024, -9.699999999999819877, -7.799999999999999822 ) ) ;
#2734 = CARTESIAN_POINT ( 'NONE',  ( -2.749999999999090061, -5.500000000000000000, -5.600000000000860290 ) ) ;
#2735 = CARTESIAN_POINT ( 'NONE',  ( -4.000000000000000000, 3.799999999999910116, -1.000000000000000000 ) ) ;
#2736 = ORIENTED_EDGE ( 'NONE', *, *, #232, .T. ) ;
#2737 = CARTESIAN_POINT ( 'NONE',  ( -4.339999999999999858, -2.199999999999130207, -2.779157999888000052 ) ) ;
#2738 = DIRECTION ( 'NONE',  ( 0.000000000000000000, 0.000000000000000000, -1.000000000000000000 ) ) ;
#2739 = ORIENTED_EDGE ( 'NONE', *, *, #4638, .T. ) ;
#2740 = CARTESIAN_POINT ( 'NONE',  ( -3.200000000000000178, -5.500000000000000000, -1.000000000000000000 ) ) ;
#2741 = EDGE_CURVE ( 'NONE', #3930, #843, #5683, .T. ) ;
#2742 = ORIENTED_EDGE ( 'NONE', *, *, #489, .F. ) ;
#2743 = EDGE_CURVE ( 'NONE', #4930, #4520, #2500, .T. ) ;
#2744 = CARTESIAN_POINT ( 'NONE',  ( 2.429328335627639834, -2.430323138702815022, -9.799999999999998934 ) ) ;
#2745 = VERTEX_POINT ( 'NONE', #1348 ) ;
#2746 = DIRECTION ( 'NONE',  ( 0.000000000000000000, 0.000000000000000000, 1.000000000000000000 ) ) ;
#2747 = EDGE_CURVE ( 'NONE', #4861, #5044, #895, .T. ) ;
#2748 = LINE ( 'NONE', #4873, #227 ) ;
#2749 = CARTESIAN_POINT ( 'NONE',  ( -2.749999999999090061, -5.285215194774913527, -2.145317039434184281 ) ) ;
#2750 = CARTESIAN_POINT ( 'NONE',  ( -3.899999999999789857, -6.049999999999999822, -13.40000000000000036 ) ) ;
#2751 = VECTOR ( 'NONE', #990, 1000.000000000000000 ) ;
#2752 = ORIENTED_EDGE ( 'NONE', *, *, #2362, .F. ) ;
#2753 = ADVANCED_FACE ( 'NONE', ( #2528 ), #6698, .T. ) ;
#2754 = DIRECTION ( 'NONE',  ( 0.000000000000000000, -0.7071067811866840191, 0.7071067811864111263 ) ) ;
#2755 = CARTESIAN_POINT ( 'NONE',  ( -1.279896855207083961, -2.582763714275670086, -11.21899116183752021 ) ) ;
#2756 = DIRECTION ( 'NONE',  ( -1.000000000000000000, 0.000000000000000000, 0.000000000000000000 ) ) ;
#2757 = ORIENTED_EDGE ( 'NONE', *, *, #4659, .T. ) ;
#2758 = ORIENTED_EDGE ( 'NONE', *, *, #6646, .F. ) ;
#2759 = CARTESIAN_POINT ( 'NONE',  ( 1.025111005602420855, -10.77465401266920431, -7.599999999999871747 ) ) ;
#2760 = LINE ( 'NONE', #2168, #1704 ) ;
#2761 = AXIS2_PLACEMENT_3D ( 'NONE', #4805, #2681, #1666 ) ;
#2762 = DIRECTION ( 'NONE',  ( 1.000000000000000000, 0.000000000000000000, 0.000000000000000000 ) ) ;
#2763 = CARTESIAN_POINT ( 'NONE',  ( 0.2795243187602643453, -2.696717265214477077, -10.13479554794768767 ) ) ;
#2764 = ORIENTED_EDGE ( 'NONE', *, *, #446, .T. ) ;
#2765 = ORIENTED_EDGE ( 'NONE', *, *, #4556, .T. ) ;
#2766 = DIRECTION ( 'NONE',  ( 0.000000000000000000, 0.000000000000000000, 1.000000000000000000 ) ) ;
#2767 = VECTOR ( 'NONE', #2517, 1000.000000000000000 ) ;
#2768 = ORIENTED_EDGE ( 'NONE', *, *, #2706, .T. ) ;
#2769 = VECTOR ( 'NONE', #4918, 1000.000000000000000 ) ;
#2770 = EDGE_CURVE ( 'NONE', #4983, #2796, #4141, .T. ) ;
#2771 = DIRECTION ( 'NONE',  ( 0.000000000000000000, 0.000000000000000000, 1.000000000000000000 ) ) ;
#2772 = CARTESIAN_POINT ( 'NONE',  ( -1.795938270362634981, 1.950461871746314690, -9.900000000000000355 ) ) ;
#2773 = CARTESIAN_POINT ( 'NONE',  ( -1.250000000000089928, -5.597631072938744623, -7.579797716598218216 ) ) ;
#2774 = CARTESIAN_POINT ( 'NONE',  ( 3.200000000000980283, -2.599999999999050182, -11.79999999999999893 ) ) ;
#2775 = VECTOR ( 'NONE', #3809, 1000.000000000000000 ) ;
#2776 = CARTESIAN_POINT ( 'NONE',  ( -4.339999999999999858, -10.19999999999910045, -11.79999999999999893 ) ) ;
#2777 = ORIENTED_EDGE ( 'NONE', *, *, #6256, .T. ) ;
#2778 = PLANE ( 'NONE',  #4002 ) ;
#2779 = EDGE_LOOP ( 'NONE', ( #3880, #6709, #5539, #6594, #6230, #1143, #6895, #1878 ) ) ;
#2780 = VECTOR ( 'NONE', #1132, 1000.000000000000000 ) ;
#2781 = LINE ( 'NONE', #1838, #4590 ) ;
#2782 = VERTEX_POINT ( 'NONE', #1383 ) ;
#2783 = DIRECTION ( 'NONE',  ( 0.000000000000000000, 0.000000000000000000, 1.000000000000000000 ) ) ;
#2784 = ADVANCED_FACE ( 'NONE', ( #863, #1976 ), #5714, .T. ) ;
#2785 = ORIENTED_EDGE ( 'NONE', *, *, #2132, .T. ) ;
#2786 = CARTESIAN_POINT ( 'NONE',  ( -1.549999999999049916, -6.500000000000000000, -11.79999999999999893 ) ) ;
#2787 = ADVANCED_FACE ( 'NONE', ( #338 ), #2984, .T. ) ;
#2788 = LINE ( 'NONE', #3796, #3934 ) ;
#2789 = DIRECTION ( 'NONE',  ( 0.000000000000000000, 0.000000000000000000, -1.000000000000000000 ) ) ;
#2790 = EDGE_CURVE ( 'NONE', #5044, #5909, #5187, .T. ) ;
#2791 = ORIENTED_EDGE ( 'NONE', *, *, #1142, .T. ) ;
#2792 = CARTESIAN_POINT ( 'NONE',  ( 4.500000000000002665, 3.799999999999910116, -0.4999999999999993894 ) ) ;
#2793 = DIRECTION ( 'NONE',  ( -1.000000000000000000, 0.000000000000000000, 0.000000000000000000 ) ) ;
#2794 = CARTESIAN_POINT ( 'NONE',  ( 2.020286984203047087, -2.964964519669800680, -6.284544011273004216 ) ) ;
#2795 = VECTOR ( 'NONE', #3024, 1000.000000000000114 ) ;
#2796 = VERTEX_POINT ( 'NONE', #2918 ) ;
#2797 = CARTESIAN_POINT ( 'NONE',  ( 4.000000000000000000, 3.799999999999910116, -11.79999999999999893 ) ) ;
#2798 = EDGE_CURVE ( 'NONE', #3811, #2292, #5049, .T. ) ;
#2799 = DIRECTION ( 'NONE',  ( 1.000000000000000000, 0.000000000000000000, 0.000000000000000000 ) ) ;
#2800 = CARTESIAN_POINT ( 'NONE',  ( -1.250000000000101696, -9.595602668246852929, -7.621554619278233744 ) ) ;
#2801 = CARTESIAN_POINT ( 'NONE',  ( -3.549999999998999733, -5.500000000000000000, -11.90000000000000036 ) ) ;
#2802 = ORIENTED_EDGE ( 'NONE', *, *, #5343, .F. ) ;
#2803 = EDGE_LOOP ( 'NONE', ( #2736, #4079, #5371, #6222 ) ) ;
#2804 = CARTESIAN_POINT ( 'NONE',  ( 3.600000000000159961, -6.049999999999999822, -14.40000000000000036 ) ) ;
#2805 = ORIENTED_EDGE ( 'NONE', *, *, #3496, .T. ) ;
#2806 = CARTESIAN_POINT ( 'NONE',  ( -3.899999999999839595, 0.04999999999993919725, -11.79999999999999893 ) ) ;
#2807 = CARTESIAN_POINT ( 'NONE',  ( -2.506131082811235089, 0.8794543800383489707, -9.900000000000000355 ) ) ;
#2808 = CARTESIAN_POINT ( 'NONE',  ( 3.550000000000880007, -5.500000000000000000, -11.90000000000000036 ) ) ;
#2809 = CYLINDRICAL_SURFACE ( 'NONE', #5857, 4.150000000000000355 ) ;
#2810 = CARTESIAN_POINT ( 'NONE',  ( 1.340250304762498956, -2.582763714335772676, -11.21899116186157741 ) ) ;
#2811 = ORIENTED_EDGE ( 'NONE', *, *, #3075, .F. ) ;
#2812 = FACE_OUTER_BOUND ( 'NONE', #4846, .T. ) ;
#2813 = ORIENTED_EDGE ( 'NONE', *, *, #3429, .T. ) ;
#2814 = CIRCLE ( 'NONE', #1256, 0.2999999999999999334 ) ;
#2815 = CARTESIAN_POINT ( 'NONE',  ( -4.000000000000000000, 4.299999999999919886, -3.500000000000000000 ) ) ;
#2816 = ORIENTED_EDGE ( 'NONE', *, *, #1340, .T. ) ;
#2817 = CARTESIAN_POINT ( 'NONE',  ( 2.750000000000909495, -4.778472672048880376, -1.699224371979927373 ) ) ;
#2818 = ORIENTED_EDGE ( 'NONE', *, *, #3401, .T. ) ;
#2819 = DIRECTION ( 'NONE',  ( 0.000000000000000000, 0.000000000000000000, 1.000000000000000000 ) ) ;
#2820 = EDGE_CURVE ( 'NONE', #3085, #6509, #3301, .T. ) ;
#2822 = VERTEX_POINT ( 'NONE', #953 ) ;
#2821 = AXIS2_PLACEMENT_3D ( 'NONE', #1864, #3999, #1342 ) ;
#2823 = CARTESIAN_POINT ( 'NONE',  ( 3.050000000000939959, -5.500000000000000000, -5.600000000000860290 ) ) ;
#2824 = CARTESIAN_POINT ( 'NONE',  ( 3.149999999999999911, -3.857637417314159731E-16, -9.400000000000000355 ) ) ;
#2825 = ORIENTED_EDGE ( 'NONE', *, *, #5140, .T. ) ;
#2826 = CARTESIAN_POINT ( 'NONE',  ( -2.489999999999950031, -2.559999999999050146, -11.79999999999999893 ) ) ;
#2827 = LINE ( 'NONE', #735, #1459 ) ;
#2828 = DIRECTION ( 'NONE',  ( 0.000000000000000000, 1.000000000000000000, 0.000000000000000000 ) ) ;
#2829 = AXIS2_PLACEMENT_3D ( 'NONE', #854, #220, #1295 ) ;
#2830 = ORIENTED_EDGE ( 'NONE', *, *, #2275, .T. ) ;
#2831 = CARTESIAN_POINT ( 'NONE',  ( 0.4229303212865659356, -11.22643610404334957, -7.599999999999869971 ) ) ;
#2832 = VECTOR ( 'NONE', #1126, 1000.000000000000000 ) ;
#2833 = AXIS2_PLACEMENT_3D ( 'NONE', #4483, #2978, #743 ) ;
#2834 = CARTESIAN_POINT ( 'NONE',  ( 4.499999999999949374, 3.799999999999910116, -1.000000000000000000 ) ) ;
#2835 = CARTESIAN_POINT ( 'NONE',  ( -0.9999999999991022737, -5.299999999999280398, -5.232498981710084429 ) ) ;
#2836 = FACE_OUTER_BOUND ( 'NONE', #5480, .T. ) ;
#2837 = CARTESIAN_POINT ( 'NONE',  ( -1.250000000000089928, -9.699999999998908606, -7.599999999999869971 ) ) ;
#2838 = ORIENTED_EDGE ( 'NONE', *, *, #3897, .F. ) ;
#2839 = EDGE_LOOP ( 'NONE', ( #3031, #4634, #5226, #1135 ) ) ;
#2840 = EDGE_CURVE ( 'NONE', #5398, #6667, #4267, .T. ) ;
#2841 = ORIENTED_EDGE ( 'NONE', *, *, #5088, .F. ) ;
#2842 = CARTESIAN_POINT ( 'NONE',  ( 3.600000000000159961, -6.349999999999999645, -13.44999999999999929 ) ) ;
#2843 = SURFACE_SIDE_STYLE ('',( #716 ) ) ;
#2844 = DIRECTION ( 'NONE',  ( 0.05997373034744222370, 0.1043403074085968302, -0.9927317119534823098 ) ) ;
#2845 = DIRECTION ( 'NONE',  ( 1.000000000000000000, 0.000000000000000000, 0.000000000000000000 ) ) ;
#2846 = ORIENTED_EDGE ( 'NONE', *, *, #5952, .T. ) ;
#2847 = CARTESIAN_POINT ( 'NONE',  ( -9.662512969806918761, -7.460192378863940377, -13.42999999999999972 ) ) ;
#2848 = VECTOR ( 'NONE', #487, 1000.000000000000000 ) ;
#2849 = ORIENTED_EDGE ( 'NONE', *, *, #3287, .F. ) ;
#2850 = CARTESIAN_POINT ( 'NONE',  ( 1.992499609519212900, -1.999218031434878196, -5.276350600140704117 ) ) ;
#2851 = VERTEX_POINT ( 'NONE', #4232 ) ;
#2852 = CARTESIAN_POINT ( 'NONE',  ( -1.000000000000000000, -2.000000000000000000, -2.100000000000049827 ) ) ;
#2853 = VERTEX_POINT ( 'NONE', #6400 ) ;
#2854 = LINE ( 'NONE', #5025, #2009 ) ;
#2855 = VERTEX_POINT ( 'NONE', #6433 ) ;
#2856 = CARTESIAN_POINT ( 'NONE',  ( 0.9999999375261769963, -5.299999999999280398, -5.100353481845609771 ) ) ;
#2857 = DIRECTION ( 'NONE',  ( 0.000000000000000000, 0.000000000000000000, 1.000000000000000000 ) ) ;
#2858 = ORIENTED_EDGE ( 'NONE', *, *, #5918, .F. ) ;
#2859 = ADVANCED_FACE ( 'NONE', ( #1541 ), #4751, .T. ) ;
#2860 = CARTESIAN_POINT ( 'NONE',  ( 4.292893218813451206, 4.092893218813361322, 8.673617379884025611E-16 ) ) ;
#2861 = CARTESIAN_POINT ( 'NONE',  ( 1.000000000000000000, 7.498798913309289408E-33, -2.100000000000049827 ) ) ;
#2862 = CARTESIAN_POINT ( 'NONE',  ( -2.165000000000000036, -2.970259389424275032, -3.494704195690410131 ) ) ;
#2863 = ORIENTED_EDGE ( 'NONE', *, *, #4974, .T. ) ;
#2864 = CARTESIAN_POINT ( 'NONE',  ( 1.250000000000132117, -10.04999999999840021, -7.599999999999869971 ) ) ;
#2865 = CLOSED_SHELL ( 'NONE', ( #198, #3357, #6887, #777, #4235, #2488, #987, #2026, #3587, #1059, #3251, #2859, #4931, #2582 ) ) ;
#2866 = CIRCLE ( 'NONE', #4312, 0.3499999999999996447 ) ;
#2867 = CARTESIAN_POINT ( 'NONE',  ( -3.469446951953609850E-15, -2.699783421336154898, -10.03070813642793979 ) ) ;
#2868 = CARTESIAN_POINT ( 'NONE',  ( 0.000000000000000000, 0.000000000000000000, -13.95000000000000107 ) ) ;
#2869 = DIRECTION ( 'NONE',  ( 0.000000000000000000, 0.000000000000000000, 1.000000000000000000 ) ) ;
#2870 = CARTESIAN_POINT ( 'NONE',  ( 2.009019544785981548, -2.229221046587940513, -5.324986630876236582 ) ) ;
#2871 = ORIENTED_EDGE ( 'NONE', *, *, #6256, .F. ) ;
#2872 = EDGE_CURVE ( 'NONE', #204, #1500, #3137, .T. ) ;
#2873 = ORIENTED_EDGE ( 'NONE', *, *, #6162, .T. ) ;
#2874 = EDGE_CURVE ( 'NONE', #4733, #1068, #1181, .T. ) ;
#2875 = EDGE_CURVE ( 'NONE', #5325, #1392, #6880, .T. ) ;
#2876 = EDGE_LOOP ( 'NONE', ( #3480, #6070, #709, #340 ) ) ;
#2877 = FACE_OUTER_BOUND ( 'NONE', #4602, .T. ) ;
#2878 = LINE ( 'NONE', #676, #429 ) ;
#2879 = CARTESIAN_POINT ( 'NONE',  ( -3.549999999998999733, -5.500000000000000000, -11.90000000000000036 ) ) ;
#2880 = EDGE_CURVE ( 'NONE', #2460, #406, #3415, .T. ) ;
#2881 = AXIS2_PLACEMENT_3D ( 'NONE', #1674, #702, #3916 ) ;
#2882 = DIRECTION ( 'NONE',  ( 1.000000000000000000, 0.000000000000000000, 0.000000000000000000 ) ) ;
#2883 = VERTEX_POINT ( 'NONE', #6364 ) ;
#2884 = AXIS2_PLACEMENT_3D ( 'NONE', #1832, #2320, #4937 ) ;
#2885 = CARTESIAN_POINT ( 'NONE',  ( -2.247557109910109929, -2.199999999999130207, -11.79999999999999893 ) ) ;
#2886 = ADVANCED_FACE ( 'NONE', ( #6930 ), #1575, .T. ) ;
#2887 = ORIENTED_EDGE ( 'NONE', *, *, #321, .T. ) ;
#2888 = CIRCLE ( 'NONE', #3013, 0.5000000000000004441 ) ;
#2889 = AXIS2_PLACEMENT_3D ( 'NONE', #2302, #659, #3868 ) ;
#2890 = CARTESIAN_POINT ( 'NONE',  ( -4.500000000000000000, 3.799999999999910116, -0.5000000000000000000 ) ) ;
#2891 = ORIENTED_EDGE ( 'NONE', *, *, #6187, .F. ) ;
#2892 = CARTESIAN_POINT ( 'NONE',  ( 2.750000000000909495, -4.111624435740910855, -1.748839756839455140 ) ) ;
#2893 = VERTEX_POINT ( 'NONE', #1507 ) ;
#2894 = CARTESIAN_POINT ( 'NONE',  ( 1.479999999999979998, -3.100000000000049827, -13.41999999999999993 ) ) ;
#2895 = ORIENTED_EDGE ( 'NONE', *, *, #4116, .T. ) ;
#2896 = CARTESIAN_POINT ( 'NONE',  ( 2.750000000000909495, -5.299999999999280398, -5.600000000000860290 ) ) ;
#2897 = CARTESIAN_POINT ( 'NONE',  ( -2.649999999999964828, 6.490628035480879233E-16, -9.900000000000000355 ) ) ;
#2898 = VERTEX_POINT ( 'NONE', #4689 ) ;
#2899 = CARTESIAN_POINT ( 'NONE',  ( -9.662512969806918761, -9.542487113058909287, -13.41999999999999993 ) ) ;
#2900 = CARTESIAN_POINT ( 'NONE',  ( -2.749999999999090061, -4.236736472541498877, -1.915269665121507536 ) ) ;
#2901 = CARTESIAN_POINT ( 'NONE',  ( -1.499999999999830136, -6.349999999999999645, -13.44999999999999929 ) ) ;
#2902 = VECTOR ( 'NONE', #6635, 1000.000000000000000 ) ;
#2903 = EDGE_LOOP ( 'NONE', ( #2222, #1825, #3728, #2548 ) ) ;
#2904 = ADVANCED_FACE ( 'NONE', ( #459 ), #3699, .T. ) ;
#2905 = CARTESIAN_POINT ( 'NONE',  ( 0.000000000000000000, -1.100000000000100009, -11.79999999999999893 ) ) ;
#2906 = AXIS2_PLACEMENT_3D ( 'NONE', #6849, #4097, #1441 ) ;
#2907 = CARTESIAN_POINT ( 'NONE',  ( -2.020437222582567749, -3.006651540774170517, -6.348352033308009901 ) ) ;
#2908 = CARTESIAN_POINT ( 'NONE',  ( 0.2597502733034928180, -5.299999999999281286, -6.074623289399705861 ) ) ;
#2909 = CARTESIAN_POINT ( 'NONE',  ( 18.18468237128199760, -8.099999999999448974, -7.799999999999999822 ) ) ;
#2910 = AXIS2_PLACEMENT_3D ( 'NONE', #3187, #5894, #4768 ) ;
#2911 = LINE ( 'NONE', #5041, #778 ) ;
#2912 = ORIENTED_EDGE ( 'NONE', *, *, #6462, .F. ) ;
#2913 = ORIENTED_EDGE ( 'NONE', *, *, #6181, .T. ) ;
#2914 = VECTOR ( 'NONE', #3059, 1000.000000000000000 ) ;
#2915 = VERTEX_POINT ( 'NONE', #2173 ) ;
#2916 = CARTESIAN_POINT ( 'NONE',  ( 0.07573619744604161153, -2.700858037157830349, -10.03512219384048620 ) ) ;
#2917 = CARTESIAN_POINT ( 'NONE',  ( 0.3567013117419060020, 2.632076295261859933, -9.900000000000000355 ) ) ;
#2918 = CARTESIAN_POINT ( 'NONE',  ( -2.010880259306309981, -2.283098795542530368, -5.375228444583569853 ) ) ;
#2919 = CARTESIAN_POINT ( 'NONE',  ( 3.050000000000939959, -5.500000000000000000, -6.100000000000920686 ) ) ;
#2920 = ORIENTED_EDGE ( 'NONE', *, *, #2497, .F. ) ;
#2921 = LINE ( 'NONE', #270, #3151 ) ;
#2922 = ORIENTED_EDGE ( 'NONE', *, *, #5053, .T. ) ;
#2923 = DIRECTION ( 'NONE',  ( -1.000000000000000000, 0.000000000000000000, 0.000000000000000000 ) ) ;
#2924 = PLANE ( 'NONE',  #4685 ) ;
#2925 = VERTEX_POINT ( 'NONE', #2040 ) ;
#2926 = CARTESIAN_POINT ( 'NONE',  ( -1.000000000000000000, 1.224646799147352961E-16, -2.100000000000049827 ) ) ;
#2927 = ORIENTED_EDGE ( 'NONE', *, *, #1863, .T. ) ;
#2928 = PLANE ( 'NONE',  #1219 ) ;
#2929 = ORIENTED_EDGE ( 'NONE', *, *, #6777, .T. ) ;
#2930 = CARTESIAN_POINT ( 'NONE',  ( -0.5007143025079509036, -5.299999999999280398, -4.231711499558488576 ) ) ;
#2931 = EDGE_CURVE ( 'NONE', #467, #5840, #3626, .T. ) ;
#2932 = CARTESIAN_POINT ( 'NONE',  ( 3.200000000000980283, -1.199999999999979972, -5.299999999999999822 ) ) ;
#2933 = VERTEX_POINT ( 'NONE', #1642 ) ;
#2934 = DIRECTION ( 'NONE',  ( 0.000000000000000000, -0.4999999999999711897, 0.8660254037844553610 ) ) ;
#2935 = PRODUCT_DEFINITION_SHAPE ( 'NONE', 'NONE',  #6931 ) ;
#2936 = DIRECTION ( 'NONE',  ( 0.000000000000000000, 0.000000000000000000, -1.000000000000000000 ) ) ;
#2937 = DIRECTION ( 'NONE',  ( 0.000000000000000000, 0.000000000000000000, -1.000000000000000000 ) ) ;
#2938 = VECTOR ( 'NONE', #6420, 1000.000000000000000 ) ;
#2939 = ORIENTED_EDGE ( 'NONE', *, *, #977, .F. ) ;
#2940 = LINE ( 'NONE', #6087, #428 ) ;
#2941 = DIRECTION ( 'NONE',  ( 0.000000000000000000, 0.000000000000000000, -1.000000000000000000 ) ) ;
#2942 = DIRECTION ( 'NONE',  ( 0.000000000000000000, 1.000000000000000000, 0.000000000000000000 ) ) ;
#2943 = CARTESIAN_POINT ( 'NONE',  ( 2.825897374013766061, -1.199999999999979972, -9.674175260893866479 ) ) ;
#2944 = ORIENTED_EDGE ( 'NONE', *, *, #4128, .F. ) ;
#2945 = ORIENTED_EDGE ( 'NONE', *, *, #5601, .T. ) ;
#2946 = CARTESIAN_POINT ( 'NONE',  ( 1.549203392581525174, -2.653996782865274628, -11.22647805903720020 ) ) ;
#2947 = VECTOR ( 'NONE', #2403, 1000.000000000000000 ) ;
#2948 = VERTEX_POINT ( 'NONE', #2136 ) ;
#2949 =( BOUNDED_SURFACE ( )  B_SPLINE_SURFACE ( 3, 3, ( 
 ( #5976, #2792, #1216, #1175 ),
 ( #4401, #3303, #6535, #3338 ),
 ( #3485, #734, #2860, #770 ),
 ( #6833, #4992, #1366, #878 ) ),
 .UNSPECIFIED., .F., .F., .F. ) 
 B_SPLINE_SURFACE_WITH_KNOTS ( ( 4, 4 ),
 ( 4, 4 ),
 ( 0.000000000000000000, 1.000000000000000000 ),
 ( 0.000000000000000000, 1.000000000000000000 ),
 .UNSPECIFIED. ) 
 GEOMETRIC_REPRESENTATION_ITEM ( )  RATIONAL_B_SPLINE_SURFACE ( (
 ( 1.000000000000000000, 0.8047378541243649375, 0.8047378541243649375, 1.000000000000000000),
 ( 0.8047378541243649375, 0.6476030138606879705, 0.6476030138606879705, 0.8047378541243649375),
 ( 0.8047378541243649375, 0.6476030138606879705, 0.6476030138606879705, 0.8047378541243649375),
 ( 1.000000000000000000, 0.8047378541243649375, 0.8047378541243649375, 1.000000000000000000) ) ) 
 REPRESENTATION_ITEM ( '' )  SURFACE ( )  );
#2950 = CARTESIAN_POINT ( 'NONE',  ( 1.207031902994042838, -10.37936702472065775, -7.799999999999998934 ) ) ;
#2951 = EDGE_CURVE ( 'NONE', #1918, #3222, #6893, .T. ) ;
#2952 = CARTESIAN_POINT ( 'NONE',  ( 0.1121076653245810101, -2.706528140139974781, -10.04147890228909823 ) ) ;
#2953 = EDGE_CURVE ( 'NONE', #1750, #2389, #5837, .T. ) ;
#2954 = CARTESIAN_POINT ( 'NONE',  ( 1.249999999999970024, -9.112132034355559185, -8.387867965643970081 ) ) ;
#2955 = ORIENTED_EDGE ( 'NONE', *, *, #4326, .F. ) ;
#2956 = CARTESIAN_POINT ( 'NONE',  ( 2.750000000000899725, -4.208418032298775202, -1.955662937369630150 ) ) ;
#2957 = DIRECTION ( 'NONE',  ( 1.000000000000000000, 0.000000000000000000, 0.000000000000000000 ) ) ;
#2958 = VERTEX_POINT ( 'NONE', #2625 ) ;
#2959 = VERTEX_POINT ( 'NONE', #6300 ) ;
#2960 = DIRECTION ( 'NONE',  ( 0.000000000000000000, -1.000000000000000000, 0.000000000000000000 ) ) ;
#2961 = ORIENTED_EDGE ( 'NONE', *, *, #477, .T. ) ;
#2962 = EDGE_CURVE ( 'NONE', #5651, #3367, #497, .T. ) ;
#2963 = DIRECTION ( 'NONE',  ( -1.000000000000000000, 0.000000000000000000, 0.000000000000000000 ) ) ;
#2964 = LINE ( 'NONE', #4090, #2642 ) ;
#2965 = ADVANCED_FACE ( 'NONE', ( #528 ), #563, .T. ) ;
#2966 = ORIENTED_EDGE ( 'NONE', *, *, #2145, .F. ) ;
#2967 = EDGE_CURVE ( 'NONE', #3981, #1595, #4869, .T. ) ;
#2968 = CARTESIAN_POINT ( 'NONE',  ( -2.749999999999090061, -5.500000000000000000, -5.600000000000860290 ) ) ;
#2969 = EDGE_CURVE ( 'NONE', #406, #122, #5916, .T. ) ;
#2970 = CARTESIAN_POINT ( 'NONE',  ( -2.018537944984204913, -2.068363019588590035, -4.883502816590399753 ) ) ;
#2971 = CARTESIAN_POINT ( 'NONE',  ( -3.150000000434958203, -0.5010738653973366707, -9.692893218813477318 ) ) ;
#2972 = EDGE_CURVE ( 'NONE', #2046, #6680, #6674, .T. ) ;
#2973 = ORIENTED_EDGE ( 'NONE', *, *, #5666, .F. ) ;
#2974 = FACE_OUTER_BOUND ( 'NONE', #857, .T. ) ;
#2975 = EDGE_CURVE ( 'NONE', #3605, #3787, #2727, .T. ) ;
#2976 = LINE ( 'NONE', #1930, #3492 ) ;
#2977 = DIRECTION ( 'NONE',  ( 1.000000000000000000, 0.000000000000000000, 0.000000000000000000 ) ) ;
#2978 = DIRECTION ( 'NONE',  ( 0.000000000000000000, 0.000000000000000000, -1.000000000000000000 ) ) ;
#2979 = ORIENTED_EDGE ( 'NONE', *, *, #1396, .F. ) ;
#2980 = VERTEX_POINT ( 'NONE', #494 ) ;
#2981 = CARTESIAN_POINT ( 'NONE',  ( 1.110223024625159948E-13, -3.350000000000000089, -13.40000000000000036 ) ) ;
#2982 = VECTOR ( 'NONE', #4240, 1000.000000000000114 ) ;
#2983 = CARTESIAN_POINT ( 'NONE',  ( 0.1127482036563476064, -2.704807641662529960, -10.04275958314767969 ) ) ;
#2984 = CYLINDRICAL_SURFACE ( 'NONE', #5422, 2.299999999999999822 ) ;
#2985 = ORIENTED_EDGE ( 'NONE', *, *, #6491, .T. ) ;
#2986 = EDGE_CURVE ( 'NONE', #1362, #4369, #416, .T. ) ;
#2987 = CARTESIAN_POINT ( 'NONE',  ( 0.000000000000000000, -5.150000000000099831, -11.79999999999999893 ) ) ;
#2988 = FACE_BOUND ( 'NONE', #3593, .T. ) ;
#2989 = AXIS2_PLACEMENT_3D ( 'NONE', #93, #2159, #4287 ) ;
#2990 = CARTESIAN_POINT ( 'NONE',  ( 3.900000000000130029, -6.049999999999999822, -14.40000000000000036 ) ) ;
#2991 = ORIENTED_EDGE ( 'NONE', *, *, #1451, .T. ) ;
#2992 = VERTEX_POINT ( 'NONE', #2400 ) ;
#2993 = CARTESIAN_POINT ( 'NONE',  ( -3.599999999999940137, -6.349999999999999645, -11.79999999999999893 ) ) ;
#2994 = ORIENTED_EDGE ( 'NONE', *, *, #4350, .T. ) ;
#2995 = FACE_OUTER_BOUND ( 'NONE', #1789, .T. ) ;
#2996 = EDGE_CURVE ( 'NONE', #145, #5651, #6663, .T. ) ;
#2997 = CARTESIAN_POINT ( 'NONE',  ( 2.620106179923636702, -1.340023918914905243, -9.900000000000018119 ) ) ;
#2998 = VERTEX_POINT ( 'NONE', #2432 ) ;
#2999 = VECTOR ( 'NONE', #3409, 1000.000000000000000 ) ;
#3000 = DIRECTION ( 'NONE',  ( 1.000000000000000000, 0.000000000000000000, 0.000000000000000000 ) ) ;
#3001 = DIRECTION ( 'NONE',  ( 0.000000000000000000, 0.000000000000000000, -1.000000000000000000 ) ) ;
#3002 = CARTESIAN_POINT ( 'NONE',  ( 1.500000000000060174, -6.349999999999999645, -11.79999999999999893 ) ) ;
#3003 = ADVANCED_FACE ( 'NONE', ( #2988, #5653 ), #4569, .T. ) ;
#3004 = ADVANCED_FACE ( 'NONE', ( #2098 ), #5688, .F. ) ;
#3005 = VECTOR ( 'NONE', #5526, 1000.000000000000000 ) ;
#3006 = ORIENTED_EDGE ( 'NONE', *, *, #2696, .T. ) ;
#3007 = CARTESIAN_POINT ( 'NONE',  ( -1.899999999998069899, -5.299999999999280398, -7.400000000000000355 ) ) ;
#3008 = CARTESIAN_POINT ( 'NONE',  ( 1.900000000000900080, -5.500000000000000000, -7.400000000000000355 ) ) ;
#3009 = CARTESIAN_POINT ( 'NONE',  ( -3.599999999999940137, -6.049999999999999822, -14.40000000000000036 ) ) ;
#3010 = CARTESIAN_POINT ( 'NONE',  ( 4.000000000000000000, -6.000000000000000000, -0.5000000000000000000 ) ) ;
#3011 = VERTEX_POINT ( 'NONE', #3659 ) ;
#3012 = ORIENTED_EDGE ( 'NONE', *, *, #6821, .T. ) ;
#3013 = AXIS2_PLACEMENT_3D ( 'NONE', #1633, #3726, #3761 ) ;
#3014 = EDGE_CURVE ( 'NONE', #5997, #1729, #3080, .T. ) ;
#3015 = AXIS2_PLACEMENT_3D ( 'NONE', #3039, #2491, #2550 ) ;
#3016 = CARTESIAN_POINT ( 'NONE',  ( -4.000000000000000000, 3.799999999999910116, -11.79999999999999893 ) ) ;
#3017 = AXIS2_PLACEMENT_3D ( 'NONE', #6919, #2125, #1145 ) ;
#3018 =( LENGTH_UNIT ( ) NAMED_UNIT ( * ) SI_UNIT ( .MILLI., .METRE. ) );
#3019 = CARTESIAN_POINT ( 'NONE',  ( 3.725592231765940010, 3.558925565098959964, -2.700000000000000178 ) ) ;
#3020 = ORIENTED_EDGE ( 'NONE', *, *, #6688, .T. ) ;
#3021 = AXIS2_PLACEMENT_3D ( 'NONE', #1136, #3122, #3261 ) ;
#3022 = DIRECTION ( 'NONE',  ( 0.000000000000000000, 0.000000000000000000, -1.000000000000000000 ) ) ;
#3023 = CARTESIAN_POINT ( 'NONE',  ( 1.249999999999970024, -5.299999999999390532, -7.399999999999110400 ) ) ;
#3024 = DIRECTION ( 'NONE',  ( 0.000000000000000000, 0.8660254037844611341, -0.4999999999999610312 ) ) ;
#3025 = ORIENTED_EDGE ( 'NONE', *, *, #1638, .T. ) ;
#3026 = ORIENTED_EDGE ( 'NONE', *, *, #1927, .F. ) ;
#3027 = CARTESIAN_POINT ( 'NONE',  ( -1.199999999999929789, -3.100000000000049827, -13.78000000000000114 ) ) ;
#3028 = ORIENTED_EDGE ( 'NONE', *, *, #955, .F. ) ;
#3029 = CARTESIAN_POINT ( 'NONE',  ( -4.500000000000000000, -6.000000000000000000, -0.5000000000000000000 ) ) ;
#3030 = CYLINDRICAL_SURFACE ( 'NONE', #1431, 0.2999999999999999334 ) ;
#3031 = ORIENTED_EDGE ( 'NONE', *, *, #3248, .T. ) ;
#3032 = LINE ( 'NONE', #1923, #1791 ) ;
#3033 = EDGE_CURVE ( 'NONE', #6111, #379, #10, .T. ) ;
#3034 = CARTESIAN_POINT ( 'NONE',  ( -2.942893218813430245, 2.554578096920669516E-09, -9.900000000000018119 ) ) ;
#3035 = B_SPLINE_CURVE_WITH_KNOTS ( 'NONE', 3,
 ( #5106, #779, #2907, #5038, #6647, #1857 ),
 .UNSPECIFIED., .F., .F.,
 ( 4, 2, 4 ),
 ( 0.000000000000000000, 0.5000000000000000000, 1.000000000000000000 ),
 .UNSPECIFIED. ) ;
#3036 = CARTESIAN_POINT ( 'NONE',  ( -4.000000000000000000, 4.299999999999919886, -1.000000000000000000 ) ) ;
#3037 = VECTOR ( 'NONE', #4819, 1000.000000000000000 ) ;
#3038 = FACE_OUTER_BOUND ( 'NONE', #2413, .T. ) ;
#3039 = CARTESIAN_POINT ( 'NONE',  ( -3.649999999999999911, -5.150000000000099831, -11.79999999999999893 ) ) ;
#3040 = CARTESIAN_POINT ( 'NONE',  ( -1.899999999998069899, -5.500000000000000000, -7.400000000000000355 ) ) ;
#3041 = ORIENTED_EDGE ( 'NONE', *, *, #3072, .T. ) ;
#3042 = ORIENTED_EDGE ( 'NONE', *, *, #1655, .F. ) ;
#3043 = VECTOR ( 'NONE', #5181, 1000.000000000000000 ) ;
#3044 = EDGE_CURVE ( 'NONE', #5306, #159, #2866, .T. ) ;
#3045 = LINE ( 'NONE', #4594, #4943 ) ;
#3046 = DIRECTION ( 'NONE',  ( 0.000000000000000000, 0.000000000000000000, -1.000000000000000000 ) ) ;
#3047 = DIRECTION ( 'NONE',  ( 0.000000000000000000, 0.000000000000000000, 1.000000000000000000 ) ) ;
#3048 = EDGE_CURVE ( 'NONE', #1918, #6546, #343, .T. ) ;
#3049 = ORIENTED_EDGE ( 'NONE', *, *, #4071, .T. ) ;
#3050 = VECTOR ( 'NONE', #6480, 1000.000000000000000 ) ;
#3051 = DIRECTION ( 'NONE',  ( 0.000000000000000000, 0.000000000000000000, -1.000000000000000000 ) ) ;
#3052 = ORIENTED_EDGE ( 'NONE', *, *, #607, .F. ) ;
#3053 = DIRECTION ( 'NONE',  ( 0.000000000000000000, 0.000000000000000000, 1.000000000000000000 ) ) ;
#3054 = CARTESIAN_POINT ( 'NONE',  ( -4.339999999999999858, -2.559999999999050146, -9.799999999999998934 ) ) ;
#3055 = ORIENTED_EDGE ( 'NONE', *, *, #6065, .F. ) ;
#3056 = FACE_OUTER_BOUND ( 'NONE', #5798, .T. ) ;
#3057 = DIRECTION ( 'NONE',  ( 1.000000000000000000, 0.000000000000000000, 0.000000000000000000 ) ) ;
#3058 = ORIENTED_EDGE ( 'NONE', *, *, #789, .T. ) ;
#3059 = DIRECTION ( 'NONE',  ( -1.000000000000000000, 0.000000000000000000, 0.000000000000000000 ) ) ;
#3060 = CARTESIAN_POINT ( 'NONE',  ( 3.900000000000130029, -3.350000000000000089, -14.40000000000000036 ) ) ;
#3061 = CARTESIAN_POINT ( 'NONE',  ( 2.009600286187939844, -3.063158890845685267, -6.648336370488469704 ) ) ;
#3062 = EDGE_CURVE ( 'NONE', #890, #2980, #6783, .T. ) ;
#3063 = ORIENTED_EDGE ( 'NONE', *, *, #1036, .T. ) ;
#3064 = VECTOR ( 'NONE', #3256, 1000.000000000000000 ) ;
#3065 = CARTESIAN_POINT ( 'NONE',  ( -2.989999999999950031, -2.559999999999050146, -9.799999999999998934 ) ) ;
#3066 = CARTESIAN_POINT ( 'NONE',  ( -1.000000000000000000, 1.224646799147351975E-16, -2.100000000000049827 ) ) ;
#3067 = CARTESIAN_POINT ( 'NONE',  ( 1.549999999999829958, -6.500000000000000000, -7.349999999999999645 ) ) ;
#3068 = ORIENTED_EDGE ( 'NONE', *, *, #3630, .F. ) ;
#3069 = ORIENTED_EDGE ( 'NONE', *, *, #146, .T. ) ;
#3070 = DIRECTION ( 'NONE',  ( -1.000000000000000000, 0.000000000000000000, 0.000000000000000000 ) ) ;
#3071 = CARTESIAN_POINT ( 'NONE',  ( 0.5391059996269151888, -11.17801626207179133, -7.800000000000000711 ) ) ;
#3072 = EDGE_CURVE ( 'NONE', #3930, #240, #2474, .T. ) ;
#3073 = LINE ( 'NONE', #6269, #4772 ) ;
#3074 = CARTESIAN_POINT ( 'NONE',  ( -2.989999999999950031, -2.559999999999050146, -9.799999999999998934 ) ) ;
#3075 = EDGE_CURVE ( 'NONE', #1288, #5828, #6740, .T. ) ;
#3076 = ORIENTED_EDGE ( 'NONE', *, *, #6373, .T. ) ;
#3077 = AXIS2_PLACEMENT_3D ( 'NONE', #3966, #4899, #3851 ) ;
#3078 = EDGE_CURVE ( 'NONE', #4637, #6773, #5159, .T. ) ;
#3079 = DIRECTION ( 'NONE',  ( -1.000000000000000000, 0.000000000000000000, 0.000000000000000000 ) ) ;
#3080 = CIRCLE ( 'NONE', #2532, 1.050000000000000044 ) ;
#3081 = CARTESIAN_POINT ( 'NONE',  ( -1.550000000000830047, -3.350000000000000089, -13.44999999999999929 ) ) ;
#3082 = ORIENTED_EDGE ( 'NONE', *, *, #3542, .F. ) ;
#3083 = ORIENTED_EDGE ( 'NONE', *, *, #6107, .T. ) ;
#3084 = CARTESIAN_POINT ( 'NONE',  ( -1.250000000000089928, -8.951643557495337689, -8.265513730028651196 ) ) ;
#3085 = VERTEX_POINT ( 'NONE', #374 ) ;
#3086 = EDGE_CURVE ( 'NONE', #2034, #5301, #4764, .T. ) ;
#3087 = DIRECTION ( 'NONE',  ( 0.000000000000000000, 1.000000000000000000, 0.000000000000000000 ) ) ;
#3088 = ORIENTED_EDGE ( 'NONE', *, *, #5235, .T. ) ;
#3089 = VECTOR ( 'NONE', #249, 1000.000000000000000 ) ;
#3090 = CARTESIAN_POINT ( 'NONE',  ( -1.997456938451695141, -1.984569556552382208, -5.157048346059727173 ) ) ;
#3091 = CARTESIAN_POINT ( 'NONE',  ( 3.900000000000130029, -6.349999999999999645, -11.79999999999999893 ) ) ;
#3092 = CIRCLE ( 'NONE', #5326, 2.299999999999999822 ) ;
#3093 = FACE_OUTER_BOUND ( 'NONE', #5779, .T. ) ;
#3094 = CIRCLE ( 'NONE', #330, 1.574999999999999956 ) ;
#3095 = VERTEX_POINT ( 'NONE', #6243 ) ;
#3096 = CARTESIAN_POINT ( 'NONE',  ( 1.249999999999970024, -8.829289321880070318, -8.246446609406261175 ) ) ;
#3097 = CARTESIAN_POINT ( 'NONE',  ( 3.550000000000880007, -5.299999999999280398, -11.90000000000000036 ) ) ;
#3098 = CARTESIAN_POINT ( 'NONE',  ( 4.000000000000000000, 4.299999999999919886, -11.79999999999999893 ) ) ;
#3099 = AXIS2_PLACEMENT_3D ( 'NONE', #2156, #6453, #5330 ) ;
#3100 = ORIENTED_EDGE ( 'NONE', *, *, #1970, .T. ) ;
#3101 = EDGE_CURVE ( 'NONE', #2925, #5133, #1945, .T. ) ;
#3102 = VERTEX_POINT ( 'NONE', #5438 ) ;
#3103 = CARTESIAN_POINT ( 'NONE',  ( 0.07915068208529918437, -11.30006484875163686, -7.599999999999870859 ) ) ;
#3104 = AXIS2_PLACEMENT_3D ( 'NONE', #1724, #3148, #118 ) ;
#3105 = FACE_OUTER_BOUND ( 'NONE', #2839, .T. ) ;
#3106 = DIRECTION ( 'NONE',  ( -1.000000000000000000, 0.000000000000000000, 0.000000000000000000 ) ) ;
#3107 = CARTESIAN_POINT ( 'NONE',  ( 4.499999999999949374, 2.400000000000960032, -1.000000000000000000 ) ) ;
#3108 = EDGE_CURVE ( 'NONE', #3102, #347, #1592, .T. ) ;
#3109 = VERTEX_POINT ( 'NONE', #4874 ) ;
#3110 = LINE ( 'NONE', #2042, #4222 ) ;
#3111 = EDGE_CURVE ( 'NONE', #1068, #5073, #3299, .T. ) ;
#3112 = LINE ( 'NONE', #3253, #2210 ) ;
#3113 = CARTESIAN_POINT ( 'NONE',  ( 3.650000000000929834, -5.150000000000099831, -5.299999999999999822 ) ) ;
#3114 = ORIENTED_EDGE ( 'NONE', *, *, #4926, .F. ) ;
#3115 = AXIS2_PLACEMENT_3D ( 'NONE', #2224, #4313, #5399 ) ;
#3116 = CARTESIAN_POINT ( 'NONE',  ( 2.164999999999929869, -2.970259389424275032, -3.494704195690410131 ) ) ;
#3117 = DIRECTION ( 'NONE',  ( 0.000000000000000000, 0.5299192642332030134, 0.8480480961564271780 ) ) ;
#3118 = ORIENTED_EDGE ( 'NONE', *, *, #2525, .T. ) ;
#3119 = CIRCLE ( 'NONE', #798, 0.5000000000000004441 ) ;
#3120 = CARTESIAN_POINT ( 'NONE',  ( 1.249999999999970024, -5.500000000000449418, -7.400000000000000355 ) ) ;
#3121 = EDGE_LOOP ( 'NONE', ( #1282, #3350, #5079, #1248 ) ) ;
#3122 = DIRECTION ( 'NONE',  ( -1.000000000000000000, 0.000000000000000000, 0.000000000000000000 ) ) ;
#3123 = LINE ( 'NONE', #4872, #326 ) ;
#3124 = EDGE_CURVE ( 'NONE', #1025, #1055, #1140, .T. ) ;
#3125 = CARTESIAN_POINT ( 'NONE',  ( 3.200000000000980283, -1.100000000000100009, -11.79999999999999893 ) ) ;
#3126 = ORIENTED_EDGE ( 'NONE', *, *, #3945, .F. ) ;
#3127 = CARTESIAN_POINT ( 'NONE',  ( -3.232442890089790577, -2.199999999999100453, -2.779157999888000052 ) ) ;
#3128 = DIRECTION ( 'NONE',  ( 1.000000000000000000, 0.000000000000000000, 0.000000000000000000 ) ) ;
#3129 = DIRECTION ( 'NONE',  ( -0.000000000000000000, 1.000000000000000000, 0.000000000000000000 ) ) ;
#3130 = VERTEX_POINT ( 'NONE', #2712 ) ;
#3131 = ORIENTED_EDGE ( 'NONE', *, *, #4301, .F. ) ;
#3132 = CARTESIAN_POINT ( 'NONE',  ( -1.176405706191910872, -10.47300727159709410, -7.599999999999870859 ) ) ;
#3133 = CARTESIAN_POINT ( 'NONE',  ( -1.099985083677709419, -10.64672103068345166, -7.799999999999999822 ) ) ;
#3134 = CARTESIAN_POINT ( 'NONE',  ( -2.749999999999090505, -4.796099695468571511, -1.705146758122769723 ) ) ;
#3135 = CARTESIAN_POINT ( 'NONE',  ( -0.3876758769494523249, -2.676982399661220313, -10.32256025127665389 ) ) ;
#3136 = CARTESIAN_POINT ( 'NONE',  ( -1.424296946357019200, -2.586209663422220917, -11.18620514636239172 ) ) ;
#3137 = LINE ( 'NONE', #6858, #1865 ) ;
#3138 = VECTOR ( 'NONE', #934, 1000.000000000000000 ) ;
#3139 = VERTEX_POINT ( 'NONE', #92 ) ;
#3140 = EDGE_CURVE ( 'NONE', #1866, #2430, #620, .T. ) ;
#3141 = EDGE_CURVE ( 'NONE', #6538, #5975, #167, .T. ) ;
#3142 = CARTESIAN_POINT ( 'NONE',  ( -2.616278500006704810, -0.4251881505321205013, -9.900000000000000355 ) ) ;
#3143 = CARTESIAN_POINT ( 'NONE',  ( 2.649955279348979786, 0.1753393383288159857, -9.900000000000000355 ) ) ;
#3144 = AXIS2_PLACEMENT_3D ( 'NONE', #3016, #4003, #3568 ) ;
#3145 = DIRECTION ( 'NONE',  ( 0.000000000000000000, 0.000000000000000000, -1.000000000000000000 ) ) ;
#3146 = EDGE_LOOP ( 'NONE', ( #5895, #6095, #4086, #3863, #3854, #5231, #5197, #2270, #5446, #5284, #6552, #5691, #6249, #3798, #3824, #3160, #5623 ) ) ;
#3147 = LINE ( 'NONE', #5718, #3744 ) ;
#3148 = DIRECTION ( 'NONE',  ( 1.000000000000000000, 0.000000000000000000, 0.000000000000000000 ) ) ;
#3149 = EDGE_LOOP ( 'NONE', ( #5892, #3220, #6488, #6633, #4713 ) ) ;
#3150 = DIRECTION ( 'NONE',  ( 0.000000000000000000, 0.000000000000000000, 1.000000000000000000 ) ) ;
#3151 = VECTOR ( 'NONE', #2398, 1000.000000000000000 ) ;
#3152 = COLOUR_RGB ( '',0.01960784313725490169, 0.01960784313725490169, 0.01960784313725490169 ) ;
#3153 = ORIENTED_EDGE ( 'NONE', *, *, #6595, .F. ) ;
#3154 = DIRECTION ( 'NONE',  ( -1.000000000000000000, 0.000000000000000000, 0.000000000000000000 ) ) ;
#3155 = CARTESIAN_POINT ( 'NONE',  ( -3.049999999999060130, -5.500000000000000000, -5.600000000000919798 ) ) ;
#3156 = ADVANCED_FACE ( 'NONE', ( #3230 ), #6384, .F. ) ;
#3157 = EDGE_CURVE ( 'NONE', #1959, #3878, #4840, .T. ) ;
#3158 = CARTESIAN_POINT ( 'NONE',  ( 1.110223024625159948E-13, -5.551115123125779547E-14, -13.40000000000000036 ) ) ;
#3159 = ADVANCED_FACE ( 'NONE', ( #55 ), #691, .T. ) ;
#3160 = ORIENTED_EDGE ( 'NONE', *, *, #2605, .T. ) ;
#3161 = EDGE_CURVE ( 'NONE', #50, #5022, #2189, .T. ) ;
#3162 = DIRECTION ( 'NONE',  ( 0.000000000000000000, 0.000000000000000000, -1.000000000000000000 ) ) ;
#3163 = CARTESIAN_POINT ( 'NONE',  ( -3.200000000000000178, -5.500000000000000000, -1.000000000000000000 ) ) ;
#3164 = CARTESIAN_POINT ( 'NONE',  ( 2.299999999999859934, -1.199999999999979972, -9.900000000000000355 ) ) ;
#3165 = VERTEX_POINT ( 'NONE', #5860 ) ;
#3166 = UNCERTAINTY_MEASURE_WITH_UNIT (LENGTH_MEASURE( 1.000000000000000082E-05 ), #5045, 'distance_accuracy_value', 'NONE');
#3167 = EDGE_LOOP ( 'NONE', ( #5627, #1969, #1204, #6713 ) ) ;
#3168 = CARTESIAN_POINT ( 'NONE',  ( -4.339999999999999858, -2.199999999999130207, -11.79999999999999893 ) ) ;
#3169 = EDGE_CURVE ( 'NONE', #4521, #2238, #4914, .T. ) ;
#3170 = CARTESIAN_POINT ( 'NONE',  ( 3.149999999999999911, 3.857637417314159731E-16, -9.400000000000000355 ) ) ;
#3171 = FACE_OUTER_BOUND ( 'NONE', #260, .T. ) ;
#3172 = LINE ( 'NONE', #561, #5908 ) ;
#3173 = CARTESIAN_POINT ( 'NONE',  ( -1.756226451904899788, -2.639876031345446350, -10.67560376300590441 ) ) ;
#3174 = DIRECTION ( 'NONE',  ( 0.000000000000000000, 1.000000000000000000, 0.000000000000000000 ) ) ;
#3175 = ORIENTED_EDGE ( 'NONE', *, *, #4974, .F. ) ;
#3176 = DIRECTION ( 'NONE',  ( 1.000000000000000000, 0.000000000000000000, 0.000000000000000000 ) ) ;
#3177 = CARTESIAN_POINT ( 'NONE',  ( -2.524934841833424759, -0.8297446384836090205, -9.900000000000000355 ) ) ;
#3178 = CARTESIAN_POINT ( 'NONE',  ( -1.250000000000089928, -9.112132034355559185, -8.387867965643970081 ) ) ;
#3179 = DIRECTION ( 'NONE',  ( 0.000000000000000000, 0.000000000000000000, -1.000000000000000000 ) ) ;
#3180 = ORIENTED_EDGE ( 'NONE', *, *, #5994, .T. ) ;
#3181 = LINE ( 'NONE', #117, #52 ) ;
#3182 = CARTESIAN_POINT ( 'NONE',  ( -1.479999999999979998, -9.542487113058909287, -13.41999999999999993 ) ) ;
#3183 = ORIENTED_EDGE ( 'NONE', *, *, #1590, .F. ) ;
#3184 = DIRECTION ( 'NONE',  ( 0.000000000000000000, 1.000000000000000000, 0.000000000000000000 ) ) ;
#3185 = ORIENTED_EDGE ( 'NONE', *, *, #4268, .F. ) ;
#3186 = CIRCLE ( 'NONE', #192, 3.149999999999999911 ) ;
#3187 = CARTESIAN_POINT ( 'NONE',  ( 0.000000000000000000, 1.249999999999970024, -9.150000000000000355 ) ) ;
#3188 = DIRECTION ( 'NONE',  ( 1.000000000000000000, 0.000000000000000000, 0.000000000000000000 ) ) ;
#3189 = EDGE_CURVE ( 'NONE', #5255, #1409, #472, .T. ) ;
#3190 = DIRECTION ( 'NONE',  ( 1.000000000000000000, 0.000000000000000000, 0.000000000000000000 ) ) ;
#3191 = DIRECTION ( 'NONE',  ( 0.000000000000000000, 1.000000000000000000, 0.000000000000000000 ) ) ;
#3192 = CARTESIAN_POINT ( 'NONE',  ( 1.479999999999979998, -9.539807621135009796, -13.78000000000000114 ) ) ;
#3193 = CIRCLE ( 'NONE', #6119, 1.050000000000000044 ) ;
#3195 = ORIENTED_EDGE ( 'NONE', *, *, #1012, .T. ) ;
#3194 =( BOUNDED_SURFACE ( )  B_SPLINE_SURFACE ( 3, 3, ( 
 ( #123, #2401, #3362, #1803 ),
 ( #201, #3935, #5432, #3825 ),
 ( #722, #3399, #5541, #759 ),
 ( #2890, #6630, #3972, #6105 ) ),
 .UNSPECIFIED., .F., .F., .F. ) 
 B_SPLINE_SURFACE_WITH_KNOTS ( ( 4, 4 ),
 ( 4, 4 ),
 ( 0.000000000000000000, 1.000000000000000000 ),
 ( 0.000000000000000000, 1.000000000000000000 ),
 .UNSPECIFIED. ) 
 GEOMETRIC_REPRESENTATION_ITEM ( )  RATIONAL_B_SPLINE_SURFACE ( (
 ( 1.000000000000000000, 0.8047378541243649375, 0.8047378541243649375, 1.000000000000000000),
 ( 0.8047378541243649375, 0.6476030138606879705, 0.6476030138606879705, 0.8047378541243649375),
 ( 0.8047378541243649375, 0.6476030138606879705, 0.6476030138606879705, 0.8047378541243649375),
 ( 1.000000000000000000, 0.8047378541243649375, 0.8047378541243649375, 1.000000000000000000) ) ) 
 REPRESENTATION_ITEM ( '' )  SURFACE ( )  );
#3196 = CARTESIAN_POINT ( 'NONE',  ( 1.074996727452463441, -5.210855274965744854, -5.484640381139167964 ) ) ;
#3197 = LINE ( 'NONE', #1566, #3666 ) ;
#3198 = CARTESIAN_POINT ( 'NONE',  ( -1.479999999999999982, -9.539807621135009796, -13.78000000000000114 ) ) ;
#3199 = EDGE_CURVE ( 'NONE', #72, #5124, #1697, .T. ) ;
#3200 = VECTOR ( 'NONE', #4095, 1000.000000000000000 ) ;
#3201 = B_SPLINE_CURVE_WITH_KNOTS ( 'NONE', 3,
 ( #3464, #2526, #827, #6762, #1973, #6238, #5613, #4654, #2006 ),
 .UNSPECIFIED., .F., .F.,
 ( 4, 2, 2, 1, 4 ),
 ( 0.000000000000000000, 0.05842545144886519826, 0.07303181431108149435, 0.08763817717329780432, 0.1168509028977303965 ),
 .UNSPECIFIED. ) ;
#3202 = ORIENTED_EDGE ( 'NONE', *, *, #5479, .F. ) ;
#3203 = CARTESIAN_POINT ( 'NONE',  ( -0.8231642255656009821, -10.99470256385101408, -7.599999999999872635 ) ) ;
#3204 = CIRCLE ( 'NONE', #2653, 0.5000000000000000000 ) ;
#3205 = B_SPLINE_CURVE_WITH_KNOTS ( 'NONE', 3,
 ( #3689, #4290, #2194, #1669 ),
 .UNSPECIFIED., .F., .F.,
 ( 4, 4 ),
 ( 0.000000000000000000, 1.000000000000000000 ),
 .UNSPECIFIED. ) ;
#3206 = PLANE ( 'NONE',  #3706 ) ;
#3207 = CARTESIAN_POINT ( 'NONE',  ( -1.250000000000089928, -9.699999999999359801, -7.599999999999999645 ) ) ;
#3208 = CARTESIAN_POINT ( 'NONE',  ( 4.000000000000000000, -1.100000000000100009, -0.5000000000000000000 ) ) ;
#3209 = CARTESIAN_POINT ( 'NONE',  ( -1.640226505673450408, -2.608538190526610734, -10.97376340176501230 ) ) ;
#3210 = DIRECTION ( 'NONE',  ( -1.000000000000000000, 1.606225440719266712E-15, 0.000000000000000000 ) ) ;
#3211 = EDGE_CURVE ( 'NONE', #503, #376, #2788, .T. ) ;
#3212 = DIRECTION ( 'NONE',  ( 0.000000000000000000, 1.000000000000000000, 0.000000000000000000 ) ) ;
#3213 = AXIS2_PLACEMENT_3D ( 'NONE', #2261, #6383, #1625 ) ;
#3214 = LINE ( 'NONE', #2679, #6344 ) ;
#3215 = CARTESIAN_POINT ( 'NONE',  ( -1.250000000000089928, -8.099999999999448974, -7.599999999999999645 ) ) ;
#3216 = CARTESIAN_POINT ( 'NONE',  ( -1.550000000000830047, -6.349999999999999645, -14.40000000000000036 ) ) ;
#3217 = ORIENTED_EDGE ( 'NONE', *, *, #2605, .F. ) ;
#3218 = FACE_OUTER_BOUND ( 'NONE', #4745, .T. ) ;
#3219 = FACE_OUTER_BOUND ( 'NONE', #1049, .T. ) ;
#3220 = ORIENTED_EDGE ( 'NONE', *, *, #564, .T. ) ;
#3221 = DIRECTION ( 'NONE',  ( 0.000000000000000000, 0.000000000000000000, 1.000000000000000000 ) ) ;
#3222 = VERTEX_POINT ( 'NONE', #6530 ) ;
#3223 = AXIS2_PLACEMENT_3D ( 'NONE', #3009, #5706, #3128 ) ;
#3224 = VECTOR ( 'NONE', #5622, 1000.000000000000000 ) ;
#3225 = CARTESIAN_POINT ( 'NONE',  ( 3.550000000000910205, -5.500000000000000000, -6.100000000000920686 ) ) ;
#3226 = VERTEX_POINT ( 'NONE', #3864 ) ;
#3227 = LINE ( 'NONE', #3155, #5219 ) ;
#3228 = AXIS2_PLACEMENT_3D ( 'NONE', #1492, #2053, #4152 ) ;
#3229 = PLANE ( 'NONE',  #6910 ) ;
#3230 = FACE_OUTER_BOUND ( 'NONE', #610, .T. ) ;
#3231 = CARTESIAN_POINT ( 'NONE',  ( 0.000000000000000000, 1.249999999999970024, -10.14999999999999858 ) ) ;
#3232 = ORIENTED_EDGE ( 'NONE', *, *, #6607, .T. ) ;
#3233 = EDGE_CURVE ( 'NONE', #841, #6749, #549, .T. ) ;
#3234 = EDGE_CURVE ( 'NONE', #600, #5677, #1627, .T. ) ;
#3235 = CARTESIAN_POINT ( 'NONE',  ( -0.8393450718713368897, -5.562833629838790372, -4.088229105052650247 ) ) ;
#3236 = CARTESIAN_POINT ( 'NONE',  ( -2.749999999999099831, -4.208418032298745892, -1.955662937369615051 ) ) ;
#3237 = LINE ( 'NONE', #5905, #6703 ) ;
#3238 = VERTEX_POINT ( 'NONE', #4506 ) ;
#3239 = CARTESIAN_POINT ( 'NONE',  ( 0.6200277383352481575, -11.14906689846963950, -7.599999999999870859 ) ) ;
#3240 = LINE ( 'NONE', #4849, #5505 ) ;
#3241 = CARTESIAN_POINT ( 'NONE',  ( 1.075528555105619894E-13, -5.551115123125779547E-14, -13.78000000000000114 ) ) ;
#3242 = CARTESIAN_POINT ( 'NONE',  ( -0.2120232063766546160, -2.630755455952201061, -10.76238024132953974 ) ) ;
#3243 = CARTESIAN_POINT ( 'NONE',  ( 1.479999999999979998, -8.499999999999870326, -13.23381197846490132 ) ) ;
#3244 = CARTESIAN_POINT ( 'NONE',  ( -4.000000000000000000, 3.799999999999910116, -3.500000000000000000 ) ) ;
#3245 = EDGE_CURVE ( 'NONE', #1157, #710, #1810, .T. ) ;
#3246 = ORIENTED_EDGE ( 'NONE', *, *, #2364, .F. ) ;
#3247 = DIRECTION ( 'NONE',  ( 0.000000000000000000, 0.5446390350179317608, -0.8386705679435376704 ) ) ;
#3248 = EDGE_CURVE ( 'NONE', #2933, #4218, #6840, .T. ) ;
#3249 = ORIENTED_EDGE ( 'NONE', *, *, #1301, .F. ) ;
#3250 = DIRECTION ( 'NONE',  ( 0.000000000000000000, 1.000000000000000000, 0.000000000000000000 ) ) ;
#3251 = ADVANCED_FACE ( 'NONE', ( #2995 ), #6041, .T. ) ;
#3252 = AXIS2_PLACEMENT_3D ( 'NONE', #1919, #4054, #6188 ) ;
#3253 = CARTESIAN_POINT ( 'NONE',  ( 18.18468237128199760, -9.558578643761771687, -7.658578643762470328 ) ) ;
#3254 = CARTESIAN_POINT ( 'NONE',  ( -1.899999999998069899, -5.500000000000000000, -7.400000000000000355 ) ) ;
#3255 = ORIENTED_EDGE ( 'NONE', *, *, #3623, .F. ) ;
#3256 = DIRECTION ( 'NONE',  ( 0.000000000000000000, 0.000000000000000000, 1.000000000000000000 ) ) ;
#3257 = FACE_OUTER_BOUND ( 'NONE', #2381, .T. ) ;
#3258 = ORIENTED_EDGE ( 'NONE', *, *, #4077, .F. ) ;
#3259 = DIRECTION ( 'NONE',  ( -1.000000000000000000, 0.000000000000000000, 0.000000000000000000 ) ) ;
#3260 = ORIENTED_EDGE ( 'NONE', *, *, #1396, .T. ) ;
#3261 = DIRECTION ( 'NONE',  ( 0.000000000000000000, 0.000000000000000000, 1.000000000000000000 ) ) ;
#3262 = ORIENTED_EDGE ( 'NONE', *, *, #5006, .F. ) ;
#3263 = LINE ( 'NONE', #3684, #1537 ) ;
#3264 = DIRECTION ( 'NONE',  ( 0.000000000000000000, 0.000000000000000000, -1.000000000000000000 ) ) ;
#3265 = CARTESIAN_POINT ( 'NONE',  ( -2.749999999999090505, -5.002712736022198570, -1.775061228984980977 ) ) ;
#3266 = VECTOR ( 'NONE', #5793, 1000.000000000000000 ) ;
#3267 = CARTESIAN_POINT ( 'NONE',  ( 3.150000000000001243, 6.300000000000002487, -9.692893218813480871 ) ) ;
#3268 = VERTEX_POINT ( 'NONE', #3978 ) ;
#3269 = CARTESIAN_POINT ( 'NONE',  ( -1.075684124793604646, -5.209784898896203664, -4.721805525395513570 ) ) ;
#3270 = CARTESIAN_POINT ( 'NONE',  ( 1.110223024625159948E-13, -5.551115123125779547E-14, -11.79999999999999893 ) ) ;
#3271 = DIRECTION ( 'NONE',  ( 0.000000000000000000, 0.000000000000000000, -1.000000000000000000 ) ) ;
#3272 = VERTEX_POINT ( 'NONE', #5660 ) ;
#3273 = EDGE_CURVE ( 'NONE', #800, #3268, #1249, .T. ) ;
#3274 = CARTESIAN_POINT ( 'NONE',  ( 0.000000000000000000, 0.000000000000000000, -13.78000000000000114 ) ) ;
#3275 = CARTESIAN_POINT ( 'NONE',  ( 4.500000000000059508, -2.199999999999090239, -9.799999999999998934 ) ) ;
#3276 = DIRECTION ( 'NONE',  ( 0.000000000000000000, -1.000000000000000000, 0.000000000000000000 ) ) ;
#3277 = DIRECTION ( 'NONE',  ( 0.000000000000000000, 0.000000000000000000, -1.000000000000000000 ) ) ;
#3278 = DIRECTION ( 'NONE',  ( 0.000000000000000000, 1.000000000000000000, 0.000000000000000000 ) ) ;
#3279 = ORIENTED_EDGE ( 'NONE', *, *, #4659, .F. ) ;
#3280 = CYLINDRICAL_SURFACE ( 'NONE', #4932, 0.2999999999999999334 ) ;
#3281 = EDGE_LOOP ( 'NONE', ( #3470, #131, #2534, #2617 ) ) ;
#3282 = EDGE_CURVE ( 'NONE', #2238, #4861, #247, .T. ) ;
#3283 = CARTESIAN_POINT ( 'NONE',  ( -1.250000000000101696, -8.978539816339356605, -8.475735931288001623 ) ) ;
#3284 = EDGE_CURVE ( 'NONE', #4842, #4521, #1774, .T. ) ;
#3285 = CARTESIAN_POINT ( 'NONE',  ( -1.188131617774544013, 2.370354038412110231, -9.900000000000000355 ) ) ;
#3286 = CARTESIAN_POINT ( 'NONE',  ( 2.018537944984275079, -2.068363019588705054, -4.883502816590380213 ) ) ;
#3287 = EDGE_CURVE ( 'NONE', #4161, #5128, #5547, .T. ) ;
#3288 = CARTESIAN_POINT ( 'NONE',  ( 0.000000000000000000, 0.000000000000000000, -10.14999999999999858 ) ) ;
#3289 = DIRECTION ( 'NONE',  ( 0.000000000000000000, 0.000000000000000000, -1.000000000000000000 ) ) ;
#3290 = VERTEX_POINT ( 'NONE', #6603 ) ;
#3291 = LINE ( 'NONE', #6411, #3424 ) ;
#3292 = ORIENTED_EDGE ( 'NONE', *, *, #5740, .F. ) ;
#3293 = CARTESIAN_POINT ( 'NONE',  ( 1.992027483134570121, -2.146699123532255005, -5.521499184909300695 ) ) ;
#3294 = VERTEX_POINT ( 'NONE', #3406 ) ;
#3295 = CARTESIAN_POINT ( 'NONE',  ( 0.000000000000000000, 0.000000000000000000, -13.94999999810410074 ) ) ;
#3296 = ORIENTED_EDGE ( 'NONE', *, *, #4246, .T. ) ;
#3297 = EDGE_CURVE ( 'NONE', #911, #1862, #765, .T. ) ;
#3298 = CARTESIAN_POINT ( 'NONE',  ( 1.050000000000000044, 0.000000000000000000, -11.79999999999999893 ) ) ;
#3299 = LINE ( 'NONE', #1210, #5765 ) ;
#3300 = CARTESIAN_POINT ( 'NONE',  ( 1.249999999999970024, -8.202368927061645110, -7.619526214587585500 ) ) ;
#3301 = CIRCLE ( 'NONE', #3412, 0.3499999999999996447 ) ;
#3302 = ORIENTED_EDGE ( 'NONE', *, *, #2058, .T. ) ;
#3303 = CARTESIAN_POINT ( 'NONE',  ( 4.499999999999999112, 4.092893218813361322, -0.3284271247461888477 ) ) ;
#3304 = CARTESIAN_POINT ( 'NONE',  ( -4.500000000000059508, 3.799999999999910116, -2.700000000000000178 ) ) ;
#3305 = LINE ( 'NONE', #2090, #3767 ) ;
#3306 = AXIS2_PLACEMENT_3D ( 'NONE', #2069, #5768, #4197 ) ;
#3307 = ORIENTED_EDGE ( 'NONE', *, *, #6379, .T. ) ;
#3308 = DIRECTION ( 'NONE',  ( 0.000000000000000000, 0.000000000000000000, 1.000000000000000000 ) ) ;
#3309 = DIRECTION ( 'NONE',  ( -1.000000000000000000, 0.000000000000000000, 0.000000000000000000 ) ) ;
#3310 = AXIS2_PLACEMENT_3D ( 'NONE', #508, #996, #381 ) ;
#3311 = CARTESIAN_POINT ( 'NONE',  ( -1.250000000000101696, -9.647640122439581134, -7.600000000000119549 ) ) ;
#3312 = EDGE_CURVE ( 'NONE', #5692, #4877, #1844, .T. ) ;
#3313 = CARTESIAN_POINT ( 'NONE',  ( -1.899999999998069899, -5.500000000000000000, -6.968314918796939317 ) ) ;
#3314 = ORIENTED_EDGE ( 'NONE', *, *, #5169, .T. ) ;
#3315 = ORIENTED_EDGE ( 'NONE', *, *, #3998, .T. ) ;
#3316 = DIRECTION ( 'NONE',  ( -1.000000000000000000, 0.000000000000000000, 0.000000000000000000 ) ) ;
#3317 = VECTOR ( 'NONE', #6873, 1000.000000000000000 ) ;
#3318 = ORIENTED_EDGE ( 'NONE', *, *, #5342, .T. ) ;
#3319 = VECTOR ( 'NONE', #1289, 1000.000000000000000 ) ;
#3320 = CARTESIAN_POINT ( 'NONE',  ( 0.8708207506773860684, 2.504395095722069975, -9.900000000000000355 ) ) ;
#3321 = CARTESIAN_POINT ( 'NONE',  ( -1.250000000000089928, -5.900000000000730438, -7.599999999999869971 ) ) ;
#3322 = DIRECTION ( 'NONE',  ( 1.000000000000000000, 0.000000000000000000, 0.000000000000000000 ) ) ;
#3323 = ORIENTED_EDGE ( 'NONE', *, *, #6356, .T. ) ;
#3324 = DIRECTION ( 'NONE',  ( 0.000000000000000000, 1.000000000000000000, 0.000000000000000000 ) ) ;
#3325 = EDGE_LOOP ( 'NONE', ( #439, #6169, #2352, #1812, #2493 ) ) ;
#3326 = VECTOR ( 'NONE', #2671, 1000.000000000000000 ) ;
#3327 = CARTESIAN_POINT ( 'NONE',  ( 1.279896855207895978, -2.582763714275670086, -11.21899116183752021 ) ) ;
#3328 = ORIENTED_EDGE ( 'NONE', *, *, #3989, .F. ) ;
#3329 = CARTESIAN_POINT ( 'NONE',  ( 2.750000000000909051, -5.152221806566854134, -1.904843299450674987 ) ) ;
#3330 = VERTEX_POINT ( 'NONE', #809 ) ;
#3331 = AXIS2_PLACEMENT_3D ( 'NONE', #4920, #1255, #5519 ) ;
#3332 = LINE ( 'NONE', #6528, #6456 ) ;
#3333 = ORIENTED_EDGE ( 'NONE', *, *, #5105, .T. ) ;
#3334 = CARTESIAN_POINT ( 'NONE',  ( 18.18468237128199760, -3.137993503012875163, -3.603632002693444747 ) ) ;
#3335 = DIRECTION ( 'NONE',  ( -1.000000000000000000, 0.000000000000000000, 0.000000000000000000 ) ) ;
#3336 = CIRCLE ( 'NONE', #4236, 0.5000000000000004441 ) ;
#3337 = ORIENTED_EDGE ( 'NONE', *, *, #2439, .F. ) ;
#3338 = CARTESIAN_POINT ( 'NONE',  ( 4.500000000000002665, 3.799999999999910116, -0.2071067811865460739 ) ) ;
#3339 = EDGE_CURVE ( 'NONE', #6101, #4134, #5612, .T. ) ;
#3340 = DIRECTION ( 'NONE',  ( 0.000000000000000000, 0.000000000000000000, -1.000000000000000000 ) ) ;
#3341 = CYLINDRICAL_SURFACE ( 'NONE', #1222, 1.574999999999999956 ) ;
#3342 = VECTOR ( 'NONE', #6664, 1000.000000000000000 ) ;
#3343 = ORIENTED_EDGE ( 'NONE', *, *, #5342, .F. ) ;
#3344 = CARTESIAN_POINT ( 'NONE',  ( 1.075528555105619894E-13, -5.551115123125779547E-14, -13.78000000000000114 ) ) ;
#3345 = CARTESIAN_POINT ( 'NONE',  ( -2.749999999999090061, -4.631753845382109880, -0.9362270953884590519 ) ) ;
#3346 = DIRECTION ( 'NONE',  ( 1.000000000000000000, 0.000000000000000000, 0.000000000000000000 ) ) ;
#3347 = DIRECTION ( 'NONE',  ( 0.000000000000000000, -1.000000000000000000, 0.000000000000000000 ) ) ;
#3348 = LINE ( 'NONE', #4336, #3436 ) ;
#3349 = ORIENTED_EDGE ( 'NONE', *, *, #2874, .F. ) ;
#3350 = ORIENTED_EDGE ( 'NONE', *, *, #3856, .T. ) ;
#3351 = DIRECTION ( 'NONE',  ( -1.000000000000000000, 0.000000000000000000, 0.000000000000000000 ) ) ;
#3352 = ORIENTED_EDGE ( 'NONE', *, *, #1723, .T. ) ;
#3353 = DIRECTION ( 'NONE',  ( 0.000000000000000000, -1.000000000000000000, 0.000000000000000000 ) ) ;
#3354 = CARTESIAN_POINT ( 'NONE',  ( -2.086870168755019961, 1.642169909400280181, -9.900000000000000355 ) ) ;
#3355 = CARTESIAN_POINT ( 'NONE',  ( 0.000000000000000000, 0.000000000000000000, 0.000000000000000000 ) ) ;
#3356 = EDGE_LOOP ( 'NONE', ( #5168, #166 ) ) ;
#3357 = ADVANCED_FACE ( 'NONE', ( #2441 ), #4577, .T. ) ;
#3358 = CARTESIAN_POINT ( 'NONE',  ( 4.000000000000000000, -6.000000000000000000, 1.301042606982603940E-15 ) ) ;
#3359 = ADVANCED_FACE ( 'NONE', ( #1395 ), #3517, .F. ) ;
#3360 = ORIENTED_EDGE ( 'NONE', *, *, #3816, .T. ) ;
#3361 = AXIS2_PLACEMENT_3D ( 'NONE', #1752, #111, #4377 ) ;
#3362 = CARTESIAN_POINT ( 'NONE',  ( -4.000000000000000000, 4.092893218813362211, 8.673617379884039416E-16 ) ) ;
#3363 = ORIENTED_EDGE ( 'NONE', *, *, #4039, .F. ) ;
#3364 = CARTESIAN_POINT ( 'NONE',  ( 2.299999999999859934, -1.199999999999979972, -11.79999999999999893 ) ) ;
#3365 = ORIENTED_EDGE ( 'NONE', *, *, #2975, .T. ) ;
#3366 = CARTESIAN_POINT ( 'NONE',  ( 2.010880259306434770, -2.283098795542580106, -5.375228444583540544 ) ) ;
#3367 = VERTEX_POINT ( 'NONE', #2175 ) ;
#3368 = DIRECTION ( 'NONE',  ( -1.000000000000000000, 0.000000000000000000, 0.000000000000000000 ) ) ;
#3369 = CARTESIAN_POINT ( 'NONE',  ( 3.149999999999998135, 6.299999999999996270, -9.399999999999998579 ) ) ;
#3370 = ORIENTED_EDGE ( 'NONE', *, *, #4181, .F. ) ;
#3371 = EDGE_CURVE ( 'NONE', #3961, #3802, #1608, .T. ) ;
#3372 = CYLINDRICAL_SURFACE ( 'NONE', #2001, 0.5000000000000000000 ) ;
#3373 = DIRECTION ( 'NONE',  ( 0.000000000000000000, 0.000000000000000000, 1.000000000000000000 ) ) ;
#3374 = DIRECTION ( 'NONE',  ( 0.000000000000000000, 1.000000000000000000, 0.000000000000000000 ) ) ;
#3375 = ADVANCED_FACE ( 'NONE', ( #3775 ), #531, .T. ) ;
#3376 = VECTOR ( 'NONE', #5705, 1000.000000000000000 ) ;
#3377 = EDGE_CURVE ( 'NONE', #6111, #4504, #3702, .T. ) ;
#3378 = VERTEX_POINT ( 'NONE', #4149 ) ;
#3379 = CYLINDRICAL_SURFACE ( 'NONE', #2881, 0.7999999999999999334 ) ;
#3380 = AXIS2_PLACEMENT_3D ( 'NONE', #238, #2361, #1836 ) ;
#3381 = EDGE_CURVE ( 'NONE', #6225, #4258, #6056, .T. ) ;
#3382 = FACE_OUTER_BOUND ( 'NONE', #4375, .T. ) ;
#3383 = FACE_OUTER_BOUND ( 'NONE', #4488, .T. ) ;
#3384 = CARTESIAN_POINT ( 'NONE',  ( 2.433758515889315799, -1.199999999999979750, -9.899999999999996803 ) ) ;
#3385 = DIRECTION ( 'NONE',  ( 0.000000000000000000, -0.9863939235543196515, 0.1643989889723024012 ) ) ;
#3386 = ORIENTED_EDGE ( 'NONE', *, *, #4597, .T. ) ;
#3387 = ORIENTED_EDGE ( 'NONE', *, *, #1609, .F. ) ;
#3388 = ADVANCED_FACE ( 'NONE', ( #1488 ), #2538, .T. ) ;
#3389 = CARTESIAN_POINT ( 'NONE',  ( 3.650000000000929834, -5.150000000000099831, -5.299999999999999822 ) ) ;
#3390 = ORIENTED_EDGE ( 'NONE', *, *, #2969, .F. ) ;
#3391 = LINE ( 'NONE', #4343, #2832 ) ;
#3392 = CARTESIAN_POINT ( 'NONE',  ( -0.3571237022616045031, 2.632020153995694667, -9.900000000000000355 ) ) ;
#3393 = FACE_OUTER_BOUND ( 'NONE', #877, .T. ) ;
#3394 = DIRECTION ( 'NONE',  ( 0.000000000000000000, 1.000000000000000000, 0.000000000000000000 ) ) ;
#3395 = ORIENTED_EDGE ( 'NONE', *, *, #4280, .T. ) ;
#3396 = DIRECTION ( 'NONE',  ( -1.000000000000000000, 0.000000000000000000, 0.000000000000000000 ) ) ;
#3397 = VECTOR ( 'NONE', #6904, 1000.000000000000000 ) ;
#3398 = VERTEX_POINT ( 'NONE', #6250 ) ;
#3399 = CARTESIAN_POINT ( 'NONE',  ( -4.499999999999999112, 4.092893218813361322, -0.3284271247461888477 ) ) ;
#3400 = ORIENTED_EDGE ( 'NONE', *, *, #2241, .F. ) ;
#3401 = EDGE_CURVE ( 'NONE', #4520, #5471, #3694, .T. ) ;
#3402 = FACE_OUTER_BOUND ( 'NONE', #2581, .T. ) ;
#3403 = ORIENTED_EDGE ( 'NONE', *, *, #5228, .T. ) ;
#3404 = PLANE ( 'NONE',  #988 ) ;
#3405 = ORIENTED_EDGE ( 'NONE', *, *, #2272, .T. ) ;
#3406 = CARTESIAN_POINT ( 'NONE',  ( -1.199999999999929789, -3.100000000000049827, -13.78000000000000114 ) ) ;
#3407 = DIRECTION ( 'NONE',  ( -1.000000000000000000, 0.000000000000000000, 0.000000000000000000 ) ) ;
#3408 = EDGE_LOOP ( 'NONE', ( #206, #2594, #5024, #3609, #4461, #6184, #5968, #157, #2237, #2966, #2830, #2399, #4390, #1952, #2123, #61, #2225 ) ) ;
#3409 = DIRECTION ( 'NONE',  ( 0.000000000000000000, 0.000000000000000000, 1.000000000000000000 ) ) ;
#3410 = LINE ( 'NONE', #252, #6925 ) ;
#3411 = CARTESIAN_POINT ( 'NONE',  ( 2.014260407259538255, -3.071266414962731783, -6.571198431217776026 ) ) ;
#3412 = AXIS2_PLACEMENT_3D ( 'NONE', #4817, #2101, #5213 ) ;
#3413 = ORIENTED_EDGE ( 'NONE', *, *, #1017, .T. ) ;
#3414 = CARTESIAN_POINT ( 'NONE',  ( -1.899999999998069899, -5.299999999999280398, -11.90000000000000036 ) ) ;
#3415 = CIRCLE ( 'NONE', #3306, 0.5000000000000000000 ) ;
#3416 = CARTESIAN_POINT ( 'NONE',  ( 0.000000000000000000, 0.000000000000000000, -9.400000000000000355 ) ) ;
#3417 = DIRECTION ( 'NONE',  ( 0.000000000000000000, 0.000000000000000000, -1.000000000000000000 ) ) ;
#3418 = PLANE ( 'NONE',  #5839 ) ;
#3419 = DIRECTION ( 'NONE',  ( 1.224646799147353700E-16, 0.8480480961564267339, -0.5299192642332039016 ) ) ;
#3420 = ORIENTED_EDGE ( 'NONE', *, *, #2729, .F. ) ;
#3421 = VERTEX_POINT ( 'NONE', #6807 ) ;
#3422 = CARTESIAN_POINT ( 'NONE',  ( -2.500000000000059952, 4.299999999999919886, -2.550000000000000266 ) ) ;
#3423 = ORIENTED_EDGE ( 'NONE', *, *, #5646, .T. ) ;
#3424 = VECTOR ( 'NONE', #5426, 1000.000000000000000 ) ;
#3425 =( BOUNDED_SURFACE ( )  B_SPLINE_SURFACE ( 3, 3, ( 
 ( #4607, #1845, #6711, #5548 ),
 ( #5630, #2408, #3980, #845 ),
 ( #2997, #6113, #1958, #315 ),
 ( #6747, #2443, #6189, #6604 ) ),
 .UNSPECIFIED., .F., .F., .F. ) 
 B_SPLINE_SURFACE_WITH_KNOTS ( ( 4, 4 ),
 ( 4, 4 ),
 ( 0.000000000000000000, 1.000000000000000000 ),
 ( 0.000000000000000000, 1.000000000000000000 ),
 .UNSPECIFIED. ) 
 GEOMETRIC_REPRESENTATION_ITEM ( )  RATIONAL_B_SPLINE_SURFACE ( (
 ( 1.000000000000000000, 0.9814616515954280862, 0.9814616515954280862, 1.000000000000000000),
 ( 0.8047378541243479511, 0.7898193434102429578, 0.7898193434102429578, 0.8047378541243479511),
 ( 0.8047378541243479511, 0.7898193434102429578, 0.7898193434102429578, 0.8047378541243479511),
 ( 1.000000000000000000, 0.9814616515954280862, 0.9814616515954280862, 1.000000000000000000) ) ) 
 REPRESENTATION_ITEM ( '' )  SURFACE ( )  );
#3426 = CARTESIAN_POINT ( 'NONE',  ( 1.250000000000150102, -10.12931484274896654, -7.799999999999999822 ) ) ;
#3427 = LINE ( 'NONE', #1756, #4567 ) ;
#3428 = DIRECTION ( 'NONE',  ( 1.000000000000000000, 0.000000000000000000, 0.000000000000000000 ) ) ;
#3429 = EDGE_CURVE ( 'NONE', #2851, #2529, #5881, .T. ) ;
#3430 = VECTOR ( 'NONE', #255, 1000.000000000000000 ) ;
#3431 = FILL_AREA_STYLE_COLOUR ( '', #1449 ) ;
#3432 = VERTEX_POINT ( 'NONE', #4639 ) ;
#3433 = VECTOR ( 'NONE', #3705, 1000.000000000000000 ) ;
#3434 = PLANE ( 'NONE',  #3380 ) ;
#3435 = ORIENTED_EDGE ( 'NONE', *, *, #4650, .T. ) ;
#3436 = VECTOR ( 'NONE', #5984, 1000.000000000000000 ) ;
#3437 = DIRECTION ( 'NONE',  ( 0.000000000000000000, 1.000000000000000000, 0.000000000000000000 ) ) ;
#3438 = VERTEX_POINT ( 'NONE', #5721 ) ;
#3439 = CARTESIAN_POINT ( 'NONE',  ( -1.899999999998069899, -5.299999999999280398, -11.90000000000000036 ) ) ;
#3440 = EDGE_LOOP ( 'NONE', ( #3986, #6407, #6212, #5068, #3635, #4210, #4523, #488, #5362, #4245, #4676, #1008 ) ) ;
#3441 = DIRECTION ( 'NONE',  ( 0.02524987779192878340, -0.7311205248579295546, -0.6817809192130256379 ) ) ;
#3442 = ORIENTED_EDGE ( 'NONE', *, *, #1626, .F. ) ;
#3443 = CARTESIAN_POINT ( 'NONE',  ( 0.1333593154501817313, -5.299999999999280398, -4.100209554634407283 ) ) ;
#3444 = CARTESIAN_POINT ( 'NONE',  ( -2.942893218813432021, 5.885786437626864043, -9.900000000000032330 ) ) ;
#3445 = VECTOR ( 'NONE', #1882, 1000.000000000000000 ) ;
#3446 = ORIENTED_EDGE ( 'NONE', *, *, #1301, .T. ) ;
#3447 = CARTESIAN_POINT ( 'NONE',  ( 3.600000000000159961, -6.349999999999999645, -7.950000000000000178 ) ) ;
#3448 = DIRECTION ( 'NONE',  ( 0.000000000000000000, 0.000000000000000000, 1.000000000000000000 ) ) ;
#3449 = CARTESIAN_POINT ( 'NONE',  ( 3.149999999999999911, 3.857637417314159731E-16, 0.000000000000000000 ) ) ;
#3450 = AXIS2_PLACEMENT_3D ( 'NONE', #1481, #2593, #6734 ) ;
#3451 = ORIENTED_EDGE ( 'NONE', *, *, #6669, .F. ) ;
#3452 = CARTESIAN_POINT ( 'NONE',  ( 18.18468237128199760, -4.699999999999820766, -1.699999999999999956 ) ) ;
#3453 = ADVANCED_FACE ( 'NONE', ( #5919 ), #1426, .T. ) ;
#3454 = AXIS2_PLACEMENT_3D ( 'NONE', #1471, #3649, #1531 ) ;
#3455 = CARTESIAN_POINT ( 'NONE',  ( -9.662512969806918761, -8.300000000000000711, -12.93358983848630039 ) ) ;
#3456 = DIRECTION ( 'NONE',  ( 0.000000000000000000, 0.000000000000000000, 1.000000000000000000 ) ) ;
#3457 = CARTESIAN_POINT ( 'NONE',  ( -1.899999999998069899, -5.500000000000000000, -11.90000000000000036 ) ) ;
#3458 = VECTOR ( 'NONE', #1031, 1000.000000000000000 ) ;
#3459 = ORIENTED_EDGE ( 'NONE', *, *, #5666, .T. ) ;
#3460 = ORIENTED_EDGE ( 'NONE', *, *, #5967, .T. ) ;
#3461 = AXIS2_PLACEMENT_3D ( 'NONE', #5553, #696, #4958 ) ;
#3462 = FILL_AREA_STYLE ('',( #2004 ) ) ;
#3463 = ORIENTED_EDGE ( 'NONE', *, *, #4192, .T. ) ;
#3464 = CARTESIAN_POINT ( 'NONE',  ( 2.362731470142100054, -1.199999999999979972, -9.900000000000000355 ) ) ;
#3465 = EDGE_CURVE ( 'NONE', #1269, #4800, #1957, .T. ) ;
#3466 = LINE ( 'NONE', #301, #5686 ) ;
#3467 = CARTESIAN_POINT ( 'NONE',  ( 4.500000000000059508, -2.559999999999050146, -11.79999999999999893 ) ) ;
#3468 = EDGE_CURVE ( 'NONE', #5418, #4537, #5165, .T. ) ;
#3469 =( NAMED_UNIT ( * ) SI_UNIT ( $, .STERADIAN. ) SOLID_ANGLE_UNIT ( ) );
#3470 = ORIENTED_EDGE ( 'NONE', *, *, #3713, .T. ) ;
#3471 = CARTESIAN_POINT ( 'NONE',  ( 4.292893218813451206, -6.500000000000059508, -0.2071067811865462682 ) ) ;
#3472 = EDGE_CURVE ( 'NONE', #4314, #363, #3550, .T. ) ;
#3473 = VERTEX_POINT ( 'NONE', #1082 ) ;
#3474 = DIRECTION ( 'NONE',  ( 1.000000000000000000, 0.000000000000000000, 0.000000000000000000 ) ) ;
#3475 = CARTESIAN_POINT ( 'NONE',  ( 0.000000000000000000, 0.000000000000000000, -13.95000000000000107 ) ) ;
#3476 = ORIENTED_EDGE ( 'NONE', *, *, #6366, .F. ) ;
#3477 = DIRECTION ( 'NONE',  ( -1.000000000000000000, 3.552713678800499746E-15, 0.000000000000000000 ) ) ;
#3478 = ORIENTED_EDGE ( 'NONE', *, *, #5817, .F. ) ;
#3479 = CARTESIAN_POINT ( 'NONE',  ( -2.018281576592345417, -2.906897123192764720, -6.230395288045460056 ) ) ;
#3480 = ORIENTED_EDGE ( 'NONE', *, *, #2840, .T. ) ;
#3481 = EDGE_CURVE ( 'NONE', #461, #4637, #5695, .T. ) ;
#3482 = CARTESIAN_POINT ( 'NONE',  ( -0.6088914376429476194, -5.299999999999280398, -4.303873712216475411 ) ) ;
#3483 = CARTESIAN_POINT ( 'NONE',  ( 2.649999999999964828, -3.245314017740440109E-16, -9.900000000000000355 ) ) ;
#3484 = ORIENTED_EDGE ( 'NONE', *, *, #5259, .T. ) ;
#3485 = CARTESIAN_POINT ( 'NONE',  ( 4.292893218813452094, 4.299999999999907452, -0.4999999999999993894 ) ) ;
#3486 = CARTESIAN_POINT ( 'NONE',  ( -1.479999999999979998, -3.100000000000049827, -13.78000000000000114 ) ) ;
#3487 = DIRECTION ( 'NONE',  ( -1.000000000000000000, 0.000000000000000000, 0.000000000000000000 ) ) ;
#3488 =( GEOMETRIC_REPRESENTATION_CONTEXT ( 3 ) GLOBAL_UNCERTAINTY_ASSIGNED_CONTEXT ( ( #6464 ) ) GLOBAL_UNIT_ASSIGNED_CONTEXT ( ( #5417, #2730, #2281 ) ) REPRESENTATION_CONTEXT ( 'NONE', 'WORKASPACE' ) );
#3489 = EDGE_LOOP ( 'NONE', ( #1749, #1713, #826, #4053 ) ) ;
#3490 = LINE ( 'NONE', #3007, #5893 ) ;
#3491 = DIRECTION ( 'NONE',  ( 1.000000000000000000, 0.000000000000000000, 0.000000000000000000 ) ) ;
#3492 = VECTOR ( 'NONE', #1439, 1000.000000000000114 ) ;
#3493 = LINE ( 'NONE', #4965, #1453 ) ;
#3494 = CARTESIAN_POINT ( 'NONE',  ( 0.000000000000000000, 0.000000000000000000, -9.150000000000000355 ) ) ;
#3495 = ORIENTED_EDGE ( 'NONE', *, *, #5127, .T. ) ;
#3496 = EDGE_CURVE ( 'NONE', #507, #6120, #565, .T. ) ;
#3497 = EDGE_LOOP ( 'NONE', ( #4662, #254, #3826, #6600 ) ) ;
#3498 = SURFACE_STYLE_FILL_AREA ( #3462 ) ;
#3499 = VECTOR ( 'NONE', #6622, 1000.000000000000000 ) ;
#3500 = VECTOR ( 'NONE', #4910, 1000.000000000000000 ) ;
#3501 = CARTESIAN_POINT ( 'NONE',  ( 0.04503907920941315618, -2.766308296776670783, -9.994224332530164290 ) ) ;
#3502 = FILL_AREA_STYLE ('',( #2394 ) ) ;
#3503 = DIRECTION ( 'NONE',  ( 0.000000000000000000, 0.000000000000000000, -1.000000000000000000 ) ) ;
#3504 = PRODUCT_CONTEXT ( 'NONE', #4009, 'mechanical' ) ;
#3505 = ORIENTED_EDGE ( 'NONE', *, *, #5153, .T. ) ;
#3506 = CARTESIAN_POINT ( 'NONE',  ( 4.499999999999999112, -6.171572875253865220, -0.2071067811865462682 ) ) ;
#3507 = EDGE_CURVE ( 'NONE', #5694, #5556, #2695, .T. ) ;
#3508 = EDGE_CURVE ( 'NONE', #406, #612, #37, .T. ) ;
#3509 = CARTESIAN_POINT ( 'NONE',  ( 1.900000000000900080, -5.500000000000000000, -6.968314918796939317 ) ) ;
#3510 = CARTESIAN_POINT ( 'NONE',  ( 18.18468237128199760, -2.068363019588649987, -4.883502816590429063 ) ) ;
#3511 = ORIENTED_EDGE ( 'NONE', *, *, #5907, .T. ) ;
#3512 = ORIENTED_EDGE ( 'NONE', *, *, #3211, .T. ) ;
#3513 = ADVANCED_BREP_SHAPE_REPRESENTATION ( '', ( #3643, #5864, #1223, #3533, #5966, #1236, #5697 ), #1781 ) ;
#3514 = CARTESIAN_POINT ( 'NONE',  ( 4.500000000000059508, -2.199999999999050271, -2.779157999888000052 ) ) ;
#3515 = ORIENTED_EDGE ( 'NONE', *, *, #2747, .T. ) ;
#3516 = CIRCLE ( 'NONE', #2732, 1.000000000000000888 ) ;
#3517 = PLANE ( 'NONE',  #138 ) ;
#3518 = LINE ( 'NONE', #6673, #3089 ) ;
#3519 = ORIENTED_EDGE ( 'NONE', *, *, #1852, .T. ) ;
#3520 = CARTESIAN_POINT ( 'NONE',  ( 2.499999999999950262, 2.400000000000960032, -1.000000000000000000 ) ) ;
#3521 = ADVANCED_FACE ( 'NONE', ( #3056 ), #5195, .T. ) ;
#3522 = CARTESIAN_POINT ( 'NONE',  ( -2.008622527224553700, -2.013004779642213471, -4.986645395671695624 ) ) ;
#3523 = CARTESIAN_POINT ( 'NONE',  ( -4.500000000000059508, 0.000000000000000000, -3.500000000000000000 ) ) ;
#3524 = ORIENTED_EDGE ( 'NONE', *, *, #6806, .T. ) ;
#3525 = CARTESIAN_POINT ( 'NONE',  ( -4.000000000000000000, -6.000000000000000000, 1.301042606982603940E-15 ) ) ;
#3526 = B_SPLINE_CURVE_WITH_KNOTS ( 'NONE', 3,
 ( #3096, #451, #2124, #5175, #419, #4774 ),
 .UNSPECIFIED., .F., .F.,
 ( 4, 2, 4 ),
 ( 0.000000000000000000, 0.5000000000000000000, 1.000000000000000000 ),
 .UNSPECIFIED. ) ;
#3527 = PLANE ( 'NONE',  #2501 ) ;
#3528 = FACE_OUTER_BOUND ( 'NONE', #1577, .T. ) ;
#3529 = DIRECTION ( 'NONE',  ( 0.000000000000000000, 1.000000000000000000, 0.000000000000000000 ) ) ;
#3530 = ORIENTED_EDGE ( 'NONE', *, *, #4318, .F. ) ;
#3531 = VERTEX_POINT ( 'NONE', #6057 ) ;
#3532 = DIRECTION ( 'NONE',  ( -1.000000000000000000, 0.000000000000000000, 0.000000000000000000 ) ) ;
#3533 = MANIFOLD_SOLID_BREP ( 'NONE', #5876 ) ;
#3534 = AXIS2_PLACEMENT_3D ( 'NONE', #2735, #3145, #6902 ) ;
#3535 = CARTESIAN_POINT ( 'NONE',  ( 2.010880259306695006, -2.283098795542569892, -5.375228444583549425 ) ) ;
#3536 = CYLINDRICAL_SURFACE ( 'NONE', #6014, 2.299999999999999822 ) ;
#3537 = CARTESIAN_POINT ( 'NONE',  ( 3.900000000000130029, -6.349999999999999645, -11.79999999999999893 ) ) ;
#3538 = SHAPE_DEFINITION_REPRESENTATION ( #3600, #4580 ) ;
#3539 = VERTEX_POINT ( 'NONE', #5987 ) ;
#3540 = VECTOR ( 'NONE', #1628, 1000.000000000000000 ) ;
#3541 = PLANE ( 'NONE',  #4832 ) ;
#3542 = EDGE_CURVE ( 'NONE', #4877, #812, #2315, .T. ) ;
#3543 = DIRECTION ( 'NONE',  ( 1.000000000000000000, 0.000000000000000000, 0.000000000000000000 ) ) ;
#3544 = VECTOR ( 'NONE', #4480, 999.9999999999998863 ) ;
#3545 = LINE ( 'NONE', #3081, #4034 ) ;
#3546 = ORIENTED_EDGE ( 'NONE', *, *, #2682, .F. ) ;
#3547 = ORIENTED_EDGE ( 'NONE', *, *, #1939, .F. ) ;
#3548 = CARTESIAN_POINT ( 'NONE',  ( 18.18468237128199760, -9.699999999999819877, -7.799999999999999822 ) ) ;
#3549 = ORIENTED_EDGE ( 'NONE', *, *, #6356, .F. ) ;
#3550 = LINE ( 'NONE', #410, #4813 ) ;
#3551 = CARTESIAN_POINT ( 'NONE',  ( -1.500000000000000000, 1.836970198721030181E-16, -9.150000000000000355 ) ) ;
#3552 = VECTOR ( 'NONE', #2522, 1000.000000000000000 ) ;
#3553 = ORIENTED_EDGE ( 'NONE', *, *, #3630, .T. ) ;
#3554 = VECTOR ( 'NONE', #2106, 1000.000000000000000 ) ;
#3555 = DIRECTION ( 'NONE',  ( 1.000000000000000000, 0.000000000000000000, 0.000000000000000000 ) ) ;
#3556 = LINE ( 'NONE', #6718, #427 ) ;
#3557 = ADVANCED_FACE ( 'NONE', ( #3812 ), #3280, .F. ) ;
#3558 = CARTESIAN_POINT ( 'NONE',  ( -3.469446951953609850E-15, -2.699783421336154898, -10.03070813642793979 ) ) ;
#3559 = EDGE_CURVE ( 'NONE', #50, #4187, #4452, .T. ) ;
#3560 = VECTOR ( 'NONE', #4665, 1000.000000000000000 ) ;
#3561 = LINE ( 'NONE', #5640, #3376 ) ;
#3562 = DIRECTION ( 'NONE',  ( 1.000000000000000000, 0.000000000000000000, 0.000000000000000000 ) ) ;
#3563 = CARTESIAN_POINT ( 'NONE',  ( -1.250000000000101696, -5.299999999999917222, -7.504719755118859581 ) ) ;
#3564 = VERTEX_POINT ( 'NONE', #147 ) ;
#3565 = EDGE_LOOP ( 'NONE', ( #4045, #6835, #5532, #795 ) ) ;
#3566 = FACE_OUTER_BOUND ( 'NONE', #5256, .T. ) ;
#3567 = VECTOR ( 'NONE', #6823, 1000.000000000000000 ) ;
#3568 = DIRECTION ( 'NONE',  ( 1.000000000000000000, 0.000000000000000000, 0.000000000000000000 ) ) ;
#3569 = CARTESIAN_POINT ( 'NONE',  ( -1.500000000000000000, 1.836970198721030181E-16, -9.650000000000000355 ) ) ;
#3570 = CONTEXT_DEPENDENT_SHAPE_REPRESENTATION ( #5565, #2935 ) ;
#3571 = ORIENTED_EDGE ( 'NONE', *, *, #1755, .F. ) ;
#3572 = LINE ( 'NONE', #4571, #6714 ) ;
#3573 = ORIENTED_EDGE ( 'NONE', *, *, #618, .F. ) ;
#3574 = EDGE_LOOP ( 'NONE', ( #1265, #438 ) ) ;
#3575 = FACE_OUTER_BOUND ( 'NONE', #3891, .T. ) ;
#3576 = EDGE_CURVE ( 'NONE', #1729, #6826, #6545, .T. ) ;
#3577 = ORIENTED_EDGE ( 'NONE', *, *, #985, .T. ) ;
#3578 = DIRECTION ( 'NONE',  ( 0.000000000000000000, 0.000000000000000000, 1.000000000000000000 ) ) ;
#3579 = LINE ( 'NONE', #4209, #6789 ) ;
#3580 = VERTEX_POINT ( 'NONE', #4894 ) ;
#3581 = DIRECTION ( 'NONE',  ( 1.000000000000000000, 0.000000000000000000, 0.000000000000000000 ) ) ;
#3582 = CARTESIAN_POINT ( 'NONE',  ( -2.649999999999964828, 2.300332174325094991E-09, -9.900000000000000355 ) ) ;
#3583 = DIRECTION ( 'NONE',  ( 0.000000000000000000, 1.000000000000000000, 0.000000000000000000 ) ) ;
#3584 = ORIENTED_EDGE ( 'NONE', *, *, #2967, .T. ) ;
#3585 = ADVANCED_FACE ( 'NONE', ( #5454, #3923 ), #6583, .T. ) ;
#3586 = AXIS2_PLACEMENT_3D ( 'NONE', #5369, #1665, #2157 ) ;
#3587 = ADVANCED_FACE ( 'NONE', ( #3847 ), #3882, .T. ) ;
#3588 = CARTESIAN_POINT ( 'NONE',  ( -2.739999999999950031, -2.559999999999050146, -2.779157999888000052 ) ) ;
#3589 = CARTESIAN_POINT ( 'NONE',  ( -4.000000000000000000, 4.299999999999919886, -11.79999999999999893 ) ) ;
#3590 = LINE ( 'NONE', #5241, #4453 ) ;
#3591 = EDGE_CURVE ( 'NONE', #4930, #684, #1929, .T. ) ;
#3592 = ORIENTED_EDGE ( 'NONE', *, *, #6596, .F. ) ;
#3593 = EDGE_LOOP ( 'NONE', ( #3975, #4155 ) ) ;
#3594 = VECTOR ( 'NONE', #5531, 1000.000000000000000 ) ;
#3595 = CYLINDRICAL_SURFACE ( 'NONE', #4061, 0.09999999999999939493 ) ;
#3596 = EDGE_CURVE ( 'NONE', #600, #2344, #2814, .T. ) ;
#3597 = CARTESIAN_POINT ( 'NONE',  ( 1.099066901658733553, -10.67002773514084879, -7.800000000000001599 ) ) ;
#3598 = LINE ( 'NONE', #5742, #4329 ) ;
#3599 = LINE ( 'NONE', #368, #748 ) ;
#3600 = PRODUCT_DEFINITION_SHAPE ( 'NONE', 'NONE',  #6766 ) ;
#3601 = ORIENTED_EDGE ( 'NONE', *, *, #4691, .F. ) ;
#3602 = AXIS2_PLACEMENT_3D ( 'NONE', #6146, #1359, #3477 ) ;
#3603 = DIRECTION ( 'NONE',  ( 1.000000000000000000, 0.000000000000000000, 0.000000000000000000 ) ) ;
#3604 = EDGE_LOOP ( 'NONE', ( #5851, #2669 ) ) ;
#3605 = VERTEX_POINT ( 'NONE', #5495 ) ;
#3606 = CARTESIAN_POINT ( 'NONE',  ( -1.479999999999979998, -9.542487113058909287, -13.41999999999999993 ) ) ;
#3607 = VERTEX_POINT ( 'NONE', #712 ) ;
#3608 = LINE ( 'NONE', #5294, #881 ) ;
#3609 = ORIENTED_EDGE ( 'NONE', *, *, #5629, .F. ) ;
#3610 = EDGE_CURVE ( 'NONE', #72, #2822, #1267, .T. ) ;
#3611 = DIRECTION ( 'NONE',  ( 0.000000000000000000, -1.000000000000000000, 0.000000000000000000 ) ) ;
#3612 = LINE ( 'NONE', #1994, #4564 ) ;
#3613 = DIRECTION ( 'NONE',  ( 1.000000000000000000, 0.000000000000000000, 0.000000000000000000 ) ) ;
#3614 = EDGE_LOOP ( 'NONE', ( #3195, #680, #4576, #4018, #822, #3687, #5537, #6103, #2035, #4467, #5750, #3333 ) ) ;
#3615 = AXIS2_PLACEMENT_3D ( 'NONE', #5290, #3675, #6219 ) ;
#3616 = EDGE_CURVE ( 'NONE', #6836, #2674, #5842, .T. ) ;
#3617 = CARTESIAN_POINT ( 'NONE',  ( 4.000000000000000000, -6.000000000000000000, 1.070649645329436023E-15 ) ) ;
#3618 = LINE ( 'NONE', #3097, #6921 ) ;
#3619 = DIRECTION ( 'NONE',  ( 0.000000000000000000, 0.000000000000000000, -1.000000000000000000 ) ) ;
#3620 = VERTEX_POINT ( 'NONE', #1903 ) ;
#3621 = ORIENTED_EDGE ( 'NONE', *, *, #3805, .F. ) ;
#3622 = CARTESIAN_POINT ( 'NONE',  ( -0.7246541511859274642, -11.07511086685853385, -7.599999999999869971 ) ) ;
#3623 = EDGE_CURVE ( 'NONE', #6031, #3268, #5111, .T. ) ;
#3624 = CARTESIAN_POINT ( 'NONE',  ( 0.8231642255646827167, -10.99470256385158073, -7.800000000000001599 ) ) ;
#3625 = CARTESIAN_POINT ( 'NONE',  ( -0.4012495458754009037, -2.669986995879191749, -10.38911707236338700 ) ) ;
#3626 = LINE ( 'NONE', #5349, #1526 ) ;
#3627 = ORIENTED_EDGE ( 'NONE', *, *, #2539, .F. ) ;
#3628 = AXIS2_PLACEMENT_3D ( 'NONE', #3254, #4204, #4825 ) ;
#3629 = CARTESIAN_POINT ( 'NONE',  ( 2.299999999999859934, -2.000000000000110134, -11.79999999999999893 ) ) ;
#3630 = EDGE_CURVE ( 'NONE', #3238, #3290, #6727, .T. ) ;
#3631 = AXIS2_PLACEMENT_3D ( 'NONE', #3244, #68, #596 ) ;
#3632 = CARTESIAN_POINT ( 'NONE',  ( 1.408843649384145857, 2.245997603205085458, -9.900000000000000355 ) ) ;
#3633 = DIRECTION ( 'NONE',  ( 0.000000000000000000, 0.1045284632678930292, -0.9945218953682481988 ) ) ;
#3634 = ORIENTED_EDGE ( 'NONE', *, *, #2070, .F. ) ;
#3635 = ORIENTED_EDGE ( 'NONE', *, *, #1555, .T. ) ;
#3636 = CARTESIAN_POINT ( 'NONE',  ( -1.250000000000089928, -8.970710678117770343, -8.246446609406030248 ) ) ;
#3637 = ORIENTED_EDGE ( 'NONE', *, *, #287, .T. ) ;
#3638 = DIRECTION ( 'NONE',  ( -1.000000000000000000, 0.000000000000000000, 0.000000000000000000 ) ) ;
#3639 = EDGE_LOOP ( 'NONE', ( #1636, #4621, #3028, #2265 ) ) ;
#3640 = VECTOR ( 'NONE', #1737, 1000.000000000000000 ) ;
#3641 = CARTESIAN_POINT ( 'NONE',  ( -2.749999999999090061, -4.689212032310579481, -1.500072740962074880 ) ) ;
#3642 = CARTESIAN_POINT ( 'NONE',  ( -2.359338535458139763, -1.206657231819392218, -9.900000000000000355 ) ) ;
#3643 = MANIFOLD_SOLID_BREP ( 'NONE', #2865 ) ;
#3644 = AXIS2_PLACEMENT_3D ( 'NONE', #5234, #850, #940 ) ;
#3645 = DIRECTION ( 'NONE',  ( 0.000000000000000000, 1.000000000000000000, 0.000000000000000000 ) ) ;
#3646 = VECTOR ( 'NONE', #3046, 1000.000000000000000 ) ;
#3647 = ORIENTED_EDGE ( 'NONE', *, *, #3991, .F. ) ;
#3648 = CARTESIAN_POINT ( 'NONE',  ( -1.250000000000089928, -11.29999999999930083, -7.799999999999999822 ) ) ;
#3649 = DIRECTION ( 'NONE',  ( 1.000000000000000000, 0.000000000000000000, 0.000000000000000000 ) ) ;
#3650 = DIRECTION ( 'NONE',  ( 0.000000000000000000, -0.9945218953683003793, -0.1045284632673960518 ) ) ;
#3651 = AXIS2_PLACEMENT_3D ( 'NONE', #6578, #1748, #2243 ) ;
#3652 = ORIENTED_EDGE ( 'NONE', *, *, #292, .F. ) ;
#3653 = ORIENTED_EDGE ( 'NONE', *, *, #1428, .F. ) ;
#3654 = EDGE_CURVE ( 'NONE', #3961, #6566, #4135, .T. ) ;
#3655 = CARTESIAN_POINT ( 'NONE',  ( 2.750000000000909495, -4.689212032310579481, -1.500072740962074880 ) ) ;
#3656 = ADVANCED_FACE ( 'NONE', ( #6267 ), #6131, .F. ) ;
#3657 = AXIS2_PLACEMENT_3D ( 'NONE', #469, #959, #4697 ) ;
#3658 = CARTESIAN_POINT ( 'NONE',  ( 2.499999999999950262, 2.400000000000960032, -2.700000000000000178 ) ) ;
#3659 = CARTESIAN_POINT ( 'NONE',  ( 3.050000000000939959, -5.299999999999280398, -5.600000000000860290 ) ) ;
#3660 = LINE ( 'NONE', #30, #1095 ) ;
#3661 = CARTESIAN_POINT ( 'NONE',  ( -1.514271573185118180, -2.591864446654382093, -11.13240347778192429 ) ) ;
#3662 = VECTOR ( 'NONE', #3374, 1000.000000000000000 ) ;
#3663 = CARTESIAN_POINT ( 'NONE',  ( 2.090790021169769641, -2.559999999999050146, -2.779157999888000052 ) ) ;
#3664 = APPLICATION_CONTEXT ( 'automotive_design' ) ;
#3665 = ORIENTED_EDGE ( 'NONE', *, *, #607, .T. ) ;
#3666 = VECTOR ( 'NONE', #4324, 1000.000000000000000 ) ;
#3667 = ADVANCED_FACE ( 'NONE', ( #4101 ), #785, .T. ) ;
#3668 = CARTESIAN_POINT ( 'NONE',  ( 2.750000000000899725, -4.208418032298775202, -1.955662937369630150 ) ) ;
#3669 = EDGE_CURVE ( 'NONE', #2205, #3963, #5481, .T. ) ;
#3670 = FACE_OUTER_BOUND ( 'NONE', #1365, .T. ) ;
#3671 = DIRECTION ( 'NONE',  ( -0.5197153285318708571, -0.8543394976758417192, 0.000000000000000000 ) ) ;
#3672 = ORIENTED_EDGE ( 'NONE', *, *, #2875, .F. ) ;
#3673 = AXIS2_PLACEMENT_3D ( 'NONE', #375, #5746, #1454 ) ;
#3674 = EDGE_CURVE ( 'NONE', #6631, #5677, #6060, .T. ) ;
#3675 = DIRECTION ( 'NONE',  ( -1.000000000000000000, 0.000000000000000000, 0.000000000000000000 ) ) ;
#3676 = CARTESIAN_POINT ( 'NONE',  ( -4.500000000000059508, -2.150000000000039879, -11.79999999999999893 ) ) ;
#3677 = ORIENTED_EDGE ( 'NONE', *, *, #4879, .T. ) ;
#3678 = ADVANCED_FACE ( 'NONE', ( #298 ), #5609, .T. ) ;
#3679 = FACE_OUTER_BOUND ( 'NONE', #5384, .T. ) ;
#3680 = PLANE ( 'NONE',  #4736 ) ;
#3681 = ORIENTED_EDGE ( 'NONE', *, *, #6293, .T. ) ;
#3682 = EDGE_CURVE ( 'NONE', #5930, #6865, #859, .T. ) ;
#3683 = PLANE ( 'NONE',  #3115 ) ;
#3684 = CARTESIAN_POINT ( 'NONE',  ( 1.479999999999979998, -8.500000000000000000, -13.23381197846499902 ) ) ;
#3685 = EDGE_CURVE ( 'NONE', #5267, #1904, #968, .T. ) ;
#3686 = PLANE ( 'NONE',  #4110 ) ;
#3687 = ORIENTED_EDGE ( 'NONE', *, *, #5343, .T. ) ;
#3688 = DIRECTION ( 'NONE',  ( 0.000000000000000000, 0.000000000000000000, -1.000000000000000000 ) ) ;
#3689 = CARTESIAN_POINT ( 'NONE',  ( -2.749999999999090061, -4.111624435740880656, -1.748839756839470017 ) ) ;
#3690 = DIRECTION ( 'NONE',  ( 1.000000000000000000, 0.000000000000000000, 0.000000000000000000 ) ) ;
#3691 = ORIENTED_EDGE ( 'NONE', *, *, #6580, .T. ) ;
#3692 = ORIENTED_EDGE ( 'NONE', *, *, #3945, .T. ) ;
#3693 = LINE ( 'NONE', #2688, #2705 ) ;
#3694 = CIRCLE ( 'NONE', #4156, 1.500000000000000000 ) ;
#3695 = CARTESIAN_POINT ( 'NONE',  ( -2.026786536416340212, -2.236097133178090335, -4.992430623593750560 ) ) ;
#3696 = EDGE_CURVE ( 'NONE', #6719, #6544, #4072, .T. ) ;
#3697 = CARTESIAN_POINT ( 'NONE',  ( 0.2791049930997145934, -2.636320626202661277, -10.70943118331680566 ) ) ;
#3698 = CARTESIAN_POINT ( 'NONE',  ( -1.250000000000101696, -8.152359877559360868, -7.599999999999999645 ) ) ;
#3699 = CYLINDRICAL_SURFACE ( 'NONE', #316, 0.4000000000000001887 ) ;
#3700 = AXIS2_PLACEMENT_3D ( 'NONE', #2797, #4405, #103 ) ;
#3701 = VERTEX_POINT ( 'NONE', #6237 ) ;
#3702 = LINE ( 'NONE', #6223, #580 ) ;
#3703 = ADVANCED_FACE ( 'NONE', ( #3566 ), #3595, .F. ) ;
#3704 = DIRECTION ( 'NONE',  ( 0.000000000000000000, 0.000000000000000000, 1.000000000000000000 ) ) ;
#3705 = DIRECTION ( 'NONE',  ( 0.000000000000000000, 0.000000000000000000, -1.000000000000000000 ) ) ;
#3706 = AXIS2_PLACEMENT_3D ( 'NONE', #5346, #560, #28 ) ;
#3707 = CARTESIAN_POINT ( 'NONE',  ( -1.250000000000089928, -8.970710678117649550, -8.246446609405911232 ) ) ;
#3708 = VERTEX_POINT ( 'NONE', #3655 ) ;
#3709 = LINE ( 'NONE', #2774, #3064 ) ;
#3710 = CARTESIAN_POINT ( 'NONE',  ( 1.742569796937233351, -2.635375921386938547, -10.71841944923525958 ) ) ;
#3711 = EDGE_LOOP ( 'NONE', ( #784, #3647, #5890, #2280 ) ) ;
#3712 = DIRECTION ( 'NONE',  ( 0.000000000000000000, 0.000000000000000000, -1.000000000000000000 ) ) ;
#3713 = EDGE_CURVE ( 'NONE', #5387, #6836, #976, .T. ) ;
#3714 = MECHANICAL_DESIGN_GEOMETRIC_PRESENTATION_REPRESENTATION (  '', ( #5739 ), #5183 ) ;
#3715 = ORIENTED_EDGE ( 'NONE', *, *, #5856, .F. ) ;
#3716 = EDGE_CURVE ( 'NONE', #3102, #3539, #5871, .T. ) ;
#3717 = FACE_OUTER_BOUND ( 'NONE', #5118, .T. ) ;
#3718 = FACE_OUTER_BOUND ( 'NONE', #2635, .T. ) ;
#3719 = FACE_OUTER_BOUND ( 'NONE', #5392, .T. ) ;
#3720 = DIRECTION ( 'NONE',  ( 0.000000000000000000, -1.000000000000000000, 0.000000000000000000 ) ) ;
#3721 = CARTESIAN_POINT ( 'NONE',  ( 0.000000000000000000, 0.000000000000000000, -10.14999999999999858 ) ) ;
#3722 = ORIENTED_EDGE ( 'NONE', *, *, #5771, .F. ) ;
#3723 = EDGE_CURVE ( 'NONE', #5507, #3909, #6325, .T. ) ;
#3724 = DIRECTION ( 'NONE',  ( 0.000000000000000000, 0.000000000000000000, 1.000000000000000000 ) ) ;
#3725 = DIRECTION ( 'NONE',  ( 1.000000000000000000, 0.000000000000000000, 0.000000000000000000 ) ) ;
#3726 = DIRECTION ( 'NONE',  ( 0.000000000000000000, -1.000000000000000000, 0.000000000000000000 ) ) ;
#3727 = ORIENTED_EDGE ( 'NONE', *, *, #248, .F. ) ;
#3728 = ORIENTED_EDGE ( 'NONE', *, *, #333, .T. ) ;
#3729 = CARTESIAN_POINT ( 'NONE',  ( 0.1960284920183323898, -11.28914290735733772, -7.599999999999869083 ) ) ;
#3730 = CARTESIAN_POINT ( 'NONE',  ( 0.4785041646990578768, -11.20493800895353154, -7.799999999999999822 ) ) ;
#3731 = SURFACE_STYLE_FILL_AREA ( #5490 ) ;
#3732 = CARTESIAN_POINT ( 'NONE',  ( 0.3747528634395990710, -2.650949904840046667, -10.57024289465822342 ) ) ;
#3733 = CARTESIAN_POINT ( 'NONE',  ( 4.860000000000079368, -10.19999999999910045, -10.80000000000000071 ) ) ;
#3734 = CARTESIAN_POINT ( 'NONE',  ( -1.479999999999979998, -8.500000000000000000, -13.27999999999999936 ) ) ;
#3735 = CARTESIAN_POINT ( 'NONE',  ( 3.900000000000130029, -3.350000000000000089, -13.44999999999999929 ) ) ;
#3736 = DIRECTION ( 'NONE',  ( 0.000000000000000000, 0.000000000000000000, 1.000000000000000000 ) ) ;
#3737 = CARTESIAN_POINT ( 'NONE',  ( 1.977918116910375002, 1.771869641109864890, -9.900000000000000355 ) ) ;
#3738 = DIRECTION ( 'NONE',  ( -1.000000000000000000, 0.000000000000000000, 0.000000000000000000 ) ) ;
#3739 = EDGE_LOOP ( 'NONE', ( #4629, #6434, #1782, #6412, #1125, #1753, #1717, #921, #4651, #3505, #2148 ) ) ;
#3740 = CIRCLE ( 'NONE', #2190, 1.000000000000000000 ) ;
#3741 = CARTESIAN_POINT ( 'NONE',  ( -3.200000000000000178, -5.500000000000000000, -1.000000000000000000 ) ) ;
#3742 = DIRECTION ( 'NONE',  ( 1.000000000000000000, 0.000000000000000000, 0.000000000000000000 ) ) ;
#3743 = ORIENTED_EDGE ( 'NONE', *, *, #2193, .T. ) ;
#3744 = VECTOR ( 'NONE', #4084, 1000.000000000000000 ) ;
#3745 = EDGE_CURVE ( 'NONE', #5511, #1473, #4269, .T. ) ;
#3746 = DIRECTION ( 'NONE',  ( 1.000000000000000000, 0.000000000000000000, 0.000000000000000000 ) ) ;
#3747 = ORIENTED_EDGE ( 'NONE', *, *, #5151, .F. ) ;
#3748 = AXIS2_PLACEMENT_3D ( 'NONE', #1389, #308, #3474 ) ;
#3749 = LINE ( 'NONE', #6911, #449 ) ;
#3750 = ORIENTED_EDGE ( 'NONE', *, *, #4318, .T. ) ;
#3751 = DIRECTION ( 'NONE',  ( 0.000000000000000000, 1.000000000000000000, 0.000000000000000000 ) ) ;
#3752 = DIRECTION ( 'NONE',  ( 0.000000000000000000, 0.000000000000000000, -1.000000000000000000 ) ) ;
#3753 = EDGE_CURVE ( 'NONE', #6773, #3580, #5307, .T. ) ;
#3754 = CARTESIAN_POINT ( 'NONE',  ( -2.749999999999090505, -5.220354428451610573, -2.000570248888654756 ) ) ;
#3755 = CARTESIAN_POINT ( 'NONE',  ( 2.018281576592725113, -2.906897123192799803, -6.230395288045440516 ) ) ;
#3756 = VECTOR ( 'NONE', #3823, 1000.000000000000000 ) ;
#3757 = ORIENTED_EDGE ( 'NONE', *, *, #567, .F. ) ;
#3758 = EDGE_CURVE ( 'NONE', #2205, #1711, #4714, .T. ) ;
#3759 = CARTESIAN_POINT ( 'NONE',  ( 1.075528555105619894E-13, -5.551115123125779547E-14, -13.78000000000000114 ) ) ;
#3760 = CARTESIAN_POINT ( 'NONE',  ( 1.075528555105619894E-13, -5.551115123125779547E-14, -13.78000000000000114 ) ) ;
#3761 = DIRECTION ( 'NONE',  ( 0.000000000000000000, 0.000000000000000000, 1.000000000000000000 ) ) ;
#3762 = AXIS2_PLACEMENT_3D ( 'NONE', #4737, #967, #1594 ) ;
#3763 = ORIENTED_EDGE ( 'NONE', *, *, #3753, .T. ) ;
#3764 =( GEOMETRIC_REPRESENTATION_CONTEXT ( 3 ) GLOBAL_UNCERTAINTY_ASSIGNED_CONTEXT ( ( #6148 ) ) GLOBAL_UNIT_ASSIGNED_CONTEXT ( ( #3018, #862, #1413 ) ) REPRESENTATION_CONTEXT ( 'NONE', 'WORKASPACE' ) );
#3765 = LINE ( 'NONE', #4370, #85 ) ;
#3766 = ADVANCED_FACE ( 'NONE', ( #4293 ), #5799, .T. ) ;
#3767 = VECTOR ( 'NONE', #4291, 1000.000000000000000 ) ;
#3768 = VECTOR ( 'NONE', #1018, 1000.000000000000000 ) ;
#3769 = CARTESIAN_POINT ( 'NONE',  ( -0.4769906117180109928, -3.044195530146629913, -10.58188272637720040 ) ) ;
#3770 = PLANE ( 'NONE',  #2163 ) ;
#3771 = CARTESIAN_POINT ( 'NONE',  ( 4.000000000000000000, 4.299999999999919886, -1.000000000000000000 ) ) ;
#3772 = DIRECTION ( 'NONE',  ( 0.000000000000000000, 1.224646799147351975E-16, 1.000000000000000000 ) ) ;
#3773 = DIRECTION ( 'NONE',  ( 0.000000000000000000, 0.000000000000000000, 1.000000000000000000 ) ) ;
#3774 = ORIENTED_EDGE ( 'NONE', *, *, #2652, .T. ) ;
#3775 = FACE_OUTER_BOUND ( 'NONE', #2876, .T. ) ;
#3776 = VECTOR ( 'NONE', #3385, 999.9999999999998863 ) ;
#3777 = ORIENTED_EDGE ( 'NONE', *, *, #2996, .F. ) ;
#3778 = CARTESIAN_POINT ( 'NONE',  ( -2.500000000000059952, 2.400000000000960032, -1.000000000000000000 ) ) ;
#3779 = VECTOR ( 'NONE', #6867, 1000.000000000000000 ) ;
#3780 = CARTESIAN_POINT ( 'NONE',  ( 1.735968810939980234, 2.003906271150295293, -9.900000000000000355 ) ) ;
#3781 = DIRECTION ( 'NONE',  ( 1.000000000000000000, 0.000000000000000000, 0.000000000000000000 ) ) ;
#3782 = ORIENTED_EDGE ( 'NONE', *, *, #5941, .T. ) ;
#3783 = CARTESIAN_POINT ( 'NONE',  ( -1.199999999999900036, -1.962141687034909987, -13.78000000000000114 ) ) ;
#3784 = CARTESIAN_POINT ( 'NONE',  ( 1.737096297255329658, -2.633190864307605406, -10.73920887864133711 ) ) ;
#3785 = ORIENTED_EDGE ( 'NONE', *, *, #2454, .F. ) ;
#3786 = CYLINDRICAL_SURFACE ( 'NONE', #1313, 0.5000000000000000000 ) ;
#3787 = VERTEX_POINT ( 'NONE', #3168 ) ;
#3788 = AXIS2_PLACEMENT_3D ( 'NONE', #4588, #4482, #706 ) ;
#3789 = AXIS2_PLACEMENT_3D ( 'NONE', #1877, #1982, #869 ) ;
#3790 = CARTESIAN_POINT ( 'NONE',  ( 0.000000000000000000, 0.000000000000000000, -10.14999999999999858 ) ) ;
#3791 = ORIENTED_EDGE ( 'NONE', *, *, #2130, .F. ) ;
#3792 = EDGE_CURVE ( 'NONE', #1391, #5485, #2150, .T. ) ;
#3793 = DIRECTION ( 'NONE',  ( 1.000000000000000000, 0.000000000000000000, 0.000000000000000000 ) ) ;
#3794 = CIRCLE ( 'NONE', #5248, 1.050000000000000044 ) ;
#3795 = FACE_OUTER_BOUND ( 'NONE', #520, .T. ) ;
#3796 = CARTESIAN_POINT ( 'NONE',  ( 3.030782786503039894, -2.199999999999130207, -2.779157999888000052 ) ) ;
#3797 = CARTESIAN_POINT ( 'NONE',  ( -2.247557109910109929, -2.199999999999130207, -9.799999999999998934 ) ) ;
#3798 = ORIENTED_EDGE ( 'NONE', *, *, #4468, .F. ) ;
#3799 = DIRECTION ( 'NONE',  ( 0.000000000000000000, 1.000000000000000000, 0.000000000000000000 ) ) ;
#3800 = CARTESIAN_POINT ( 'NONE',  ( 2.018537944984615251, -2.068363019588630003, -4.883502816590380213 ) ) ;
#3801 = CARTESIAN_POINT ( 'NONE',  ( 2.649999999999999911, -3.245314017740484976E-16, -9.400000000000000355 ) ) ;
#3802 = VERTEX_POINT ( 'NONE', #5831 ) ;
#3803 = LINE ( 'NONE', #1148, #4660 ) ;
#3804 = EDGE_CURVE ( 'NONE', #4248, #6628, #1536, .T. ) ;
#3805 = EDGE_CURVE ( 'NONE', #906, #6841, #3693, .T. ) ;
#3806 = ADVANCED_FACE ( 'NONE', ( #4781 ), #1009, .T. ) ;
#3807 = CARTESIAN_POINT ( 'NONE',  ( -0.3692454791660871316, -2.073507570093820807, -10.42204872171018870 ) ) ;
#3808 =( LENGTH_UNIT ( ) NAMED_UNIT ( * ) SI_UNIT ( .MILLI., .METRE. ) );
#3809 = DIRECTION ( 'NONE',  ( 0.000000000000000000, 0.000000000000000000, 1.000000000000000000 ) ) ;
#3810 = CARTESIAN_POINT ( 'NONE',  ( -2.299999999999080114, -2.000000000000110134, -11.79999999999999893 ) ) ;
#3811 = VERTEX_POINT ( 'NONE', #1075 ) ;
#3812 = FACE_OUTER_BOUND ( 'NONE', #2576, .T. ) ;
#3813 = EDGE_CURVE ( 'NONE', #3238, #2529, #144, .T. ) ;
#3814 = ORIENTED_EDGE ( 'NONE', *, *, #4198, .T. ) ;
#3815 = FACE_OUTER_BOUND ( 'NONE', #6132, .T. ) ;
#3816 = EDGE_CURVE ( 'NONE', #1209, #199, #638, .T. ) ;
#3817 = VECTOR ( 'NONE', #6454, 1000.000000000000000 ) ;
#3818 = CARTESIAN_POINT ( 'NONE',  ( -2.632106234019834901, 0.3568147159707405480, -9.900000000000000355 ) ) ;
#3819 = CARTESIAN_POINT ( 'NONE',  ( 18.18468237128199760, -2.970259389423805185, -3.494704195690109927 ) ) ;
#3820 = DIRECTION ( 'NONE',  ( 0.000000000000000000, -1.000000000000000000, 0.000000000000000000 ) ) ;
#3821 = FACE_OUTER_BOUND ( 'NONE', #3408, .T. ) ;
#3822 = ORIENTED_EDGE ( 'NONE', *, *, #3108, .T. ) ;
#3823 = DIRECTION ( 'NONE',  ( 0.000000000000000000, -0.8386705679446586625, -0.5446390350162058080 ) ) ;
#3824 = ORIENTED_EDGE ( 'NONE', *, *, #4541, .F. ) ;
#3825 = CARTESIAN_POINT ( 'NONE',  ( -4.292893218813452094, 3.799999999999910116, 8.673617379884028570E-16 ) ) ;
#3826 = ORIENTED_EDGE ( 'NONE', *, *, #5285, .T. ) ;
#3827 = CARTESIAN_POINT ( 'NONE',  ( -3.549999999998999733, -5.299999999999280398, -11.90000000000000036 ) ) ;
#3828 = DIRECTION ( 'NONE',  ( 0.000000000000000000, 0.000000000000000000, 1.000000000000000000 ) ) ;
#3829 = CARTESIAN_POINT ( 'NONE',  ( -3.649999999999999911, -5.150000000000099831, -11.79999999999999893 ) ) ;
#3830 = CIRCLE ( 'NONE', #2599, 4.150000000000000355 ) ;
#3831 = VECTOR ( 'NONE', #4984, 1000.000000000000000 ) ;
#3832 = LINE ( 'NONE', #2750, #2200 ) ;
#3833 = ADVANCED_FACE ( 'NONE', ( #177 ), #2722, .T. ) ;
#3834 = ORIENTED_EDGE ( 'NONE', *, *, #3468, .F. ) ;
#3835 = FACE_OUTER_BOUND ( 'NONE', #4972, .T. ) ;
#3836 = DIRECTION ( 'NONE',  ( 0.000000000000000000, 0.000000000000000000, -1.000000000000000000 ) ) ;
#3837 = DIRECTION ( 'NONE',  ( 0.000000000000000000, 1.000000000000000000, 0.000000000000000000 ) ) ;
#3838 = VERTEX_POINT ( 'NONE', #62 ) ;
#3839 = CARTESIAN_POINT ( 'NONE',  ( 1.154921657688763981, -10.52854538944196960, -7.599999999999869971 ) ) ;
#3840 = EDGE_CURVE ( 'NONE', #5301, #5193, #4997, .T. ) ;
#3841 = CARTESIAN_POINT ( 'NONE',  ( 2.750000000000909495, -5.500000000000000000, -5.600000000000860290 ) ) ;
#3842 = DIRECTION ( 'NONE',  ( 0.000000000000000000, 0.8480480961564262898, -0.5299192642332044567 ) ) ;
#3843 = CARTESIAN_POINT ( 'NONE',  ( 0.3142075176064821895, -2.692798837853378036, -10.17207689394863124 ) ) ;
#3844 = ORIENTED_EDGE ( 'NONE', *, *, #6366, .T. ) ;
#3845 = VECTOR ( 'NONE', #4348, 1000.000000000000000 ) ;
#3846 = VERTEX_POINT ( 'NONE', #665 ) ;
#3847 = FACE_OUTER_BOUND ( 'NONE', #2903, .T. ) ;
#3848 = ORIENTED_EDGE ( 'NONE', *, *, #4425, .F. ) ;
#3849 = PLANE ( 'NONE',  #6516 ) ;
#3850 = CARTESIAN_POINT ( 'NONE',  ( -2.560105494074499610, 0.7074274619731739655, -9.900000000000000355 ) ) ;
#3851 = DIRECTION ( 'NONE',  ( 0.000000000000000000, 0.000000000000000000, 1.000000000000000000 ) ) ;
#3852 = CARTESIAN_POINT ( 'NONE',  ( -3.649999999999999911, -5.150000000000099831, -5.299999999999999822 ) ) ;
#3853 = CARTESIAN_POINT ( 'NONE',  ( 1.110223024625159948E-13, -5.551115123125779547E-14, -13.44999999999999929 ) ) ;
#3854 = ORIENTED_EDGE ( 'NONE', *, *, #2840, .F. ) ;
#3855 = CARTESIAN_POINT ( 'NONE',  ( -2.037134352765114897, -3.043296795206259731, -6.084124547720549891 ) ) ;
#3856 = EDGE_CURVE ( 'NONE', #824, #5255, #3765, .T. ) ;
#3857 = VERTEX_POINT ( 'NONE', #1637 ) ;
#3858 = DIRECTION ( 'NONE',  ( 0.000000000000000000, 0.000000000000000000, -1.000000000000000000 ) ) ;
#3859 = EDGE_LOOP ( 'NONE', ( #2524, #1682, #2887 ) ) ;
#3860 = DIRECTION ( 'NONE',  ( 1.000000000000000000, 0.000000000000000000, 0.000000000000000000 ) ) ;
#3861 = ORIENTED_EDGE ( 'NONE', *, *, #3623, .T. ) ;
#3862 = DIRECTION ( 'NONE',  ( 0.000000000000000000, 0.000000000000000000, 1.000000000000000000 ) ) ;
#3863 = ORIENTED_EDGE ( 'NONE', *, *, #5740, .T. ) ;
#3864 = CARTESIAN_POINT ( 'NONE',  ( -1.479999999999999982, -9.820000000000000284, -13.41999999999999993 ) ) ;
#3865 = PLANE ( 'NONE',  #200 ) ;
#3866 = CIRCLE ( 'NONE', #867, 0.2699999999999998512 ) ;
#3867 = ORIENTED_EDGE ( 'NONE', *, *, #5268, .F. ) ;
#3868 = DIRECTION ( 'NONE',  ( 1.000000000000000000, 0.000000000000000000, 0.000000000000000000 ) ) ;
#3869 = CYLINDRICAL_SURFACE ( 'NONE', #4237, 3.149999999999999911 ) ;
#3870 = DIRECTION ( 'NONE',  ( 0.000000000000000000, 1.000000000000000000, 0.000000000000000000 ) ) ;
#3871 = ORIENTED_EDGE ( 'NONE', *, *, #5769, .T. ) ;
#3872 = CARTESIAN_POINT ( 'NONE',  ( 2.750000000000909495, -2.926752996890749969, -3.928913857009459942 ) ) ;
#3873 = PLANE ( 'NONE',  #6190 ) ;
#3874 = VECTOR ( 'NONE', #3335, 1000.000000000000000 ) ;
#3875 = CARTESIAN_POINT ( 'NONE',  ( 1.200000000000089884, -1.962141687034069992, -13.41999999999999993 ) ) ;
#3876 = CARTESIAN_POINT ( 'NONE',  ( 2.632060529481464961, -1.199999999999980194, -9.838131157021754447 ) ) ;
#3877 = DIRECTION ( 'NONE',  ( 0.000000000000000000, 0.000000000000000000, 1.000000000000000000 ) ) ;
#3878 = VERTEX_POINT ( 'NONE', #5910 ) ;
#3879 = EDGE_CURVE ( 'NONE', #824, #5964, #3092, .T. ) ;
#3880 = ORIENTED_EDGE ( 'NONE', *, *, #1127, .F. ) ;
#3881 = EDGE_CURVE ( 'NONE', #5828, #6048, #5946, .T. ) ;
#3882 = CYLINDRICAL_SURFACE ( 'NONE', #5821, 1.000000000000000000 ) ;
#3883 = VECTOR ( 'NONE', #99, 1000.000000000000000 ) ;
#3884 = ORIENTED_EDGE ( 'NONE', *, *, #2235, .F. ) ;
#3885 = VECTOR ( 'NONE', #3948, 999.9999999999998863 ) ;
#3886 = DIRECTION ( 'NONE',  ( 0.000000000000000000, -1.000000000000000000, 0.000000000000000000 ) ) ;
#3887 = FACE_OUTER_BOUND ( 'NONE', #2179, .T. ) ;
#3888 = FACE_OUTER_BOUND ( 'NONE', #5428, .T. ) ;
#3889 = CIRCLE ( 'NONE', #4460, 1.050000000000000044 ) ;
#3890 = SURFACE_STYLE_USAGE ( .BOTH. , #194 ) ;
#3891 = EDGE_LOOP ( 'NONE', ( #1469, #250, #2279, #5305 ) ) ;
#3892 = CARTESIAN_POINT ( 'NONE',  ( 4.292893218813452094, -6.000000000000062172, 1.283108069837011092E-15 ) ) ;
#3893 = EDGE_CURVE ( 'NONE', #4744, #4218, #6427, .T. ) ;
#3894 = ORIENTED_EDGE ( 'NONE', *, *, #1508, .T. ) ;
#3895 = ADVANCED_FACE ( 'NONE', ( #4330 ), #3379, .T. ) ;
#3896 = VECTOR ( 'NONE', #2288, 1000.000000000000000 ) ;
#3897 = EDGE_CURVE ( 'NONE', #1630, #6680, #3803, .T. ) ;
#3898 = LINE ( 'NONE', #2815, #3342 ) ;
#3899 = EDGE_LOOP ( 'NONE', ( #57, #726 ) ) ;
#3900 = CARTESIAN_POINT ( 'NONE',  ( -1.000000000000000000, 2.000000000000000000, -2.100000000000049827 ) ) ;
#3901 = ORIENTED_EDGE ( 'NONE', *, *, #955, .T. ) ;
#3902 = AXIS2_PLACEMENT_3D ( 'NONE', #1780, #2379, #3487 ) ;
#3903 = PLANE ( 'NONE',  #5236 ) ;
#3904 = ORIENTED_EDGE ( 'NONE', *, *, #4036, .F. ) ;
#3905 = CARTESIAN_POINT ( 'NONE',  ( 8.847089727481720220E-13, -5.500000000000000000, -5.600000000000860290 ) ) ;
#3906 = LINE ( 'NONE', #656, #4876 ) ;
#3907 = AXIS2_PLACEMENT_3D ( 'NONE', #6507, #1117, #3842 ) ;
#3908 = EDGE_CURVE ( 'NONE', #6788, #6386, #2545, .T. ) ;
#3909 = VERTEX_POINT ( 'NONE', #1179 ) ;
#3910 = AXIS2_PLACEMENT_3D ( 'NONE', #1779, #5483, #288 ) ;
#3911 = EDGE_CURVE ( 'NONE', #4929, #3378, #6792, .T. ) ;
#3912 = CARTESIAN_POINT ( 'NONE',  ( 0.4041090024248558676, -4.760204666243097904, -4.721805525395510017 ) ) ;
#3913 = CARTESIAN_POINT ( 'NONE',  ( 18.18468237128199760, -2.565897943161310035, -6.596072138854779610 ) ) ;
#3914 = LINE ( 'NONE', #4403, #3662 ) ;
#3915 = EDGE_LOOP ( 'NONE', ( #768, #2858, #5323, #6581 ) ) ;
#3916 = DIRECTION ( 'NONE',  ( 0.000000000000000000, 0.000000000000000000, 1.000000000000000000 ) ) ;
#3917 = LINE ( 'NONE', #178, #6847 ) ;
#3918 = CARTESIAN_POINT ( 'NONE',  ( 0.5043465407474991835, -5.299999999999278621, -5.973661336628158125 ) ) ;
#3919 = CARTESIAN_POINT ( 'NONE',  ( 3.200000000000980283, -5.150000000000099831, -11.79999999999999893 ) ) ;
#3920 = CARTESIAN_POINT ( 'NONE',  ( 2.750000000000909495, -3.137993503012869834, -3.603632002693439862 ) ) ;
#3921 = ORIENTED_EDGE ( 'NONE', *, *, #4822, .T. ) ;
#3922 = EDGE_LOOP ( 'NONE', ( #969, #1300, #6074, #6868 ) ) ;
#3923 = FACE_OUTER_BOUND ( 'NONE', #5586, .T. ) ;
#3924 = ORIENTED_EDGE ( 'NONE', *, *, #6276, .F. ) ;
#3925 = EDGE_CURVE ( 'NONE', #6652, #5692, #4924, .T. ) ;
#3926 =( BOUNDED_SURFACE ( )  B_SPLINE_SURFACE ( 3, 3, ( 
 ( #3525, #5639, #4515, #775 ),
 ( #5139, #1819, #5602, #1926 ),
 ( #4064, #883, #1293, #5074 ),
 ( #6231, #6754, #1437, #359 ) ),
 .UNSPECIFIED., .F., .F., .F. ) 
 B_SPLINE_SURFACE_WITH_KNOTS ( ( 4, 4 ),
 ( 4, 4 ),
 ( 0.000000000000000000, 1.000000000000000000 ),
 ( 0.000000000000000000, 1.000000000000000000 ),
 .UNSPECIFIED. ) 
 GEOMETRIC_REPRESENTATION_ITEM ( )  RATIONAL_B_SPLINE_SURFACE ( (
 ( 1.000000000000000000, 0.8047378541243649375, 0.8047378541243649375, 1.000000000000000000),
 ( 0.8047378541243649375, 0.6476030138606879705, 0.6476030138606879705, 0.8047378541243649375),
 ( 0.8047378541243649375, 0.6476030138606879705, 0.6476030138606879705, 0.8047378541243649375),
 ( 1.000000000000000000, 0.8047378541243649375, 0.8047378541243649375, 1.000000000000000000) ) ) 
 REPRESENTATION_ITEM ( '' )  SURFACE ( )  );
#3927 = CARTESIAN_POINT ( 'NONE',  ( -2.299999999999080114, -2.000000000000110134, -11.79999999999999893 ) ) ;
#3928 = DIRECTION ( 'NONE',  ( 0.000000000000000000, 0.000000000000000000, -1.000000000000000000 ) ) ;
#3929 = DIRECTION ( 'NONE',  ( 0.000000000000000000, 0.000000000000000000, 1.000000000000000000 ) ) ;
#3930 = VERTEX_POINT ( 'NONE', #738 ) ;
#3931 = CYLINDRICAL_SURFACE ( 'NONE', #2273, 0.1999999999999996503 ) ;
#3932 = EDGE_CURVE ( 'NONE', #1750, #507, #218, .T. ) ;
#3933 = ORIENTED_EDGE ( 'NONE', *, *, #5169, .F. ) ;
#3934 = VECTOR ( 'NONE', #4395, 1000.000000000000000 ) ;
#3935 = CARTESIAN_POINT ( 'NONE',  ( -4.292893218813457423, 4.299999999999911005, -0.2071067811865469066 ) ) ;
#3936 = ORIENTED_EDGE ( 'NONE', *, *, #6397, .F. ) ;
#3937 = DIRECTION ( 'NONE',  ( 0.000000000000000000, -1.000000000000000000, 0.000000000000000000 ) ) ;
#3938 = ORIENTED_EDGE ( 'NONE', *, *, #4321, .T. ) ;
#3939 = B_SPLINE_CURVE_WITH_KNOTS ( 'NONE', 3,
 ( #3636, #3084, #4174, #1552, #4114, #6221 ),
 .UNSPECIFIED., .F., .F.,
 ( 4, 2, 4 ),
 ( 0.000000000000000000, 0.5000000000000000000, 1.000000000000000000 ),
 .UNSPECIFIED. ) ;
#3940 = CARTESIAN_POINT ( 'NONE',  ( -1.479999999999976001, -9.364807621134989546, -13.73310889132465995 ) ) ;
#3942 = ORIENTED_EDGE ( 'NONE', *, *, #4630, .T. ) ;
#3941 = MECHANICAL_DESIGN_GEOMETRIC_PRESENTATION_REPRESENTATION (  '', ( #6283 ), #5383 ) ;
#3943 = CARTESIAN_POINT ( 'NONE',  ( -4.150000000000000355, 0.000000000000000000, -11.79999999999999893 ) ) ;
#3944 = CARTESIAN_POINT ( 'NONE',  ( 18.18468237128199760, -4.699999999999820766, -2.299999999999999822 ) ) ;
#3945 = EDGE_CURVE ( 'NONE', #81, #4024, #3490, .T. ) ;
#3946 = EDGE_CURVE ( 'NONE', #2782, #3539, #4586, .T. ) ;
#3947 = EDGE_LOOP ( 'NONE', ( #4385, #930, #757, #2151, #2562, #6033 ) ) ;
#3948 = DIRECTION ( 'NONE',  ( 0.000000000000000000, 0.7071067811866840191, -0.7071067811864111263 ) ) ;
#3949 = LINE ( 'NONE', #3486, #6593 ) ;
#3950 = CARTESIAN_POINT ( 'NONE',  ( 0.000000000000000000, 0.000000000000000000, 0.000000000000000000 ) ) ;
#3951 = CIRCLE ( 'NONE', #1490, 2.299999999999999822 ) ;
#3952 = ORIENTED_EDGE ( 'NONE', *, *, #834, .T. ) ;
#3953 = LINE ( 'NONE', #3452, #3200 ) ;
#3954 = AXIS2_PLACEMENT_3D ( 'NONE', #602, #1794, #3886 ) ;
#3955 = STYLED_ITEM ( 'NONE', ( #5450 ), #1223 ) ;
#3956 = EDGE_CURVE ( 'NONE', #1055, #81, #6681, .T. ) ;
#3957 = CARTESIAN_POINT ( 'NONE',  ( 18.18468237128199760, -2.068363019588649987, -4.883502816590429063 ) ) ;
#3958 = CARTESIAN_POINT ( 'NONE',  ( -0.1327202380213172994, -5.299999999999280398, -6.099857143887211564 ) ) ;
#3959 = CARTESIAN_POINT ( 'NONE',  ( 2.881071437174210104, -1.199999999999980194, -9.568858620408052573 ) ) ;
#3960 = CARTESIAN_POINT ( 'NONE',  ( -1.777709254452040089, -2.659722563033219966, -10.48677662737594041 ) ) ;
#3961 = VERTEX_POINT ( 'NONE', #1371 ) ;
#3962 = ORIENTED_EDGE ( 'NONE', *, *, #5940, .T. ) ;
#3963 = VERTEX_POINT ( 'NONE', #3987 ) ;
#3964 = PLANE ( 'NONE',  #1947 ) ;
#3965 = CARTESIAN_POINT ( 'NONE',  ( -0.1792620329498615106, 2.649972417633795096, -9.900000000000000355 ) ) ;
#3966 = CARTESIAN_POINT ( 'NONE',  ( -1.549999999999049916, -6.500000000000000000, -11.79999999999999893 ) ) ;
#3967 = CARTESIAN_POINT ( 'NONE',  ( 1.398380849237798262, -2.584540673278658218, -11.20208452685874967 ) ) ;
#3968 = VERTEX_POINT ( 'NONE', #5173 ) ;
#3969 = CARTESIAN_POINT ( 'NONE',  ( -1.279896855207083961, -2.582763714275670086, -11.21899116183752021 ) ) ;
#3970 = AXIS2_PLACEMENT_3D ( 'NONE', #5360, #5320, #538 ) ;
#3971 = ORIENTED_EDGE ( 'NONE', *, *, #5043, .F. ) ;
#3972 = CARTESIAN_POINT ( 'NONE',  ( -4.500000000000002665, 3.799999999999910116, -0.4999999999999986677 ) ) ;
#3973 = VERTEX_POINT ( 'NONE', #2452 ) ;
#3974 = CARTESIAN_POINT ( 'NONE',  ( 8.847089727481720220E-13, -5.500000000000000000, -5.600000000000860290 ) ) ;
#3975 = ORIENTED_EDGE ( 'NONE', *, *, #3014, .T. ) ;
#3976 = CARTESIAN_POINT ( 'NONE',  ( -9.662512969806918761, -3.100000000000049827, -13.78000000000000114 ) ) ;
#3977 = ORIENTED_EDGE ( 'NONE', *, *, #6286, .F. ) ;
#3978 = CARTESIAN_POINT ( 'NONE',  ( -4.150000000000000355, 0.000000000000000000, -3.500000000000000000 ) ) ;
#3979 = EDGE_CURVE ( 'NONE', #4069, #6106, #6720, .T. ) ;
#3980 = CARTESIAN_POINT ( 'NONE',  ( 3.150000002491316398, -0.5010738569285944077, -9.692893218813470213 ) ) ;
#3981 = VERTEX_POINT ( 'NONE', #388 ) ;
#3982 = CARTESIAN_POINT ( 'NONE',  ( 1.249999999999970024, -9.749999999998358646, -7.799999999999999822 ) ) ;
#3983 = DIRECTION ( 'NONE',  ( 0.000000000000000000, 0.000000000000000000, 1.000000000000000000 ) ) ;
#3984 = DIRECTION ( 'NONE',  ( 0.000000000000000000, -0.5299192642332050118, -0.8480480961564259568 ) ) ;
#3985 = VECTOR ( 'NONE', #2008, 1000.000000000000000 ) ;
#3986 = ORIENTED_EDGE ( 'NONE', *, *, #4962, .F. ) ;
#3987 = CARTESIAN_POINT ( 'NONE',  ( 1.644264407092789870, -2.781668093413519838, -11.23989685449770093 ) ) ;
#3988 = AXIS2_PLACEMENT_3D ( 'NONE', #4696, #1953, #931 ) ;
#3989 = EDGE_CURVE ( 'NONE', #537, #3857, #5672, .T. ) ;
#3990 = AXIS2_PLACEMENT_3D ( 'NONE', #2622, #5089, #1356 ) ;
#3991 = EDGE_CURVE ( 'NONE', #4187, #1462, #6612, .T. ) ;
#3992 = DIRECTION ( 'NONE',  ( -0.000000000000000000, 0.4999999999999711897, 0.8660254037844553610 ) ) ;
#3993 = CARTESIAN_POINT ( 'NONE',  ( -0.6136495351277172494, -5.299999999999278621, -5.900648686714774271 ) ) ;
#3994 = DIRECTION ( 'NONE',  ( 0.000000000000000000, -0.5446390350149148407, 0.8386705679454968809 ) ) ;
#3995 = CARTESIAN_POINT ( 'NONE',  ( 1.550000000000050004, -3.350000000000000089, -14.40000000000000036 ) ) ;
#3996 = ORIENTED_EDGE ( 'NONE', *, *, #3956, .T. ) ;
#3997 = ORIENTED_EDGE ( 'NONE', *, *, #3596, .T. ) ;
#3998 = EDGE_CURVE ( 'NONE', #2034, #2925, #3953, .T. ) ;
#3999 = DIRECTION ( 'NONE',  ( 0.000000000000000000, 0.000000000000000000, 1.000000000000000000 ) ) ;
#4000 = ORIENTED_EDGE ( 'NONE', *, *, #5457, .T. ) ;
#4001 = ORIENTED_EDGE ( 'NONE', *, *, #140, .F. ) ;
#4002 = AXIS2_PLACEMENT_3D ( 'NONE', #2740, #2220, #2290 ) ;
#4003 = DIRECTION ( 'NONE',  ( 0.000000000000000000, 0.000000000000000000, 1.000000000000000000 ) ) ;
#4004 = ADVANCED_FACE ( 'NONE', ( #4549 ), #3926, .T. ) ;
#4005 = CARTESIAN_POINT ( 'NONE',  ( -1.550000000000830047, -6.349999999999999645, -13.44999999999999929 ) ) ;
#4006 = CARTESIAN_POINT ( 'NONE',  ( 2.299999999999859934, 0.000000000000000000, -9.900000000000000355 ) ) ;
#4007 = VECTOR ( 'NONE', #1334, 1000.000000000000000 ) ;
#4008 = ORIENTED_EDGE ( 'NONE', *, *, #4422, .F. ) ;
#4009 = APPLICATION_CONTEXT ( 'automotive_design' ) ;
#4010 = CARTESIAN_POINT ( 'NONE',  ( 4.499999999999997335, -6.292893218813508049, -0.4999999999999986677 ) ) ;
#4011 = AXIS2_PLACEMENT_3D ( 'NONE', #4315, #1662, #3793 ) ;
#4012 = VERTEX_POINT ( 'NONE', #2487 ) ;
#4013 = CARTESIAN_POINT ( 'NONE',  ( 2.750000000000909495, -4.335344154740724321, -1.813350289673678839 ) ) ;
#4014 = AXIS2_PLACEMENT_3D ( 'NONE', #1139, #3264, #5402 ) ;
#4015 = DIRECTION ( 'NONE',  ( 0.000000000000000000, 0.000000000000000000, 1.000000000000000000 ) ) ;
#4016 = VERTEX_POINT ( 'NONE', #2414 ) ;
#4017 = CARTESIAN_POINT ( 'NONE',  ( 2.750000000000909495, -4.700000144167390204, -1.699608054491450027 ) ) ;
#4018 = ORIENTED_EDGE ( 'NONE', *, *, #1943, .T. ) ;
#4019 = LINE ( 'NONE', #872, #2902 ) ;
#4020 = ORIENTED_EDGE ( 'NONE', *, *, #5479, .T. ) ;
#4021 = CARTESIAN_POINT ( 'NONE',  ( -0.7990040068306507592, -5.299999999999280398, -4.484539912983841248 ) ) ;
#4022 = LINE ( 'NONE', #4578, #2317 ) ;
#4023 = VECTOR ( 'NONE', #5996, 1000.000000000000000 ) ;
#4024 = VERTEX_POINT ( 'NONE', #818 ) ;
#4025 = EDGE_CURVE ( 'NONE', #2822, #3846, #2382, .T. ) ;
#4026 = CARTESIAN_POINT ( 'NONE',  ( -3.899999999999789857, -3.350000000000000089, -14.40000000000000036 ) ) ;
#4027 = FACE_OUTER_BOUND ( 'NONE', #4100, .T. ) ;
#4028 = CARTESIAN_POINT ( 'NONE',  ( 2.017414617852712144, -3.061057917703948750, -6.493868498450709126 ) ) ;
#4029 = ORIENTED_EDGE ( 'NONE', *, *, #1719, .F. ) ;
#4030 = CARTESIAN_POINT ( 'NONE',  ( -3.200000000000000178, -5.500000000000000000, -5.299999999999999822 ) ) ;
#4031 = CARTESIAN_POINT ( 'NONE',  ( 1.479999999999979998, -7.460192378863940377, -13.78000000000000114 ) ) ;
#4032 = LINE ( 'NONE', #1374, #793 ) ;
#4033 = CARTESIAN_POINT ( 'NONE',  ( 2.362731470142100054, -1.199999999999979972, -9.900000000000000355 ) ) ;
#4034 = VECTOR ( 'NONE', #3051, 1000.000000000000000 ) ;
#4035 = EDGE_LOOP ( 'NONE', ( #4609, #3904, #2609, #1550 ) ) ;
#4036 = EDGE_CURVE ( 'NONE', #6546, #4942, #6645, .T. ) ;
#4037 = VERTEX_POINT ( 'NONE', #3558 ) ;
#4038 = CARTESIAN_POINT ( 'NONE',  ( -4.500000000000059508, 0.000000000000000000, -3.500000000000000000 ) ) ;
#4039 = EDGE_CURVE ( 'NONE', #994, #2420, #2940, .T. ) ;
#4040 = ADVANCED_FACE ( 'NONE', ( #2974 ), #291, .T. ) ;
#4041 = ORIENTED_EDGE ( 'NONE', *, *, #603, .F. ) ;
#4042 = CARTESIAN_POINT ( 'NONE',  ( 4.860000000000079368, -2.559999999999050146, -9.799999999999998934 ) ) ;
#4043 = DIRECTION ( 'NONE',  ( 1.000000000000000000, 0.000000000000000000, 0.000000000000000000 ) ) ;
#4044 = CARTESIAN_POINT ( 'NONE',  ( 18.18468237128199760, -2.283098795542555237, -5.375228444583549425 ) ) ;
#4045 = ORIENTED_EDGE ( 'NONE', *, *, #1814, .F. ) ;
#4046 = CARTESIAN_POINT ( 'NONE',  ( -2.299999999999895017, -5.522948246745389327E-14, -13.41999999999999993 ) ) ;
#4047 = ADVANCED_FACE ( 'NONE', ( #6121 ), #3686, .T. ) ;
#4048 = CARTESIAN_POINT ( 'NONE',  ( 1.249999999999949152, -5.299999999999879030, -7.504719755118737901 ) ) ;
#4049 = DIRECTION ( 'NONE',  ( 0.000000000000000000, -1.000000000000000000, 0.000000000000000000 ) ) ;
#4050 = EDGE_LOOP ( 'NONE', ( #2296, #4968, #6266, #5091 ) ) ;
#4051 = ORIENTED_EDGE ( 'NONE', *, *, #3234, .F. ) ;
#4052 = CARTESIAN_POINT ( 'NONE',  ( 3.900000000000130029, 0.04999999999993899602, -13.40000000000000036 ) ) ;
#4053 = ORIENTED_EDGE ( 'NONE', *, *, #6582, .F. ) ;
#4054 = DIRECTION ( 'NONE',  ( 0.000000000000000000, 0.000000000000000000, 1.000000000000000000 ) ) ;
#4055 = CARTESIAN_POINT ( 'NONE',  ( -2.650003848313224886, 2.300336605207434991E-09, -9.900000000000000355 ) ) ;
#4056 = MECHANICAL_DESIGN_GEOMETRIC_PRESENTATION_REPRESENTATION (  '', ( #135 ), #3488 ) ;
#4057 = ORIENTED_EDGE ( 'NONE', *, *, #6171, .F. ) ;
#4058 = DIRECTION ( 'NONE',  ( 0.000000000000000000, 1.000000000000000000, 0.000000000000000000 ) ) ;
#4059 = CYLINDRICAL_SURFACE ( 'NONE', #6260, 0.5000000000000004441 ) ;
#4060 = CARTESIAN_POINT ( 'NONE',  ( -3.200000000000000178, -2.599999999999050182, -11.79999999999999893 ) ) ;
#4061 = AXIS2_PLACEMENT_3D ( 'NONE', #456, #5244, #2167 ) ;
#4062 = ORIENTED_EDGE ( 'NONE', *, *, #1508, .F. ) ;
#4063 = EDGE_CURVE ( 'NONE', #1846, #5580, #5861, .T. ) ;
#4064 = CARTESIAN_POINT ( 'NONE',  ( -4.500000000000002665, -6.000000000000062172, -0.2071067811865460739 ) ) ;
#4065 = DIRECTION ( 'NONE',  ( 1.000000000000000000, 0.000000000000000000, 0.000000000000000000 ) ) ;
#4066 = AXIS2_PLACEMENT_3D ( 'NONE', #3416, #6123, #1821 ) ;
#4067 = LINE ( 'NONE', #5794, #1671 ) ;
#4068 = DIRECTION ( 'NONE',  ( 0.000000000000000000, 1.000000000000000000, 0.000000000000000000 ) ) ;
#4069 = VERTEX_POINT ( 'NONE', #3061 ) ;
#4070 = ORIENTED_EDGE ( 'NONE', *, *, #2037, .T. ) ;
#4071 = EDGE_CURVE ( 'NONE', #5997, #3130, #6284, .T. ) ;
#4072 = LINE ( 'NONE', #365, #5498 ) ;
#4073 = VECTOR ( 'NONE', #3746, 1000.000000000000000 ) ;
#4074 = VECTOR ( 'NONE', #6071, 1000.000000000000227 ) ;
#4075 = CARTESIAN_POINT ( 'NONE',  ( 0.07658512049671838129, -2.739046714313314368, -10.01125925989606280 ) ) ;
#4076 = CARTESIAN_POINT ( 'NONE',  ( 1.075528555105619894E-13, -5.551115123125779547E-14, -13.78000000000000114 ) ) ;
#4077 = EDGE_CURVE ( 'NONE', #101, #800, #4253, .T. ) ;
#4078 = SHAPE_DEFINITION_REPRESENTATION ( #5230, #1985 ) ;
#4079 = ORIENTED_EDGE ( 'NONE', *, *, #1198, .T. ) ;
#4080 = LINE ( 'NONE', #897, #1597 ) ;
#4081 = DIRECTION ( 'NONE',  ( -1.000000000000000000, 0.000000000000000000, 0.000000000000000000 ) ) ;
#4082 = PLANE ( 'NONE',  #5921 ) ;
#4083 = ORIENTED_EDGE ( 'NONE', *, *, #2048, .F. ) ;
#4084 = DIRECTION ( 'NONE',  ( -1.000000000000000000, 0.000000000000000000, 0.000000000000000000 ) ) ;
#4085 = PLANE ( 'NONE',  #2223 ) ;
#4086 = ORIENTED_EDGE ( 'NONE', *, *, #6692, .F. ) ;
#4087 = VECTOR ( 'NONE', #3529, 1000.000000000000000 ) ;
#4088 = DIRECTION ( 'NONE',  ( 0.000000000000000000, 0.000000000000000000, 1.000000000000000000 ) ) ;
#4089 = ADVANCED_FACE ( 'NONE', ( #6385 ), #4705, .T. ) ;
#4090 = CARTESIAN_POINT ( 'NONE',  ( 2.173248591432149990, -3.137993503012999952, -3.603632002693479830 ) ) ;
#4091 = ORIENTED_EDGE ( 'NONE', *, *, #4811, .T. ) ;
#4092 = CARTESIAN_POINT ( 'NONE',  ( -1.550000000000830047, -6.349999999999999645, -13.44999999999999929 ) ) ;
#4093 = DIRECTION ( 'NONE',  ( 0.000000000000000000, 1.000000000000000000, 0.000000000000000000 ) ) ;
#4094 = ORIENTED_EDGE ( 'NONE', *, *, #5345, .F. ) ;
#4095 = DIRECTION ( 'NONE',  ( -1.000000000000000000, 0.000000000000000000, 0.000000000000000000 ) ) ;
#4096 = DIRECTION ( 'NONE',  ( 0.000000000000000000, 0.000000000000000000, 1.000000000000000000 ) ) ;
#4097 = DIRECTION ( 'NONE',  ( 0.000000000000000000, 0.000000000000000000, 1.000000000000000000 ) ) ;
#4098 = CARTESIAN_POINT ( 'NONE',  ( 1.200000000000089884, -3.100000000000049827, -13.78000000000000114 ) ) ;
#4099 = ORIENTED_EDGE ( 'NONE', *, *, #2087, .T. ) ;
#4100 = EDGE_LOOP ( 'NONE', ( #2758, #1491, #1872, #2752, #6521, #2811, #3549, #2944 ) ) ;
#4101 = FACE_OUTER_BOUND ( 'NONE', #2803, .T. ) ;
#4102 = VECTOR ( 'NONE', #154, 1000.000000000000000 ) ;
#4103 = CARTESIAN_POINT ( 'NONE',  ( -0.06705006636455446145, -2.802242928591947457, -9.981875258551003327 ) ) ;
#4104 = EDGE_CURVE ( 'NONE', #5975, #746, #1001, .T. ) ;
#4105 = CARTESIAN_POINT ( 'NONE',  ( -2.173248591432209498, -3.137993503012869834, -3.603632002693434533 ) ) ;
#4106 = DIRECTION ( 'NONE',  ( 0.000000000000000000, 0.000000000000000000, -1.000000000000000000 ) ) ;
#4107 = VERTEX_POINT ( 'NONE', #5333 ) ;
#4108 = VECTOR ( 'NONE', #4472, 1000.000000000000000 ) ;
#4109 = CARTESIAN_POINT ( 'NONE',  ( 2.750000000000909051, -4.264490525123710185, -1.875676474069606581 ) ) ;
#4110 = AXIS2_PLACEMENT_3D ( 'NONE', #2028, #2580, #1996 ) ;
#4111 = FACE_OUTER_BOUND ( 'NONE', #774, .T. ) ;
#4112 = EDGE_LOOP ( 'NONE', ( #3025, #3653, #2476, #5415 ) ) ;
#4113 = ORIENTED_EDGE ( 'NONE', *, *, #1852, .F. ) ;
#4114 = CARTESIAN_POINT ( 'NONE',  ( -1.250000000000089928, -8.849259856556432879, -8.266417144082319979 ) ) ;
#4115 = ORIENTED_EDGE ( 'NONE', *, *, #104, .F. ) ;
#4116 = EDGE_CURVE ( 'NONE', #745, #719, #1495, .T. ) ;
#4117 = CARTESIAN_POINT ( 'NONE',  ( -2.989999999999950031, -2.559999999999050146, -2.779157999888000052 ) ) ;
#4118 = CARTESIAN_POINT ( 'NONE',  ( 1.249999999999970246, -5.644095456203364058, -7.599999999999950795 ) ) ;
#4119 = EDGE_CURVE ( 'NONE', #627, #3701, #1995, .T. ) ;
#4120 = CIRCLE ( 'NONE', #4770, 1.199999999999929789 ) ;
#4121 = ORIENTED_EDGE ( 'NONE', *, *, #1284, .F. ) ;
#4122 = EDGE_CURVE ( 'NONE', #3294, #2893, #5300, .T. ) ;
#4123 = VECTOR ( 'NONE', #318, 999.9999999999998863 ) ;
#4124 = DIRECTION ( 'NONE',  ( 1.000000000000000000, 0.000000000000000000, 0.000000000000000000 ) ) ;
#4125 = DIRECTION ( 'NONE',  ( 0.000000000000000000, 0.000000000000000000, -1.000000000000000000 ) ) ;
#4126 = EDGE_CURVE ( 'NONE', #4558, #5485, #1083, .T. ) ;
#4127 = CARTESIAN_POINT ( 'NONE',  ( 3.200000000000980283, -2.150000000000039879, -9.750000000000000000 ) ) ;
#4128 = EDGE_CURVE ( 'NONE', #5190, #1362, #6348, .T. ) ;
#4129 = AXIS2_PLACEMENT_3D ( 'NONE', #3676, #2603, #4729 ) ;
#4130 = FACE_OUTER_BOUND ( 'NONE', #4479, .T. ) ;
#4131 = FACE_OUTER_BOUND ( 'NONE', #2093, .T. ) ;
#4132 = LINE ( 'NONE', #5707, #4411 ) ;
#4133 = ORIENTED_EDGE ( 'NONE', *, *, #146, .F. ) ;
#4134 = VERTEX_POINT ( 'NONE', #4215 ) ;
#4135 = LINE ( 'NONE', #2390, #703 ) ;
#4136 = VECTOR ( 'NONE', #420, 1000.000000000000000 ) ;
#4137 = VECTOR ( 'NONE', #6336, 1000.000000000000000 ) ;
#4138 = CARTESIAN_POINT ( 'NONE',  ( 0.7246541511843601624, -11.07511086685953217, -7.799999999999997158 ) ) ;
#4139 = VECTOR ( 'NONE', #6157, 1000.000000000000000 ) ;
#4140 = DIRECTION ( 'NONE',  ( -1.000000000000000000, 0.000000000000000000, 0.000000000000000000 ) ) ;
#4141 = LINE ( 'NONE', #4044, #4435 ) ;
#4142 = ORIENTED_EDGE ( 'NONE', *, *, #6669, .T. ) ;
#4143 = ADVANCED_FACE ( 'NONE', ( #6817 ), #513, .F. ) ;
#4144 = LINE ( 'NONE', #4601, #5146 ) ;
#4145 = ORIENTED_EDGE ( 'NONE', *, *, #2353, .F. ) ;
#4146 = EDGE_LOOP ( 'NONE', ( #42, #6735, #3365, #1569 ) ) ;
#4147 = CARTESIAN_POINT ( 'NONE',  ( -3.469446951953609850E-15, -2.964743053460099809, -10.45473218451790132 ) ) ;
#4148 = ORIENTED_EDGE ( 'NONE', *, *, #2095, .T. ) ;
#4149 = CARTESIAN_POINT ( 'NONE',  ( -1.050000000000000044, 1.285879139104719992E-16, -11.79999999999999893 ) ) ;
#4150 = PLANE ( 'NONE',  #5887 ) ;
#4151 = ORIENTED_EDGE ( 'NONE', *, *, #3792, .T. ) ;
#4152 = DIRECTION ( 'NONE',  ( 1.000000000000000000, 0.000000000000000000, 0.000000000000000000 ) ) ;
#4153 = CARTESIAN_POINT ( 'NONE',  ( -2.650000000365879238, -0.4215383312072777944, -9.900000000000000355 ) ) ;
#4154 = CARTESIAN_POINT ( 'NONE',  ( 4.500000000000000000, -6.000000000000000000, -0.5000000000000000000 ) ) ;
#4155 = ORIENTED_EDGE ( 'NONE', *, *, #1626, .T. ) ;
#4156 = AXIS2_PLACEMENT_3D ( 'NONE', #1050, #6436, #4788 ) ;
#4157 = DIRECTION ( 'NONE',  ( 0.000000000000000000, -1.000000000000000000, 0.000000000000000000 ) ) ;
#4158 = CARTESIAN_POINT ( 'NONE',  ( 3.050000000000939959, -5.299999999999280398, -6.100000000000920686 ) ) ;
#4159 = CARTESIAN_POINT ( 'NONE',  ( 1.500000000000000000, 0.000000000000000000, -9.650000000000000355 ) ) ;
#4160 = VERTEX_POINT ( 'NONE', #4127 ) ;
#4161 = VERTEX_POINT ( 'NONE', #1034 ) ;
#4162 = CARTESIAN_POINT ( 'NONE',  ( -1.250000000000202061, -10.12931484274950478, -7.599999999999871747 ) ) ;
#4163 = EDGE_CURVE ( 'NONE', #433, #2191, #1078, .T. ) ;
#4164 = DIRECTION ( 'NONE',  ( 0.000000000000000000, 0.000000000000000000, 1.000000000000000000 ) ) ;
#4165 = CARTESIAN_POINT ( 'NONE',  ( -0.3755687564041474413, -2.651122898432844543, -10.56859697056809289 ) ) ;
#4166 = CARTESIAN_POINT ( 'NONE',  ( -4.500000000000059508, -2.599999999999050182, -9.750000000000000000 ) ) ;
#4167 = VECTOR ( 'NONE', #2614, 1000.000000000000000 ) ;
#4168 = ORIENTED_EDGE ( 'NONE', *, *, #1980, .F. ) ;
#4169 = CARTESIAN_POINT ( 'NONE',  ( -2.650003848313224886, 2.300336605207434991E-09, -9.900000000000000355 ) ) ;
#4170 = CARTESIAN_POINT ( 'NONE',  ( 3.200000000000980283, -2.599999999999050182, -11.79999999999999893 ) ) ;
#4171 = CARTESIAN_POINT ( 'NONE',  ( 2.024980546198864584, -3.262063269921744890, -6.669242063142870158 ) ) ;
#4172 = ORIENTED_EDGE ( 'NONE', *, *, #1142, .F. ) ;
#4173 = ORIENTED_EDGE ( 'NONE', *, *, #2743, .F. ) ;
#4174 = CARTESIAN_POINT ( 'NONE',  ( -1.250000000000089928, -8.927169917402027366, -8.275291611199310893 ) ) ;
#4175 = ORIENTED_EDGE ( 'NONE', *, *, #5670, .T. ) ;
#4176 = CARTESIAN_POINT ( 'NONE',  ( -1.705302565824239929E-10, 0.000000000000000000, -14.15000000001499991 ) ) ;
#4177 = VERTEX_POINT ( 'NONE', #4154 ) ;
#4178 = CARTESIAN_POINT ( 'NONE',  ( 4.499999999999949374, -2.599999999999050182, -11.79999999999999893 ) ) ;
#4179 = ADVANCED_FACE ( 'NONE', ( #3093 ), #448, .T. ) ;
#4180 = CARTESIAN_POINT ( 'NONE',  ( -3.149999999999999911, 2.734357112877035298E-09, -9.400000000000000355 ) ) ;
#4181 = EDGE_CURVE ( 'NONE', #3981, #2855, #2085, .T. ) ;
#4182 = DIRECTION ( 'NONE',  ( 0.000000000000000000, 1.000000000000000000, 0.000000000000000000 ) ) ;
#4183 = ORIENTED_EDGE ( 'NONE', *, *, #3932, .F. ) ;
#4184 = DIRECTION ( 'NONE',  ( 1.000000000000000000, 0.000000000000000000, 0.000000000000000000 ) ) ;
#4185 = FACE_OUTER_BOUND ( 'NONE', #2160, .T. ) ;
#4186 = FACE_OUTER_BOUND ( 'NONE', #4426, .T. ) ;
#4187 = VERTEX_POINT ( 'NONE', #6317 ) ;
#4188 = ORIENTED_EDGE ( 'NONE', *, *, #5043, .T. ) ;
#4189 = CARTESIAN_POINT ( 'NONE',  ( 3.650000000000929834, -1.100000000000100009, -11.79999999999999893 ) ) ;
#4190 = EDGE_CURVE ( 'NONE', #6167, #5238, #5729, .T. ) ;
#4191 = B_SPLINE_CURVE_WITH_KNOTS ( 'NONE', 3,
 ( #2952, #2426, #6656, #5648 ),
 .UNSPECIFIED., .F., .F.,
 ( 4, 4 ),
 ( 0.000000000000000000, 1.000000000000000000 ),
 .UNSPECIFIED. ) ;
#4192 = EDGE_CURVE ( 'NONE', #6129, #6294, #5790, .T. ) ;
#4193 = ADVANCED_FACE ( 'NONE', ( #621 ), #4397, .T. ) ;
#4194 = CARTESIAN_POINT ( 'NONE',  ( -1.154921657688869008, -10.52854538944193941, -7.799999999999999822 ) ) ;
#4195 = CARTESIAN_POINT ( 'NONE',  ( 0.04540510782523206335, -2.624768777743141435, -10.81933967968073951 ) ) ;
#4196 = CARTESIAN_POINT ( 'NONE',  ( -2.794713997858282450, -1.199999999999979972, -9.718412845589647020 ) ) ;
#4197 = DIRECTION ( 'NONE',  ( 0.000000000000000000, 0.000000000000000000, 1.000000000000000000 ) ) ;
#4198 = EDGE_CURVE ( 'NONE', #4378, #6865, #3832, .T. ) ;
#4199 = VERTEX_POINT ( 'NONE', #4954 ) ;
#4200 = EDGE_CURVE ( 'NONE', #1233, #612, #6679, .T. ) ;
#4201 = ADVANCED_FACE ( 'NONE', ( #1103 ), #4875, .F. ) ;
#4202 = CARTESIAN_POINT ( 'NONE',  ( 2.750000000000909495, -2.759018883301890046, -3.819986050005609979 ) ) ;
#4203 = CARTESIAN_POINT ( 'NONE',  ( 2.650015325608714889, 1.317574454024765849E-08, -9.900000000000000355 ) ) ;
#4204 = DIRECTION ( 'NONE',  ( 0.000000000000000000, 0.000000000000000000, -1.000000000000000000 ) ) ;
#4205 = ORIENTED_EDGE ( 'NONE', *, *, #4119, .F. ) ;
#4206 = LINE ( 'NONE', #6338, #1867 ) ;
#4207 = LINE ( 'NONE', #1986, #5789 ) ;
#4208 = EDGE_LOOP ( 'NONE', ( #723, #6372, #4392, #5902, #6923, #4955 ) ) ;
#4209 = CARTESIAN_POINT ( 'NONE',  ( -2.164999999999974722, -2.970259389424514840, -3.494704195690560233 ) ) ;
#4210 = ORIENTED_EDGE ( 'NONE', *, *, #186, .F. ) ;
#4211 = VECTOR ( 'NONE', #935, 1000.000000000000000 ) ;
#4212 = CARTESIAN_POINT ( 'NONE',  ( 3.050000000000939959, -5.299999999999280398, -5.600000000000860290 ) ) ;
#4213 = DIRECTION ( 'NONE',  ( -1.000000000000000000, 0.000000000000000000, 0.000000000000000000 ) ) ;
#4214 = AXIS2_PLACEMENT_3D ( 'NONE', #6843, #4125, #5171 ) ;
#4215 = CARTESIAN_POINT ( 'NONE',  ( -0.9999999999991159294, -5.299999999999280398, -5.100000000001030820 ) ) ;
#4216 = VECTOR ( 'NONE', #5069, 1000.000000000000000 ) ;
#4217 = EDGE_CURVE ( 'NONE', #2853, #1209, #6421, .T. ) ;
#4218 = VERTEX_POINT ( 'NONE', #3797 ) ;
#4219 = DIRECTION ( 'NONE',  ( 1.000000000000000000, 0.000000000000000000, 0.000000000000000000 ) ) ;
#4220 = LINE ( 'NONE', #4880, #2355 ) ;
#4221 = LINE ( 'NONE', #6352, #3883 ) ;
#4222 = VECTOR ( 'NONE', #5286, 1000.000000000000000 ) ;
#4223 = ORIENTED_EDGE ( 'NONE', *, *, #6872, .F. ) ;
#4224 = ORIENTED_EDGE ( 'NONE', *, *, #1414, .F. ) ;
#4225 = CARTESIAN_POINT ( 'NONE',  ( -0.5391059996277018929, -11.17801626207131171, -7.599999999999870859 ) ) ;
#4226 = EDGE_CURVE ( 'NONE', #4598, #2796, #6564, .T. ) ;
#4227 = VECTOR ( 'NONE', #1057, 1000.000000000000000 ) ;
#4228 = CARTESIAN_POINT ( 'NONE',  ( 0.5000766431648068222, -11.19580208970216972, -7.800000000000002487 ) ) ;
#4229 = CARTESIAN_POINT ( 'NONE',  ( 2.750000000000909939, -4.463796304354337607, -1.746351431435928525 ) ) ;
#4230 = LINE ( 'NONE', #2099, #1653 ) ;
#4231 = DIRECTION ( 'NONE',  ( 0.000000000000000000, -0.8386705679454968809, -0.5446390350149148407 ) ) ;
#4232 = CARTESIAN_POINT ( 'NONE',  ( 1.250000000000132117, -10.04999999999840021, -7.799999999999999822 ) ) ;
#4233 = EDGE_CURVE ( 'NONE', #347, #1834, #5478, .T. ) ;
#4234 = ORIENTED_EDGE ( 'NONE', *, *, #1076, .F. ) ;
#4235 = ADVANCED_FACE ( 'NONE', ( #5439, #4363 ), #3865, .T. ) ;
#4236 = AXIS2_PLACEMENT_3D ( 'NONE', #4158, #6200, #6320 ) ;
#4237 = AXIS2_PLACEMENT_3D ( 'NONE', #212, #6568, #2793 ) ;
#4238 = DIRECTION ( 'NONE',  ( -1.000000000000000000, 0.000000000000000000, 0.000000000000000000 ) ) ;
#4239 = DIRECTION ( 'NONE',  ( 0.000000000000000000, 0.000000000000000000, -1.000000000000000000 ) ) ;
#4240 = DIRECTION ( 'NONE',  ( 0.000000000000000000, -0.7071067811869580222, 0.7071067811861369012 ) ) ;
#4241 = ORIENTED_EDGE ( 'NONE', *, *, #5646, .F. ) ;
#4242 = VECTOR ( 'NONE', #2508, 1000.000000000000000 ) ;
#4243 = DIRECTION ( 'NONE',  ( 1.000000000000000000, 0.000000000000000000, 0.000000000000000000 ) ) ;
#4244 = CARTESIAN_POINT ( 'NONE',  ( -9.662512969806918761, 2.299999999999999822, -13.78000000000000114 ) ) ;
#4245 = ORIENTED_EDGE ( 'NONE', *, *, #1950, .F. ) ;
#4246 = EDGE_CURVE ( 'NONE', #5133, #710, #2229, .T. ) ;
#4247 = LINE ( 'NONE', #442, #1991 ) ;
#4248 = VERTEX_POINT ( 'NONE', #3755 ) ;
#4249 = LINE ( 'NONE', #2610, #1911 ) ;
#4250 = CARTESIAN_POINT ( 'NONE',  ( 3.650000000000929834, -5.150000000000099831, -5.299999999999999822 ) ) ;
#4251 = DIRECTION ( 'NONE',  ( 0.000000000000000000, 0.000000000000000000, 1.000000000000000000 ) ) ;
#4252 = DIRECTION ( 'NONE',  ( 1.000000000000000000, 0.000000000000000000, 0.000000000000000000 ) ) ;
#4253 = LINE ( 'NONE', #6915, #1435 ) ;
#4254 = ORIENTED_EDGE ( 'NONE', *, *, #4071, .F. ) ;
#4255 = CARTESIAN_POINT ( 'NONE',  ( -1.000000000000000000, 1.224646799147351975E-16, -10.14999999999999858 ) ) ;
#4256 = DIRECTION ( 'NONE',  ( 1.000000000000000000, 0.000000000000000000, 0.000000000000000000 ) ) ;
#4257 = CARTESIAN_POINT ( 'NONE',  ( 18.18468237128199760, -3.137993503012869834, -3.603632002693439862 ) ) ;
#4258 = VERTEX_POINT ( 'NONE', #5900 ) ;
#4259 = ORIENTED_EDGE ( 'NONE', *, *, #6176, .F. ) ;
#4260 = DIRECTION ( 'NONE',  ( 0.000000000000000000, -8.673617379884035472E-16, -1.000000000000000000 ) ) ;
#4261 = VECTOR ( 'NONE', #3212, 1000.000000000000000 ) ;
#4262 = B_SPLINE_CURVE_WITH_KNOTS ( 'NONE', 3,
 ( #2970, #356, #3522, #5233, #3090, #912, #444, #4610 ),
 .UNSPECIFIED., .F., .F.,
 ( 4, 2, 2, 4 ),
 ( 0.000000000000000000, 0.2500000000000009437, 0.5000000000000018874, 1.000000000000000000 ),
 .UNSPECIFIED. ) ;
#4263 = CARTESIAN_POINT ( 'NONE',  ( 2.750000000000909495, -5.500000000000000000, -5.600000000000860290 ) ) ;
#4264 = CARTESIAN_POINT ( 'NONE',  ( -4.339999999999999858, -2.199999999999130207, -9.799999999999998934 ) ) ;
#4265 = CARTESIAN_POINT ( 'NONE',  ( -0.1443403699218920311, -2.627375701578190892, -10.79453645620965574 ) ) ;
#4266 = CARTESIAN_POINT ( 'NONE',  ( 3.900000000000130029, 0.04999999999993899602, -11.79999999999999893 ) ) ;
#4267 = LINE ( 'NONE', #3074, #963 ) ;
#4268 = EDGE_CURVE ( 'NONE', #4942, #6331, #5974, .T. ) ;
#4269 = CIRCLE ( 'NONE', #1027, 0.2500000000000002220 ) ;
#4270 = CARTESIAN_POINT ( 'NONE',  ( 4.499999999999949374, -2.599999999999050182, -11.79999999999999893 ) ) ;
#4271 = CARTESIAN_POINT ( 'NONE',  ( -2.650039738463540129, -0.1072076052648073957, -9.900000000000000355 ) ) ;
#4272 = CYLINDRICAL_SURFACE ( 'NONE', #6242, 1.574999999999999956 ) ;
#4273 = CIRCLE ( 'NONE', #1268, 0.6299999999999998934 ) ;
#4274 = CARTESIAN_POINT ( 'NONE',  ( 1.110223024625159948E-13, 0.04999999999993899602, -11.79999999999999893 ) ) ;
#4275 = VERTEX_POINT ( 'NONE', #1173 ) ;
#4276 = LINE ( 'NONE', #3741, #3845 ) ;
#4277 = DIRECTION ( 'NONE',  ( 1.000000000000000000, 0.000000000000000000, 0.000000000000000000 ) ) ;
#4278 = ORIENTED_EDGE ( 'NONE', *, *, #3932, .T. ) ;
#4279 = LINE ( 'NONE', #4831, #758 ) ;
#4280 = EDGE_CURVE ( 'NONE', #2197, #6841, #6310, .T. ) ;
#4281 = VERTEX_POINT ( 'NONE', #5938 ) ;
#4282 = CARTESIAN_POINT ( 'NONE',  ( 18.18468237128199760, -2.146699123532180398, -5.521499184909369973 ) ) ;
#4283 = CARTESIAN_POINT ( 'NONE',  ( -2.039941923419890557, -3.124591150274985019, -6.159932760239116512 ) ) ;
#4284 = EDGE_CURVE ( 'NONE', #6631, #2344, #3906, .T. ) ;
#4285 = CARTESIAN_POINT ( 'NONE',  ( 2.289217213497130032, -2.199999999999130207, -11.79999999999999893 ) ) ;
#4286 = CARTESIAN_POINT ( 'NONE',  ( -4.500000000000059508, 0.000000000000000000, -3.500000000000000000 ) ) ;
#4287 = DIRECTION ( 'NONE',  ( 1.000000000000000000, 0.000000000000000000, 0.000000000000000000 ) ) ;
#4288 = ORIENTED_EDGE ( 'NONE', *, *, #4104, .F. ) ;
#4289 = CARTESIAN_POINT ( 'NONE',  ( 4.000000000000000000, 4.299999999999915445, -0.5000000000000000000 ) ) ;
#4290 = CARTESIAN_POINT ( 'NONE',  ( -0.9166666666657673490, -4.106287682736916800, -1.745374028915662068 ) ) ;
#4291 = DIRECTION ( 'NONE',  ( 0.000000000000000000, -1.000000000000000000, 0.000000000000000000 ) ) ;
#4292 = ORIENTED_EDGE ( 'NONE', *, *, #552, .T. ) ;
#4293 = FACE_OUTER_BOUND ( 'NONE', #6852, .T. ) ;
#4294 = AXIS2_PLACEMENT_3D ( 'NONE', #1687, #78, #3820 ) ;
#4295 = DIRECTION ( 'NONE',  ( 0.000000000000000000, 0.000000000000000000, 1.000000000000000000 ) ) ;
#4296 = CARTESIAN_POINT ( 'NONE',  ( -2.009600286187299911, -3.063158890845665283, -6.648336370488479474 ) ) ;
#4297 = DIRECTION ( 'NONE',  ( 0.000000000000000000, 0.000000000000000000, -1.000000000000000000 ) ) ;
#4298 = CARTESIAN_POINT ( 'NONE',  ( -4.500000000000059508, -2.150000000000039879, -11.79999999999999893 ) ) ;
#4299 = EDGE_LOOP ( 'NONE', ( #737, #1022, #1826, #3420 ) ) ;
#4300 = DIRECTION ( 'NONE',  ( 0.000000000000000000, 0.000000000000000000, 1.000000000000000000 ) ) ;
#4301 = EDGE_CURVE ( 'NONE', #3708, #1904, #582, .T. ) ;
#4302 = CARTESIAN_POINT ( 'NONE',  ( 1.000000000000000000, 0.000000000000000000, -11.87500000000000000 ) ) ;
#4303 = CARTESIAN_POINT ( 'NONE',  ( 1.574999999999999956, 1.928818708657080112E-16, 0.000000000000000000 ) ) ;
#4304 = DIRECTION ( 'NONE',  ( 0.000000000000000000, 0.000000000000000000, 1.000000000000000000 ) ) ;
#4305 = VERTEX_POINT ( 'NONE', #692 ) ;
#4306 = AXIS2_PLACEMENT_3D ( 'NONE', #2600, #6864, #2074 ) ;
#4307 = DIRECTION ( 'NONE',  ( 0.000000000000000000, 0.000000000000000000, 1.000000000000000000 ) ) ;
#4308 = FACE_OUTER_BOUND ( 'NONE', #6036, .T. ) ;
#4309 = ORIENTED_EDGE ( 'NONE', *, *, #6697, .F. ) ;
#4310 = CARTESIAN_POINT ( 'NONE',  ( 18.18468237128199760, -3.063158890845465443, -6.648336370488450164 ) ) ;
#4311 = ORIENTED_EDGE ( 'NONE', *, *, #119, .F. ) ;
#4312 = AXIS2_PLACEMENT_3D ( 'NONE', #6180, #6770, #5621 ) ;
#4313 = DIRECTION ( 'NONE',  ( 0.000000000000000000, -0.6819983600626269293, 0.7313537016190507778 ) ) ;
#4314 = VERTEX_POINT ( 'NONE', #6042 ) ;
#4315 = CARTESIAN_POINT ( 'NONE',  ( -1.190714193910479916E-14, -9.820000000000000284, -13.41999999999999993 ) ) ;
#4316 = ADVANCED_FACE ( 'NONE', ( #168 ), #2715, .F. ) ;
#4317 = DIRECTION ( 'NONE',  ( 0.000000000000000000, -1.000000000000000000, 0.000000000000000000 ) ) ;
#4318 = EDGE_CURVE ( 'NONE', #467, #962, #4022, .T. ) ;
#4319 = CARTESIAN_POINT ( 'NONE',  ( -2.749999999999089173, -5.299999999999672973, -2.220794988569104067 ) ) ;
#4320 = CARTESIAN_POINT ( 'NONE',  ( 3.149999999999998579, -3.857637417314161703E-16, -9.692893218813461331 ) ) ;
#4321 = EDGE_CURVE ( 'NONE', #6826, #3130, #524, .T. ) ;
#4322 = ORIENTED_EDGE ( 'NONE', *, *, #5569, .F. ) ;
#4323 = FACE_OUTER_BOUND ( 'NONE', #2440, .T. ) ;
#4324 = DIRECTION ( 'NONE',  ( 1.000000000000000000, 0.000000000000000000, 0.000000000000000000 ) ) ;
#4325 = FACE_OUTER_BOUND ( 'NONE', #6585, .T. ) ;
#4326 = EDGE_CURVE ( 'NONE', #6555, #3973, #2481, .T. ) ;
#4327 = VECTOR ( 'NONE', #417, 1000.000000000000000 ) ;
#4328 = ORIENTED_EDGE ( 'NONE', *, *, #1207, .F. ) ;
#4329 = VECTOR ( 'NONE', #6135, 1000.000000000000000 ) ;
#4330 = FACE_OUTER_BOUND ( 'NONE', #2255, .T. ) ;
#4331 = VECTOR ( 'NONE', #1694, 1000.000000000000000 ) ;
#4332 = ADVANCED_FACE ( 'NONE', ( #2373 ), #3425, .F. ) ;
#4333 = CIRCLE ( 'NONE', #2338, 0.6299999999999998934 ) ;
#4334 = DIRECTION ( 'NONE',  ( 1.000000000000000000, 0.000000000000000000, 0.000000000000000000 ) ) ;
#4335 = SURFACE_STYLE_FILL_AREA ( #2277 ) ;
#4336 = CARTESIAN_POINT ( 'NONE',  ( -9.662512969806918761, -7.457512886940039998, -13.41999999999999993 ) ) ;
#4337 = CARTESIAN_POINT ( 'NONE',  ( -2.897278080714738024, -1.199999999999979972, -9.536266845099866885 ) ) ;
#4338 = CARTESIAN_POINT ( 'NONE',  ( -1.479999999999979998, -7.460192378863940377, -13.42999999999999972 ) ) ;
#4339 = EDGE_LOOP ( 'NONE', ( #1925, #3511 ) ) ;
#4340 = CARTESIAN_POINT ( 'NONE',  ( -1.049999999999891909, -5.538256331734729327E-14, -13.78000000000000114 ) ) ;
#4341 = VECTOR ( 'NONE', #727, 1000.000000000000000 ) ;
#4342 = ORIENTED_EDGE ( 'NONE', *, *, #1112, .F. ) ;
#4343 = CARTESIAN_POINT ( 'NONE',  ( 4.500000000000059508, -2.559999999999050146, -2.779157999888000052 ) ) ;
#4344 =( GEOMETRIC_REPRESENTATION_CONTEXT ( 3 ) GLOBAL_UNCERTAINTY_ASSIGNED_CONTEXT ( ( #6634 ) ) GLOBAL_UNIT_ASSIGNED_CONTEXT ( ( #6589, #5015, #3469 ) ) REPRESENTATION_CONTEXT ( 'NONE', 'WORKASPACE' ) );
#4345 = FACE_OUTER_BOUND ( 'NONE', #3947, .T. ) ;
#4346 = CARTESIAN_POINT ( 'NONE',  ( 4.499999999999949374, -2.150000000000039879, -11.79999999999999893 ) ) ;
#4347 = ORIENTED_EDGE ( 'NONE', *, *, #3211, .F. ) ;
#4348 = DIRECTION ( 'NONE',  ( 0.000000000000000000, -1.000000000000000000, 0.000000000000000000 ) ) ;
#4349 = DIRECTION ( 'NONE',  ( 0.000000000000000000, -1.000000000000000000, 0.000000000000000000 ) ) ;
#4350 = EDGE_CURVE ( 'NONE', #1793, #331, #2964, .T. ) ;
#4351 = ORIENTED_EDGE ( 'NONE', *, *, #1847, .T. ) ;
#4352 = DIRECTION ( 'NONE',  ( -0.02524987779172244845, 0.7311205248564470738, 0.6817809192146230268 ) ) ;
#4353 = ORIENTED_EDGE ( 'NONE', *, *, #2057, .F. ) ;
#4354 = VECTOR ( 'NONE', #6019, 1000.000000000000000 ) ;
#4355 = CIRCLE ( 'NONE', #1352, 0.3600000000000000977 ) ;
#4356 = CARTESIAN_POINT ( 'NONE',  ( 3.030782786503039894, -2.199999999999130207, -11.79999999999999893 ) ) ;
#4357 = ORIENTED_EDGE ( 'NONE', *, *, #2875, .T. ) ;
#4358 = CARTESIAN_POINT ( 'NONE',  ( -2.040260689103691849, -3.184015043752074892, -6.248866901656531248 ) ) ;
#4359 = VECTOR ( 'NONE', #6842, 1000.000000000000000 ) ;
#4360 = CARTESIAN_POINT ( 'NONE',  ( -1.777709254451545151, -2.831868875732335145, -10.76226831563598019 ) ) ;
#4361 = EDGE_CURVE ( 'NONE', #6562, #4378, #6556, .T. ) ;
#4362 = DIRECTION ( 'NONE',  ( -1.000000000000000000, 0.000000000000000000, 0.000000000000000000 ) ) ;
#4363 = FACE_OUTER_BOUND ( 'NONE', #4934, .T. ) ;
#4364 = EDGE_LOOP ( 'NONE', ( #6543, #5745, #992, #2973 ) ) ;
#4365 = CARTESIAN_POINT ( 'NONE',  ( 18.18468237128199760, -8.970710678117649550, -8.246446609405911232 ) ) ;
#4366 = CARTESIAN_POINT ( 'NONE',  ( -4.000000000000000000, -6.000000000000000000, 1.057097118173366034E-15 ) ) ;
#4367 = FACE_OUTER_BOUND ( 'NONE', #3440, .T. ) ;
#4368 = EDGE_CURVE ( 'NONE', #4501, #6841, #1811, .T. ) ;
#4369 = VERTEX_POINT ( 'NONE', #4055 ) ;
#4370 = CARTESIAN_POINT ( 'NONE',  ( 2.300000000000109956, -5.551115123125779547E-14, -13.78000000000000114 ) ) ;
#4371 = CARTESIAN_POINT ( 'NONE',  ( -1.597912347182305979E-16, -2.699783421336157563, -10.03070813642793979 ) ) ;
#4372 = SURFACE_STYLE_USAGE ( .BOTH. , #1639 ) ;
#4373 = LINE ( 'NONE', #3313, #5122 ) ;
#4374 = ORIENTED_EDGE ( 'NONE', *, *, #193, .T. ) ;
#4375 = EDGE_LOOP ( 'NONE', ( #882, #6273, #6675 ) ) ;
#4376 = ADVANCED_FACE ( 'NONE', ( #730 ), #1397, .F. ) ;
#4377 = DIRECTION ( 'NONE',  ( 1.000000000000000000, 0.000000000000000000, 0.000000000000000000 ) ) ;
#4378 = VERTEX_POINT ( 'NONE', #282 ) ;
#4379 = LINE ( 'NONE', #1831, #941 ) ;
#4380 = AXIS2_PLACEMENT_3D ( 'NONE', #6710, #281, #3368 ) ;
#4381 = DIRECTION ( 'NONE',  ( 0.000000000000000000, 1.000000000000000000, 0.000000000000000000 ) ) ;
#4382 = CARTESIAN_POINT ( 'NONE',  ( 0.000000000000000000, 0.000000000000000000, -13.95000000000000107 ) ) ;
#4383 = LINE ( 'NONE', #3783, #3397 ) ;
#4384 = DIRECTION ( 'NONE',  ( 0.000000000000000000, 0.000000000000000000, -1.000000000000000000 ) ) ;
#4385 = ORIENTED_EDGE ( 'NONE', *, *, #3758, .T. ) ;
#4386 = DIRECTION ( 'NONE',  ( 0.000000000000000000, 0.000000000000000000, 1.000000000000000000 ) ) ;
#4387 = ORIENTED_EDGE ( 'NONE', *, *, #3048, .F. ) ;
#4388 = AXIS2_PLACEMENT_3D ( 'NONE', #3455, #3992, #917 ) ;
#4389 = CARTESIAN_POINT ( 'NONE',  ( 4.499999999999949374, -6.000000000000000000, -11.79999999999999893 ) ) ;
#4390 = ORIENTED_EDGE ( 'NONE', *, *, #2790, .F. ) ;
#4391 = CARTESIAN_POINT ( 'NONE',  ( 3.600000000000159961, -6.349999999999999645, -14.40000000000000036 ) ) ;
#4392 = ORIENTED_EDGE ( 'NONE', *, *, #2531, .T. ) ;
#4393 = CARTESIAN_POINT ( 'NONE',  ( -1.644264407091929892, -2.781668093413509624, -11.23989685449770093 ) ) ;
#4394 = ORIENTED_EDGE ( 'NONE', *, *, #6333, .T. ) ;
#4395 = DIRECTION ( 'NONE',  ( 0.000000000000000000, 0.000000000000000000, 1.000000000000000000 ) ) ;
#4396 = VECTOR ( 'NONE', #3353, 1000.000000000000000 ) ;
#4397 = CYLINDRICAL_SURFACE ( 'NONE', #2761, 0.3499999999999996447 ) ;
#4398 = EDGE_LOOP ( 'NONE', ( #948, #960, #1742, #4950 ) ) ;
#4399 = EDGE_CURVE ( 'NONE', #1839, #4504, #3518, .T. ) ;
#4400 = ADVANCED_FACE ( 'NONE', ( #1885 ), #6152, .T. ) ;
#4401 = CARTESIAN_POINT ( 'NONE',  ( 4.500000000000002665, 4.092893218813362211, -0.4999999999999993894 ) ) ;
#4402 = DIRECTION ( 'NONE',  ( 1.000000000000000000, 0.000000000000000000, 0.000000000000000000 ) ) ;
#4403 = CARTESIAN_POINT ( 'NONE',  ( 1.479999999999979998, -11.59999999999999964, -13.41999999999999993 ) ) ;
#4404 = ORIENTED_EDGE ( 'NONE', *, *, #5467, .F. ) ;
#4405 = DIRECTION ( 'NONE',  ( 0.000000000000000000, 0.000000000000000000, 1.000000000000000000 ) ) ;
#4406 = DIRECTION ( 'NONE',  ( 0.000000000000000000, 0.000000000000000000, 1.000000000000000000 ) ) ;
#4407 = SURFACE_SIDE_STYLE ('',( #4335 ) ) ;
#4408 = CARTESIAN_POINT ( 'NONE',  ( 0.9999999375261769963, -5.299999999999280398, -5.100353481845609771 ) ) ;
#4409 = ORIENTED_EDGE ( 'NONE', *, *, #1430, .T. ) ;
#4410 = EDGE_CURVE ( 'NONE', #2587, #1462, #876, .T. ) ;
#4411 = VECTOR ( 'NONE', #4068, 1000.000000000000000 ) ;
#4412 = ORIENTED_EDGE ( 'NONE', *, *, #601, .T. ) ;
#4413 = PRESENTATION_STYLE_ASSIGNMENT (( #5954 ) ) ;
#4414 = ADVANCED_FACE ( 'NONE', ( #6312 ), #4732, .T. ) ;
#4415 = ADVANCED_FACE ( 'NONE', ( #2050 ), #3030, .T. ) ;
#4416 = EDGE_LOOP ( 'NONE', ( #4357, #6496, #3088, #6626 ) ) ;
#4417 = FACE_OUTER_BOUND ( 'NONE', #3149, .T. ) ;
#4418 = EDGE_CURVE ( 'NONE', #6719, #4218, #910, .T. ) ;
#4419 = CARTESIAN_POINT ( 'NONE',  ( -1.609819416659720170, 2.106664882464509780, -9.900000000000000355 ) ) ;
#4420 = CARTESIAN_POINT ( 'NONE',  ( -4.000000000000000000, 4.299999999999919886, -11.79999999999999893 ) ) ;
#4421 = CARTESIAN_POINT ( 'NONE',  ( -1.000000000000000000, 1.224646799147351975E-16, -9.150000000000000355 ) ) ;
#4422 = EDGE_CURVE ( 'NONE', #3130, #6826, #3193, .T. ) ;
#4423 = ORIENTED_EDGE ( 'NONE', *, *, #4792, .T. ) ;
#4424 = CARTESIAN_POINT ( 'NONE',  ( -3.899999999999789857, -6.049999999999999822, -13.44999999999999929 ) ) ;
#4425 = EDGE_CURVE ( 'NONE', #5485, #902, #2634, .T. ) ;
#4426 = EDGE_LOOP ( 'NONE', ( #5313, #4151, #5945, #3307 ) ) ;
#4427 = CARTESIAN_POINT ( 'NONE',  ( 3.550000000000880007, -5.500000000000000000, -11.90000000000000036 ) ) ;
#4428 = ORIENTED_EDGE ( 'NONE', *, *, #3979, .F. ) ;
#4429 = CARTESIAN_POINT ( 'NONE',  ( -1.000000000000000000, -1.224646799147352961E-16, -2.100000000000049827 ) ) ;
#4430 = ORIENTED_EDGE ( 'NONE', *, *, #4541, .T. ) ;
#4431 = DIRECTION ( 'NONE',  ( 0.000000000000000000, 0.000000000000000000, -1.000000000000000000 ) ) ;
#4432 = VERTEX_POINT ( 'NONE', #4176 ) ;
#4433 = CARTESIAN_POINT ( 'NONE',  ( 0.8737163766956664857, -5.299999999999278621, -4.595792994860635083 ) ) ;
#4434 = DIRECTION ( 'NONE',  ( 0.000000000000000000, 0.000000000000000000, 1.000000000000000000 ) ) ;
#4435 = VECTOR ( 'NONE', #6240, 1000.000000000000000 ) ;
#4436 = VERTEX_POINT ( 'NONE', #5696 ) ;
#4437 = CARTESIAN_POINT ( 'NONE',  ( 1.000000000000000000, 0.000000000000000000, -9.150000000000000355 ) ) ;
#4438 = CYLINDRICAL_SURFACE ( 'NONE', #2573, 0.5000000000000004441 ) ;
#4439 = LINE ( 'NONE', #253, #898 ) ;
#4440 = AXIS2_PLACEMENT_3D ( 'NONE', #5370, #2789, #19 ) ;
#4441 = VERTEX_POINT ( 'NONE', #5815 ) ;
#4442 = ADVANCED_FACE ( 'NONE', ( #4765 ), #2114, .T. ) ;
#4443 = CARTESIAN_POINT ( 'NONE',  ( 1.128016328966387372, -10.58910593284201163, -7.599999999999870859 ) ) ;
#4444 = CARTESIAN_POINT ( 'NONE',  ( 1.199999999999929789, 0.000000000000000000, -13.78000000000000114 ) ) ;
#4445 = VECTOR ( 'NONE', #2121, 1000.000000000000000 ) ;
#4446 = CARTESIAN_POINT ( 'NONE',  ( -0.2608462225864837669, -5.299999999999278621, -6.074455385262537810 ) ) ;
#4447 = LINE ( 'NONE', #6649, #2608 ) ;
#4448 = CARTESIAN_POINT ( 'NONE',  ( 0.000000000000000000, -1.199999999471401901, -13.94999999810410074 ) ) ;
#4449 = ORIENTED_EDGE ( 'NONE', *, *, #1340, .F. ) ;
#4450 = EDGE_LOOP ( 'NONE', ( #2816, #412, #1987, #353, #4530, #1276, #4404, #3068, #1163, #6308, #3337, #2041, #3386, #3652, #5138, #3118 ) ) ;
#4451 = EDGE_CURVE ( 'NONE', #4504, #4275, #4560, .T. ) ;
#4452 = LINE ( 'NONE', #1156, #2380 ) ;
#4453 = VECTOR ( 'NONE', #453, 1000.000000000000000 ) ;
#4454 = ORIENTED_EDGE ( 'NONE', *, *, #1215, .F. ) ;
#4455 = AXIS2_PLACEMENT_3D ( 'NONE', #2734, #568, #604 ) ;
#4456 = DIRECTION ( 'NONE',  ( 1.000000000000000000, 0.000000000000000000, 0.000000000000000000 ) ) ;
#4457 = PRESENTATION_STYLE_ASSIGNMENT (( #4975 ) ) ;
#4458 = PLANE ( 'NONE',  #6322 ) ;
#4459 = EDGE_CURVE ( 'NONE', #2292, #2389, #4247, .T. ) ;
#4460 = AXIS2_PLACEMENT_3D ( 'NONE', #2188, #4251, #1208 ) ;
#4461 = ORIENTED_EDGE ( 'NONE', *, *, #1590, .T. ) ;
#4462 = CARTESIAN_POINT ( 'NONE',  ( 18.18468237128199760, -9.699999999999819877, -7.799999999999999822 ) ) ;
#4463 = ORIENTED_EDGE ( 'NONE', *, *, #4418, .F. ) ;
#4464 = CARTESIAN_POINT ( 'NONE',  ( 1.479999999999981997, -8.500000000000000000, -13.23381197846499902 ) ) ;
#4465 = EDGE_LOOP ( 'NONE', ( #1416, #2029, #2604, #4987 ) ) ;
#4466 = CARTESIAN_POINT ( 'NONE',  ( -1.499999999999830136, -6.349999999999999645, -11.79999999999999893 ) ) ;
#4467 = ORIENTED_EDGE ( 'NONE', *, *, #915, .T. ) ;
#4468 = EDGE_CURVE ( 'NONE', #376, #5214, #5196, .T. ) ;
#4469 = CARTESIAN_POINT ( 'NONE',  ( 2.299999999999859934, -1.199999999999979972, -1.000000000000000000 ) ) ;
#4470 = ORIENTED_EDGE ( 'NONE', *, *, #6301, .F. ) ;
#4471 = CARTESIAN_POINT ( 'NONE',  ( 1.000046706487382142, -5.299999999999280398, -4.968044117096257040 ) ) ;
#4472 = DIRECTION ( 'NONE',  ( 0.000000000000000000, 1.000000000000000000, 0.000000000000000000 ) ) ;
#4473 = AXIS2_PLACEMENT_3D ( 'NONE', #1337, #6686, #1898 ) ;
#4474 = ORIENTED_EDGE ( 'NONE', *, *, #217, .F. ) ;
#4475 = CIRCLE ( 'NONE', #3461, 0.2500000000000002220 ) ;
#4476 = CARTESIAN_POINT ( 'NONE',  ( -4.000000000000000000, 3.799999999999910116, -11.79999999999999893 ) ) ;
#4477 = CARTESIAN_POINT ( 'NONE',  ( -1.050000000000000044, 1.285879139104719992E-16, -11.79999999999999893 ) ) ;
#4478 = DIRECTION ( 'NONE',  ( 0.000000000000000000, 1.000000000000000000, 0.000000000000000000 ) ) ;
#4479 = EDGE_LOOP ( 'NONE', ( #2257, #1170, #455, #1895 ) ) ;
#4480 = DIRECTION ( 'NONE',  ( 0.000000000000000000, 0.8660254037844552499, 0.4999999999999712452 ) ) ;
#4481 = PLANE ( 'NONE',  #4388 ) ;
#4482 = DIRECTION ( 'NONE',  ( 0.000000000000000000, 0.000000000000000000, 1.000000000000000000 ) ) ;
#4483 = CARTESIAN_POINT ( 'NONE',  ( 4.499999999999949374, -2.599999999999050182, -9.750000000000000000 ) ) ;
#4484 = DIRECTION ( 'NONE',  ( -0.000000000000000000, 1.000000000000000000, 0.000000000000000000 ) ) ;
#4485 = ORIENTED_EDGE ( 'NONE', *, *, #1378, .F. ) ;
#4486 = ORIENTED_EDGE ( 'NONE', *, *, #1430, .F. ) ;
#4487 = CARTESIAN_POINT ( 'NONE',  ( 1.249999999999970024, -8.687867965643739865, -8.387867965643890145 ) ) ;
#4488 = EDGE_LOOP ( 'NONE', ( #5550, #1042, #2244, #4351 ) ) ;
#4489 = CARTESIAN_POINT ( 'NONE',  ( 1.900000000000900080, -5.299999999999280398, -7.400000000000000355 ) ) ;
#4490 = EDGE_CURVE ( 'NONE', #6790, #72, #471, .T. ) ;
#4491 = CARTESIAN_POINT ( 'NONE',  ( 1.900000000000900080, -5.500000000000000000, -11.90000000000000036 ) ) ;
#4492 = EDGE_CURVE ( 'NONE', #746, #6644, #3579, .T. ) ;
#4493 = CARTESIAN_POINT ( 'NONE',  ( 0.000000000000000000, 0.000000000000000000, -5.625000000000000000 ) ) ;
#4494 = ORIENTED_EDGE ( 'NONE', *, *, #2525, .F. ) ;
#4495 = FACE_OUTER_BOUND ( 'NONE', #2367, .T. ) ;
#4496 = ORIENTED_EDGE ( 'NONE', *, *, #5569, .T. ) ;
#4497 = VECTOR ( 'NONE', #2766, 1000.000000000000000 ) ;
#4498 = DIRECTION ( 'NONE',  ( -1.000000000000000000, 0.000000000000000000, 0.000000000000000000 ) ) ;
#4499 = ORIENTED_EDGE ( 'NONE', *, *, #1856, .F. ) ;
#4500 = LINE ( 'NONE', #5434, #4074 ) ;
#4501 = VERTEX_POINT ( 'NONE', #5722 ) ;
#4502 = LINE ( 'NONE', #4469, #4341 ) ;
#4504 = VERTEX_POINT ( 'NONE', #3120 ) ;
#4503 = VECTOR ( 'NONE', #334, 1000.000000000000000 ) ;
#4505 = ADVANCED_FACE ( 'NONE', ( #411 ), #1026, .T. ) ;
#4506 = CARTESIAN_POINT ( 'NONE',  ( -1.250000000000196065, -10.04999999999840021, -7.599999999999869971 ) ) ;
#4507 = EDGE_CURVE ( 'NONE', #159, #1595, #3608, .T. ) ;
#4508 = ORIENTED_EDGE ( 'NONE', *, *, #1036, .F. ) ;
#4509 = DIRECTION ( 'NONE',  ( -1.000000000000000000, 0.000000000000000000, 0.000000000000000000 ) ) ;
#4510 = ADVANCED_FACE ( 'NONE', ( #3679 ), #4150, .F. ) ;
#4511 = LINE ( 'NONE', #5518, #1231 ) ;
#4512 = CARTESIAN_POINT ( 'NONE',  ( 2.009600286187939844, -3.063158890845685267, -6.648336370488469704 ) ) ;
#4513 = AXIS2_PLACEMENT_3D ( 'NONE', #4716, #6888, #2066 ) ;
#4514 = EDGE_LOOP ( 'NONE', ( #4148, #5542, #1220, #6825 ) ) ;
#4515 = CARTESIAN_POINT ( 'NONE',  ( -4.000000000000000000, -6.500000000000057732, -0.2071067811865479336 ) ) ;
#4516 = LINE ( 'NONE', #1966, #1033 ) ;
#4517 = CARTESIAN_POINT ( 'NONE',  ( 0.9999999375261769963, -5.299999999999280398, -5.100353481845609771 ) ) ;
#4518 = CARTESIAN_POINT ( 'NONE',  ( 2.912473175842136275, -1.199999999999980416, -9.433911164018894624 ) ) ;
#4519 = DIRECTION ( 'NONE',  ( 0.000000000000000000, 0.8386705679446586625, 0.5446390350162058080 ) ) ;
#4520 = VERTEX_POINT ( 'NONE', #3551 ) ;
#4521 = VERTEX_POINT ( 'NONE', #4699 ) ;
#4522 = DIRECTION ( 'NONE',  ( 1.000000000000000000, 0.000000000000000000, 0.000000000000000000 ) ) ;
#4523 = ORIENTED_EDGE ( 'NONE', *, *, #681, .F. ) ;
#4524 = CARTESIAN_POINT ( 'NONE',  ( 1.239029422041144413, -10.24631577318095843, -7.799999999999999822 ) ) ;
#4525 = DIRECTION ( 'NONE',  ( 0.000000000000000000, -1.000000000000000000, 0.000000000000000000 ) ) ;
#4526 = ORIENTED_EDGE ( 'NONE', *, *, #3616, .F. ) ;
#4527 = EDGE_CURVE ( 'NONE', #5694, #6865, #5229, .T. ) ;
#4528 = CARTESIAN_POINT ( 'NONE',  ( 0.000000000000000000, 0.000000000000000000, -9.900000000000000355 ) ) ;
#4529 = VECTOR ( 'NONE', #1161, 1000.000000000000000 ) ;
#4530 = ORIENTED_EDGE ( 'NONE', *, *, #4946, .F. ) ;
#4531 = CARTESIAN_POINT ( 'NONE',  ( 2.750000000000909495, -4.700000144167390204, -1.699608054491450027 ) ) ;
#4532 = CARTESIAN_POINT ( 'NONE',  ( 4.500000000000059508, -2.559999999999050146, -11.79999999999999893 ) ) ;
#4533 = ORIENTED_EDGE ( 'NONE', *, *, #4181, .T. ) ;
#4534 = LINE ( 'NONE', #4391, #2947 ) ;
#4535 = EDGE_LOOP ( 'NONE', ( #5583, #6058, #6166, #2075 ) ) ;
#4536 = DIRECTION ( 'NONE',  ( 0.000000000000000000, 0.000000000000000000, -1.000000000000000000 ) ) ;
#4537 = VERTEX_POINT ( 'NONE', #12 ) ;
#4538 = DIRECTION ( 'NONE',  ( 0.000000000000000000, 0.000000000000000000, 1.000000000000000000 ) ) ;
#4539 = CARTESIAN_POINT ( 'NONE',  ( -2.649999999999961720, 5.299999999999931433, -9.899999999999993250 ) ) ;
#4540 = ORIENTED_EDGE ( 'NONE', *, *, #1030, .F. ) ;
#4541 = EDGE_CURVE ( 'NONE', #5073, #376, #4904, .T. ) ;
#4542 = CARTESIAN_POINT ( 'NONE',  ( 3.600000000000159961, -6.349999999999999645, -11.79999999999999893 ) ) ;
#4543 = DIRECTION ( 'NONE',  ( 0.000000000000000000, 0.000000000000000000, 1.000000000000000000 ) ) ;
#4544 = CARTESIAN_POINT ( 'NONE',  ( 2.020514673977173103, -3.007410157867419276, -6.348068397999578671 ) ) ;
#4545 = EDGE_CURVE ( 'NONE', #5509, #6538, #1060, .T. ) ;
#4546 = VECTOR ( 'NONE', #4525, 1000.000000000000000 ) ;
#4547 = EDGE_CURVE ( 'NONE', #1661, #2460, #4279, .T. ) ;
#4548 = ORIENTED_EDGE ( 'NONE', *, *, #1863, .F. ) ;
#4549 = FACE_OUTER_BOUND ( 'NONE', #5720, .T. ) ;
#4550 = VECTOR ( 'NONE', #2591, 1000.000000000000000 ) ;
#4551 = PLANE ( 'NONE',  #27 ) ;
#4552 = CARTESIAN_POINT ( 'NONE',  ( 0.8004211814790310742, -5.299999999999278621, -5.713989115511974859 ) ) ;
#4553 = CARTESIAN_POINT ( 'NONE',  ( 2.755551233163056057, -1.199999999999979750, -9.751839835336546969 ) ) ;
#4554 = ORIENTED_EDGE ( 'NONE', *, *, #6162, .F. ) ;
#4555 = ORIENTED_EDGE ( 'NONE', *, *, #4190, .T. ) ;
#4556 = EDGE_CURVE ( 'NONE', #1770, #1543, #574, .T. ) ;
#4557 = CARTESIAN_POINT ( 'NONE',  ( -2.749999999999090061, -5.500000000000000000, -1.500072740962019813 ) ) ;
#4558 = VERTEX_POINT ( 'NONE', #1690 ) ;
#4559 = AXIS2_PLACEMENT_3D ( 'NONE', #1561, #2612, #5822 ) ;
#4560 = B_SPLINE_CURVE_WITH_KNOTS ( 'NONE', 3,
 ( #4668, #961, #2606, #1989, #4118, #6908 ),
 .UNSPECIFIED., .F., .F.,
 ( 4, 2, 4 ),
 ( 0.000000000000000000, 0.5000000000000000000, 1.000000000000000000 ),
 .UNSPECIFIED. ) ;
#4561 = CARTESIAN_POINT ( 'NONE',  ( -2.168404344971010051E-15, -2.699783421336154898, -10.03070813642793979 ) ) ;
#4562 = CARTESIAN_POINT ( 'NONE',  ( 2.039271074779797743, -3.117714929618232933, -6.161900696809387235 ) ) ;
#4563 = LINE ( 'NONE', #3537, #1522 ) ;
#4564 = VECTOR ( 'NONE', #5754, 1000.000000000000000 ) ;
#4565 =( BOUNDED_SURFACE ( )  B_SPLINE_SURFACE ( 3, 3, ( 
 ( #4180, #1464, #6814, #5727 ),
 ( #6194, #2971, #4643, #4583 ),
 ( #3034, #2025, #6782, #6316 ),
 ( #3582, #4153, #5101, #3642 ) ),
 .UNSPECIFIED., .F., .F., .F. ) 
 B_SPLINE_SURFACE_WITH_KNOTS ( ( 4, 4 ),
 ( 4, 4 ),
 ( 0.000000000000000000, 1.000000000000000000 ),
 ( 0.000000000000000000, 1.000000000000000000 ),
 .UNSPECIFIED. ) 
 GEOMETRIC_REPRESENTATION_ITEM ( )  RATIONAL_B_SPLINE_SURFACE ( (
 ( 1.000000000000000000, 0.9814616519177050691, 0.9814616519177050691, 1.000000000000000000),
 ( 0.8047378541243479511, 0.7898193436695910563, 0.7898193436695910563, 0.8047378541243479511),
 ( 0.8047378541243479511, 0.7898193436695910563, 0.7898193436695910563, 0.8047378541243479511),
 ( 1.000000000000000000, 0.9814616519177050691, 0.9814616519177050691, 1.000000000000000000) ) ) 
 REPRESENTATION_ITEM ( '' )  SURFACE ( )  );
#4566 = ORIENTED_EDGE ( 'NONE', *, *, #2048, .T. ) ;
#4567 = VECTOR ( 'NONE', #1271, 1000.000000000000000 ) ;
#4568 = CARTESIAN_POINT ( 'NONE',  ( -1.574999999999999956, 0.000000000000000000, -9.900000000000000355 ) ) ;
#4569 = PLANE ( 'NONE',  #966 ) ;
#4570 = VECTOR ( 'NONE', #3079, 1000.000000000000000 ) ;
#4571 = CARTESIAN_POINT ( 'NONE',  ( 1.200000000000089884, -3.100000000000049827, -13.41999999999999993 ) ) ;
#4572 = ORIENTED_EDGE ( 'NONE', *, *, #232, .F. ) ;
#4573 = ADVANCED_FACE ( 'NONE', ( #2812 ), #3786, .T. ) ;
#4574 = VERTEX_POINT ( 'NONE', #5324 ) ;
#4575 = DIRECTION ( 'NONE',  ( 0.000000000000000000, 0.000000000000000000, -1.000000000000000000 ) ) ;
#4576 = ORIENTED_EDGE ( 'NONE', *, *, #4492, .T. ) ;
#4577 = CYLINDRICAL_SURFACE ( 'NONE', #3252, 1.199999999999929789 ) ;
#4578 = CARTESIAN_POINT ( 'NONE',  ( 4.499999999999949374, -2.599999999999050182, -9.750000000000000000 ) ) ;
#4579 = ORIENTED_EDGE ( 'NONE', *, *, #4545, .F. ) ;
#4580 = SHAPE_REPRESENTATION ( '54-00131_54-00131', ( #5697 ), #1781 ) ;
#4581 = CARTESIAN_POINT ( 'NONE',  ( 3.200000000000980283, -5.500000000000000000, -1.000000000000000000 ) ) ;
#4582 = CARTESIAN_POINT ( 'NONE',  ( 2.299999999999859934, -1.199999999999979972, -11.79999999999999893 ) ) ;
#4583 = CARTESIAN_POINT ( 'NONE',  ( -2.804496749695561952, -1.434328407634392510, -9.692893218813461331 ) ) ;
#4584 = VECTOR ( 'NONE', #1632, 1000.000000000000000 ) ;
#4585 = ORIENTED_EDGE ( 'NONE', *, *, #3472, .T. ) ;
#4586 = LINE ( 'NONE', #3036, #6124 ) ;
#4587 = CARTESIAN_POINT ( 'NONE',  ( 2.660000000000000142, -2.289999999999110081, -9.799999999999998934 ) ) ;
#4588 = CARTESIAN_POINT ( 'NONE',  ( 0.000000000000000000, 0.000000000000000000, -10.14999999999999858 ) ) ;
#4589 = CARTESIAN_POINT ( 'NONE',  ( 2.718256669479964582, -1.199999999999979972, -9.784568154534278861 ) ) ;
#4590 = VECTOR ( 'NONE', #5059, 999.9999999999998863 ) ;
#4591 = ORIENTED_EDGE ( 'NONE', *, *, #5767, .F. ) ;
#4592 = EDGE_LOOP ( 'NONE', ( #5870, #450, #2601 ) ) ;
#4593 = CARTESIAN_POINT ( 'NONE',  ( 3.600000000000159961, -6.049999999999999822, -11.79999999999999893 ) ) ;
#4594 = CARTESIAN_POINT ( 'NONE',  ( 2.299999999999859934, -2.000000000000110134, -11.79999999999999893 ) ) ;
#4595 = CARTESIAN_POINT ( 'NONE',  ( 1.075528555105619894E-13, -5.551115123125779547E-14, -13.78000000000000114 ) ) ;
#4596 = DIRECTION ( 'NONE',  ( 0.000000000000000000, 0.000000000000000000, 1.000000000000000000 ) ) ;
#4597 = EDGE_CURVE ( 'NONE', #4199, #4501, #3291, .T. ) ;
#4598 = VERTEX_POINT ( 'NONE', #3855 ) ;
#4599 = FACE_OUTER_BOUND ( 'NONE', #3614, .T. ) ;
#4600 = CARTESIAN_POINT ( 'NONE',  ( 1.249999999999949374, -5.595280244880198595, -7.799999999998892264 ) ) ;
#4601 = CARTESIAN_POINT ( 'NONE',  ( -2.989999999999950031, -2.559999999999050146, -2.779157999888000052 ) ) ;
#4602 = EDGE_LOOP ( 'NONE', ( #4142, #498, #48, #2486 ) ) ;
#4603 = ORIENTED_EDGE ( 'NONE', *, *, #403, .T. ) ;
#4604 = DIRECTION ( 'NONE',  ( 1.000000000000000000, 0.000000000000000000, 0.000000000000000000 ) ) ;
#4605 = ORIENTED_EDGE ( 'NONE', *, *, #5130, .F. ) ;
#4606 = DIRECTION ( 'NONE',  ( 0.000000000000000000, -1.000000000000000000, 0.000000000000000000 ) ) ;
#4607 = CARTESIAN_POINT ( 'NONE',  ( 2.804496749660244870, -1.434328407703450159, -9.400000000000000355 ) ) ;
#4608 = VECTOR ( 'NONE', #4538, 1000.000000000000000 ) ;
#4609 = ORIENTED_EDGE ( 'NONE', *, *, #248, .T. ) ;
#4610 = CARTESIAN_POINT ( 'NONE',  ( -1.992027483134155119, -2.146699123532215037, -5.521499184909320235 ) ) ;
#4611 = CARTESIAN_POINT ( 'NONE',  ( -2.026786536416340212, -2.236097133178090335, -4.992430623593750560 ) ) ;
#4612 = COLOUR_RGB ( '',0.6745098039215686736, 0.6745098039215686736, 0.6745098039215686736 ) ;
#4613 = ORIENTED_EDGE ( 'NONE', *, *, #4547, .F. ) ;
#4614 = CARTESIAN_POINT ( 'NONE',  ( -2.299999999999080114, -2.000000000000110134, -11.79999999999999893 ) ) ;
#4615 = EDGE_CURVE ( 'NONE', #5238, #467, #542, .T. ) ;
#4616 = EDGE_CURVE ( 'NONE', #6566, #4537, #4799, .T. ) ;
#4617 = FACE_OUTER_BOUND ( 'NONE', #4465, .T. ) ;
#4618 = CIRCLE ( 'NONE', #4066, 3.149999999999999911 ) ;
#4619 = LINE ( 'NONE', #2032, #1224 ) ;
#4620 = CARTESIAN_POINT ( 'NONE',  ( -1.250000000000101918, -5.343109238556035478, -7.608794663504412803 ) ) ;
#4621 = ORIENTED_EDGE ( 'NONE', *, *, #1451, .F. ) ;
#4622 = ORIENTED_EDGE ( 'NONE', *, *, #5608, .T. ) ;
#4623 = AXIS2_PLACEMENT_3D ( 'NONE', #1270, #2771, #4897 ) ;
#4624 = CARTESIAN_POINT ( 'NONE',  ( 4.499999999999949374, 0.000000000000000000, -3.500000000000000000 ) ) ;
#4625 = ADVANCED_FACE ( 'NONE', ( #1619 ), #2778, .F. ) ;
#4626 = DIRECTION ( 'NONE',  ( 0.000000000000000000, 0.000000000000000000, -1.000000000000000000 ) ) ;
#4627 = FACE_OUTER_BOUND ( 'NONE', #6022, .T. ) ;
#4628 = ADVANCED_FACE ( 'NONE', ( #5466 ), #682, .T. ) ;
#4629 = ORIENTED_EDGE ( 'NONE', *, *, #1127, .T. ) ;
#4630 = EDGE_CURVE ( 'NONE', #1137, #2430, #1197, .T. ) ;
#4631 = CARTESIAN_POINT ( 'NONE',  ( 1.249999999999970024, -5.699999999999820766, -7.799999999999480238 ) ) ;
#4632 = EDGE_CURVE ( 'NONE', #1861, #3963, #4941, .T. ) ;
#4633 = DIRECTION ( 'NONE',  ( 0.000000000000000000, 0.000000000000000000, 1.000000000000000000 ) ) ;
#4634 = ORIENTED_EDGE ( 'NONE', *, *, #3893, .F. ) ;
#4635 = EDGE_LOOP ( 'NONE', ( #2063, #1818, #1133, #5610 ) ) ;
#4636 = DIRECTION ( 'NONE',  ( 0.000000000000000000, 0.5299192642332050118, 0.8480480961564259568 ) ) ;
#4637 = VERTEX_POINT ( 'NONE', #2183 ) ;
#4638 = EDGE_CURVE ( 'NONE', #658, #1025, #1586, .T. ) ;
#4639 = CARTESIAN_POINT ( 'NONE',  ( 1.479999999999979998, -8.300000000000000711, -12.93358983848630039 ) ) ;
#4640 = CARTESIAN_POINT ( 'NONE',  ( -4.250000000000090594, 4.299999999999910116, -0.5000000000000000000 ) ) ;
#4641 = VERTEX_POINT ( 'NONE', #5891 ) ;
#4642 = FACE_OUTER_BOUND ( 'NONE', #4837, .T. ) ;
#4643 = CARTESIAN_POINT ( 'NONE',  ( -3.032656903150971583, -0.9882141109573403526, -9.692893218813477318 ) ) ;
#4644 = DIRECTION ( 'NONE',  ( 0.000000000000000000, -1.000000000000000000, 0.000000000000000000 ) ) ;
#4645 = DIRECTION ( 'NONE',  ( -1.000000000000000000, 0.000000000000000000, 0.000000000000000000 ) ) ;
#4646 = DIRECTION ( 'NONE',  ( 0.000000000000000000, 0.000000000000000000, -1.000000000000000000 ) ) ;
#4647 = CARTESIAN_POINT ( 'NONE',  ( 1.000000000000000000, 0.000000000000000000, -5.625000000000000000 ) ) ;
#4648 = VECTOR ( 'NONE', #400, 1000.000000000000000 ) ;
#4649 = ORIENTED_EDGE ( 'NONE', *, *, #5673, .F. ) ;
#4650 = EDGE_CURVE ( 'NONE', #246, #3367, #2704, .T. ) ;
#4651 = ORIENTED_EDGE ( 'NONE', *, *, #3685, .F. ) ;
#4652 = SURFACE_STYLE_USAGE ( .BOTH. , #2421 ) ;
#4653 = VECTOR ( 'NONE', #1572, 1000.000000000000000 ) ;
#4654 = CARTESIAN_POINT ( 'NONE',  ( 2.650076625558015042, -0.1069511611476109958, -9.900000000000000355 ) ) ;
#4655 = LINE ( 'NONE', #5614, #769 ) ;
#4656 = CARTESIAN_POINT ( 'NONE',  ( 4.500000000000059508, -11.19999999999910045, -11.79999999999999893 ) ) ;
#4657 = ORIENTED_EDGE ( 'NONE', *, *, #6721, .F. ) ;
#4658 = VECTOR ( 'NONE', #5515, 1000.000000000000000 ) ;
#4659 = EDGE_CURVE ( 'NONE', #4248, #975, #5363, .T. ) ;
#4660 = VECTOR ( 'NONE', #5981, 1000.000000000000000 ) ;
#4661 = LINE ( 'NONE', #5716, #4907 ) ;
#4662 = ORIENTED_EDGE ( 'NONE', *, *, #5856, .T. ) ;
#4663 = DIRECTION ( 'NONE',  ( 0.000000000000000000, 0.000000000000000000, -1.000000000000000000 ) ) ;
#4664 = AXIS2_PLACEMENT_3D ( 'NONE', #58, #2754, #553 ) ;
#4665 = DIRECTION ( 'NONE',  ( 0.000000000000000000, 0.000000000000000000, 1.000000000000000000 ) ) ;
#4666 = ORIENTED_EDGE ( 'NONE', *, *, #4128, .T. ) ;
#4667 = DIRECTION ( 'NONE',  ( 0.000000000000000000, 0.000000000000000000, -1.000000000000000000 ) ) ;
#4668 = CARTESIAN_POINT ( 'NONE',  ( 1.249999999999970024, -5.500000000000449418, -7.400000000000000355 ) ) ;
#4669 = ORIENTED_EDGE ( 'NONE', *, *, #2, .T. ) ;
#4670 = AXIS2_PLACEMENT_3D ( 'NONE', #6404, #3736, #1084 ) ;
#4671 = CYLINDRICAL_SURFACE ( 'NONE', #6820, 0.7999999999999999334 ) ;
#4672 = FACE_OUTER_BOUND ( 'NONE', #5005, .T. ) ;
#4673 = EDGE_CURVE ( 'NONE', #6015, #4069, #46, .T. ) ;
#4674 = VECTOR ( 'NONE', #6248, 1000.000000000000000 ) ;
#4675 = CARTESIAN_POINT ( 'NONE',  ( -1.199999999999929789, 2.299999999999999822, -13.78000000000000114 ) ) ;
#4676 = ORIENTED_EDGE ( 'NONE', *, *, #2467, .F. ) ;
#4677 = VECTOR ( 'NONE', #16, 1000.000000000000000 ) ;
#4678 = CARTESIAN_POINT ( 'NONE',  ( 1.249999999999970024, -8.099999999999500488, -7.799999999999999822 ) ) ;
#4679 = CARTESIAN_POINT ( 'NONE',  ( -1.049999999999889910, -5.538256331734729327E-14, -11.79999999999999893 ) ) ;
#4680 = CARTESIAN_POINT ( 'NONE',  ( 2.026786536416745221, -2.236097133178124974, -4.992430623593720362 ) ) ;
#4681 = ORIENTED_EDGE ( 'NONE', *, *, #3856, .F. ) ;
#4682 = VERTEX_POINT ( 'NONE', #1134 ) ;
#4683 = DIRECTION ( 'NONE',  ( 0.000000000000000000, 0.000000000000000000, 1.000000000000000000 ) ) ;
#4684 = AXIS2_PLACEMENT_3D ( 'NONE', #5271, #1999, #5759 ) ;
#4685 = AXIS2_PLACEMENT_3D ( 'NONE', #4427, #161, #1167 ) ;
#4686 = CARTESIAN_POINT ( 'NONE',  ( -1.025111005602154401, -10.77465401266977985, -7.799999999999998934 ) ) ;
#4687 = VECTOR ( 'NONE', #6424, 1000.000000000000000 ) ;
#4688 = CARTESIAN_POINT ( 'NONE',  ( -0.3527063924446521836, -2.686283691455495060, -10.23406437125077950 ) ) ;
#4689 = CARTESIAN_POINT ( 'NONE',  ( 4.000000000000000000, -6.500000000000000000, -0.5000000000000000000 ) ) ;
#4690 = EDGE_LOOP ( 'NONE', ( #4205, #6097 ) ) ;
#4691 = EDGE_CURVE ( 'NONE', #433, #1517, #4866, .T. ) ;
#4692 = CARTESIAN_POINT ( 'NONE',  ( 2.750000000000909495, -5.500000000000000000, -2.300000000000899991 ) ) ;
#4693 = PLANE ( 'NONE',  #1443 ) ;
#4694 = LINE ( 'NONE', #5160, #6359 ) ;
#4695 = ORIENTED_EDGE ( 'NONE', *, *, #3669, .F. ) ;
#4696 = CARTESIAN_POINT ( 'NONE',  ( -4.000000000000000000, -6.000000000000000000, -11.79999999999999893 ) ) ;
#4697 = DIRECTION ( 'NONE',  ( -1.000000000000000000, 0.000000000000000000, 0.000000000000000000 ) ) ;
#4698 = VERTEX_POINT ( 'NONE', #6032 ) ;
#4699 = CARTESIAN_POINT ( 'NONE',  ( 4.500000000000059508, -2.559999999999050146, -9.799999999999998934 ) ) ;
#4700 = ORIENTED_EDGE ( 'NONE', *, *, #3804, .F. ) ;
#4701 = DIRECTION ( 'NONE',  ( 0.000000000000000000, 0.000000000000000000, -1.000000000000000000 ) ) ;
#4702 = LINE ( 'NONE', #385, #978 ) ;
#4703 = EDGE_CURVE ( 'NONE', #4441, #5124, #5120, .T. ) ;
#4704 = EDGE_CURVE ( 'NONE', #3438, #4773, #6076, .T. ) ;
#4705 = PLANE ( 'NONE',  #3762 ) ;
#4706 = ORIENTED_EDGE ( 'NONE', *, *, #3591, .T. ) ;
#4707 = ADVANCED_FACE ( 'NONE', ( #6066 ), #1386, .T. ) ;
#4708 = AXIS2_PLACEMENT_3D ( 'NONE', #4988, #5065, #6637 ) ;
#4709 = FACE_OUTER_BOUND ( 'NONE', #831, .T. ) ;
#4710 = CARTESIAN_POINT ( 'NONE',  ( -2.989999999999950031, -2.559999999999050146, -11.79999999999999893 ) ) ;
#4711 = CARTESIAN_POINT ( 'NONE',  ( 3.030782786503114945, -2.199999999999175060, -9.799999999999998934 ) ) ;
#4712 = ORIENTED_EDGE ( 'NONE', *, *, #3468, .T. ) ;
#4713 = ORIENTED_EDGE ( 'NONE', *, *, #3596, .F. ) ;
#4714 = LINE ( 'NONE', #558, #5172 ) ;
#4715 = ADVANCED_FACE ( 'NONE', ( #832 ), #6591, .T. ) ;
#4716 = CARTESIAN_POINT ( 'NONE',  ( -2.739999999999950031, -2.559999999999050146, -2.779157999888000052 ) ) ;
#4717 = CARTESIAN_POINT ( 'NONE',  ( -0.2968999430481867319, -2.637924914545894062, -10.69416739932961136 ) ) ;
#4718 = CARTESIAN_POINT ( 'NONE',  ( 18.18468237128199760, -3.137993503012880048, -3.603632002693439862 ) ) ;
#4719 = DIRECTION ( 'NONE',  ( 0.000000000000000000, 0.000000000000000000, -1.000000000000000000 ) ) ;
#4720 = PRODUCT ( '54-00131_54-00131', '54-00131_54-00131', '', ( #982 ) ) ;
#4721 = AXIS2_PLACEMENT_3D ( 'NONE', #2097, #4164, #5801 ) ;
#4722 = CIRCLE ( 'NONE', #153, 0.5000000000000000000 ) ;
#4723 = ORIENTED_EDGE ( 'NONE', *, *, #5771, .T. ) ;
#4724 = LINE ( 'NONE', #3778, #4570 ) ;
#4725 = DIRECTION ( 'NONE',  ( 0.000000000000000000, -1.000000000000000000, 0.000000000000000000 ) ) ;
#4726 = CARTESIAN_POINT ( 'NONE',  ( 0.000000000000000000, 0.000000000000000000, -9.650000000000000355 ) ) ;
#4727 = ORIENTED_EDGE ( 'NONE', *, *, #3124, .F. ) ;
#4728 = EDGE_LOOP ( 'NONE', ( #1910, #5812 ) ) ;
#4729 = DIRECTION ( 'NONE',  ( 1.000000000000000000, 0.000000000000000000, 0.000000000000000000 ) ) ;
#4730 = EDGE_CURVE ( 'NONE', #3620, #2253, #1241, .T. ) ;
#4731 = EDGE_LOOP ( 'NONE', ( #4895, #1487, #4394, #4753 ) ) ;
#4732 = PLANE ( 'NONE',  #3310 ) ;
#4733 = VERTEX_POINT ( 'NONE', #2325 ) ;
#4734 = CARTESIAN_POINT ( 'NONE',  ( -4.000000000000000000, 4.299999999999919886, -3.500000000000000000 ) ) ;
#4735 = DIRECTION ( 'NONE',  ( -1.000000000000000000, 0.000000000000000000, 0.000000000000000000 ) ) ;
#4736 = AXIS2_PLACEMENT_3D ( 'NONE', #4718, #4231, #6432 ) ;
#4737 = CARTESIAN_POINT ( 'NONE',  ( -1.550000000000830047, -3.350000000000000089, -13.44999999999999929 ) ) ;
#4738 = VERTEX_POINT ( 'NONE', #4046 ) ;
#4739 = ADVANCED_FACE ( 'NONE', ( #4495 ), #4852, .T. ) ;
#4740 = CARTESIAN_POINT ( 'NONE',  ( -1.479999999999979998, -9.919999999999999929, -13.41999999999999993 ) ) ;
#4741 = LINE ( 'NONE', #1599, #6030 ) ;
#4742 = PLANE ( 'NONE',  #1440 ) ;
#4743 = EDGE_CURVE ( 'NONE', #6274, #6457, #4979, .T. ) ;
#4744 = VERTEX_POINT ( 'NONE', #2885 ) ;
#4745 = EDGE_LOOP ( 'NONE', ( #4884, #3328, #1705, #3977, #5125, #6775, #3791, #873, #622, #2920, #1110, #2863, #6086 ) ) ;
#4746 = DIRECTION ( 'NONE',  ( -1.000000000000000000, 0.000000000000000000, 0.000000000000000000 ) ) ;
#4747 = CARTESIAN_POINT ( 'NONE',  ( -2.020270864207594830, -2.195974378436348129, -5.054214247872369725 ) ) ;
#4748 = CARTESIAN_POINT ( 'NONE',  ( 2.499999999999950262, 3.799999999999910116, -1.000000000000000000 ) ) ;
#4749 = CARTESIAN_POINT ( 'NONE',  ( 0.1106487516167481838, -2.626127208492341047, -10.80641507444701865 ) ) ;
#4750 = CARTESIAN_POINT ( 'NONE',  ( -1.569127960841897096, -2.597581269307294161, -11.07801154354190842 ) ) ;
#4751 = CYLINDRICAL_SURFACE ( 'NONE', #5102, 1.000000000000000000 ) ;
#4752 = ADVANCED_FACE ( 'NONE', ( #2431 ), #3931, .T. ) ;
#4753 = ORIENTED_EDGE ( 'NONE', *, *, #170, .T. ) ;
#4754 = CIRCLE ( 'NONE', #2530, 1.050000000000000044 ) ;
#4755 = CLOSED_SHELL ( 'NONE', ( #1956, #4089, #3453, #3766, #4903, #4415, #6816, #6532, #2258, #5308, #4047, #923, #1715, #4628, #2651, #4179, #4835, #6886, #5726, #1802 ) ) ;
#4756 = B_SPLINE_CURVE_WITH_KNOTS ( 'NONE', 3,
 ( #2632, #6442, #6375, #1654, #3710, #3784, #5850, #2323, #235, #5464, #679, #1239, #1275, #3967, #2810, #6658 ),
 .UNSPECIFIED., .F., .F.,
 ( 4, 1, 2, 2, 2, 1, 2, 2, 4 ),
 ( 0.000000000000000000, 0.1250000000000021372, 0.1875000000000031364, 0.2500000000000041633, 0.5000000000000044409, 0.6250000000000044409, 0.6875000000000042188, 0.7500000000000038858, 1.000000000000000000 ),
 .UNSPECIFIED. ) ;
#4757 = LINE ( 'NONE', #1648, #6244 ) ;
#4758 = FACE_OUTER_BOUND ( 'NONE', #5161, .T. ) ;
#4759 = DIRECTION ( 'NONE',  ( 0.000000000000000000, 0.000000000000000000, 1.000000000000000000 ) ) ;
#4760 = ORIENTED_EDGE ( 'NONE', *, *, #848, .T. ) ;
#4761 = ORIENTED_EDGE ( 'NONE', *, *, #5940, .F. ) ;
#4762 = CARTESIAN_POINT ( 'NONE',  ( -3.649999999999999911, -5.500000000000000000, -5.299999999999999822 ) ) ;
#4763 = EDGE_LOOP ( 'NONE', ( #4430, #4347, #6150, #6726 ) ) ;
#4764 = B_SPLINE_CURVE_WITH_KNOTS ( 'NONE', 3,
 ( #4531, #1875, #1419, #801, #4229, #4013, #4109, #2956 ),
 .UNSPECIFIED., .F., .F.,
 ( 4, 2, 2, 4 ),
 ( 0.000000000000000000, 0.2500000000000001110, 0.5000000000000002220, 1.000000000000000000 ),
 .UNSPECIFIED. ) ;
#4765 = FACE_OUTER_BOUND ( 'NONE', #3489, .T. ) ;
#4766 = ORIENTED_EDGE ( 'NONE', *, *, #5457, .F. ) ;
#4767 = VECTOR ( 'NONE', #4182, 1000.000000000000000 ) ;
#4768 = DIRECTION ( 'NONE',  ( 1.000000000000000000, 0.000000000000000000, 0.000000000000000000 ) ) ;
#4769 = LINE ( 'NONE', #88, #4331 ) ;
#4770 = AXIS2_PLACEMENT_3D ( 'NONE', #2165, #3271, #3690 ) ;
#4771 = CARTESIAN_POINT ( 'NONE',  ( 1.050000000000107958, -5.551115123125779547E-14, -13.78000000000000114 ) ) ;
#4772 = VECTOR ( 'NONE', #4140, 1000.000000000000000 ) ;
#4773 = VERTEX_POINT ( 'NONE', #4568 ) ;
#4774 = CARTESIAN_POINT ( 'NONE',  ( 1.249999999999970024, -8.970710678117770343, -8.246446609406030248 ) ) ;
#4775 = FACE_BOUND ( 'NONE', #3356, .T. ) ;
#4776 = FACE_OUTER_BOUND ( 'NONE', #4112, .T. ) ;
#4777 = VECTOR ( 'NONE', #107, 1000.000000000000000 ) ;
#4778 = ORIENTED_EDGE ( 'NONE', *, *, #2972, .T. ) ;
#4779 = UNCERTAINTY_MEASURE_WITH_UNIT (LENGTH_MEASURE( 1.000000000000000082E-05 ), #3808, 'distance_accuracy_value', 'NONE');
#4780 = ORIENTED_EDGE ( 'NONE', *, *, #1354, .T. ) ;
#4781 = FACE_OUTER_BOUND ( 'NONE', #6811, .T. ) ;
#4782 = CIRCLE ( 'NONE', #548, 0.5000000000138523637 ) ;
#4783 = CARTESIAN_POINT ( 'NONE',  ( 4.000000000000000000, 3.799999999999910116, -0.5000000000000000000 ) ) ;
#4784 = CARTESIAN_POINT ( 'NONE',  ( 0.2962932658328460422, -2.638168319901275982, -10.69185155206839966 ) ) ;
#4785 = CARTESIAN_POINT ( 'NONE',  ( -1.397345415731827467, -2.584984913014853447, -11.19785786810353301 ) ) ;
#4786 = DIRECTION ( 'NONE',  ( 1.000000000000000000, 0.000000000000000000, 0.000000000000000000 ) ) ;
#4787 = ADVANCED_FACE ( 'NONE', ( #5017 ), #3434, .F. ) ;
#4788 = DIRECTION ( 'NONE',  ( 1.000000000000000000, 0.000000000000000000, 0.000000000000000000 ) ) ;
#4789 = CIRCLE ( 'NONE', #5593, 3.149999999999999911 ) ;
#4790 = CIRCLE ( 'NONE', #5354, 0.5000000000000004441 ) ;
#4791 = DIRECTION ( 'NONE',  ( 0.000000000000000000, 0.000000000000000000, 1.000000000000000000 ) ) ;
#4792 = EDGE_CURVE ( 'NONE', #1711, #1861, #38, .T. ) ;
#4793 = CARTESIAN_POINT ( 'NONE',  ( 2.506042611943415377, 0.8795934882266179811, -9.900000000000000355 ) ) ;
#4794 = FACE_OUTER_BOUND ( 'NONE', #4398, .T. ) ;
#4795 = ORIENTED_EDGE ( 'NONE', *, *, #3141, .F. ) ;
#4796 = PLANE ( 'NONE',  #398 ) ;
#4797 = PLANE ( 'NONE',  #6914 ) ;
#4798 = EDGE_LOOP ( 'NONE', ( #807, #5504, #1762, #4867 ) ) ;
#4799 = LINE ( 'NONE', #646, #79 ) ;
#4800 = VERTEX_POINT ( 'NONE', #6702 ) ;
#4801 = CARTESIAN_POINT ( 'NONE',  ( 1.000000000000000000, 0.000000000000000000, -10.14999999999999858 ) ) ;
#4802 = CARTESIAN_POINT ( 'NONE',  ( 1.000000000000000000, 2.000000000000000000, -2.100000000000049827 ) ) ;
#4803 = DIRECTION ( 'NONE',  ( -0.5197153285315629923, 0.8543394976760289028, 0.000000000000000000 ) ) ;
#4804 = CARTESIAN_POINT ( 'NONE',  ( 1.500000000000060174, -5.349999999999999645, -11.79999999999999893 ) ) ;
#4805 = CARTESIAN_POINT ( 'NONE',  ( -9.662512969806918761, -9.539807621135009796, -13.42999999999999972 ) ) ;
#4806 = ORIENTED_EDGE ( 'NONE', *, *, #233, .F. ) ;
#4807 = DIRECTION ( 'NONE',  ( 1.000000000000000000, 0.000000000000000000, 0.000000000000000000 ) ) ;
#4808 = DIRECTION ( 'NONE',  ( 1.000000000000000000, 1.776356839400250465E-15, 0.000000000000000000 ) ) ;
#4809 = DIRECTION ( 'NONE',  ( -1.000000000000000000, 0.000000000000000000, 0.000000000000000000 ) ) ;
#4810 = ORIENTED_EDGE ( 'NONE', *, *, #3908, .T. ) ;
#4811 = EDGE_CURVE ( 'NONE', #1243, #1933, #2921, .T. ) ;
#4812 = DIRECTION ( 'NONE',  ( 0.000000000000000000, 0.7071067811866840191, 0.7071067811864111263 ) ) ;
#4813 = VECTOR ( 'NONE', #2137, 1000.000000000000000 ) ;
#4814 = CARTESIAN_POINT ( 'NONE',  ( 18.18468237128199760, -8.687867965643759405, -8.387867965643870605 ) ) ;
#4815 = CARTESIAN_POINT ( 'NONE',  ( -1.479999999999979998, -3.100000000000049827, -13.78000000000000114 ) ) ;
#4816 = FACE_OUTER_BOUND ( 'NONE', #5103, .T. ) ;
#4817 = CARTESIAN_POINT ( 'NONE',  ( -1.479999999999979998, -9.539807621135009796, -13.42999999999999972 ) ) ;
#4818 = VECTOR ( 'NONE', #4812, 999.9999999999998863 ) ;
#4819 = DIRECTION ( 'NONE',  ( 1.000000000000000000, 0.000000000000000000, 0.000000000000000000 ) ) ;
#4820 = ADVANCED_FACE ( 'NONE', ( #1944 ), #3541, .T. ) ;
#4821 = DIRECTION ( 'NONE',  ( 0.000000000000000000, -0.5446390350151349979, 0.8386705679453539952 ) ) ;
#4822 = EDGE_CURVE ( 'NONE', #6111, #4024, #4080, .T. ) ;
#4823 = FACE_OUTER_BOUND ( 'NONE', #5274, .T. ) ;
#4824 = AXIS2_PLACEMENT_3D ( 'NONE', #6388, #5758, #3724 ) ;
#4825 = DIRECTION ( 'NONE',  ( 0.000000000000000000, -1.000000000000000000, 0.000000000000000000 ) ) ;
#4826 = ORIENTED_EDGE ( 'NONE', *, *, #4036, .T. ) ;
#4827 = ADVANCED_FACE ( 'NONE', ( #4599 ), #6737, .T. ) ;
#4828 = DIRECTION ( 'NONE',  ( 1.000000000000000000, 0.000000000000000000, 0.000000000000000000 ) ) ;
#4829 = CARTESIAN_POINT ( 'NONE',  ( -3.899999999999789857, -3.350000000000000089, -13.40000000000000036 ) ) ;
#4830 = ORIENTED_EDGE ( 'NONE', *, *, #2012, .F. ) ;
#4831 = CARTESIAN_POINT ( 'NONE',  ( -4.000000000000000000, -6.000000000000000000, 0.000000000000000000 ) ) ;
#4832 = AXIS2_PLACEMENT_3D ( 'NONE', #5157, #3022, #5687 ) ;
#4833 = AXIS2_PLACEMENT_3D ( 'NONE', #5624, #1880, #781 ) ;
#4834 = ORIENTED_EDGE ( 'NONE', *, *, #6607, .F. ) ;
#4835 = ADVANCED_FACE ( 'NONE', ( #3815 ), #3964, .T. ) ;
#4836 = CARTESIAN_POINT ( 'NONE',  ( -4.500000000000059508, -6.000000000000000000, 0.000000000000000000 ) ) ;
#4837 = EDGE_LOOP ( 'NONE', ( #1147, #2922, #803, #1673 ) ) ;
#4838 = CARTESIAN_POINT ( 'NONE',  ( -2.037134352765114897, -3.043296795206259731, -6.084124547720549891 ) ) ;
#4839 = PLANE ( 'NONE',  #5339 ) ;
#4840 = LINE ( 'NONE', #5477, #5494 ) ;
#4841 = CARTESIAN_POINT ( 'NONE',  ( 2.750000000000909495, -4.689212032310579481, -1.500072740962019813 ) ) ;
#4842 = VERTEX_POINT ( 'NONE', #5010 ) ;
#4843 = CARTESIAN_POINT ( 'NONE',  ( 2.750000000000909495, -5.500000000000000000, -5.600000000000860290 ) ) ;
#4844 = CARTESIAN_POINT ( 'NONE',  ( 18.18468237128199760, -2.565897943163849781, -6.596072138855419986 ) ) ;
#4845 = CARTESIAN_POINT ( 'NONE',  ( 1.479999999999979998, -9.542487113058909287, -13.41999999999999993 ) ) ;
#4846 = EDGE_LOOP ( 'NONE', ( #1016, #5782, #933, #5885 ) ) ;
#4847 = CARTESIAN_POINT ( 'NONE',  ( 1.145802126866453108, -10.55007660606138487, -7.599999999999872635 ) ) ;
#4848 = CONICAL_SURFACE ( 'NONE', #1727, 1.199999999471401901, 1.405647647690330126 ) ;
#4849 = CARTESIAN_POINT ( 'NONE',  ( 2.429328335627760183, -2.430323138703010422, -2.779157999888000052 ) ) ;
#4850 = CARTESIAN_POINT ( 'NONE',  ( 0.000000000000000000, 0.000000000000000000, -1.000000000000000000 ) ) ;
#4851 = ADVANCED_FACE ( 'NONE', ( #2877 ), #3849, .F. ) ;
#4852 =( BOUNDED_SURFACE ( )  B_SPLINE_SURFACE ( 3, 3, ( 
 ( #1912, #341, #6553, #1353 ),
 ( #6177, #3506, #1763, #4010 ),
 ( #3892, #305, #3471, #6627 ),
 ( #3358, #5503, #1873, #720 ) ),
 .UNSPECIFIED., .F., .F., .F. ) 
 B_SPLINE_SURFACE_WITH_KNOTS ( ( 4, 4 ),
 ( 4, 4 ),
 ( 0.000000000000000000, 1.000000000000000000 ),
 ( 0.000000000000000000, 1.000000000000000000 ),
 .UNSPECIFIED. ) 
 GEOMETRIC_REPRESENTATION_ITEM ( )  RATIONAL_B_SPLINE_SURFACE ( (
 ( 1.000000000000000000, 0.8047378541243649375, 0.8047378541243649375, 1.000000000000000000),
 ( 0.8047378541243649375, 0.6476030138606879705, 0.6476030138606879705, 0.8047378541243649375),
 ( 0.8047378541243649375, 0.6476030138606879705, 0.6476030138606879705, 0.8047378541243649375),
 ( 1.000000000000000000, 0.8047378541243649375, 0.8047378541243649375, 1.000000000000000000) ) ) 
 REPRESENTATION_ITEM ( '' )  SURFACE ( )  );
#4853 = CARTESIAN_POINT ( 'NONE',  ( 2.010880259306695006, -2.283098795542569892, -5.375228444583549425 ) ) ;
#4854 = DIRECTION ( 'NONE',  ( 0.000000000000000000, -0.5299192642332043457, -0.8480480961564265119 ) ) ;
#4855 = CARTESIAN_POINT ( 'NONE',  ( -4.339999999999999858, -2.199999999999130207, -11.79999999999999893 ) ) ;
#4856 = ORIENTED_EDGE ( 'NONE', *, *, #5872, .T. ) ;
#4857 = ORIENTED_EDGE ( 'NONE', *, *, #6287, .F. ) ;
#4858 = CARTESIAN_POINT ( 'NONE',  ( 1.050000000000000044, 0.000000000000000000, -11.79999999999999893 ) ) ;
#4859 = CARTESIAN_POINT ( 'NONE',  ( -1.777709254451545151, -2.659722563033055209, -10.48677662737590133 ) ) ;
#4860 = DIRECTION ( 'NONE',  ( 0.000000000000000000, 0.000000000000000000, 1.000000000000000000 ) ) ;
#4861 = VERTEX_POINT ( 'NONE', #1191 ) ;
#4862 = VECTOR ( 'NONE', #2844, 1000.000000000000114 ) ;
#4863 = FACE_OUTER_BOUND ( 'NONE', #4909, .T. ) ;
#4864 = CARTESIAN_POINT ( 'NONE',  ( 3.550000000000880007, -5.500000000000000000, -11.90000000000000036 ) ) ;
#4865 = ORIENTED_EDGE ( 'NONE', *, *, #2654, .F. ) ;
#4866 = LINE ( 'NONE', #82, #2505 ) ;
#4867 = ORIENTED_EDGE ( 'NONE', *, *, #1927, .T. ) ;
#4868 = PRODUCT_RELATED_PRODUCT_CATEGORY ( 'part', '', ( #4720 ) ) ;
#4869 = CIRCLE ( 'NONE', #6326, 0.3499999999999996447 ) ;
#4870 = LINE ( 'NONE', #6871, #5595 ) ;
#4871 = ORIENTED_EDGE ( 'NONE', *, *, #3908, .F. ) ;
#4872 = CARTESIAN_POINT ( 'NONE',  ( -3.149999999999999911, -2.000000000000110134, -9.900000000000000355 ) ) ;
#4873 = CARTESIAN_POINT ( 'NONE',  ( -1.499999999999830136, -6.349999999999999645, -7.950000000000000178 ) ) ;
#4874 = CARTESIAN_POINT ( 'NONE',  ( 1.500000000000060174, -5.349999999999999645, -7.950000000000000178 ) ) ;
#4875 = CYLINDRICAL_SURFACE ( 'NONE', #2989, 1.050000000000000044 ) ;
#4876 = VECTOR ( 'NONE', #1211, 1000.000000000000000 ) ;
#4877 = VERTEX_POINT ( 'NONE', #5419 ) ;
#4878 = CARTESIAN_POINT ( 'NONE',  ( -0.4038174545077516386, -4.761552218842768802, -5.484640381139160858 ) ) ;
#4879 = EDGE_CURVE ( 'NONE', #409, #3165, #229, .T. ) ;
#4880 = CARTESIAN_POINT ( 'NONE',  ( -3.200000000000000178, -5.500000000000000000, -11.79999999999999893 ) ) ;
#4881 = CARTESIAN_POINT ( 'NONE',  ( 1.479999999999979998, -7.457512886940070196, -13.41999999999999993 ) ) ;
#4882 = VECTOR ( 'NONE', #2544, 1000.000000000000000 ) ;
#4883 = VECTOR ( 'NONE', #6466, 1000.000000000000000 ) ;
#4884 = ORIENTED_EDGE ( 'NONE', *, *, #5235, .F. ) ;
#4885 = COLOUR_RGB ( '',0.6745098039215686736, 0.6745098039215686736, 0.6745098039215686736 ) ;
#4886 = ORIENTED_EDGE ( 'NONE', *, *, #463, .T. ) ;
#4887 = CARTESIAN_POINT ( 'NONE',  ( 1.249999999999970024, -9.558578643762039917, -7.658578643762729676 ) ) ;
#4888 = VECTOR ( 'NONE', #1591, 1000.000000000000000 ) ;
#4889 = DIRECTION ( 'NONE',  ( 0.000000000000000000, 0.5446390350151349979, -0.8386705679453539952 ) ) ;
#4890 = PLANE ( 'NONE',  #900 ) ;
#4891 = CARTESIAN_POINT ( 'NONE',  ( 0.2023838909407315034, -2.702826817925727099, -10.07666703680053288 ) ) ;
#4892 = ORIENTED_EDGE ( 'NONE', *, *, #2743, .T. ) ;
#4893 = VERTEX_POINT ( 'NONE', #2806 ) ;
#4894 = CARTESIAN_POINT ( 'NONE',  ( 3.650000000000929834, -5.150000000000099831, -11.79999999999999893 ) ) ;
#4895 = ORIENTED_EDGE ( 'NONE', *, *, #2439, .T. ) ;
#4896 = VECTOR ( 'NONE', #2937, 1000.000000000000000 ) ;
#4897 = DIRECTION ( 'NONE',  ( 1.000000000000000000, 0.000000000000000000, 0.000000000000000000 ) ) ;
#4898 = CARTESIAN_POINT ( 'NONE',  ( -1.978139558449849567, 1.771581917537824902, -9.900000000000000355 ) ) ;
#4899 = DIRECTION ( 'NONE',  ( -1.000000000000000000, 0.000000000000000000, 0.000000000000000000 ) ) ;
#4900 = PLANE ( 'NONE',  #4294 ) ;
#4901 = DIRECTION ( 'NONE',  ( 0.000000000000000000, -0.8660254037844552499, -0.4999999999999712452 ) ) ;
#4902 = ORIENTED_EDGE ( 'NONE', *, *, #3881, .T. ) ;
#4903 = ADVANCED_FACE ( 'NONE', ( #4417 ), #6027, .T. ) ;
#4904 = LINE ( 'NONE', #2149, #6565 ) ;
#4905 = EDGE_CURVE ( 'NONE', #6271, #2898, #5957, .T. ) ;
#4906 = ORIENTED_EDGE ( 'NONE', *, *, #2362, .T. ) ;
#4907 = VECTOR ( 'NONE', #929, 1000.000000000000000 ) ;
#4908 = DIRECTION ( 'NONE',  ( 0.000000000000000000, 0.000000000000000000, 1.000000000000000000 ) ) ;
#4909 = EDGE_LOOP ( 'NONE', ( #6003, #490, #5492, #1977, #693, #3180, #5081, #6115, #5611 ) ) ;
#4910 = DIRECTION ( 'NONE',  ( -1.000000000000000000, 0.000000000000000000, 0.000000000000000000 ) ) ;
#4911 = EDGE_LOOP ( 'NONE', ( #4094, #4091, #6241, #120 ) ) ;
#4912 = VECTOR ( 'NONE', #2936, 1000.000000000000000 ) ;
#4913 = DIRECTION ( 'NONE',  ( 0.000000000000000000, 0.000000000000000000, 1.000000000000000000 ) ) ;
#4914 = LINE ( 'NONE', #1065, #2262 ) ;
#4915 = DIRECTION ( 'NONE',  ( 0.000000000000000000, 0.000000000000000000, -1.000000000000000000 ) ) ;
#4916 = ORIENTED_EDGE ( 'NONE', *, *, #4190, .F. ) ;
#4917 = EDGE_CURVE ( 'NONE', #843, #2144, #5497, .T. ) ;
#4918 = DIRECTION ( 'NONE',  ( 0.000000000000000000, 1.000000000000000000, 0.000000000000000000 ) ) ;
#4919 = CARTESIAN_POINT ( 'NONE',  ( 1.479999999999979998, -9.539807621135009796, -13.78000000000000114 ) ) ;
#4920 = CARTESIAN_POINT ( 'NONE',  ( 4.000000000000000000, -6.000000000000000000, -11.79999999999999893 ) ) ;
#4921 = EDGE_CURVE ( 'NONE', #4521, #5044, #3391, .T. ) ;
#4922 = EDGE_CURVE ( 'NONE', #1553, #6628, #4379, .T. ) ;
#4923 = ORIENTED_EDGE ( 'NONE', *, *, #5416, .T. ) ;
#4924 = LINE ( 'NONE', #2306, #1887 ) ;
#4925 = EDGE_CURVE ( 'NONE', #2674, #3620, #1235, .T. ) ;
#4926 = EDGE_CURVE ( 'NONE', #5556, #2369, #715, .T. ) ;
#4927 = FACE_OUTER_BOUND ( 'NONE', #634, .T. ) ;
#4928 = CARTESIAN_POINT ( 'NONE',  ( -4.500000000000059508, -6.000000000000000000, -11.79999999999999893 ) ) ;
#4929 = VERTEX_POINT ( 'NONE', #4858 ) ;
#4930 = VERTEX_POINT ( 'NONE', #74 ) ;
#4931 = ADVANCED_FACE ( 'NONE', ( #2212 ), #5533, .T. ) ;
#4932 = AXIS2_PLACEMENT_3D ( 'NONE', #1714, #3316, #226 ) ;
#4933 = DIRECTION ( 'NONE',  ( 1.000000000000000000, 0.000000000000000000, 0.000000000000000000 ) ) ;
#4934 = EDGE_LOOP ( 'NONE', ( #4001, #6802 ) ) ;
#4935 = CARTESIAN_POINT ( 'NONE',  ( -1.250000000000089928, -9.112132034355559185, -8.387867965643970081 ) ) ;
#4936 = AXIS2_PLACEMENT_3D ( 'NONE', #6357, #3070, #4260 ) ;
#4937 = DIRECTION ( 'NONE',  ( 1.000000000000000000, 0.000000000000000000, 0.000000000000000000 ) ) ;
#4938 = DIRECTION ( 'NONE',  ( 0.000000000000000000, 0.000000000000000000, 1.000000000000000000 ) ) ;
#4939 = CARTESIAN_POINT ( 'NONE',  ( 1.249999999999970024, -5.900000000000730438, -7.599999999999869971 ) ) ;
#4940 = ORIENTED_EDGE ( 'NONE', *, *, #2012, .T. ) ;
#4941 = LINE ( 'NONE', #158, #4073 ) ;
#4942 = VERTEX_POINT ( 'NONE', #3927 ) ;
#4943 = VECTOR ( 'NONE', #5681, 1000.000000000000000 ) ;
#4944 = CARTESIAN_POINT ( 'NONE',  ( 2.007677482722834750, -2.001485550968753468, -4.986485087386876458 ) ) ;
#4945 = ORIENTED_EDGE ( 'NONE', *, *, #2105, .F. ) ;
#4946 = EDGE_CURVE ( 'NONE', #5785, #5507, #6470, .T. ) ;
#4947 = CARTESIAN_POINT ( 'NONE',  ( -1.000000000000000000, 1.224646799147351975E-16, -2.100000000000049827 ) ) ;
#4948 = ORIENTED_EDGE ( 'NONE', *, *, #3716, .T. ) ;
#4949 = LINE ( 'NONE', #3976, #436 ) ;
#4950 = ORIENTED_EDGE ( 'NONE', *, *, #3758, .F. ) ;
#4951 = CARTESIAN_POINT ( 'NONE',  ( -1.549999999999049916, -1.100000000000100009, -11.79999999999999893 ) ) ;
#4952 = CIRCLE ( 'NONE', #4623, 1.000000000000000000 ) ;
#4953 = VECTOR ( 'NONE', #1859, 1000.000000000000000 ) ;
#4954 = CARTESIAN_POINT ( 'NONE',  ( -1.250000000000089928, -8.829289321880178676, -8.246446609406149264 ) ) ;
#4955 = ORIENTED_EDGE ( 'NONE', *, *, #6004, .T. ) ;
#4956 = EDGE_CURVE ( 'NONE', #204, #5529, #4952, .T. ) ;
#4957 = CARTESIAN_POINT ( 'NONE',  ( -1.250000000000089928, -8.687867965643739865, -8.387867965643890145 ) ) ;
#4958 = DIRECTION ( 'NONE',  ( -1.000000000000000000, 0.000000000000000000, 0.000000000000000000 ) ) ;
#4959 = DIRECTION ( 'NONE',  ( 0.9952719235557661026, 0.08236899631855598702, -0.05146986134699786664 ) ) ;
#4960 = ORIENTED_EDGE ( 'NONE', *, *, #6502, .T. ) ;
#4961 = CARTESIAN_POINT ( 'NONE',  ( 1.220745125442801005, -10.36270236702178948, -7.599999999999873523 ) ) ;
#4962 = EDGE_CURVE ( 'NONE', #6790, #3968, #114, .T. ) ;
#4963 = ADVANCED_FACE ( 'NONE', ( #5989 ), #817, .T. ) ;
#4964 = CARTESIAN_POINT ( 'NONE',  ( 0.4769906117180051641, -2.235173569842740182, -11.08741575439268345 ) ) ;
#4965 = CARTESIAN_POINT ( 'NONE',  ( -4.500000000000059508, 0.000000000000000000, -11.79999999999999893 ) ) ;
#4966 = PLANE ( 'NONE',  #2833 ) ;
#4967 = DIRECTION ( 'NONE',  ( 0.000000000000000000, -1.000000000000000000, 0.000000000000000000 ) ) ;
#4968 = ORIENTED_EDGE ( 'NONE', *, *, #1114, .F. ) ;
#4969 = VECTOR ( 'NONE', #43, 1000.000000000000000 ) ;
#4970 = VERTEX_POINT ( 'NONE', #5645 ) ;
#4971 = CARTESIAN_POINT ( 'NONE',  ( 0.000000000000000000, 0.000000000000000000, -10.14999999999999858 ) ) ;
#4972 = EDGE_LOOP ( 'NONE', ( #858, #6759, #3049, #1450 ) ) ;
#4973 = CARTESIAN_POINT ( 'NONE',  ( 3.650000000000929834, -5.150000000000099831, -11.79999999999999893 ) ) ;
#4974 = EDGE_CURVE ( 'NONE', #6590, #557, #264, .T. ) ;
#4975 = SURFACE_STYLE_USAGE ( .BOTH. , #2843 ) ;
#4976 = CARTESIAN_POINT ( 'NONE',  ( -1.499999999999830136, -6.349999999999999645, -7.950000000000000178 ) ) ;
#4977 = CARTESIAN_POINT ( 'NONE',  ( 0.000000000000000000, 6.500000000000000000, 7.700000000000000178 ) ) ;
#4978 = VERTEX_POINT ( 'NONE', #4042 ) ;
#4979 = LINE ( 'NONE', #6141, #1038 ) ;
#4980 = ORIENTED_EDGE ( 'NONE', *, *, #2986, .F. ) ;
#4981 = AXIS2_PLACEMENT_3D ( 'NONE', #5116, #4106, #5650 ) ;
#4982 = CARTESIAN_POINT ( 'NONE',  ( 2.018537944984615251, -2.068363019588630003, -4.883502816590380213 ) ) ;
#4983 = VERTEX_POINT ( 'NONE', #3535 ) ;
#4984 = DIRECTION ( 'NONE',  ( 0.000000000000000000, -1.000000000000000000, 0.000000000000000000 ) ) ;
#4985 = ORIENTED_EDGE ( 'NONE', *, *, #2319, .T. ) ;
#4986 = DIRECTION ( 'NONE',  ( 1.000000000000000000, 0.000000000000000000, 0.000000000000000000 ) ) ;
#4987 = ORIENTED_EDGE ( 'NONE', *, *, #866, .T. ) ;
#4988 = CARTESIAN_POINT ( 'NONE',  ( 0.000000000000000000, 0.000000000000000000, -14.09999999999999964 ) ) ;
#4989 = CARTESIAN_POINT ( 'NONE',  ( -3.150000000000001243, 6.300000000000002487, -9.692893218813480871 ) ) ;
#4990 = VECTOR ( 'NONE', #4081, 1000.000000000000000 ) ;
#4991 = VERTEX_POINT ( 'NONE', #2498 ) ;
#4992 = CARTESIAN_POINT ( 'NONE',  ( 4.000000000000000000, 4.299999999999907452, -0.2071067811865467123 ) ) ;
#4993 = CARTESIAN_POINT ( 'NONE',  ( -2.749999999999089617, -4.284639379509036061, -1.861509200010772025 ) ) ;
#4994 = LINE ( 'NONE', #815, #666 ) ;
#4995 = VECTOR ( 'NONE', #1287, 1000.000000000000000 ) ;
#4996 = ORIENTED_EDGE ( 'NONE', *, *, #5130, .T. ) ;
#4997 = LINE ( 'NONE', #3872, #6739 ) ;
#4998 = EDGE_CURVE ( 'NONE', #347, #2435, #5083, .T. ) ;
#4999 = CARTESIAN_POINT ( 'NONE',  ( 0.3692454791660844116, -2.699783421336162004, -10.03070813642794690 ) ) ;
#5000 = VECTOR ( 'NONE', #479, 1000.000000000000114 ) ;
#5001 = CARTESIAN_POINT ( 'NONE',  ( -0.5049201316800223660, -5.299999999999280398, -5.973138155178006059 ) ) ;
#5002 = DIRECTION ( 'NONE',  ( 0.000000000000000000, 1.000000000000000000, 0.000000000000000000 ) ) ;
#5003 = PLANE ( 'NONE',  #5786 ) ;
#5004 = ORIENTED_EDGE ( 'NONE', *, *, #1716, .T. ) ;
#5005 = EDGE_LOOP ( 'NONE', ( #4980, #3323, #34, #1563 ) ) ;
#5006 = EDGE_CURVE ( 'NONE', #6883, #537, #924, .T. ) ;
#5007 = DIRECTION ( 'NONE',  ( 1.000000000000000000, 0.000000000000000000, 0.000000000000000000 ) ) ;
#5008 = ORIENTED_EDGE ( 'NONE', *, *, #2275, .F. ) ;
#5009 = VECTOR ( 'NONE', #4058, 1000.000000000000000 ) ;
#5010 = CARTESIAN_POINT ( 'NONE',  ( 4.500000000000059508, -10.19999999999910045, -9.799999999999998934 ) ) ;
#5011 = EDGE_CURVE ( 'NONE', #6546, #2523, #3045, .T. ) ;
#5012 = CARTESIAN_POINT ( 'NONE',  ( -0.6192374509270509586, 2.578205349620104947, -9.900000000000000355 ) ) ;
#5013 = DIRECTION ( 'NONE',  ( 0.000000000000000000, -1.000000000000000000, 0.000000000000000000 ) ) ;
#5014 =( GEOMETRIC_REPRESENTATION_CONTEXT ( 3 ) GLOBAL_UNCERTAINTY_ASSIGNED_CONTEXT ( ( #1318 ) ) GLOBAL_UNIT_ASSIGNED_CONTEXT ( ( #5713, #5877, #6829 ) ) REPRESENTATION_CONTEXT ( 'NONE', 'WORKASPACE' ) );
#5015 =( NAMED_UNIT ( * ) PLANE_ANGLE_UNIT ( ) SI_UNIT ( $, .RADIAN. ) );
#5016 = ORIENTED_EDGE ( 'NONE', *, *, #1378, .T. ) ;
#5017 = FACE_OUTER_BOUND ( 'NONE', #6478, .T. ) ;
#5018 = ADVANCED_FACE ( 'NONE', ( #5185 ), #5152, .T. ) ;
#5019 = EDGE_LOOP ( 'NONE', ( #3524, #4948, #87, #2554, #3848, #324, #5715, #4374, #1092, #3314, #2785, #3774 ) ) ;
#5020 = VECTOR ( 'NONE', #4913, 1000.000000000000000 ) ;
#5021 = CARTESIAN_POINT ( 'NONE',  ( 1.990969649417444698, -2.016274846385509356, -5.333232025205887794 ) ) ;
#5022 = VERTEX_POINT ( 'NONE', #4624 ) ;
#5023 = CARTESIAN_POINT ( 'NONE',  ( 2.890671664372514993, -2.430323138702940255, -11.79999999999999893 ) ) ;
#5024 = ORIENTED_EDGE ( 'NONE', *, *, #2975, .F. ) ;
#5025 = CARTESIAN_POINT ( 'NONE',  ( 3.650000000000929834, -5.500000000000000000, -5.299999999999999822 ) ) ;
#5026 = ORIENTED_EDGE ( 'NONE', *, *, #6314, .F. ) ;
#5027 = CARTESIAN_POINT ( 'NONE',  ( 0.2616243267341313294, -5.299999999999278621, -4.125731051654337733 ) ) ;
#5028 = DIRECTION ( 'NONE',  ( 0.000000000000000000, 0.000000000000000000, -1.000000000000000000 ) ) ;
#5029 = CIRCLE ( 'NONE', #3788, 1.000000000000000000 ) ;
#5030 = ORIENTED_EDGE ( 'NONE', *, *, #6697, .T. ) ;
#5031 = AXIS2_PLACEMENT_3D ( 'NONE', #4274, #5358, #3781 ) ;
#5032 = AXIS2_PLACEMENT_3D ( 'NONE', #4844, #5826, #6498 ) ;
#5033 = LINE ( 'NONE', #3982, #1538 ) ;
#5034 = CARTESIAN_POINT ( 'NONE',  ( -2.749999999999090505, -4.511337615891499730, -1.721483909603035656 ) ) ;
#5035 = FACE_OUTER_BOUND ( 'NONE', #1130, .T. ) ;
#5036 = ORIENTED_EDGE ( 'NONE', *, *, #3716, .F. ) ;
#5037 = DIRECTION ( 'NONE',  ( 0.000000000000000000, 0.000000000000000000, -1.000000000000000000 ) ) ;
#5038 = CARTESIAN_POINT ( 'NONE',  ( -2.017492069247430297, -3.061816534796980793, -6.493584863142355168 ) ) ;
#5039 = CARTESIAN_POINT ( 'NONE',  ( 0.9999530098595834637, -5.299999999999280398, -5.233111823972404153 ) ) ;
#5040 = DIRECTION ( 'NONE',  ( 0.000000000000000000, 0.000000000000000000, 1.000000000000000000 ) ) ;
#5041 = CARTESIAN_POINT ( 'NONE',  ( -2.299999999999080114, -1.199999999999979972, -11.79999999999999893 ) ) ;
#5042 = ORIENTED_EDGE ( 'NONE', *, *, #3429, .F. ) ;
#5043 = EDGE_CURVE ( 'NONE', #2915, #6529, #3201, .T. ) ;
#5044 = VERTEX_POINT ( 'NONE', #6098 ) ;
#5045 =( LENGTH_UNIT ( ) NAMED_UNIT ( * ) SI_UNIT ( .MILLI., .METRE. ) );
#5046 = ORIENTED_EDGE ( 'NONE', *, *, #5209, .T. ) ;
#5047 = CARTESIAN_POINT ( 'NONE',  ( 0.1140119923364485421, -2.761658987445517521, -10.00723491955310429 ) ) ;
#5048 = CARTESIAN_POINT ( 'NONE',  ( 4.499999999999949374, -2.150000000000039879, -9.750000000000000000 ) ) ;
#5049 = LINE ( 'NONE', #4298, #2422 ) ;
#5050 = CARTESIAN_POINT ( 'NONE',  ( 4.499999999999949374, 3.799999999999910116, -11.79999999999999893 ) ) ;
#5051 = EDGE_LOOP ( 'NONE', ( #2461, #4292, #3971, #4328 ) ) ;
#5052 = DIRECTION ( 'NONE',  ( 0.000000000000000000, -1.000000000000000000, 0.000000000000000000 ) ) ;
#5053 = EDGE_CURVE ( 'NONE', #2851, #3290, #6890, .T. ) ;
#5054 = ORIENTED_EDGE ( 'NONE', *, *, #1624, .F. ) ;
#5055 = AXIS2_PLACEMENT_3D ( 'NONE', #1460, #3247, #5841 ) ;
#5056 = EDGE_CURVE ( 'NONE', #5529, #204, #478, .T. ) ;
#5057 = ADVANCED_FACE ( 'NONE', ( #1077 ), #1505, .T. ) ;
#5058 = CARTESIAN_POINT ( 'NONE',  ( 2.299999999999859934, -1.100000000000100009, -11.79999999999999893 ) ) ;
#5059 = DIRECTION ( 'NONE',  ( 0.000000000000000000, -0.8660254037844552499, 0.4999999999999712452 ) ) ;
#5060 = ORIENTED_EDGE ( 'NONE', *, *, #3682, .F. ) ;
#5061 = FACE_OUTER_BOUND ( 'NONE', #2687, .T. ) ;
#5062 = ORIENTED_EDGE ( 'NONE', *, *, #2, .F. ) ;
#5063 = DIRECTION ( 'NONE',  ( 0.000000000000000000, 0.000000000000000000, 1.000000000000000000 ) ) ;
#5064 = ORIENTED_EDGE ( 'NONE', *, *, #266, .T. ) ;
#5065 = DIRECTION ( 'NONE',  ( 0.000000000000000000, 0.000000000000000000, 1.000000000000000000 ) ) ;
#5066 = DIRECTION ( 'NONE',  ( -1.000000000000000000, 0.000000000000000000, 0.000000000000000000 ) ) ;
#5067 = ADVANCED_FACE ( 'NONE', ( #2589 ), #3206, .T. ) ;
#5068 = ORIENTED_EDGE ( 'NONE', *, *, #1028, .T. ) ;
#5069 = DIRECTION ( 'NONE',  ( 0.000000000000000000, 1.000000000000000000, 0.000000000000000000 ) ) ;
#5070 = ADVANCED_FACE ( 'NONE', ( #3105 ), #5246, .T. ) ;
#5071 = CARTESIAN_POINT ( 'NONE',  ( 4.000000000000000000, 3.799999999999910116, -3.500000000000000000 ) ) ;
#5072 = CARTESIAN_POINT ( 'NONE',  ( -3.200000000000000178, -2.150000000000039879, -9.750000000000000000 ) ) ;
#5073 = VERTEX_POINT ( 'NONE', #6327 ) ;
#5074 = CARTESIAN_POINT ( 'NONE',  ( -4.500000000000002665, -6.292893218813508049, -0.4999999999999993894 ) ) ;
#5075 = DIRECTION ( 'NONE',  ( -1.000000000000000000, 0.000000000000000000, 0.000000000000000000 ) ) ;
#5076 = PLANE ( 'NONE',  #1558 ) ;
#5077 = CARTESIAN_POINT ( 'NONE',  ( 2.792721533032850534, -1.199999999999980194, -9.713530771542474795 ) ) ;
#5078 = ORIENTED_EDGE ( 'NONE', *, *, #1629, .T. ) ;
#5079 = ORIENTED_EDGE ( 'NONE', *, *, #3189, .T. ) ;
#5080 = CARTESIAN_POINT ( 'NONE',  ( 1.644264407092789870, -2.781668093413519838, -11.23989685449770093 ) ) ;
#5081 = ORIENTED_EDGE ( 'NONE', *, *, #3140, .T. ) ;
#5082 = ORIENTED_EDGE ( 'NONE', *, *, #1098, .T. ) ;
#5083 = LINE ( 'NONE', #5712, #1150 ) ;
#5084 = CARTESIAN_POINT ( 'NONE',  ( -2.749999999999090061, -5.299999999999820410, -1.500072740962019813 ) ) ;
#5085 = CARTESIAN_POINT ( 'NONE',  ( -4.339999999999999858, -8.187744794624178368, -10.80000000000000071 ) ) ;
#5086 = ORIENTED_EDGE ( 'NONE', *, *, #217, .T. ) ;
#5087 = DIRECTION ( 'NONE',  ( 0.000000000000000000, 0.000000000000000000, -1.000000000000000000 ) ) ;
#5088 = EDGE_CURVE ( 'NONE', #2127, #3421, #1539, .T. ) ;
#5089 = DIRECTION ( 'NONE',  ( 0.000000000000000000, -1.000000000000000000, 0.000000000000000000 ) ) ;
#5090 = PLANE ( 'NONE',  #3673 ) ;
#5091 = ORIENTED_EDGE ( 'NONE', *, *, #3101, .F. ) ;
#5092 = ORIENTED_EDGE ( 'NONE', *, *, #2986, .T. ) ;
#5093 = UNCERTAINTY_MEASURE_WITH_UNIT (LENGTH_MEASURE( 1.000000000000000082E-05 ), #1309, 'distance_accuracy_value', 'NONE');
#5094 = CARTESIAN_POINT ( 'NONE',  ( -2.018537944984204913, -2.068363019588590035, -4.883502816590399753 ) ) ;
#5095 = ORIENTED_EDGE ( 'NONE', *, *, #104, .T. ) ;
#5096 = CARTESIAN_POINT ( 'NONE',  ( -0.9741905293729514748, -5.299999999999280398, -4.840145290801774358 ) ) ;
#5097 = DIRECTION ( 'NONE',  ( 0.000000000000000000, 0.000000000000000000, 1.000000000000000000 ) ) ;
#5098 = ORIENTED_EDGE ( 'NONE', *, *, #5769, .F. ) ;
#5099 = CARTESIAN_POINT ( 'NONE',  ( 1.479999999999979998, -8.300000000000000711, -12.93358983848630039 ) ) ;
#5100 = DIRECTION ( 'NONE',  ( 0.000000000000000000, -1.000000000000000000, 0.000000000000000000 ) ) ;
#5101 = CARTESIAN_POINT ( 'NONE',  ( -2.551282791539671635, -0.8313547282656870152, -9.900000000000000355 ) ) ;
#5102 = AXIS2_PLACEMENT_3D ( 'NONE', #1607, #6330, #5879 ) ;
#5103 = EDGE_LOOP ( 'NONE', ( #4806, #4423, #228, #6109 ) ) ;
#5104 = DIRECTION ( 'NONE',  ( 1.000000000000000000, 0.000000000000000000, 0.000000000000000000 ) ) ;
#5105 = EDGE_CURVE ( 'NONE', #2796, #851, #626, .T. ) ;
#5106 = CARTESIAN_POINT ( 'NONE',  ( -2.018281576592345417, -2.906897123192764720, -6.230395288045460056 ) ) ;
#5107 = DIRECTION ( 'NONE',  ( 1.000000000000000000, 0.000000000000000000, 0.000000000000000000 ) ) ;
#5108 = DIRECTION ( 'NONE',  ( -1.000000000000000000, 0.000000000000000000, 0.000000000000000000 ) ) ;
#5109 = ORIENTED_EDGE ( 'NONE', *, *, #5228, .F. ) ;
#5110 = VERTEX_POINT ( 'NONE', #3170 ) ;
#5111 = LINE ( 'NONE', #4038, #3043 ) ;
#5112 = VECTOR ( 'NONE', #3087, 1000.000000000000000 ) ;
#5113 = CARTESIAN_POINT ( 'NONE',  ( 0.03841668838713915152, -2.718332285103822077, -10.01911751994678745 ) ) ;
#5114 = LINE ( 'NONE', #5186, #1647 ) ;
#5115 = B_SPLINE_CURVE_WITH_KNOTS ( 'NONE', 3,
 ( #458, #1079, #526, #2590, #5278, #4688, #2692, #6362, #3135, #3625, #1013, #2623, #4165, #1118, #4717, #5803, #3242, #2559, #5249, #4265, #5835, #6856, #2067, #4195, #495, #4749, #1573, #6891, #3697, #4784, #6929, #6398, #3732, #181, #142, #669, #3843, #2763, #4891, #6092, #6508 ),
 .UNSPECIFIED., .F., .F.,
 ( 4, 2, 2, 2, 2, 2, 2, 2, 1, 2, 2, 2, 2, 2, 2, 2, 2, 2, 2, 2, 4 ),
 ( 0.000000000000000000, 0.06249999999999682199, 0.1249999999999936440, 0.1562499999999920341, 0.1874999999999904243, 0.2499999999999895084, 0.3124999999999886202, 0.3749999999999876765, 0.4062499999999880096, 0.4218749999999881206, 0.4374999999999881761, 0.4999999999999894529, 0.5312499999999901190, 0.5624999999999906741, 0.6249999999999912292, 0.6562499999999906741, 0.6874999999999902300, 0.7499999999999912292, 0.8749999999999956701, 0.9374999999999978906, 1.000000000000000000 ),
 .UNSPECIFIED. ) ;
#5116 = CARTESIAN_POINT ( 'NONE',  ( 0.000000000000000000, -1.100000000000100009, -11.79999999999999893 ) ) ;
#5117 = APPLICATION_PROTOCOL_DEFINITION ( 'draft international standard', 'automotive_design', 1998, #160 ) ;
#5118 = EDGE_LOOP ( 'NONE', ( #2791, #2818 ) ) ;
#5119 = AXIS2_PLACEMENT_3D ( 'NONE', #6481, #2249, #1237 ) ;
#5120 = LINE ( 'NONE', #2987, #152 ) ;
#5121 = DIRECTION ( 'NONE',  ( 0.000000000000000000, 0.000000000000000000, 1.000000000000000000 ) ) ;
#5122 = VECTOR ( 'NONE', #3877, 1000.000000000000000 ) ;
#5123 = CARTESIAN_POINT ( 'NONE',  ( -1.479999999999979998, -7.635192378864090301, -13.73310889132459955 ) ) ;
#5124 = VERTEX_POINT ( 'NONE', #2656 ) ;
#5125 = ORIENTED_EDGE ( 'NONE', *, *, #4063, .F. ) ;
#5126 = FACE_OUTER_BOUND ( 'NONE', #573, .T. ) ;
#5127 = EDGE_CURVE ( 'NONE', #4558, #1391, #1593, .T. ) ;
#5128 = VERTEX_POINT ( 'NONE', #4263 ) ;
#5129 = CARTESIAN_POINT ( 'NONE',  ( 0.8011055140652624251, -5.299999999999280398, -4.487180160924984840 ) ) ;
#5130 = EDGE_CURVE ( 'NONE', #3564, #6048, #1605, .T. ) ;
#5131 = CARTESIAN_POINT ( 'NONE',  ( 4.499999999999949374, 3.799999999999910116, -11.79999999999999893 ) ) ;
#5132 = AXIS2_PLACEMENT_3D ( 'NONE', #5888, #4384, #4277 ) ;
#5133 = VERTEX_POINT ( 'NONE', #6469 ) ;
#5134 = CARTESIAN_POINT ( 'NONE',  ( -1.250000000000089928, -9.699999999999819877, -7.799999999999999822 ) ) ;
#5135 = CARTESIAN_POINT ( 'NONE',  ( -1.644264407091929892, -2.781668093413509624, -11.23989685449770093 ) ) ;
#5136 = DIRECTION ( 'NONE',  ( 1.000000000000000000, 0.000000000000000000, 0.000000000000000000 ) ) ;
#5137 = CIRCLE ( 'NONE', #5920, 1.574999999999999956 ) ;
#5138 = ORIENTED_EDGE ( 'NONE', *, *, #2575, .F. ) ;
#5139 = CARTESIAN_POINT ( 'NONE',  ( -4.292893218813452094, -6.000000000000062172, 1.318977144128198761E-15 ) ) ;
#5140 = EDGE_CURVE ( 'NONE', #3095, #6509, #3917, .T. ) ;
#5141 = EDGE_CURVE ( 'NONE', #3367, #4698, #1225, .T. ) ;
#5142 = DIRECTION ( 'NONE',  ( -1.000000000000000000, 0.000000000000000000, 0.000000000000000000 ) ) ;
#5143 = DIRECTION ( 'NONE',  ( 0.000000000000000000, 1.000000000000000000, 0.000000000000000000 ) ) ;
#5144 = B_SPLINE_CURVE_WITH_KNOTS ( 'NONE', 3,
 ( #6576, #2835, #294, #6164, #2310, #3993, #5001, #4446, #3958, #1786, #2908, #3918, #6090, #4552, #5524, #6125, #5039, #4517 ),
 .UNSPECIFIED., .F., .F.,
 ( 4, 2, 2, 2, 2, 2, 2, 2, 4 ),
 ( 0.000000000000000000, 0.1250000000000000000, 0.2500000000000000000, 0.3750000000000000000, 0.5000000000000000000, 0.6250000000000000000, 0.7500000000000000000, 0.8750000000000000000, 1.000000000000000000 ),
 .UNSPECIFIED. ) ;
#5145 = LINE ( 'NONE', #3040, #4087 ) ;
#5146 = VECTOR ( 'NONE', #4633, 1000.000000000000000 ) ;
#5147 = ADVANCED_FACE ( 'NONE', ( #668 ), #3873, .T. ) ;
#5148 = ORIENTED_EDGE ( 'NONE', *, *, #2790, .T. ) ;
#5149 = ORIENTED_EDGE ( 'NONE', *, *, #6065, .T. ) ;
#5150 = CARTESIAN_POINT ( 'NONE',  ( -2.749999999999090061, -4.689212032310579481, -1.500072740962074880 ) ) ;
#5151 = EDGE_CURVE ( 'NONE', #5964, #409, #1676, .T. ) ;
#5152 = CYLINDRICAL_SURFACE ( 'NONE', #3144, 0.5000000000000000000 ) ;
#5153 = EDGE_CURVE ( 'NONE', #5267, #5509, #6018, .T. ) ;
#5154 = DIRECTION ( 'NONE',  ( 1.000000000000000000, 0.000000000000000000, 0.000000000000000000 ) ) ;
#5155 = APPLICATION_PROTOCOL_DEFINITION ( 'draft international standard', 'automotive_design', 1998, #3664 ) ;
#5156 = EDGE_LOOP ( 'NONE', ( #4700, #5527, #5520, #2802 ) ) ;
#5157 = CARTESIAN_POINT ( 'NONE',  ( -9.662512969806918761, -9.539807621135009796, -13.78000000000000114 ) ) ;
#5158 = VECTOR ( 'NONE', #6666, 1000.000000000000000 ) ;
#5159 = LINE ( 'NONE', #838, #635 ) ;
#5160 = CARTESIAN_POINT ( 'NONE',  ( -1.479999999999999982, -9.820000000000000284, -13.78000000000000114 ) ) ;
#5161 = EDGE_LOOP ( 'NONE', ( #3722, #6038, #96, #6661 ) ) ;
#5162 = ORIENTED_EDGE ( 'NONE', *, *, #4638, .F. ) ;
#5163 = CARTESIAN_POINT ( 'NONE',  ( -4.500000000000059508, 3.799999999999910116, -3.500000000000000000 ) ) ;
#5164 = VERTEX_POINT ( 'NONE', #1785 ) ;
#5165 = LINE ( 'NONE', #1, #1480 ) ;
#5166 = DIRECTION ( 'NONE',  ( 1.000000000000000000, 0.000000000000000000, 0.000000000000000000 ) ) ;
#5167 = VECTOR ( 'NONE', #2336, 1000.000000000000000 ) ;
#5168 = ORIENTED_EDGE ( 'NONE', *, *, #2572, .T. ) ;
#5169 = EDGE_CURVE ( 'NONE', #5516, #5364, #2760, .T. ) ;
#5170 = DIRECTION ( 'NONE',  ( 0.000000000000000000, 1.000000000000000000, 0.000000000000000000 ) ) ;
#5171 = DIRECTION ( 'NONE',  ( 1.000000000000000000, 0.000000000000000000, 0.000000000000000000 ) ) ;
#5172 = VECTOR ( 'NONE', #426, 1000.000000000000000 ) ;
#5173 = CARTESIAN_POINT ( 'NONE',  ( -3.649999999999999911, -5.500000000000000000, -11.79999999999999893 ) ) ;
#5174 = ADVANCED_FACE ( 'NONE', ( #5411 ), #106, .T. ) ;
#5175 = CARTESIAN_POINT ( 'NONE',  ( 1.249999999999969802, -8.927169917402109078, -8.276180251376183961 ) ) ;
#5176 = AXIS2_PLACEMENT_3D ( 'NONE', #1470, #6262, #3162 ) ;
#5177 = FACE_OUTER_BOUND ( 'NONE', #5019, .T. ) ;
#5178 = CARTESIAN_POINT ( 'NONE',  ( -3.200000000000000178, -1.199999999999979972, -11.79999999999999893 ) ) ;
#5179 = ORIENTED_EDGE ( 'NONE', *, *, #4326, .T. ) ;
#5180 = ORIENTED_EDGE ( 'NONE', *, *, #1809, .F. ) ;
#5181 = DIRECTION ( 'NONE',  ( 1.000000000000000000, 0.000000000000000000, 0.000000000000000000 ) ) ;
#5182 = AXIS2_PLACEMENT_3D ( 'NONE', #865, #5052, #5618 ) ;
#5183 =( GEOMETRIC_REPRESENTATION_CONTEXT ( 3 ) GLOBAL_UNCERTAINTY_ASSIGNED_CONTEXT ( ( #5829 ) ) GLOBAL_UNIT_ASSIGNED_CONTEXT ( ( #2169, #5347, #5949 ) ) REPRESENTATION_CONTEXT ( 'NONE', 'WORKASPACE' ) );
#5184 = ADVANCED_FACE ( 'NONE', ( #3382 ), #1511, .T. ) ;
#5185 = FACE_OUTER_BOUND ( 'NONE', #764, .T. ) ;
#5186 = CARTESIAN_POINT ( 'NONE',  ( 1.500000000000060174, -6.349999999999999645, -13.44999999999999929 ) ) ;
#5187 = LINE ( 'NONE', #4656, #5540 ) ;
#5188 = VERTEX_POINT ( 'NONE', #4444 ) ;
#5189 = PLANE ( 'NONE',  #6034 ) ;
#5190 = VERTEX_POINT ( 'NONE', #5912 ) ;
#5191 = PLANE ( 'NONE',  #617 ) ;
#5192 = CARTESIAN_POINT ( 'NONE',  ( -4.339999999999999858, -2.199999999999130207, -9.799999999999998934 ) ) ;
#5193 = VERTEX_POINT ( 'NONE', #1116 ) ;
#5194 = AXIS2_PLACEMENT_3D ( 'NONE', #3288, #5886, #2670 ) ;
#5195 = PLANE ( 'NONE',  #927 ) ;
#5196 = LINE ( 'NONE', #2022, #6897 ) ;
#5197 = ORIENTED_EDGE ( 'NONE', *, *, #2152, .T. ) ;
#5198 = CYLINDRICAL_SURFACE ( 'NONE', #3228, 2.299999999999999822 ) ;
#5199 = PLANE ( 'NONE',  #1902 ) ;
#5200 = DIRECTION ( 'NONE',  ( 0.000000000000000000, -1.000000000000000000, 0.000000000000000000 ) ) ;
#5201 = ORIENTED_EDGE ( 'NONE', *, *, #4556, .F. ) ;
#5202 = DIRECTION ( 'NONE',  ( -1.000000000000000000, 0.000000000000000000, 0.000000000000000000 ) ) ;
#5203 = PLANE ( 'NONE',  #2564 ) ;
#5204 = CARTESIAN_POINT ( 'NONE',  ( -1.250000000000101696, -5.595280244880225240, -7.799999999998889599 ) ) ;
#5205 = AXIS2_PLACEMENT_3D ( 'NONE', #677, #4938, #1160 ) ;
#5206 = ORIENTED_EDGE ( 'NONE', *, *, #694, .F. ) ;
#5207 = EDGE_LOOP ( 'NONE', ( #1458, #3962, #3114, #1622 ) ) ;
#5208 = DIRECTION ( 'NONE',  ( 0.000000000000000000, 0.7071067811864111263, 0.7071067811866840191 ) ) ;
#5209 = EDGE_CURVE ( 'NONE', #2056, #4733, #3240, .T. ) ;
#5210 = VECTOR ( 'NONE', #1102, 1000.000000000000000 ) ;
#5211 = CARTESIAN_POINT ( 'NONE',  ( -0.4401297180297016332, -11.22013143605877339, -7.799999999999998046 ) ) ;
#5212 = CARTESIAN_POINT ( 'NONE',  ( 1.200000000000089884, -1.962141687034500093, -13.78000000000000114 ) ) ;
#5213 = DIRECTION ( 'NONE',  ( 0.000000000000000000, 0.000000000000000000, -1.000000000000000000 ) ) ;
#5214 = VERTEX_POINT ( 'NONE', #3275 ) ;
#5215 = VECTOR ( 'NONE', #2673, 1000.000000000000000 ) ;
#5216 = ADVANCED_FACE ( 'NONE', ( #630 ), #1708, .T. ) ;
#5217 = CARTESIAN_POINT ( 'NONE',  ( 2.750000000000909495, -4.689212032310579481, -1.500072740962074880 ) ) ;
#5218 = ADVANCED_FACE ( 'NONE', ( #4927 ), #139, .T. ) ;
#5219 = VECTOR ( 'NONE', #3751, 1000.000000000000000 ) ;
#5220 = VECTOR ( 'NONE', #1111, 1000.000000000000000 ) ;
#5221 = PLANE ( 'NONE',  #2016 ) ;
#5222 = ORIENTED_EDGE ( 'NONE', *, *, #369, .F. ) ;
#5223 = EDGE_LOOP ( 'NONE', ( #2509, #864, #2535, #2360 ) ) ;
#5224 = AXIS2_PLACEMENT_3D ( 'NONE', #6438, #1020, #1649 ) ;
#5225 = CARTESIAN_POINT ( 'NONE',  ( -4.500000000000059508, -2.150000000000039879, -11.79999999999999893 ) ) ;
#5226 = ORIENTED_EDGE ( 'NONE', *, *, #5629, .T. ) ;
#5227 = AXIS2_PLACEMENT_3D ( 'NONE', #2118, #2154, #6381 ) ;
#5228 = EDGE_CURVE ( 'NONE', #5110, #1362, #4618, .T. ) ;
#5229 = LINE ( 'NONE', #6839, #2542 ) ;
#5230 = PRODUCT_DEFINITION_SHAPE ( 'NONE', 'NONE',  #1155 ) ;
#5231 = ORIENTED_EDGE ( 'NONE', *, *, #1809, .T. ) ;
#5232 = VECTOR ( 'NONE', #2563, 1000.000000000000000 ) ;
#5233 = CARTESIAN_POINT ( 'NONE',  ( -2.000755385575611722, -1.987358849026299668, -5.097730125408846291 ) ) ;
#5234 = CARTESIAN_POINT ( 'NONE',  ( 0.000000000000000000, 0.000000000000000000, -11.87500000000000000 ) ) ;
#5235 = EDGE_CURVE ( 'NONE', #3857, #3432, #2713, .T. ) ;
#5236 = AXIS2_PLACEMENT_3D ( 'NONE', #5545, #245, #2297 ) ;
#5237 = DIRECTION ( 'NONE',  ( 1.000000000000000000, 0.000000000000000000, 0.000000000000000000 ) ) ;
#5238 = VERTEX_POINT ( 'NONE', #2490 ) ;
#5239 = DIRECTION ( 'NONE',  ( 0.000000000000000000, 0.000000000000000000, 1.000000000000000000 ) ) ;
#5240 = DIRECTION ( 'NONE',  ( -0.000000000000000000, 1.000000000000000000, 0.000000000000000000 ) ) ;
#5241 = CARTESIAN_POINT ( 'NONE',  ( -0.2500000000000829892, -6.500000000000000000, -0.5000000000000000000 ) ) ;
#5242 = EDGE_LOOP ( 'NONE', ( #4463, #6422, #3183, #949 ) ) ;
#5243 = ORIENTED_EDGE ( 'NONE', *, *, #6729, .F. ) ;
#5244 = DIRECTION ( 'NONE',  ( -1.000000000000000000, 0.000000000000000000, 0.000000000000000000 ) ) ;
#5245 = VECTOR ( 'NONE', #3858, 1000.000000000000000 ) ;
#5246 = CYLINDRICAL_SURFACE ( 'NONE', #4513, 0.6099999999999998757 ) ;
#5247 = EDGE_CURVE ( 'NONE', #800, #4187, #3830, .T. ) ;
#5248 = AXIS2_PLACEMENT_3D ( 'NONE', #3270, #2719, #2164 ) ;
#5249 = CARTESIAN_POINT ( 'NONE',  ( -0.1570712511001546852, -2.627912593068888469, -10.78942827489477985 ) ) ;
#5250 = DIRECTION ( 'NONE',  ( 0.8543394976760290138, 0.5197153285315631033, 0.000000000000000000 ) ) ;
#5251 = VERTEX_POINT ( 'NONE', #6199 ) ;
#5252 = CARTESIAN_POINT ( 'NONE',  ( 4.499999999999949374, -2.599999999999050182, -11.79999999999999893 ) ) ;
#5253 = CARTESIAN_POINT ( 'NONE',  ( -4.500000000000059508, -2.150000000000039879, -11.79999999999999893 ) ) ;
#5254 = FACE_OUTER_BOUND ( 'NONE', #6512, .T. ) ;
#5255 = VERTEX_POINT ( 'NONE', #2384 ) ;
#5256 = EDGE_LOOP ( 'NONE', ( #2111, #164, #6247, #5453 ) ) ;
#5257 = DIRECTION ( 'NONE',  ( 0.000000000000000000, 0.000000000000000000, -1.000000000000000000 ) ) ;
#5258 = ORIENTED_EDGE ( 'NONE', *, *, #3840, .T. ) ;
#5259 = EDGE_CURVE ( 'NONE', #6719, #2056, #2976, .T. ) ;
#5260 = DIRECTION ( 'NONE',  ( 0.000000000000000000, 0.000000000000000000, -1.000000000000000000 ) ) ;
#5261 = ADVANCED_FACE ( 'NONE', ( #885 ), #4481, .T. ) ;
#5262 = ORIENTED_EDGE ( 'NONE', *, *, #2953, .F. ) ;
#5263 = EDGE_CURVE ( 'NONE', #1615, #6644, #5603, .T. ) ;
#5264 = FACE_OUTER_BOUND ( 'NONE', #3325, .T. ) ;
#5265 = FACE_BOUND ( 'NONE', #2424, .T. ) ;
#5266 = CARTESIAN_POINT ( 'NONE',  ( 3.900000000000130029, 0.04999999999993899602, -13.44999999999999929 ) ) ;
#5267 = VERTEX_POINT ( 'NONE', #1405 ) ;
#5268 = EDGE_CURVE ( 'NONE', #3973, #1199, #4516, .T. ) ;
#5269 = PRESENTATION_LAYER_ASSIGNMENT (  '', '', ( #135 ) ) ;
#5270 = CARTESIAN_POINT ( 'NONE',  ( 3.550000000000880007, -5.500000000000000000, -6.968314918796939317 ) ) ;
#5271 = CARTESIAN_POINT ( 'NONE',  ( 1.549999999999829958, -5.500000000000000000, -11.79999999999999893 ) ) ;
#5272 = CARTESIAN_POINT ( 'NONE',  ( 18.18468237128199760, -3.262063269921839925, -6.669242063142889698 ) ) ;
#5273 = VERTEX_POINT ( 'NONE', #6089 ) ;
#5274 = EDGE_LOOP ( 'NONE', ( #2260, #2316, #4766, #1206, #4311, #2912, #425, #4508, #671, #2010 ) ) ;
#5275 = CARTESIAN_POINT ( 'NONE',  ( -1.170131435661919017, -10.49012971842716624, -7.599999999999870859 ) ) ;
#5276 = CARTESIAN_POINT ( 'NONE',  ( -2.009064133982499722, -2.230512144983888501, -5.326190599608229270 ) ) ;
#5277 = CARTESIAN_POINT ( 'NONE',  ( -2.749999999999090061, -4.853854784200708039, -1.719697341969003368 ) ) ;
#5278 = CARTESIAN_POINT ( 'NONE',  ( -0.3149690738056519779, -2.692651039065057983, -10.17348310548660528 ) ) ;
#5279 = CYLINDRICAL_SURFACE ( 'NONE', #5528, 3.149999999999999911 ) ;
#5280 = CARTESIAN_POINT ( 'NONE',  ( 2.299999999999859934, -1.199999999999979972, -11.79999999999999893 ) ) ;
#5281 = B_SPLINE_CURVE_WITH_KNOTS ( 'NONE', 3,
 ( #6363, #2172, #1153, #4785, #3136, #3661, #4750, #3209, #5804, #1014, #1606, #31, #3173, #2659, #6329 ),
 .UNSPECIFIED., .F., .F.,
 ( 4, 2, 2, 2, 1, 2, 2, 4 ),
 ( 0.000000000000000000, 0.1249999999999983347, 0.2499999999999966693, 0.4999999999999964473, 0.6249999999999963363, 0.6874999999999961142, 0.7499999999999960032, 1.000000000000000000 ),
 .UNSPECIFIED. ) ;
#5282 = VECTOR ( 'NONE', #1718, 1000.000000000000000 ) ;
#5283 = CIRCLE ( 'NONE', #1598, 1.000000000000000000 ) ;
#5284 = ORIENTED_EDGE ( 'NONE', *, *, #3284, .F. ) ;
#5285 = EDGE_CURVE ( 'NONE', #6749, #1358, #256, .T. ) ;
#5286 = DIRECTION ( 'NONE',  ( 0.000000000000000000, 1.000000000000000000, 0.000000000000000000 ) ) ;
#5287 = DIRECTION ( 'NONE',  ( -1.000000000000000000, 0.000000000000000000, 0.000000000000000000 ) ) ;
#5288 = DIRECTION ( 'NONE',  ( -1.000000000000000000, 0.000000000000000000, 0.000000000000000000 ) ) ;
#5289 = ORIENTED_EDGE ( 'NONE', *, *, #2141, .F. ) ;
#5290 = CARTESIAN_POINT ( 'NONE',  ( 4.500000000000059508, -10.19999999999910045, -10.80000000000000071 ) ) ;
#5291 = FACE_BOUND ( 'NONE', #577, .T. ) ;
#5292 = VERTEX_POINT ( 'NONE', #5674 ) ;
#5293 = ADVANCED_FACE ( 'NONE', ( #4617 ), #4551, .T. ) ;
#5294 = CARTESIAN_POINT ( 'NONE',  ( -9.662512969806918761, -7.635192378864029905, -13.73310889132450008 ) ) ;
#5295 = ORIENTED_EDGE ( 'NONE', *, *, #5151, .T. ) ;
#5296 = LINE ( 'NONE', #4836, #112 ) ;
#5297 = CARTESIAN_POINT ( 'NONE',  ( -2.035336216497970252, -3.253703339292855823, -6.455615938921211772 ) ) ;
#5298 = CIRCLE ( 'NONE', #6534, 0.5000000000000000000 ) ;
#5299 = ADVANCED_FACE ( 'NONE', ( #3038 ), #3527, .T. ) ;
#5300 = LINE ( 'NONE', #4675, #4327 ) ;
#5301 = VERTEX_POINT ( 'NONE', #360 ) ;
#5302 = LINE ( 'NONE', #3127, #4167 ) ;
#5303 = DIRECTION ( 'NONE',  ( 0.000000000000000000, 0.000000000000000000, 1.000000000000000000 ) ) ;
#5304 = DIRECTION ( 'NONE',  ( 0.000000000000000000, -1.000000000000000000, 0.000000000000000000 ) ) ;
#5305 = ORIENTED_EDGE ( 'NONE', *, *, #1795, .T. ) ;
#5306 = VERTEX_POINT ( 'NONE', #4031 ) ;
#5307 = LINE ( 'NONE', #4189, #1260 ) ;
#5308 = ADVANCED_FACE ( 'NONE', ( #6613 ), #6163, .T. ) ;
#5309 = CARTESIAN_POINT ( 'NONE',  ( -0.3855112289716938756, -11.23925942994430649, -7.800000000000001599 ) ) ;
#5310 = CARTESIAN_POINT ( 'NONE',  ( 8.847089727481720220E-13, -5.500000000000000000, -6.968314918796939317 ) ) ;
#5311 = CARTESIAN_POINT ( 'NONE',  ( -1.250000000000101696, -8.204397331752264932, -7.621554619278106735 ) ) ;
#5312 = DIRECTION ( 'NONE',  ( -1.000000000000000000, 0.000000000000000000, 0.000000000000000000 ) ) ;
#5313 = ORIENTED_EDGE ( 'NONE', *, *, #5430, .T. ) ;
#5314 = AXIS2_PLACEMENT_3D ( 'NONE', #2143, #1054, #2668 ) ;
#5315 = CARTESIAN_POINT ( 'NONE',  ( 8.847089727481720220E-13, -5.500000000000000000, -11.90000000000000036 ) ) ;
#5316 = CARTESIAN_POINT ( 'NONE',  ( 1.479999999999978000, -9.820000000000000284, -13.78000000000000114 ) ) ;
#5317 = DIRECTION ( 'NONE',  ( -1.000000000000000000, 0.000000000000000000, 0.000000000000000000 ) ) ;
#5318 = LINE ( 'NONE', #605, #6818 ) ;
#5319 = EDGE_LOOP ( 'NONE', ( #5206, #5180, #3246, #2314 ) ) ;
#5320 = DIRECTION ( 'NONE',  ( 1.000000000000000000, 0.000000000000000000, 0.000000000000000000 ) ) ;
#5321 = VECTOR ( 'NONE', #6455, 1000.000000000000227 ) ;
#5322 = PLANE ( 'NONE',  #1659 ) ;
#5323 = ORIENTED_EDGE ( 'NONE', *, *, #3233, .T. ) ;
#5324 = CARTESIAN_POINT ( 'NONE',  ( -2.749999999999099831, -4.208418032298745892, -1.955662937369615051 ) ) ;
#5325 = VERTEX_POINT ( 'NONE', #6755 ) ;
#5326 = AXIS2_PLACEMENT_3D ( 'NONE', #3344, #2345, #1221 ) ;
#5327 = CARTESIAN_POINT ( 'NONE',  ( -3.899999999999789857, -6.049999999999999822, -13.44999999999999929 ) ) ;
#5328 = EDGE_CURVE ( 'NONE', #1846, #3085, #3561, .T. ) ;
#5329 = CARTESIAN_POINT ( 'NONE',  ( 1.992027483134570121, -2.146699123532255005, -5.521499184909300695 ) ) ;
#5330 = DIRECTION ( 'NONE',  ( 1.000000000000000000, 0.000000000000000000, 0.000000000000000000 ) ) ;
#5331 = CARTESIAN_POINT ( 'NONE',  ( 1.075528555105619894E-13, -5.551115123125779547E-14, -13.41999999999999993 ) ) ;
#5332 = AXIS2_PLACEMENT_3D ( 'NONE', #1072, #5304, #518 ) ;
#5333 = CARTESIAN_POINT ( 'NONE',  ( 4.860000000000079368, -2.559999999999050146, -11.79999999999999893 ) ) ;
#5334 = VECTOR ( 'NONE', #2285, 1000.000000000000000 ) ;
#5335 = ORIENTED_EDGE ( 'NONE', *, *, #789, .F. ) ;
#5336 = PLANE ( 'NONE',  #4664 ) ;
#5337 = FACE_OUTER_BOUND ( 'NONE', #1557, .T. ) ;
#5338 = CARTESIAN_POINT ( 'NONE',  ( -4.500000000000000000, -6.000000000000000000, -0.5000000000000000000 ) ) ;
#5339 = AXIS2_PLACEMENT_3D ( 'NONE', #689, #1171, #2819 ) ;
#5340 = ORIENTED_EDGE ( 'NONE', *, *, #740, .F. ) ;
#5341 = CARTESIAN_POINT ( 'NONE',  ( -0.5000766431652694521, -11.19580208970191038, -7.599999999999868194 ) ) ;
#5342 = EDGE_CURVE ( 'NONE', #5188, #1543, #382, .T. ) ;
#5343 = EDGE_CURVE ( 'NONE', #6628, #6015, #3035, .T. ) ;
#5344 = STYLED_ITEM ( 'NONE', ( #6700 ), #3513 ) ;
#5345 = EDGE_CURVE ( 'NONE', #1243, #2238, #4273, .T. ) ;
#5346 = CARTESIAN_POINT ( 'NONE',  ( 2.890671664372520322, -2.430323138703160524, -2.779157999888000052 ) ) ;
#5347 =( NAMED_UNIT ( * ) PLANE_ANGLE_UNIT ( ) SI_UNIT ( $, .RADIAN. ) );
#5348 = DIRECTION ( 'NONE',  ( 0.000000000000000000, 0.000000000000000000, -1.000000000000000000 ) ) ;
#5349 = CARTESIAN_POINT ( 'NONE',  ( 4.499999999999949374, 3.799999999999910116, -9.750000000000000000 ) ) ;
#5350 = DIRECTION ( 'NONE',  ( 1.000000000000000000, 0.000000000000000000, 0.000000000000000000 ) ) ;
#5351 = CIRCLE ( 'NONE', #3223, 0.2999999999999999334 ) ;
#5352 = ADVANCED_FACE ( 'NONE', ( #4130 ), #6289, .F. ) ;
#5353 = VECTOR ( 'NONE', #614, 1000.000000000000000 ) ;
#5354 = AXIS2_PLACEMENT_3D ( 'NONE', #6781, #4701, #1993 ) ;
#5355 = EDGE_CURVE ( 'NONE', #2649, #1959, #6918, .T. ) ;
#5356 = DIRECTION ( 'NONE',  ( 0.000000000000000000, 0.000000000000000000, -1.000000000000000000 ) ) ;
#5357 = CARTESIAN_POINT ( 'NONE',  ( -4.339999999999999858, -8.187744794624178368, -9.799999999999998934 ) ) ;
#5358 = DIRECTION ( 'NONE',  ( 0.000000000000000000, 0.000000000000000000, -1.000000000000000000 ) ) ;
#5359 = VERTEX_POINT ( 'NONE', #2644 ) ;
#5360 = CARTESIAN_POINT ( 'NONE',  ( 1.479999999999979998, -3.100000000000049827, -13.78000000000000114 ) ) ;
#5361 = LINE ( 'NONE', #5394, #2780 ) ;
#5362 = ORIENTED_EDGE ( 'NONE', *, *, #35, .F. ) ;
#5363 = LINE ( 'NONE', #5931, #386 ) ;
#5364 = VERTEX_POINT ( 'NONE', #2088 ) ;
#5365 = PLANE ( 'NONE',  #3021 ) ;
#5366 = ORIENTED_EDGE ( 'NONE', *, *, #5355, .F. ) ;
#5367 = CARTESIAN_POINT ( 'NONE',  ( -2.024980546198219766, -3.262063269921724906, -6.669242063142880816 ) ) ;
#5368 = DIRECTION ( 'NONE',  ( 0.000000000000000000, 0.000000000000000000, -1.000000000000000000 ) ) ;
#5369 = CARTESIAN_POINT ( 'NONE',  ( 1.075528555105619894E-13, -5.551115123125779547E-14, -13.78000000000000114 ) ) ;
#5370 = CARTESIAN_POINT ( 'NONE',  ( -4.000000000000000000, -6.000000000000000000, -0.5000000000000000000 ) ) ;
#5371 = ORIENTED_EDGE ( 'NONE', *, *, #2575, .T. ) ;
#5372 = DIRECTION ( 'NONE',  ( 1.000000000000000000, 0.000000000000000000, 0.000000000000000000 ) ) ;
#5373 = DIRECTION ( 'NONE',  ( -1.000000000000000000, 0.000000000000000000, 0.000000000000000000 ) ) ;
#5374 = DIRECTION ( 'NONE',  ( -1.000000000000000000, 0.000000000000000000, 0.000000000000000000 ) ) ;
#5375 = ORIENTED_EDGE ( 'NONE', *, *, #5728, .F. ) ;
#5376 = CARTESIAN_POINT ( 'NONE',  ( 0.3855112289713220064, -11.23925942994453742, -7.599999999999871747 ) ) ;
#5377 = COLOUR_RGB ( '',0.6745098039215686736, 0.6745098039215686736, 0.6745098039215686736 ) ;
#5378 = DIRECTION ( 'NONE',  ( 0.000000000000000000, 1.000000000000000000, 0.000000000000000000 ) ) ;
#5379 = DIRECTION ( 'NONE',  ( 0.000000000000000000, 0.000000000000000000, -1.000000000000000000 ) ) ;
#5380 = CARTESIAN_POINT ( 'NONE',  ( 2.015650010730329011, -2.181702648708088610, -5.120728079184137194 ) ) ;
#5381 = CYLINDRICAL_SURFACE ( 'NONE', #499, 0.5000000000000005551 ) ;
#5382 = CARTESIAN_POINT ( 'NONE',  ( -4.500000000000059508, 3.799999999999910116, -11.79999999999999893 ) ) ;
#5383 =( GEOMETRIC_REPRESENTATION_CONTEXT ( 3 ) GLOBAL_UNCERTAINTY_ASSIGNED_CONTEXT ( ( #3166 ) ) GLOBAL_UNIT_ASSIGNED_CONTEXT ( ( #5045, #6653, #395 ) ) REPRESENTATION_CONTEXT ( 'NONE', 'WORKASPACE' ) );
#5384 = EDGE_LOOP ( 'NONE', ( #5671, #3185, #3727, #5685 ) ) ;
#5385 = EDGE_CURVE ( 'NONE', #906, #6093, #3526, .T. ) ;
#5386 = CARTESIAN_POINT ( 'NONE',  ( 1.249999999999949152, -8.821460183659882048, -8.475735931287983860 ) ) ;
#5387 = VERTEX_POINT ( 'NONE', #4678 ) ;
#5388 = DIRECTION ( 'NONE',  ( 1.000000000000000000, 0.000000000000000000, 0.000000000000000000 ) ) ;
#5389 = CARTESIAN_POINT ( 'NONE',  ( 1.469576158329477884E-16, 1.199999999471401901, -13.94999999810410074 ) ) ;
#5390 = VECTOR ( 'NONE', #6319, 1000.000000000000000 ) ;
#5391 = LINE ( 'NONE', #5777, #2751 ) ;
#5392 = EDGE_LOOP ( 'NONE', ( #5502, #3750, #2015, #3901 ) ) ;
#5393 = CARTESIAN_POINT ( 'NONE',  ( 2.499999999999950262, 4.299999999999919886, -2.550000000000000266 ) ) ;
#5394 = CARTESIAN_POINT ( 'NONE',  ( -3.549999999998999733, -5.500000000000000000, -6.968314918796939317 ) ) ;
#5395 = ORIENTED_EDGE ( 'NONE', *, *, #3124, .T. ) ;
#5396 = DIRECTION ( 'NONE',  ( 0.000000000000000000, -1.000000000000000000, 0.000000000000000000 ) ) ;
#5397 = ADVANCED_FACE ( 'NONE', ( #1497 ), #2583, .F. ) ;
#5398 = VERTEX_POINT ( 'NONE', #3065 ) ;
#5399 = DIRECTION ( 'NONE',  ( -1.000000000000000000, 0.000000000000000000, 0.000000000000000000 ) ) ;
#5400 = VERTEX_POINT ( 'NONE', #4255 ) ;
#5401 = CARTESIAN_POINT ( 'NONE',  ( 1.000000000000000000, 0.000000000000000000, -2.100000000000049827 ) ) ;
#5402 = DIRECTION ( 'NONE',  ( 1.000000000000000000, 0.000000000000000000, 0.000000000000000000 ) ) ;
#5403 = CARTESIAN_POINT ( 'NONE',  ( -3.549999999998999733, -5.299999999999280398, -11.90000000000000036 ) ) ;
#5404 = CARTESIAN_POINT ( 'NONE',  ( 18.18468237128199760, -9.699999999999819877, -7.599999999999999645 ) ) ;
#5405 = ORIENTED_EDGE ( 'NONE', *, *, #6596, .T. ) ;
#5406 = FACE_OUTER_BOUND ( 'NONE', #5985, .T. ) ;
#5407 = CARTESIAN_POINT ( 'NONE',  ( -4.339999999999999858, -10.19999999999910045, -11.79999999999999893 ) ) ;
#5408 = CARTESIAN_POINT ( 'NONE',  ( 18.18468237128199760, -4.699999999999820766, -2.299999999999999822 ) ) ;
#5409 = VERTEX_POINT ( 'NONE', #3617 ) ;
#5410 = CARTESIAN_POINT ( 'NONE',  ( 1.249999999999970024, -9.699999999999359801, -7.599999999999999645 ) ) ;
#5411 = FACE_OUTER_BOUND ( 'NONE', #6140, .T. ) ;
#5412 = DIRECTION ( 'NONE',  ( -0.05997373034735326708, -0.1043403074087509430, 0.9927317119534714296 ) ) ;
#5413 = CARTESIAN_POINT ( 'NONE',  ( 4.499999999999949374, 2.400000000000960032, -2.700000000000000178 ) ) ;
#5414 = ADVANCED_FACE ( 'NONE', ( #4709 ), #1596, .T. ) ;
#5415 = ORIENTED_EDGE ( 'NONE', *, *, #6504, .T. ) ;
#5416 = EDGE_CURVE ( 'NONE', #4738, #5255, #3951, .T. ) ;
#5417 =( LENGTH_UNIT ( ) NAMED_UNIT ( * ) SI_UNIT ( .MILLI., .METRE. ) );
#5418 = VERTEX_POINT ( 'NONE', #2031 ) ;
#5419 = CARTESIAN_POINT ( 'NONE',  ( -2.749999999999090061, -5.299999999999459810, -5.600000000000860290 ) ) ;
#5420 = CARTESIAN_POINT ( 'NONE',  ( -1.340042803332180066, 2.287832134855984911, -9.900000000000000355 ) ) ;
#5421 = LINE ( 'NONE', #3286, #629 ) ;
#5422 = AXIS2_PLACEMENT_3D ( 'NONE', #4076, #3047, #926 ) ;
#5423 = CARTESIAN_POINT ( 'NONE',  ( 2.499999999999950262, 4.299999999999919886, -1.000000000000000000 ) ) ;
#5424 = CARTESIAN_POINT ( 'NONE',  ( 4.860000000000079368, -1.949999999999100009, -9.799999999999998934 ) ) ;
#5425 = ORIENTED_EDGE ( 'NONE', *, *, #3108, .F. ) ;
#5426 = DIRECTION ( 'NONE',  ( 0.000000000000000000, 0.7071067811869400366, 0.7071067811861549979 ) ) ;
#5427 = EDGE_CURVE ( 'NONE', #3620, #2851, #5865, .T. ) ;
#5428 = EDGE_LOOP ( 'NONE', ( #670, #1196, #1643, #1801 ) ) ;
#5429 = VECTOR ( 'NONE', #4786, 1000.000000000000000 ) ;
#5430 = EDGE_CURVE ( 'NONE', #2460, #1391, #1070, .T. ) ;
#5431 = EDGE_CURVE ( 'NONE', #6294, #1918, #970, .T. ) ;
#5432 = CARTESIAN_POINT ( 'NONE',  ( -4.292893218813457423, 4.092893218813361322, 8.673617379884042375E-16 ) ) ;
#5433 = EDGE_LOOP ( 'NONE', ( #2335, #1881, #3069, #3495 ) ) ;
#5434 = CARTESIAN_POINT ( 'NONE',  ( -1.479999999999976001, -8.500000000000000000, -13.23381197846499902 ) ) ;
#5435 = ORIENTED_EDGE ( 'NONE', *, *, #4917, .F. ) ;
#5436 = EDGE_CURVE ( 'NONE', #1392, #3857, #390, .T. ) ;
#5437 = CARTESIAN_POINT ( 'NONE',  ( 0.000000000000000000, -1.199999988095949988, -13.95000000000000107 ) ) ;
#5438 = CARTESIAN_POINT ( 'NONE',  ( -2.500000000000059952, 4.299999999999919886, -2.700000000000000178 ) ) ;
#5439 = FACE_BOUND ( 'NONE', #1185, .T. ) ;
#5440 = VECTOR ( 'NONE', #1141, 1000.000000000000000 ) ;
#5441 = ORIENTED_EDGE ( 'NONE', *, *, #2057, .T. ) ;
#5442 = ADVANCED_FACE ( 'NONE', ( #483 ), #2520, .F. ) ;
#5443 = CARTESIAN_POINT ( 'NONE',  ( 0.8393607821211989117, -5.562844146787730537, -4.088229105052650247 ) ) ;
#5444 = LINE ( 'NONE', #23, #5596 ) ;
#5445 = FACE_OUTER_BOUND ( 'NONE', #3146, .T. ) ;
#5446 = ORIENTED_EDGE ( 'NONE', *, *, #3169, .F. ) ;
#5447 = DIRECTION ( 'NONE',  ( 1.000000000000000000, 0.000000000000000000, 0.000000000000000000 ) ) ;
#5448 = VECTOR ( 'NONE', #4519, 1000.000000000000000 ) ;
#5449 = DIRECTION ( 'NONE',  ( 0.000000000000000000, 0.000000000000000000, 1.000000000000000000 ) ) ;
#5450 = PRESENTATION_STYLE_ASSIGNMENT (( #4372 ) ) ;
#5451 = CARTESIAN_POINT ( 'NONE',  ( 3.200000000000980283, -1.199999999999979972, -11.79999999999999893 ) ) ;
#5452 = ORIENTED_EDGE ( 'NONE', *, *, #4284, .T. ) ;
#5453 = ORIENTED_EDGE ( 'NONE', *, *, #5385, .F. ) ;
#5454 = FACE_BOUND ( 'NONE', #4728, .T. ) ;
#5455 = VECTOR ( 'NONE', #4901, 999.9999999999998863 ) ;
#5456 = EDGE_LOOP ( 'NONE', ( #6465, #2683, #3515, #5708 ) ) ;
#5457 = EDGE_CURVE ( 'NONE', #313, #6631, #2549, .T. ) ;
#5458 = AXIS2_PLACEMENT_3D ( 'NONE', #1741, #6158, #6047 ) ;
#5459 = CARTESIAN_POINT ( 'NONE',  ( -3.483180179936814113E-15, -2.699783421336159783, -10.03070813642793979 ) ) ;
#5460 = CARTESIAN_POINT ( 'NONE',  ( 1.187977493298882026, 2.370398666075155258, -9.900000000000000355 ) ) ;
#5461 = LINE ( 'NONE', #3321, #4102 ) ;
#5462 = CARTESIAN_POINT ( 'NONE',  ( -1.479999999999979998, -3.100000000000049827, -13.41999999999999993 ) ) ;
#5463 = CIRCLE ( 'NONE', #4473, 0.5000000000000000000 ) ;
#5464 = CARTESIAN_POINT ( 'NONE',  ( 1.554950958485928014, -2.596382935247471657, -11.08941293052497734 ) ) ;
#5465 = ORIENTED_EDGE ( 'NONE', *, *, #5430, .F. ) ;
#5466 = FACE_OUTER_BOUND ( 'NONE', #731, .T. ) ;
#5467 = EDGE_CURVE ( 'NONE', #3290, #2253, #1530, .T. ) ;
#5468 = ORIENTED_EDGE ( 'NONE', *, *, #3199, .T. ) ;
#5469 = VECTOR ( 'NONE', #2366, 1000.000000000000000 ) ;
#5470 = CARTESIAN_POINT ( 'NONE',  ( 1.999810341073891218, -1.975839620352813464, -5.097569817124024460 ) ) ;
#5471 = VERTEX_POINT ( 'NONE', #1004 ) ;
#5472 = CARTESIAN_POINT ( 'NONE',  ( 2.750000000000909495, -5.006092291154013552, -1.777284430866731713 ) ) ;
#5473 = EDGE_LOOP ( 'NONE', ( #2019, #422, #5863, #1398 ) ) ;
#5474 = LINE ( 'NONE', #3298, #2662 ) ;
#5475 = ORIENTED_EDGE ( 'NONE', *, *, #1503, .F. ) ;
#5476 = EDGE_CURVE ( 'NONE', #3605, #2933, #5302, .T. ) ;
#5477 = CARTESIAN_POINT ( 'NONE',  ( 3.550000000000939959, -5.500000000000000000, -6.100000000000920686 ) ) ;
#5478 = LINE ( 'NONE', #2300, #1760 ) ;
#5479 = EDGE_CURVE ( 'NONE', #2958, #5590, #1037, .T. ) ;
#5480 = EDGE_LOOP ( 'NONE', ( #954, #1325, #2895, #4856 ) ) ;
#5481 = B_SPLINE_CURVE_WITH_KNOTS ( 'NONE', 3,
 ( #1446, #6761, #2946, #5080 ),
 .UNSPECIFIED., .F., .F.,
 ( 4, 4 ),
 ( 0.000000000000000000, 1.000000000000000000 ),
 .UNSPECIFIED. ) ;
#5482 = PLANE ( 'NONE',  #2889 ) ;
#5483 = DIRECTION ( 'NONE',  ( 0.000000000000000000, 0.000000000000000000, -1.000000000000000000 ) ) ;
#5484 = FACE_OUTER_BOUND ( 'NONE', #143, .T. ) ;
#5485 = VERTEX_POINT ( 'NONE', #4289 ) ;
#5486 = CARTESIAN_POINT ( 'NONE',  ( -3.200000000000000178, -1.199999999999979972, -1.000000000000000000 ) ) ;
#5487 = ADVANCED_FACE ( 'NONE', ( #173 ), #6459, .T. ) ;
#5488 = CARTESIAN_POINT ( 'NONE',  ( 0.4769906117180039984, -3.044195530146634798, -10.58188272637720040 ) ) ;
#5489 = CARTESIAN_POINT ( 'NONE',  ( 8.847089727481720220E-13, -5.500000000000000000, -7.400000000000000355 ) ) ;
#5490 = FILL_AREA_STYLE ('',( #6052 ) ) ;
#5491 = CARTESIAN_POINT ( 'NONE',  ( 1.050000000000109956, -5.551115123125779547E-14, -13.44999999999999929 ) ) ;
#5492 = ORIENTED_EDGE ( 'NONE', *, *, #2374, .T. ) ;
#5493 = ORIENTED_EDGE ( 'NONE', *, *, #3048, .T. ) ;
#5494 = VECTOR ( 'NONE', #3191, 1000.000000000000000 ) ;
#5495 = CARTESIAN_POINT ( 'NONE',  ( -3.232442890089805232, -2.199999999999115108, -11.79999999999999893 ) ) ;
#5496 = ORIENTED_EDGE ( 'NONE', *, *, #4119, .T. ) ;
#5497 = LINE ( 'NONE', #4489, #3499 ) ;
#5498 = VECTOR ( 'NONE', #2496, 1000.000000000000000 ) ;
#5499 = LINE ( 'NONE', #4491, #888 ) ;
#5500 = LINE ( 'NONE', #1721, #4862 ) ;
#5501 =( NAMED_UNIT ( * ) SI_UNIT ( $, .STERADIAN. ) SOLID_ANGLE_UNIT ( ) );
#5502 = ORIENTED_EDGE ( 'NONE', *, *, #2931, .F. ) ;
#5503 = CARTESIAN_POINT ( 'NONE',  ( 4.000000000000000000, -6.292893218813508049, 7.929538643524979313E-16 ) ) ;
#5504 = ORIENTED_EDGE ( 'NONE', *, *, #1344, .F. ) ;
#5505 = VECTOR ( 'NONE', #64, 1000.000000000000000 ) ;
#5506 = CARTESIAN_POINT ( 'NONE',  ( 1.990514194849879903, -2.102881243154282487, -5.480638350414634985 ) ) ;
#5507 = VERTEX_POINT ( 'NONE', #4957 ) ;
#5508 = DIRECTION ( 'NONE',  ( 1.000000000000000000, 0.000000000000000000, 0.000000000000000000 ) ) ;
#5509 = VERTEX_POINT ( 'NONE', #1778 ) ;
#5510 = CYLINDRICAL_SURFACE ( 'NONE', #6463, 1.050000000000000044 ) ;
#5511 = VERTEX_POINT ( 'NONE', #2826 ) ;
#5512 = DIRECTION ( 'NONE',  ( 0.000000000000000000, 0.000000000000000000, -1.000000000000000000 ) ) ;
#5513 = AXIS2_PLACEMENT_3D ( 'NONE', #6213, #1417, #2248 ) ;
#5514 = VECTOR ( 'NONE', #5587, 1000.000000000000000 ) ;
#5515 = DIRECTION ( 'NONE',  ( 1.000000000000000000, 0.000000000000000000, 0.000000000000000000 ) ) ;
#5516 = VERTEX_POINT ( 'NONE', #1631 ) ;
#5517 = CARTESIAN_POINT ( 'NONE',  ( -1.250000000000089928, -5.499999999999279687, 21.81166452058999994 ) ) ;
#5518 = CARTESIAN_POINT ( 'NONE',  ( -4.339999999999999858, -2.559999999999050146, -2.779157999888000052 ) ) ;
#5519 = DIRECTION ( 'NONE',  ( 1.000000000000000000, 0.000000000000000000, 0.000000000000000000 ) ) ;
#5520 = ORIENTED_EDGE ( 'NONE', *, *, #4673, .F. ) ;
#5521 = CARTESIAN_POINT ( 'NONE',  ( -2.247557109910129913, -2.199999999999130207, -2.779157999888000052 ) ) ;
#5522 = ADVANCED_FACE ( 'NONE', ( #5406 ), #5482, .T. ) ;
#5523 = DIRECTION ( 'NONE',  ( 0.000000000000000000, 0.000000000000000000, -1.000000000000000000 ) ) ;
#5524 = CARTESIAN_POINT ( 'NONE',  ( 0.8730183899917979273, -5.299999999999281286, -5.605200595724783241 ) ) ;
#5525 = CARTESIAN_POINT ( 'NONE',  ( -4.500000000000059508, 4.299999999999919886, -1.000000000000000000 ) ) ;
#5526 = DIRECTION ( 'NONE',  ( 0.000000000000000000, 0.000000000000000000, -1.000000000000000000 ) ) ;
#5527 = ORIENTED_EDGE ( 'NONE', *, *, #711, .F. ) ;
#5528 = AXIS2_PLACEMENT_3D ( 'NONE', #6892, #5348, #496 ) ;
#5529 = VERTEX_POINT ( 'NONE', #4437 ) ;
#5530 = ADVANCED_FACE ( 'NONE', ( #4323 ), #2230, .T. ) ;
#5531 = DIRECTION ( 'NONE',  ( 1.000000000000000000, 0.000000000000000000, 0.000000000000000000 ) ) ;
#5532 = ORIENTED_EDGE ( 'NONE', *, *, #89, .T. ) ;
#5533 = CYLINDRICAL_SURFACE ( 'NONE', #717, 1.500000000000000000 ) ;
#5534 = CARTESIAN_POINT ( 'NONE',  ( -0.7058364889465079672, 2.555716555574425009, -9.900000000000000355 ) ) ;
#5535 = CARTESIAN_POINT ( 'NONE',  ( -1.250000000000089928, -5.645459504003671469, -7.599999999999949907 ) ) ;
#5536 = LINE ( 'NONE', #5050, #4023 ) ;
#5537 = ORIENTED_EDGE ( 'NONE', *, *, #6084, .F. ) ;
#5538 = DIRECTION ( 'NONE',  ( 0.000000000000000000, 0.000000000000000000, 1.000000000000000000 ) ) ;
#5539 = ORIENTED_EDGE ( 'NONE', *, *, #1012, .F. ) ;
#5540 = VECTOR ( 'NONE', #5743, 1000.000000000000000 ) ;
#5541 = CARTESIAN_POINT ( 'NONE',  ( -4.499999999999999112, 3.971572875253716273, -0.2071067811865462682 ) ) ;
#5542 = ORIENTED_EDGE ( 'NONE', *, *, #995, .T. ) ;
#5543 = DIRECTION ( 'NONE',  ( -0.000000000000000000, 1.000000000000000000, 0.000000000000000000 ) ) ;
#5544 = ORIENTED_EDGE ( 'NONE', *, *, #5141, .F. ) ;
#5545 = CARTESIAN_POINT ( 'NONE',  ( -3.725592231765940010, 3.558925565098959964, -2.700000000000000178 ) ) ;
#5546 = ORIENTED_EDGE ( 'NONE', *, *, #4361, .T. ) ;
#5547 = LINE ( 'NONE', #3905, #1379 ) ;
#5548 = CARTESIAN_POINT ( 'NONE',  ( 3.149999999999999911, 1.566164342312049920E-08, -9.400000000000000355 ) ) ;
#5549 = AXIS2_PLACEMENT_3D ( 'NONE', #6704, #2923, #5121 ) ;
#5550 = ORIENTED_EDGE ( 'NONE', *, *, #4879, .F. ) ;
#5551 = ADVANCED_FACE ( 'NONE', ( #6497 ), #5336, .T. ) ;
#5552 = CARTESIAN_POINT ( 'NONE',  ( 0.000000000000000000, 0.000000000000000000, -9.900000000000000355 ) ) ;
#5553 = CARTESIAN_POINT ( 'NONE',  ( -2.739999999999950031, -2.559999999999050146, -9.799999999999998934 ) ) ;
#5554 = CARTESIAN_POINT ( 'NONE',  ( 2.018281576592725113, -2.906897123192799803, -6.230395288045440516 ) ) ;
#5555 = VECTOR ( 'NONE', #1164, 1000.000000000000000 ) ;
#5556 = VERTEX_POINT ( 'NONE', #5903 ) ;
#5557 = DIRECTION ( 'NONE',  ( 0.05997373034769910155, -0.1043403074085951926, 0.9927317119534669887 ) ) ;
#5558 = CARTESIAN_POINT ( 'NONE',  ( 0.000000000000000000, 0.000000000000000000, -11.79999999999999893 ) ) ;
#5559 = VECTOR ( 'NONE', #4644, 1000.000000000000000 ) ;
#5560 = CARTESIAN_POINT ( 'NONE',  ( 4.000000000000000000, 3.799999999999910116, 8.673617379884030542E-16 ) ) ;
#5561 = CARTESIAN_POINT ( 'NONE',  ( 2.908652234206932974, -1.199999999999979972, -9.467512275781496456 ) ) ;
#5562 = DIRECTION ( 'NONE',  ( 0.000000000000000000, 0.5299192642332042347, 0.8480480961564265119 ) ) ;
#5563 = VECTOR ( 'NONE', #4626, 1000.000000000000000 ) ;
#5564 = EDGE_LOOP ( 'NONE', ( #1916, #840, #269, #6236 ) ) ;
#5565 =( REPRESENTATION_RELATIONSHIP ('NONE','NONE', #1985, #4580 ) REPRESENTATION_RELATIONSHIP_WITH_TRANSFORMATION ( #2502 )SHAPE_REPRESENTATION_RELATIONSHIP( ) );
#5566 = ADVANCED_FACE ( 'NONE', ( #3835 ), #6423, .F. ) ;
#5567 = ORIENTED_EDGE ( 'NONE', *, *, #1412, .T. ) ;
#5568 = DIRECTION ( 'NONE',  ( 0.000000000000000000, 1.000000000000000000, 0.000000000000000000 ) ) ;
#5569 = EDGE_CURVE ( 'NONE', #5128, #1157, #2717, .T. ) ;
#5570 = ADVANCED_FACE ( 'NONE', ( #6011 ), #1739, .F. ) ;
#5571 = EDGE_LOOP ( 'NONE', ( #1474, #4669, #1955, #6277 ) ) ;
#5572 = EDGE_LOOP ( 'NONE', ( #5475, #1168, #1455, #3634 ) ) ;
#5573 = MECHANICAL_DESIGN_GEOMETRIC_PRESENTATION_REPRESENTATION (  '', ( #1332 ), #5014 ) ;
#5574 = CARTESIAN_POINT ( 'NONE',  ( -0.07658533384984990422, -2.739046396519778437, -10.01125945847550724 ) ) ;
#5575 = CARTESIAN_POINT ( 'NONE',  ( 1.340297720735225795, 2.287692763890885050, -9.900000000000000355 ) ) ;
#5576 = CARTESIAN_POINT ( 'NONE',  ( 2.299999999999859934, -2.000000000000110134, -9.900000000000000355 ) ) ;
#5577 = CIRCLE ( 'NONE', #1335, 0.5000000000000000000 ) ;
#5578 = ADVANCED_FACE ( 'NONE', ( #5942 ), #2949, .T. ) ;
#5579 = CARTESIAN_POINT ( 'NONE',  ( 0.000000000000000000, 0.000000000000000000, 0.000000000000000000 ) ) ;
#5580 = VERTEX_POINT ( 'NONE', #286 ) ;
#5581 = DIRECTION ( 'NONE',  ( -1.000000000000000000, 0.000000000000000000, 0.000000000000000000 ) ) ;
#5582 = EDGE_CURVE ( 'NONE', #5748, #2197, #6192, .T. ) ;
#5583 = ORIENTED_EDGE ( 'NONE', *, *, #6794, .F. ) ;
#5584 = CARTESIAN_POINT ( 'NONE',  ( 1.249999999999948708, -5.491205336494581424, -7.756890761442845950 ) ) ;
#5585 = CARTESIAN_POINT ( 'NONE',  ( 1.050000000000109956, -5.551115123125779547E-14, -13.40000000000000036 ) ) ;
#5586 = EDGE_LOOP ( 'NONE', ( #2618, #3296, #6527, #4353, #4062, #210, #1738, #5435, #3026, #3921, #3126, #6618, #4727, #5162, #2939, #3082 ) ) ;
#5587 = DIRECTION ( 'NONE',  ( 1.000000000000000000, 0.000000000000000000, 0.000000000000000000 ) ) ;
#5588 = ORIENTED_EDGE ( 'NONE', *, *, #2497, .T. ) ;
#5589 = CARTESIAN_POINT ( 'NONE',  ( 0.000000000000000000, 0.000000000000000000, -11.79999999999999893 ) ) ;
#5590 = VERTEX_POINT ( 'NONE', #1328 ) ;
#5591 = CARTESIAN_POINT ( 'NONE',  ( -0.4431167665396850142, -5.299999999999278621, -4.201061270430593630 ) ) ;
#5592 = CARTESIAN_POINT ( 'NONE',  ( -2.942893218813430245, 7.208009521304632602E-16, -9.900000000000018119 ) ) ;
#5593 = AXIS2_PLACEMENT_3D ( 'NONE', #4850, #6051, #5641 ) ;
#5594 = ORIENTED_EDGE ( 'NONE', *, *, #2132, .F. ) ;
#5595 = VECTOR ( 'NONE', #5818, 1000.000000000000000 ) ;
#5596 = VECTOR ( 'NONE', #5303, 1000.000000000000000 ) ;
#5597 = LINE ( 'NONE', #813, #4216 ) ;
#5598 = LINE ( 'NONE', #6536, #4912 ) ;
#5599 = FACE_OUTER_BOUND ( 'NONE', #2512, .T. ) ;
#5600 = EDGE_LOOP ( 'NONE', ( #1601, #284, #6510, #3547 ) ) ;
#5601 = EDGE_CURVE ( 'NONE', #4773, #3438, #3094, .T. ) ;
#5602 = CARTESIAN_POINT ( 'NONE',  ( -4.292893218813457423, -6.500000000000059508, -0.2071067811865475172 ) ) ;
#5603 = LINE ( 'NONE', #3957, #1940 ) ;
#5604 = DIRECTION ( 'NONE',  ( 1.000000000000000000, 0.000000000000000000, 0.000000000000000000 ) ) ;
#5605 = CARTESIAN_POINT ( 'NONE',  ( 2.750000000000909495, -5.299999999999280398, -5.600000000000860290 ) ) ;
#5606 = ORIENTED_EDGE ( 'NONE', *, *, #3881, .F. ) ;
#5607 = ORIENTED_EDGE ( 'NONE', *, *, #6896, .F. ) ;
#5608 = EDGE_CURVE ( 'NONE', #2253, #5785, #6716, .T. ) ;
#5609 = PLANE ( 'NONE',  #1587 ) ;
#5610 = ORIENTED_EDGE ( 'NONE', *, *, #4811, .F. ) ;
#5611 = ORIENTED_EDGE ( 'NONE', *, *, #792, .T. ) ;
#5612 = B_SPLINE_CURVE_WITH_KNOTS ( 'NONE', 3,
 ( #2856, #4471, #6075, #4433, #5129, #1286, #1321, #5027, #3443, #2372, #6151, #5591, #2930, #3482, #1884, #4021, #1363, #5096, #844, #314 ),
 .UNSPECIFIED., .F., .F.,
 ( 4, 2, 2, 2, 2, 2, 2, 2, 2, 4 ),
 ( 0.000000000000000000, 0.1250000000000000000, 0.2500000000000000000, 0.3750000000000000000, 0.5000000000000000000, 0.6250000000000000000, 0.6875000000000000000, 0.7500000000000000000, 0.8750000000000000000, 1.000000000000000000 ),
 .UNSPECIFIED. ) ;
#5613 = CARTESIAN_POINT ( 'NONE',  ( 2.640453492209005049, -0.2665615384595704795, -9.900000000000000355 ) ) ;
#5614 = CARTESIAN_POINT ( 'NONE',  ( 1.199999999999929789, 0.000000000000000000, -14.09999999999999964 ) ) ;
#5615 = FACE_OUTER_BOUND ( 'NONE', #509, .T. ) ;
#5616 = FACE_OUTER_BOUND ( 'NONE', #5617, .T. ) ;
#5617 = EDGE_LOOP ( 'NONE', ( #1421, #2626, #3894, #1735 ) ) ;
#5618 = DIRECTION ( 'NONE',  ( 0.000000000000000000, 0.000000000000000000, -1.000000000000000000 ) ) ;
#5619 = ORIENTED_EDGE ( 'NONE', *, *, #128, .F. ) ;
#5620 = AXIS2_PLACEMENT_3D ( 'NONE', #1644, #351, #3176 ) ;
#5621 = DIRECTION ( 'NONE',  ( 0.000000000000000000, 0.000000000000000000, -1.000000000000000000 ) ) ;
#5622 = DIRECTION ( 'NONE',  ( 0.000000000000000000, 1.000000000000000000, 0.000000000000000000 ) ) ;
#5623 = ORIENTED_EDGE ( 'NONE', *, *, #5259, .F. ) ;
#5624 = CARTESIAN_POINT ( 'NONE',  ( 1.479999999999979998, -9.539807621135009796, -13.42999999999999972 ) ) ;
#5625 = ORIENTED_EDGE ( 'NONE', *, *, #4925, .T. ) ;
#5626 = CARTESIAN_POINT ( 'NONE',  ( 2.650015325608714889, 1.317574454024765849E-08, -9.900000000000000355 ) ) ;
#5627 = ORIENTED_EDGE ( 'NONE', *, *, #292, .T. ) ;
#5628 = DIRECTION ( 'NONE',  ( 0.000000000000000000, 1.000000000000000000, 0.000000000000000000 ) ) ;
#5629 = EDGE_CURVE ( 'NONE', #4744, #3605, #2329, .T. ) ;
#5630 = CARTESIAN_POINT ( 'NONE',  ( 2.804496749660245314, -1.434328407703448605, -9.692893218813461331 ) ) ;
#5631 = AXIS2_PLACEMENT_3D ( 'NONE', #819, #2347, #1336 ) ;
#5632 = ORIENTED_EDGE ( 'NONE', *, *, #2082, .F. ) ;
#5633 = DIRECTION ( 'NONE',  ( 0.000000000000000000, -1.000000000000000000, 0.000000000000000000 ) ) ;
#5634 = CARTESIAN_POINT ( 'NONE',  ( 2.173248591432329846, -3.137993503012960428, -3.603632002693464731 ) ) ;
#5635 = DIRECTION ( 'NONE',  ( 0.000000000000000000, 0.000000000000000000, -1.000000000000000000 ) ) ;
#5636 = VECTOR ( 'NONE', #2199, 1000.000000000000000 ) ;
#5637 = AXIS2_PLACEMENT_3D ( 'NONE', #125, #1732, #3860 ) ;
#5638 = ORIENTED_EDGE ( 'NONE', *, *, #2820, .F. ) ;
#5639 = CARTESIAN_POINT ( 'NONE',  ( -4.000000000000000000, -6.292893218813521372, 7.929538643524979313E-16 ) ) ;
#5640 = CARTESIAN_POINT ( 'NONE',  ( -9.662512969806918761, -9.539807621135009796, -13.78000000000000114 ) ) ;
#5641 = DIRECTION ( 'NONE',  ( -1.000000000000000000, 0.000000000000000000, 0.000000000000000000 ) ) ;
#5642 = FACE_OUTER_BOUND ( 'NONE', #69, .T. ) ;
#5643 = ORIENTED_EDGE ( 'NONE', *, *, #5006, .T. ) ;
#5644 = ORIENTED_EDGE ( 'NONE', *, *, #3897, .T. ) ;
#5645 = CARTESIAN_POINT ( 'NONE',  ( 2.912473175842134943, -1.199999999999999956, -1.000000000000000000 ) ) ;
#5646 = EDGE_CURVE ( 'NONE', #2613, #2567, #6081, .T. ) ;
#5647 = VECTOR ( 'NONE', #678, 1000.000000000000000 ) ;
#5648 = CARTESIAN_POINT ( 'NONE',  ( -0.1121088177076750014, -2.706526339254924807, -10.04149831957634120 ) ) ;
#5649 = ADVANCED_FACE ( 'NONE', ( #2410 ), #4693, .T. ) ;
#5650 = DIRECTION ( 'NONE',  ( 0.000000000000000000, -1.000000000000000000, 0.000000000000000000 ) ) ;
#5651 = VERTEX_POINT ( 'NONE', #3520 ) ;
#5652 = DIRECTION ( 'NONE',  ( -1.000000000000000000, 0.000000000000000000, 0.000000000000000000 ) ) ;
#5653 = FACE_OUTER_BOUND ( 'NONE', #1888, .T. ) ;
#5654 = DIRECTION ( 'NONE',  ( 0.000000000000000000, 0.000000000000000000, 1.000000000000000000 ) ) ;
#5655 = ORIENTED_EDGE ( 'NONE', *, *, #2415, .F. ) ;
#5656 = VERTEX_POINT ( 'NONE', #4170 ) ;
#5657 = DIRECTION ( 'NONE',  ( 1.000000000000000000, 0.000000000000000000, 0.000000000000000000 ) ) ;
#5658 = ORIENTED_EDGE ( 'NONE', *, *, #4410, .F. ) ;
#5659 = EDGE_CURVE ( 'NONE', #5694, #4641, #1890, .T. ) ;
#5660 = CARTESIAN_POINT ( 'NONE',  ( -1.899999999998069899, -5.500000000000000000, -7.400000000000000355 ) ) ;
#5661 = CARTESIAN_POINT ( 'NONE',  ( -4.500000000000059508, -6.000000000000000000, -11.79999999999999893 ) ) ;
#5662 = ADVANCED_FACE ( 'NONE', ( #1253 ), #3372, .T. ) ;
#5663 = ORIENTED_EDGE ( 'NONE', *, *, #6738, .F. ) ;
#5664 = ADVANCED_FACE ( 'NONE', ( #251 ), #1849, .T. ) ;
#5665 = DIRECTION ( 'NONE',  ( -1.000000000000000000, 0.000000000000000000, 0.000000000000000000 ) ) ;
#5666 = EDGE_CURVE ( 'NONE', #6120, #612, #6116, .T. ) ;
#5667 = LINE ( 'NONE', #2484, #1675 ) ;
#5668 = DIRECTION ( 'NONE',  ( 0.000000000000000000, 0.000000000000000000, 1.000000000000000000 ) ) ;
#5669 = VECTOR ( 'NONE', #6549, 1000.000000000000000 ) ;
#5670 = EDGE_CURVE ( 'NONE', #5387, #379, #5033, .T. ) ;
#5671 = ORIENTED_EDGE ( 'NONE', *, *, #6210, .T. ) ;
#5672 = LINE ( 'NONE', #1403, #3544 ) ;
#5673 = EDGE_CURVE ( 'NONE', #1058, #3787, #5597, .T. ) ;
#5674 = CARTESIAN_POINT ( 'NONE',  ( 2.912473175842134943, -1.199999999999999956, -9.400000000000000355 ) ) ;
#5675 = LINE ( 'NONE', #2615, #6353 ) ;
#5676 = FACE_OUTER_BOUND ( 'NONE', #1315, .T. ) ;
#5677 = VERTEX_POINT ( 'NONE', #4542 ) ;
#5678 = ORIENTED_EDGE ( 'NONE', *, *, #1198, .F. ) ;
#5679 = CARTESIAN_POINT ( 'NONE',  ( -2.749999999999100275, -4.474682338249708735, -1.502965928288898523 ) ) ;
#5680 = AXIS2_PLACEMENT_3D ( 'NONE', #6778, #3638, #3150 ) ;
#5681 = DIRECTION ( 'NONE',  ( 0.000000000000000000, 0.000000000000000000, 1.000000000000000000 ) ) ;
#5682 = DIRECTION ( 'NONE',  ( 0.000000000000000000, 0.000000000000000000, 1.000000000000000000 ) ) ;
#5683 = LINE ( 'NONE', #6732, #2636 ) ;
#5684 = VECTOR ( 'NONE', #60, 1000.000000000000000 ) ;
#5685 = ORIENTED_EDGE ( 'NONE', *, *, #4743, .T. ) ;
#5686 = VECTOR ( 'NONE', #1347, 1000.000000000000000 ) ;
#5687 = DIRECTION ( 'NONE',  ( 0.000000000000000000, -1.000000000000000000, 0.000000000000000000 ) ) ;
#5688 = PLANE ( 'NONE',  #5549 ) ;
#5689 = AXIS2_PLACEMENT_3D ( 'NONE', #2120, #1100, #3752 ) ;
#5690 = CARTESIAN_POINT ( 'NONE',  ( -4.500000000000059508, -2.150000000000039879, -11.79999999999999893 ) ) ;
#5691 = ORIENTED_EDGE ( 'NONE', *, *, #6872, .T. ) ;
#5692 = VERTEX_POINT ( 'NONE', #2968 ) ;
#5693 = DIRECTION ( 'NONE',  ( 0.000000000000000000, -0.7071067811866840191, 0.7071067811864111263 ) ) ;
#5694 = VERTEX_POINT ( 'NONE', #4026 ) ;
#5695 = LINE ( 'NONE', #908, #4261 ) ;
#5696 = CARTESIAN_POINT ( 'NONE',  ( 2.750000000000909495, -2.970259389423805185, -3.494704195690109927 ) ) ;
#5697 = AXIS2_PLACEMENT_3D ( 'NONE', #2396, #268, #2882 ) ;
#5698 = ORIENTED_EDGE ( 'NONE', *, *, #711, .T. ) ;
#5699 = PLANE ( 'NONE',  #6479 ) ;
#5700 = LINE ( 'NONE', #913, #649 ) ;
#5701 = EDGE_CURVE ( 'NONE', #3432, #557, #6156, .T. ) ;
#5702 = CIRCLE ( 'NONE', #556, 2.299999999999999822 ) ;
#5703 = CARTESIAN_POINT ( 'NONE',  ( 0.000000000000000000, 0.000000000000000000, -11.79999999999999893 ) ) ;
#5704 = AXIS2_PLACEMENT_3D ( 'NONE', #624, #1176, #4808 ) ;
#5705 = DIRECTION ( 'NONE',  ( -1.000000000000000000, 0.000000000000000000, 0.000000000000000000 ) ) ;
#5706 = DIRECTION ( 'NONE',  ( 0.000000000000000000, 0.000000000000000000, -1.000000000000000000 ) ) ;
#5707 = CARTESIAN_POINT ( 'NONE',  ( -2.749999999999090061, -5.500000000000000000, -1.500072740962019813 ) ) ;
#5708 = ORIENTED_EDGE ( 'NONE', *, *, #4921, .F. ) ;
#5709 = ORIENTED_EDGE ( 'NONE', *, *, #4691, .T. ) ;
#5710 = EDGE_CURVE ( 'NONE', #4991, #6410, #2447, .T. ) ;
#5711 = PRESENTATION_STYLE_ASSIGNMENT (( #4652 ) ) ;
#5712 = CARTESIAN_POINT ( 'NONE',  ( -3.725592231765940010, 2.400000000000960032, -2.700000000000000178 ) ) ;
#5713 =( LENGTH_UNIT ( ) NAMED_UNIT ( * ) SI_UNIT ( .MILLI., .METRE. ) );
#5714 = PLANE ( 'NONE',  #4981 ) ;
#5715 = ORIENTED_EDGE ( 'NONE', *, *, #1755, .T. ) ;
#5716 = CARTESIAN_POINT ( 'NONE',  ( 4.860000000000079368, -10.19999999999910045, -11.79999999999999893 ) ) ;
#5717 = ORIENTED_EDGE ( 'NONE', *, *, #2798, .T. ) ;
#5718 = CARTESIAN_POINT ( 'NONE',  ( 18.18468237128199760, -4.710787967690880151, -1.500072740962230089 ) ) ;
#5719 = CARTESIAN_POINT ( 'NONE',  ( -1.777709254451055099, 13.22368666611135879, 14.93199160091300115 ) ) ;
#5720 = EDGE_LOOP ( 'NONE', ( #4485, #6376, #1496 ) ) ;
#5721 = CARTESIAN_POINT ( 'NONE',  ( 1.574999999999999956, 1.928818708657080112E-16, -9.900000000000000355 ) ) ;
#5722 = CARTESIAN_POINT ( 'NONE',  ( -1.250000000000089928, -8.241421356236900309, -7.658578643762970373 ) ) ;
#5723 = VECTOR ( 'NONE', #5628, 1000.000000000000000 ) ;
#5724 = ORIENTED_EDGE ( 'NONE', *, *, #5990, .F. ) ;
#5725 = LINE ( 'NONE', #1524, #2914 ) ;
#5726 = ADVANCED_FACE ( 'NONE', ( #1399, #4823 ), #6334, .F. ) ;
#5727 = CARTESIAN_POINT ( 'NONE',  ( -2.804496749695565061, -1.434328407634392066, -9.400000000000000355 ) ) ;
#5728 = EDGE_CURVE ( 'NONE', #4016, #199, #3112, .T. ) ;
#5729 = LINE ( 'NONE', #1527, #323 ) ;
#5730 = ORIENTED_EDGE ( 'NONE', *, *, #3542, .T. ) ;
#5731 = DIRECTION ( 'NONE',  ( 0.000000000000000000, 0.000000000000000000, -1.000000000000000000 ) ) ;
#5732 = AXIS2_PLACEMENT_3D ( 'NONE', #2276, #6540, #1745 ) ;
#5733 = CARTESIAN_POINT ( 'NONE',  ( 2.037134352765519907, -3.043296795206294814, -6.084124547720520582 ) ) ;
#5734 = LINE ( 'NONE', #2061, #1765 ) ;
#5735 = ORIENTED_EDGE ( 'NONE', *, *, #5088, .T. ) ;
#5736 = ORIENTED_EDGE ( 'NONE', *, *, #1354, .F. ) ;
#5737 = DIRECTION ( 'NONE',  ( 0.000000000000000000, 0.000000000000000000, 1.000000000000000000 ) ) ;
#5738 = ADVANCED_FACE ( 'NONE', ( #4758 ), #4272, .F. ) ;
#5739 = STYLED_ITEM ( 'NONE', ( #6541 ), #1236 ) ;
#5740 = EDGE_CURVE ( 'NONE', #1244, #6667, #2073, .T. ) ;
#5741 = CARTESIAN_POINT ( 'NONE',  ( 1.005321978320532050, -10.81224530174222309, -7.800000000000000711 ) ) ;
#5742 = CARTESIAN_POINT ( 'NONE',  ( 8.847089727481720220E-13, -5.500000000000000000, -2.300000000000899991 ) ) ;
#5743 = DIRECTION ( 'NONE',  ( 0.000000000000000000, -1.000000000000000000, 0.000000000000000000 ) ) ;
#5744 = ADVANCED_FACE ( 'NONE', ( #1613 ), #465, .T. ) ;
#5745 = ORIENTED_EDGE ( 'NONE', *, *, #5820, .F. ) ;
#5746 = DIRECTION ( 'NONE',  ( 0.000000000000000000, 0.000000000000000000, 1.000000000000000000 ) ) ;
#5747 = VERTEX_POINT ( 'NONE', #4859 ) ;
#5748 = VERTEX_POINT ( 'NONE', #3215 ) ;
#5749 = DIRECTION ( 'NONE',  ( 0.000000000000000000, 0.000000000000000000, -1.000000000000000000 ) ) ;
#5750 = ORIENTED_EDGE ( 'NONE', *, *, #4226, .T. ) ;
#5751 = DIRECTION ( 'NONE',  ( 0.000000000000000000, 1.000000000000000000, 0.000000000000000000 ) ) ;
#5752 = ORIENTED_EDGE ( 'NONE', *, *, #4703, .F. ) ;
#5753 = DIRECTION ( 'NONE',  ( -1.000000000000000000, 0.000000000000000000, 0.000000000000000000 ) ) ;
#5754 = DIRECTION ( 'NONE',  ( 1.000000000000000000, 0.000000000000000000, 0.000000000000000000 ) ) ;
#5755 = DIRECTION ( 'NONE',  ( 1.000000000000000000, 0.000000000000000000, 0.000000000000000000 ) ) ;
#5756 = EDGE_CURVE ( 'NONE', #5418, #600, #5809, .T. ) ;
#5757 = EDGE_LOOP ( 'NONE', ( #4591, #162, #3627, #6142 ) ) ;
#5758 = DIRECTION ( 'NONE',  ( -1.000000000000000000, 0.000000000000000000, 0.000000000000000000 ) ) ;
#5759 = DIRECTION ( 'NONE',  ( 0.000000000000000000, 1.000000000000000000, 0.000000000000000000 ) ) ;
#5760 = LINE ( 'NONE', #3098, #3552 ) ;
#5761 = EDGE_LOOP ( 'NONE', ( #5036, #3822, #2707, #1023 ) ) ;
#5762 = CIRCLE ( 'NONE', #3615, 1.000000000000000888 ) ;
#5763 = EDGE_LOOP ( 'NONE', ( #6665, #5796 ) ) ;
#5764 = CARTESIAN_POINT ( 'NONE',  ( -0.4785041646988057451, -11.20493800895361503, -7.599999999999869083 ) ) ;
#5765 = VECTOR ( 'NONE', #2228, 1000.000000000000000 ) ;
#5766 = CARTESIAN_POINT ( 'NONE',  ( -1.145802126866455994, -10.55007660606155007, -7.800000000000000711 ) ) ;
#5767 = EDGE_CURVE ( 'NONE', #4432, #2980, #1548, .T. ) ;
#5768 = DIRECTION ( 'NONE',  ( 0.000000000000000000, -1.000000000000000000, 0.000000000000000000 ) ) ;
#5769 = EDGE_CURVE ( 'NONE', #1360, #4281, #5925, .T. ) ;
#5770 = ORIENTED_EDGE ( 'NONE', *, *, #5209, .F. ) ;
#5771 = EDGE_CURVE ( 'NONE', #3438, #4305, #1580, .T. ) ;
#5772 = AXIS2_PLACEMENT_3D ( 'NONE', #5266, #2055, #3583 ) ;
#5773 = CARTESIAN_POINT ( 'NONE',  ( -2.585508219391129625, -0.5832636528070399562, -9.900000000000000355 ) ) ;
#5774 = CARTESIAN_POINT ( 'NONE',  ( 0.000000000000000000, 0.000000000000000000, 0.000000000000000000 ) ) ;
#5775 = VECTOR ( 'NONE', #2485, 1000.000000000000000 ) ;
#5776 = VECTOR ( 'NONE', #6160, 1000.000000000000000 ) ;
#5777 = CARTESIAN_POINT ( 'NONE',  ( 1.479999999999979998, 2.299999999999999822, -13.78000000000000114 ) ) ;
#5778 = ORIENTED_EDGE ( 'NONE', *, *, #3465, .F. ) ;
#5779 = EDGE_LOOP ( 'NONE', ( #615, #1436, #4000, #5452, #2764, #6907 ) ) ;
#5780 = VECTOR ( 'NONE', #75, 1000.000000000000000 ) ;
#5781 = FACE_OUTER_BOUND ( 'NONE', #3639, .T. ) ;
#5782 = ORIENTED_EDGE ( 'NONE', *, *, #2880, .T. ) ;
#5783 = ADVANCED_FACE ( 'NONE', ( #1053 ), #5846, .T. ) ;
#5784 = DIRECTION ( 'NONE',  ( 0.000000000000000000, 0.000000000000000000, 1.000000000000000000 ) ) ;
#5785 = VERTEX_POINT ( 'NONE', #3178 ) ;
#5786 = AXIS2_PLACEMENT_3D ( 'NONE', #223, #4484, #1824 ) ;
#5787 = PLANE ( 'NONE',  #2568 ) ;
#5788 = CARTESIAN_POINT ( 'NONE',  ( -2.037005630172956661, -3.240345191580281892, -6.401957007130951283 ) ) ;
#5789 = VECTOR ( 'NONE', #5257, 1000.000000000000000 ) ;
#5790 = LINE ( 'NONE', #3125, #5440 ) ;
#5791 = VERTEX_POINT ( 'NONE', #989 ) ;
#5792 = AXIS2_PLACEMENT_3D ( 'NONE', #3364, #5543, #5508 ) ;
#5793 = DIRECTION ( 'NONE',  ( 0.000000000000000000, 1.000000000000000000, 0.000000000000000000 ) ) ;
#5794 = CARTESIAN_POINT ( 'NONE',  ( -4.500000000000059508, -6.000000000000000000, -2.700000000000000178 ) ) ;
#5795 = CYLINDRICAL_SURFACE ( 'NONE', #171, 0.5000000000000000000 ) ;
#5796 = ORIENTED_EDGE ( 'NONE', *, *, #2105, .T. ) ;
#5797 = EDGE_CURVE ( 'NONE', #2587, #6129, #2698, .T. ) ;
#5798 = EDGE_LOOP ( 'NONE', ( #1088, #760, #5179, #1693 ) ) ;
#5799 = PLANE ( 'NONE',  #6623 ) ;
#5800 = VECTOR ( 'NONE', #2153, 1000.000000000000000 ) ;
#5801 = DIRECTION ( 'NONE',  ( 1.000000000000000000, 0.000000000000000000, 0.000000000000000000 ) ) ;
#5802 = DIRECTION ( 'NONE',  ( 0.000000000000000000, 0.000000000000000000, -1.000000000000000000 ) ) ;
#5803 = CARTESIAN_POINT ( 'NONE',  ( -0.2416334597109363602, -2.632952570750686228, -10.74147609038895723 ) ) ;
#5804 = CARTESIAN_POINT ( 'NONE',  ( -1.672204388978650424, -2.614509386128464730, -10.91695127058145864 ) ) ;
#5805 = DIRECTION ( 'NONE',  ( 0.000000000000000000, -1.000000000000000000, 0.000000000000000000 ) ) ;
#5806 = ADVANCED_FACE ( 'NONE', ( #3670 ), #534, .T. ) ;
#5807 = ORIENTED_EDGE ( 'NONE', *, *, #1124, .T. ) ;
#5808 = LINE ( 'NONE', #2597, #2217 ) ;
#5809 = LINE ( 'NONE', #6900, #5780 ) ;
#5810 = CARTESIAN_POINT ( 'NONE',  ( -4.500000000000059508, -2.150000000000039879, -9.750000000000000000 ) ) ;
#5811 = EDGE_LOOP ( 'NONE', ( #4121, #2716, #4923, #4681 ) ) ;
#5812 = ORIENTED_EDGE ( 'NONE', *, *, #3339, .T. ) ;
#5813 = CARTESIAN_POINT ( 'NONE',  ( -4.000000000000000000, 3.799999999999910116, -2.700000000000000178 ) ) ;
#5814 = ORIENTED_EDGE ( 'NONE', *, *, #2729, .T. ) ;
#5815 = CARTESIAN_POINT ( 'NONE',  ( -3.200000000000000178, -5.150000000000099831, -11.79999999999999893 ) ) ;
#5816 = ORIENTED_EDGE ( 'NONE', *, *, #5889, .F. ) ;
#5817 = EDGE_CURVE ( 'NONE', #6529, #4369, #110, .T. ) ;
#5818 = DIRECTION ( 'NONE',  ( 0.000000000000000000, 0.000000000000000000, -1.000000000000000000 ) ) ;
#5819 = LINE ( 'NONE', #1560, #1323 ) ;
#5820 = EDGE_CURVE ( 'NONE', #1233, #1137, #2878, .T. ) ;
#5821 = AXIS2_PLACEMENT_3D ( 'NONE', #71, #672, #2206 ) ;
#5822 = DIRECTION ( 'NONE',  ( 1.000000000000000000, 0.000000000000000000, 0.000000000000000000 ) ) ;
#5823 = EDGE_LOOP ( 'NONE', ( #4834, #4996, #407, #6474, #504, #6302, #1829, #1484, #6483, #6153 ) ) ;
#5824 = AXIS2_PLACEMENT_3D ( 'NONE', #3422, #4522, #5568 ) ;
#5825 = CARTESIAN_POINT ( 'NONE',  ( 1.075528555105619894E-13, -5.551115123125779547E-14, -13.41999999999999993 ) ) ;
#5826 = DIRECTION ( 'NONE',  ( -1.000000000000000000, 0.000000000000000000, 0.000000000000000000 ) ) ;
#5827 = LINE ( 'NONE', #2234, #5684 ) ;
#5828 = VERTEX_POINT ( 'NONE', #6061 ) ;
#5829 = UNCERTAINTY_MEASURE_WITH_UNIT (LENGTH_MEASURE( 1.000000000000000082E-05 ), #2169, 'distance_accuracy_value', 'NONE');
#5830 = ORIENTED_EDGE ( 'NONE', *, *, #4163, .F. ) ;
#5831 = CARTESIAN_POINT ( 'NONE',  ( 3.900000000000130029, -3.350000000000000089, -14.40000000000000036 ) ) ;
#5832 = VECTOR ( 'NONE', #4406, 1000.000000000000000 ) ;
#5833 = CARTESIAN_POINT ( 'NONE',  ( -2.010880259306309981, -2.283098795542530368, -5.375228444583569853 ) ) ;
#5834 = CARTESIAN_POINT ( 'NONE',  ( -1.250000000000089928, -9.558578643762039917, -7.658578643762729676 ) ) ;
#5835 = CARTESIAN_POINT ( 'NONE',  ( -0.09117132443043253487, -2.625386133111965670, -10.81346593570397729 ) ) ;
#5836 = CARTESIAN_POINT ( 'NONE',  ( 1.900000000000900080, -5.500000000000000000, -11.90000000000000036 ) ) ;
#5837 = LINE ( 'NONE', #4166, #754 ) ;
#5838 = VECTOR ( 'NONE', #3712, 1000.000000000000000 ) ;
#5839 = AXIS2_PLACEMENT_3D ( 'NONE', #6126, #821, #329 ) ;
#5840 = VERTEX_POINT ( 'NONE', #5048 ) ;
#5841 = DIRECTION ( 'NONE',  ( -1.000000000000000000, 0.000000000000000000, 0.000000000000000000 ) ) ;
#5842 = B_SPLINE_CURVE_WITH_KNOTS ( 'NONE', 3,
 ( #4487, #6619, #5386, #599, #6791, #6693 ),
 .UNSPECIFIED., .F., .F.,
 ( 4, 2, 4 ),
 ( 0.000000000000000000, 0.5000000000000000000, 1.000000000000000000 ),
 .UNSPECIFIED. ) ;
#5843 = EDGE_CURVE ( 'NONE', #101, #2292, #3427, .T. ) ;
#5844 = ADVANCED_FACE ( 'NONE', ( #6099, #4345 ), #2358, .T. ) ;
#5845 = CARTESIAN_POINT ( 'NONE',  ( -2.596963476719190034, -0.5303144567097649587, -9.900000000000000355 ) ) ;
#5846 = PLANE ( 'NONE',  #4455 ) ;
#5847 = LINE ( 'NONE', #2107, #6550 ) ;
#5848 = ORIENTED_EDGE ( 'NONE', *, *, #2770, .T. ) ;
#5849 = LINE ( 'NONE', #571, #6418 ) ;
#5850 = CARTESIAN_POINT ( 'NONE',  ( 1.702379648520413680, -2.620944571918224941, -10.85572456764698934 ) ) ;
#5851 = ORIENTED_EDGE ( 'NONE', *, *, #1700, .F. ) ;
#5852 = CARTESIAN_POINT ( 'NONE',  ( -2.749999999999090061, -2.970259389424509955, -3.494704195690570003 ) ) ;
#5853 = ORIENTED_EDGE ( 'NONE', *, *, #1098, .F. ) ;
#5854 = CARTESIAN_POINT ( 'NONE',  ( 2.750000000000909495, -4.700000144167390204, -1.699608054491450027 ) ) ;
#5855 = CARTESIAN_POINT ( 'NONE',  ( 1.000000000000000000, 0.000000000000000000, -2.100000000000049827 ) ) ;
#5856 = EDGE_CURVE ( 'NONE', #5359, #3109, #790, .T. ) ;
#5857 = AXIS2_PLACEMENT_3D ( 'NONE', #1056, #2216, #4828 ) ;
#5858 = DIRECTION ( 'NONE',  ( -1.000000000000000000, 0.000000000000000000, 0.000000000000000000 ) ) ;
#5859 = ADVANCED_FACE ( 'NONE', ( #3887 ), #265, .T. ) ;
#5860 = CARTESIAN_POINT ( 'NONE',  ( 1.479999999999979998, -3.100000000000049827, -13.78000000000000114 ) ) ;
#5861 = LINE ( 'NONE', #3192, #5559 ) ;
#5862 = EDGE_CURVE ( 'NONE', #240, #2144, #5499, .T. ) ;
#5863 = ORIENTED_EDGE ( 'NONE', *, *, #4063, .T. ) ;
#5864 = MANIFOLD_SOLID_BREP ( 'NONE', #750 ) ;
#5865 = LINE ( 'NONE', #2059, #936 ) ;
#5866 = CARTESIAN_POINT ( 'NONE',  ( 0.000000000000000000, 0.000000000000000000, -10.14999999999999858 ) ) ;
#5867 = DIRECTION ( 'NONE',  ( 0.000000000000000000, 0.000000000000000000, 1.000000000000000000 ) ) ;
#5868 = ORIENTED_EDGE ( 'NONE', *, *, #4650, .F. ) ;
#5869 = EDGE_CURVE ( 'NONE', #5133, #4877, #6624, .T. ) ;
#5870 = ORIENTED_EDGE ( 'NONE', *, *, #3792, .F. ) ;
#5871 = LINE ( 'NONE', #1475, #373 ) ;
#5872 = EDGE_CURVE ( 'NONE', #719, #1750, #3073, .T. ) ;
#5873 = CIRCLE ( 'NONE', #2308, 1.199999999999929789 ) ;
#5874 = CARTESIAN_POINT ( 'NONE',  ( -0.6200277383344507953, -11.14906689847017596, -7.799999999999999822 ) ) ;
#5875 =( NAMED_UNIT ( * ) SI_UNIT ( $, .STERADIAN. ) SOLID_ANGLE_UNIT ( ) );
#5876 = CLOSED_SHELL ( 'NONE', ( #5216, #4414, #4820, #5649, #4193, #6554, #1188, #5261, #776, #2221, #187, #4715, #1975, #1259, #6444, #5958, #2232, #1370, #5566, #3003, #1879, #2787, #3156 ) ) ;
#5877 =( NAMED_UNIT ( * ) PLANE_ANGLE_UNIT ( ) SI_UNIT ( $, .RADIAN. ) );
#5878 = CARTESIAN_POINT ( 'NONE',  ( -4.000000000000000000, 3.799999999999910116, -0.5000000000000000000 ) ) ;
#5879 = DIRECTION ( 'NONE',  ( 1.000000000000000000, 0.000000000000000000, 0.000000000000000000 ) ) ;
#5880 = AXIS2_PLACEMENT_3D ( 'NONE', #3663, #5805, #1679 ) ;
#5881 = LINE ( 'NONE', #6402, #698 ) ;
#5882 = CARTESIAN_POINT ( 'NONE',  ( 3.900000000000130029, 0.04999999999993899602, -13.44999999999999929 ) ) ;
#5883 = CARTESIAN_POINT ( 'NONE',  ( 1.796170039943240093, 1.950228345891319881, -9.900000000000000355 ) ) ;
#5884 = FACE_OUTER_BOUND ( 'NONE', #303, .T. ) ;
#5885 = ORIENTED_EDGE ( 'NONE', *, *, #1213, .T. ) ;
#5886 = DIRECTION ( 'NONE',  ( 0.000000000000000000, 0.000000000000000000, 1.000000000000000000 ) ) ;
#5887 = AXIS2_PLACEMENT_3D ( 'NONE', #6279, #6377, #5751 ) ;
#5888 = CARTESIAN_POINT ( 'NONE',  ( -1.190714193910479916E-14, -9.820000000000000284, -13.78000000000000114 ) ) ;
#5889 = EDGE_CURVE ( 'NONE', #890, #5188, #4655, .T. ) ;
#5890 = ORIENTED_EDGE ( 'NONE', *, *, #3559, .F. ) ;
#5891 = CARTESIAN_POINT ( 'NONE',  ( -3.899999999999789857, -6.049999999999999822, -14.40000000000000036 ) ) ;
#5892 = ORIENTED_EDGE ( 'NONE', *, *, #5756, .F. ) ;
#5893 = VECTOR ( 'NONE', #914, 1000.000000000000000 ) ;
#5894 = DIRECTION ( 'NONE',  ( 0.000000000000000000, 0.000000000000000000, 1.000000000000000000 ) ) ;
#5895 = ORIENTED_EDGE ( 'NONE', *, *, #4418, .T. ) ;
#5896 = DIRECTION ( 'NONE',  ( 0.000000000000000000, 0.8660254037846176756, -0.4999999999996898037 ) ) ;
#5897 = LINE ( 'NONE', #1734, #4888 ) ;
#5898 = CARTESIAN_POINT ( 'NONE',  ( -2.500000000000059952, 3.558925565098959964, -2.700000000000000178 ) ) ;
#5899 = VECTOR ( 'NONE', #1600, 1000.000000000000000 ) ;
#5900 = CARTESIAN_POINT ( 'NONE',  ( 2.750000000000909495, -4.710787967683019772, -1.500072740962124840 ) ) ;
#5901 = AXIS2_PLACEMENT_3D ( 'NONE', #5517, #6608, #1813 ) ;
#5902 = ORIENTED_EDGE ( 'NONE', *, *, #6403, .T. ) ;
#5903 = CARTESIAN_POINT ( 'NONE',  ( -1.550000000000830047, -3.350000000000000089, -14.40000000000000036 ) ) ;
#5904 = CARTESIAN_POINT ( 'NONE',  ( -3.549999999998999733, -5.500000000000000000, -6.100000000000920686 ) ) ;
#5905 = CARTESIAN_POINT ( 'NONE',  ( 3.200000000000980283, -1.199999999999979972, -11.79999999999999893 ) ) ;
#5906 = EDGE_CURVE ( 'NONE', #5128, #6225, #2007, .T. ) ;
#5907 = EDGE_CURVE ( 'NONE', #3838, #2745, #4191, .T. ) ;
#5908 = VECTOR ( 'NONE', #3106, 1000.000000000000000 ) ;
#5909 = VERTEX_POINT ( 'NONE', #1382 ) ;
#5910 = CARTESIAN_POINT ( 'NONE',  ( 3.550000000000910205, -5.299999999999280398, -6.100000000000920686 ) ) ;
#5911 = AXIS2_PLACEMENT_3D ( 'NONE', #1807, #5657, #4575 ) ;
#5912 = CARTESIAN_POINT ( 'NONE',  ( -3.149999999999999911, 0.000000000000000000, 0.000000000000000000 ) ) ;
#5913 = CARTESIAN_POINT ( 'NONE',  ( 2.090790021169699919, -2.559999999999064801, -9.799999999999998934 ) ) ;
#5914 = CARTESIAN_POINT ( 'NONE',  ( 1.777709254451909970, -2.831868875732264978, -10.76226831563482023 ) ) ;
#5915 = PLANE ( 'NONE',  #1404 ) ;
#5916 = LINE ( 'NONE', #5382, #1871 ) ;
#5917 = ORIENTED_EDGE ( 'NONE', *, *, #1835, .T. ) ;
#5918 = EDGE_CURVE ( 'NONE', #841, #2613, #5114, .T. ) ;
#5919 = FACE_OUTER_BOUND ( 'NONE', #4299, .T. ) ;
#5920 = AXIS2_PLACEMENT_3D ( 'NONE', #5866, #2233, #5373 ) ;
#5921 = AXIS2_PLACEMENT_3D ( 'NONE', #1420, #5288, #4759 ) ;
#5922 = ORIENTED_EDGE ( 'NONE', *, *, #1017, .F. ) ;
#5923 = AXIS2_PLACEMENT_3D ( 'NONE', #2024, #3001, #3611 ) ;
#5924 = CARTESIAN_POINT ( 'NONE',  ( 4.000000000000000000, -6.500000000000000000, -11.79999999999999893 ) ) ;
#5925 = LINE ( 'NONE', #2628, #3554 ) ;
#5926 = CARTESIAN_POINT ( 'NONE',  ( -4.500000000000059508, 2.400000000000960032, -2.700000000000000178 ) ) ;
#5927 = ORIENTED_EDGE ( 'NONE', *, *, #4268, .T. ) ;
#5928 = CARTESIAN_POINT ( 'NONE',  ( 1.249999999999970024, -9.558578643762039917, -7.658578643762729676 ) ) ;
#5929 = CARTESIAN_POINT ( 'NONE',  ( -3.725592231765940010, 4.299999999999919886, -2.700000000000000178 ) ) ;
#5930 = VERTEX_POINT ( 'NONE', #6172 ) ;
#5931 = CARTESIAN_POINT ( 'NONE',  ( 2.018281576592565241, -2.906897123192804688, -6.230395288045440516 ) ) ;
#5932 = ORIENTED_EDGE ( 'NONE', *, *, #4926, .T. ) ;
#5933 = CARTESIAN_POINT ( 'NONE',  ( -2.024980546198219766, -3.262063269921724906, -6.669242063142880816 ) ) ;
#5934 = ORIENTED_EDGE ( 'NONE', *, *, #2572, .F. ) ;
#5935 = CARTESIAN_POINT ( 'NONE',  ( 1.000000000000000000, 2.249639673992788328E-32, -2.100000000000049827 ) ) ;
#5936 = DIRECTION ( 'NONE',  ( 0.000000000000000000, 0.000000000000000000, -1.000000000000000000 ) ) ;
#5937 = CARTESIAN_POINT ( 'NONE',  ( -2.749999999999089617, -5.189727725346372722, -1.949003361281000268 ) ) ;
#5938 = CARTESIAN_POINT ( 'NONE',  ( 4.499999999999949374, 3.799999999999910116, -2.700000000000000178 ) ) ;
#5939 = VERTEX_POINT ( 'NONE', #2527 ) ;
#5940 = EDGE_CURVE ( 'NONE', #5164, #2369, #1869, .T. ) ;
#5941 = EDGE_CURVE ( 'NONE', #6225, #6652, #3598, .T. ) ;
#5942 = FACE_OUTER_BOUND ( 'NONE', #4592, .T. ) ;
#5943 = DIRECTION ( 'NONE',  ( 1.000000000000000000, 0.000000000000000000, 0.000000000000000000 ) ) ;
#5944 = DIRECTION ( 'NONE',  ( 0.000000000000000000, 0.000000000000000000, 1.000000000000000000 ) ) ;
#5945 = ORIENTED_EDGE ( 'NONE', *, *, #4425, .T. ) ;
#5946 = LINE ( 'NONE', #5486, #4883 ) ;
#5947 = VECTOR ( 'NONE', #4252, 1000.000000000000000 ) ;
#5948 = CARTESIAN_POINT ( 'NONE',  ( 0.5877149042824163505, -2.857529744987934439, -10.28315502499716416 ) ) ;
#5949 =( NAMED_UNIT ( * ) SI_UNIT ( $, .STERADIAN. ) SOLID_ANGLE_UNIT ( ) );
#5950 = CYLINDRICAL_SURFACE ( 'NONE', #3651, 0.4999999999999995559 ) ;
#5951 = CARTESIAN_POINT ( 'NONE',  ( -2.836497700205004246, -1.199999999999980194, -9.663133641919444017 ) ) ;
#5952 = EDGE_CURVE ( 'NONE', #379, #2948, #3466, .T. ) ;
#5953 = ORIENTED_EDGE ( 'NONE', *, *, #3481, .F. ) ;
#5954 = SURFACE_STYLE_USAGE ( .BOTH. , #6096 ) ;
#5955 = EDGE_CURVE ( 'NONE', #1444, #2420, #1372, .T. ) ;
#5956 = ORIENTED_EDGE ( 'NONE', *, *, #5843, .T. ) ;
#5957 = LINE ( 'NONE', #189, #3050 ) ;
#5958 = ADVANCED_FACE ( 'NONE', ( #6731 ), #3536, .T. ) ;
#5959 = CARTESIAN_POINT ( 'NONE',  ( 0.7059842354922339913, 2.555685623184714927, -9.900000000000000355 ) ) ;
#5960 = VECTOR ( 'NONE', #2621, 1000.000000000000000 ) ;
#5961 = FACE_OUTER_BOUND ( 'NONE', #1299, .T. ) ;
#5962 = LINE ( 'NONE', #1089, #4529 ) ;
#5963 = DIRECTION ( 'NONE',  ( 0.000000000000000000, 1.000000000000000000, 0.000000000000000000 ) ) ;
#5964 = VERTEX_POINT ( 'NONE', #5212 ) ;
#5965 = DIRECTION ( 'NONE',  ( 0.5197153285318708571, 0.8543394976758417192, 0.000000000000000000 ) ) ;
#5966 = MANIFOLD_SOLID_BREP ( 'NONE', #6882 ) ;
#5967 = EDGE_CURVE ( 'NONE', #3580, #1199, #3172, .T. ) ;
#5968 = ORIENTED_EDGE ( 'NONE', *, *, #2874, .T. ) ;
#5969 = DIRECTION ( 'NONE',  ( 0.000000000000000000, -1.000000000000000000, 0.000000000000000000 ) ) ;
#5970 = ORIENTED_EDGE ( 'NONE', *, *, #4226, .F. ) ;
#5971 = CARTESIAN_POINT ( 'NONE',  ( 0.000000000000000000, 0.000000000000000000, -13.78000000000000114 ) ) ;
#5972 = CARTESIAN_POINT ( 'NONE',  ( 1.000000000000000000, 0.000000000000000000, -13.78000000000000114 ) ) ;
#5973 = CARTESIAN_POINT ( 'NONE',  ( -2.749999999999089173, -5.066957118545709626, -1.817925854023618060 ) ) ;
#5974 = LINE ( 'NONE', #6531, #6009 ) ;
#5975 = VERTEX_POINT ( 'NONE', #4105 ) ;
#5976 = CARTESIAN_POINT ( 'NONE',  ( 4.500000000000000000, 3.799999999999910116, -0.5000000000000000000 ) ) ;
#5977 = LINE ( 'NONE', #98, #234 ) ;
#5978 = DIRECTION ( 'NONE',  ( 0.000000000000000000, 0.000000000000000000, -1.000000000000000000 ) ) ;
#5979 = ORIENTED_EDGE ( 'NONE', *, *, #4217, .T. ) ;
#5980 = ADVANCED_FACE ( 'NONE', ( #2658 ), #6328, .T. ) ;
#5981 = DIRECTION ( 'NONE',  ( 0.000000000000000000, 0.000000000000000000, -1.000000000000000000 ) ) ;
#5982 = CARTESIAN_POINT ( 'NONE',  ( -1.190714193910479916E-14, -9.820000000000000284, -13.78000000000000114 ) ) ;
#5983 = CARTESIAN_POINT ( 'NONE',  ( -3.549999999998999733, -5.500000000000000000, -11.90000000000000036 ) ) ;
#5984 = DIRECTION ( 'NONE',  ( 1.000000000000000000, 0.000000000000000000, 0.000000000000000000 ) ) ;
#5985 = EDGE_LOOP ( 'NONE', ( #1519, #1651, #3302, #3512 ) ) ;
#5986 = EDGE_LOOP ( 'NONE', ( #6851, #3777, #3571, #5736, #5544 ) ) ;
#5987 = CARTESIAN_POINT ( 'NONE',  ( -2.500000000000059952, 4.299999999999919886, -1.000000000000000000 ) ) ;
#5988 = ORIENTED_EDGE ( 'NONE', *, *, #140, .T. ) ;
#5989 = FACE_OUTER_BOUND ( 'NONE', #928, .T. ) ;
#5990 = EDGE_CURVE ( 'NONE', #4160, #6129, #3660, .T. ) ;
#5991 = FILL_AREA_STYLE_COLOUR ( '', #4885 ) ;
#5992 = DIRECTION ( 'NONE',  ( 0.000000000000000000, 0.000000000000000000, -1.000000000000000000 ) ) ;
#5993 = AXIS2_PLACEMENT_3D ( 'NONE', #502, #3633, #3738 ) ;
#5994 = EDGE_CURVE ( 'NONE', #3968, #1866, #4230, .T. ) ;
#5995 = CARTESIAN_POINT ( 'NONE',  ( -1.899999999998069899, -5.299999999999280398, -7.400000000000000355 ) ) ;
#5996 = DIRECTION ( 'NONE',  ( 0.000000000000000000, 0.000000000000000000, 1.000000000000000000 ) ) ;
#5997 = VERTEX_POINT ( 'NONE', #1046 ) ;
#5998 = CARTESIAN_POINT ( 'NONE',  ( 4.499999999999949374, -2.599999999999050182, -11.79999999999999893 ) ) ;
#5999 = ORIENTED_EDGE ( 'NONE', *, *, #4921, .T. ) ;
#6000 = CARTESIAN_POINT ( 'NONE',  ( 1.249999999999970024, -8.099999999999448974, -7.599999999999999645 ) ) ;
#6001 = ORIENTED_EDGE ( 'NONE', *, *, #5710, .F. ) ;
#6002 = CARTESIAN_POINT ( 'NONE',  ( 2.750000000000909939, -5.137170258858310135, -1.888243425473589587 ) ) ;
#6003 = ORIENTED_EDGE ( 'NONE', *, *, #3496, .F. ) ;
#6004 = EDGE_CURVE ( 'NONE', #3963, #994, #1604, .T. ) ;
#6005 = CARTESIAN_POINT ( 'NONE',  ( 3.200000000000980283, -1.199999999999979972, -1.000000000000000000 ) ) ;
#6006 = VERTEX_POINT ( 'NONE', #3771 ) ;
#6007 = DIRECTION ( 'NONE',  ( 1.000000000000000000, 0.000000000000000000, 0.000000000000000000 ) ) ;
#6008 = CARTESIAN_POINT ( 'NONE',  ( 1.249999999999970024, -8.099999999999448974, -7.599999999999999645 ) ) ;
#6009 = VECTOR ( 'NONE', #550, 1000.000000000000000 ) ;
#6010 = ORIENTED_EDGE ( 'NONE', *, *, #920, .F. ) ;
#6011 = FACE_OUTER_BOUND ( 'NONE', #2333, .T. ) ;
#6012 = CARTESIAN_POINT ( 'NONE',  ( -3.200000000000000178, -2.150000000000039879, -11.79999999999999893 ) ) ;
#6013 = CARTESIAN_POINT ( 'NONE',  ( 1.500000000000000000, 0.000000000000000000, -10.14999999999999858 ) ) ;
#6014 = AXIS2_PLACEMENT_3D ( 'NONE', #4595, #5682, #4043 ) ;
#6015 = VERTEX_POINT ( 'NONE', #4296 ) ;
#6016 = DIRECTION ( 'NONE',  ( 0.000000000000000000, 0.000000000000000000, 1.000000000000000000 ) ) ;
#6017 = AXIS2_PLACEMENT_3D ( 'NONE', #3208, #2134, #1640 ) ;
#6018 = LINE ( 'NONE', #3345, #2051 ) ;
#6019 = DIRECTION ( 'NONE',  ( 0.000000000000000000, -1.000000000000000000, 0.000000000000000000 ) ) ;
#6020 = DIRECTION ( 'NONE',  ( 0.000000000000000000, 0.000000000000000000, 1.000000000000000000 ) ) ;
#6021 = CARTESIAN_POINT ( 'NONE',  ( 1.075528555105619894E-13, -5.551115123125779547E-14, -13.78000000000000114 ) ) ;
#6022 = EDGE_LOOP ( 'NONE', ( #4649, #2479, #3292, #4234 ) ) ;
#6023 = ORIENTED_EDGE ( 'NONE', *, *, #5427, .F. ) ;
#6024 = DIRECTION ( 'NONE',  ( 0.000000000000000000, -1.000000000000000000, 0.000000000000000000 ) ) ;
#6025 = ORIENTED_EDGE ( 'NONE', *, *, #4451, .F. ) ;
#6026 = VECTOR ( 'NONE', #1893, 1000.000000000000000 ) ;
#6027 = PLANE ( 'NONE',  #3954 ) ;
#6028 = CARTESIAN_POINT ( 'NONE',  ( -2.278857559192755122, 1.363028482461436042, -9.900000000000000355 ) ) ;
#6029 = CARTESIAN_POINT ( 'NONE',  ( 2.660000000000000142, -2.289999999999110081, -9.799999999999998934 ) ) ;
#6030 = VECTOR ( 'NONE', #59, 1000.000000000000000 ) ;
#6031 = VERTEX_POINT ( 'NONE', #2039 ) ;
#6032 = CARTESIAN_POINT ( 'NONE',  ( 4.499999999999949374, 3.799999999999910116, -1.000000000000000000 ) ) ;
#6033 = ORIENTED_EDGE ( 'NONE', *, *, #6894, .T. ) ;
#6034 = AXIS2_PLACEMENT_3D ( 'NONE', #2566, #6771, #4049 ) ;
#6035 = DIRECTION ( 'NONE',  ( 1.000000000000000000, 0.000000000000000000, 0.000000000000000000 ) ) ;
#6036 = EDGE_LOOP ( 'NONE', ( #3343, #2742 ) ) ;
#6037 = CARTESIAN_POINT ( 'NONE',  ( -1.000000000000000000, 2.000000000000000888, 1.899999999999947953 ) ) ;
#6038 = ORIENTED_EDGE ( 'NONE', *, *, #4704, .T. ) ;
#6039 = LINE ( 'NONE', #3366, #6584 ) ;
#6040 = ORIENTED_EDGE ( 'NONE', *, *, #89, .F. ) ;
#6041 = CYLINDRICAL_SURFACE ( 'NONE', #4708, 1.199999999999929789 ) ;
#6042 = CARTESIAN_POINT ( 'NONE',  ( 1.549999999999829958, -5.500000000000000000, -7.349999999999999645 ) ) ;
#6043 = ORIENTED_EDGE ( 'NONE', *, *, #5153, .F. ) ;
#6044 = CARTESIAN_POINT ( 'NONE',  ( -0.4040832352734429755, -4.760199602987686518, -4.721805525395510017 ) ) ;
#6045 = EDGE_CURVE ( 'NONE', #2745, #3838, #5115, .T. ) ;
#6046 = CARTESIAN_POINT ( 'NONE',  ( -4.500000000000059508, -2.599999999999050182, -9.750000000000000000 ) ) ;
#6047 = DIRECTION ( 'NONE',  ( 0.000000000000000000, 0.000000000000000000, 1.000000000000000000 ) ) ;
#6048 = VERTEX_POINT ( 'NONE', #2351 ) ;
#6049 = DIRECTION ( 'NONE',  ( 0.000000000000000000, 0.000000000000000000, 1.000000000000000000 ) ) ;
#6050 = DIRECTION ( 'NONE',  ( 0.000000000000000000, -1.000000000000000000, 0.000000000000000000 ) ) ;
#6051 = DIRECTION ( 'NONE',  ( 0.000000000000000000, 0.000000000000000000, 1.000000000000000000 ) ) ;
#6052 = FILL_AREA_STYLE_COLOUR ( '', #1707 ) ;
#6053 = LINE ( 'NONE', #3960, #6800 ) ;
#6054 = ORIENTED_EDGE ( 'NONE', *, *, #6085, .T. ) ;
#6055 = ORIENTED_EDGE ( 'NONE', *, *, #403, .F. ) ;
#6056 = CIRCLE ( 'NONE', #6179, 0.7999999999999999334 ) ;
#6057 = CARTESIAN_POINT ( 'NONE',  ( 1.200000000000089884, -3.100000000000049827, -13.41999999999999993 ) ) ;
#6058 = ORIENTED_EDGE ( 'NONE', *, *, #6286, .T. ) ;
#6059 = CARTESIAN_POINT ( 'NONE',  ( -1.250000000000101918, -8.821460183659880272, -8.475735931287980307 ) ) ;
#6060 = CIRCLE ( 'NONE', #2383, 0.2999999999999999334 ) ;
#6061 = CARTESIAN_POINT ( 'NONE',  ( -2.912473175842150042, -1.199999999999969980, -1.000000000000000000 ) ) ;
#6062 = FACE_OUTER_BOUND ( 'NONE', #5223, .T. ) ;
#6063 = CARTESIAN_POINT ( 'NONE',  ( 1.777709254451915077, 13.22368666611101951, 14.93199160091321964 ) ) ;
#6064 = ORIENTED_EDGE ( 'NONE', *, *, #3284, .T. ) ;
#6065 = EDGE_CURVE ( 'NONE', #240, #2649, #2725, .T. ) ;
#6066 = FACE_OUTER_BOUND ( 'NONE', #2643, .T. ) ;
#6067 = ORIENTED_EDGE ( 'NONE', *, *, #2972, .F. ) ;
#6068 = AXIS2_PLACEMENT_3D ( 'NONE', #1997, #4157, #3688 ) ;
#6069 = CARTESIAN_POINT ( 'NONE',  ( 0.000000000000000000, 0.000000000000000000, -11.79999999999999893 ) ) ;
#6070 = ORIENTED_EDGE ( 'NONE', *, *, #1771, .T. ) ;
#6071 = DIRECTION ( 'NONE',  ( 0.000000000000000000, 0.8660254037844039576, 0.5000000000000599520 ) ) ;
#6072 = ORIENTED_EDGE ( 'NONE', *, *, #2307, .T. ) ;
#6073 = CYLINDRICAL_SURFACE ( 'NONE', #5911, 0.3999999999999993006 ) ;
#6074 = ORIENTED_EDGE ( 'NONE', *, *, #3805, .T. ) ;
#6075 = CARTESIAN_POINT ( 'NONE',  ( 0.9745388191527334376, -5.299999999999281286, -4.840039005925104831 ) ) ;
#6076 = CIRCLE ( 'NONE', #2607, 1.574999999999999956 ) ;
#6077 = VECTOR ( 'NONE', #3347, 1000.000000000000000 ) ;
#6078 = DIRECTION ( 'NONE',  ( -1.000000000000000000, 0.000000000000000000, 0.000000000000000000 ) ) ;
#6079 = ORIENTED_EDGE ( 'NONE', *, *, #4301, .T. ) ;
#6080 = ADVANCED_FACE ( 'NONE', ( #1264 ), #5003, .F. ) ;
#6081 = LINE ( 'NONE', #3447, #215 ) ;
#6082 = CARTESIAN_POINT ( 'NONE',  ( -1.049999999999891909, -5.538256331734729327E-14, -13.78000000000000114 ) ) ;
#6083 = LINE ( 'NONE', #6610, #6917 ) ;
#6084 = EDGE_CURVE ( 'NONE', #5747, #6015, #6053, .T. ) ;
#6085 = EDGE_CURVE ( 'NONE', #2893, #1230, #2103, .T. ) ;
#6086 = ORIENTED_EDGE ( 'NONE', *, *, #5701, .F. ) ;
#6087 = CARTESIAN_POINT ( 'NONE',  ( 1.777709254451915077, -2.831868875732410196, -10.76226831563482023 ) ) ;
#6088 = EDGE_CURVE ( 'NONE', #331, #4983, #1180, .T. ) ;
#6089 = CARTESIAN_POINT ( 'NONE',  ( -2.362731470142100054, -1.199999999999979972, -9.900000000000000355 ) ) ;
#6090 = CARTESIAN_POINT ( 'NONE',  ( 0.6130662835889718609, -5.299999999999281286, -5.900950171562228341 ) ) ;
#6091 = CARTESIAN_POINT ( 'NONE',  ( -4.000000000000000000, -6.000000000000000000, -0.5000000000000000000 ) ) ;
#6092 = CARTESIAN_POINT ( 'NONE',  ( 0.1594350777654311435, -2.705077894596572996, -10.05524947293968729 ) ) ;
#6093 = VERTEX_POINT ( 'NONE', #1298 ) ;
#6094 = VECTOR ( 'NONE', #4243, 1000.000000000000000 ) ;
#6095 = ORIENTED_EDGE ( 'NONE', *, *, #3248, .F. ) ;
#6096 = SURFACE_SIDE_STYLE ('',( #1827 ) ) ;
#6097 = ORIENTED_EDGE ( 'NONE', *, *, #6414, .F. ) ;
#6098 = CARTESIAN_POINT ( 'NONE',  ( 4.500000000000059508, -2.559999999999050146, -11.79999999999999893 ) ) ;
#6099 = FACE_BOUND ( 'NONE', #4339, .T. ) ;
#6100 = CYLINDRICAL_SURFACE ( 'NONE', #5205, 3.899999999999999911 ) ;
#6101 = VERTEX_POINT ( 'NONE', #4408 ) ;
#6102 = CARTESIAN_POINT ( 'NONE',  ( -1.407875798887714636, -2.582763714247870990, -11.21899116185486989 ) ) ;
#6103 = ORIENTED_EDGE ( 'NONE', *, *, #6728, .F. ) ;
#6104 = AXIS2_PLACEMENT_3D ( 'NONE', #4726, #4304, #1650 ) ;
#6105 = CARTESIAN_POINT ( 'NONE',  ( -4.500000000000000000, 3.799999999999910116, -0.5000000000000000000 ) ) ;
#6106 = VERTEX_POINT ( 'NONE', #594 ) ;
#6107 = EDGE_CURVE ( 'NONE', #1269, #1025, #6542, .T. ) ;
#6108 = CARTESIAN_POINT ( 'NONE',  ( 2.750000000000909939, -5.277970952531429560, -2.103302172843666273 ) ) ;
#6109 = ORIENTED_EDGE ( 'NONE', *, *, #6728, .T. ) ;
#6110 = CARTESIAN_POINT ( 'NONE',  ( 1.500000000000060174, -6.349999999999999645, -7.950000000000000178 ) ) ;
#6111 = VERTEX_POINT ( 'NONE', #1184 ) ;
#6112 = CARTESIAN_POINT ( 'NONE',  ( 3.600000000000159961, -6.349999999999999645, -13.44999999999999929 ) ) ;
#6113 = CARTESIAN_POINT ( 'NONE',  ( 2.833265219420218362, -0.9232408236222215958, -9.900000000000019895 ) ) ;
#6114 = VECTOR ( 'NONE', #6007, 1000.000000000000000 ) ;
#6115 = ORIENTED_EDGE ( 'NONE', *, *, #4630, .F. ) ;
#6116 = LINE ( 'NONE', #1922, #2999 ) ;
#6117 = FACE_OUTER_BOUND ( 'NONE', #4911, .T. ) ;
#6118 = CARTESIAN_POINT ( 'NONE',  ( 18.18468237128199760, -2.236097133178220009, -4.992430623593799410 ) ) ;
#6119 = AXIS2_PLACEMENT_3D ( 'NONE', #2574, #2079, #3057 ) ;
#6120 = VERTEX_POINT ( 'NONE', #4928 ) ;
#6121 = FACE_OUTER_BOUND ( 'NONE', #2388, .T. ) ;
#6122 = PRODUCT_RELATED_PRODUCT_CATEGORY ( 'part', '', ( #6288 ) ) ;
#6123 = DIRECTION ( 'NONE',  ( 0.000000000000000000, 0.000000000000000000, 1.000000000000000000 ) ) ;
#6124 = VECTOR ( 'NONE', #5104, 1000.000000000000000 ) ;
#6125 = CARTESIAN_POINT ( 'NONE',  ( 0.9745473148194001567, -5.299999999999280398, -5.360632915173638047 ) ) ;
#6126 = CARTESIAN_POINT ( 'NONE',  ( -9.662512969806918761, -8.500000000000000000, -13.23381197846499902 ) ) ;
#6127 = DIRECTION ( 'NONE',  ( 0.000000000000000000, 0.000000000000000000, 1.000000000000000000 ) ) ;
#6128 = AXIS2_PLACEMENT_3D ( 'NONE', #4365, #2684, #4807 ) ;
#6129 = VERTEX_POINT ( 'NONE', #632 ) ;
#6130 = ORIENTED_EDGE ( 'NONE', *, *, #6475, .F. ) ;
#6131 = PLANE ( 'NONE',  #5824 ) ;
#6132 = EDGE_LOOP ( 'NONE', ( #3413, #4761, #184, #3834, #77, #2731, #4760, #1252, #3423, #2327, #2768, #3100 ) ) ;
#6133 = CIRCLE ( 'NONE', #3099, 4.150000000000000355 ) ;
#6134 = CARTESIAN_POINT ( 'NONE',  ( -2.758902628921535072E-07, -2.802243067704869972, -9.981875171623599385 ) ) ;
#6135 = DIRECTION ( 'NONE',  ( -1.000000000000000000, 0.000000000000000000, 0.000000000000000000 ) ) ;
#6136 = DIRECTION ( 'NONE',  ( -1.000000000000000000, 0.000000000000000000, 0.000000000000000000 ) ) ;
#6137 = EDGE_CURVE ( 'NONE', #2958, #557, #3348, .T. ) ;
#6138 = B_SPLINE_CURVE_WITH_KNOTS ( 'NONE', 3,
 ( #2693, #3698, #5311, #527 ),
 .UNSPECIFIED., .F., .F.,
 ( 4, 4 ),
 ( 0.000000000000000000, 1.000000000000000000 ),
 .UNSPECIFIED. ) ;
#6139 = VECTOR ( 'NONE', #3742, 1000.000000000000000 ) ;
#6140 = EDGE_LOOP ( 'NONE', ( #4070, #5016, #2961, #20 ) ) ;
#6141 = CARTESIAN_POINT ( 'NONE',  ( -2.299999999999080114, 0.000000000000000000, -9.900000000000000355 ) ) ;
#6142 = ORIENTED_EDGE ( 'NONE', *, *, #1412, .F. ) ;
#6143 = DIRECTION ( 'NONE',  ( 0.000000000000000000, -1.000000000000000000, 0.000000000000000000 ) ) ;
#6144 = FACE_BOUND ( 'NONE', #6903, .T. ) ;
#6145 = ORIENTED_EDGE ( 'NONE', *, *, #3816, .F. ) ;
#6146 = CARTESIAN_POINT ( 'NONE',  ( 0.000000000000000000, 0.000000000000000000, -9.400000000000000355 ) ) ;
#6147 = ORIENTED_EDGE ( 'NONE', *, *, #6088, .F. ) ;
#6148 = UNCERTAINTY_MEASURE_WITH_UNIT (LENGTH_MEASURE( 1.000000000000000082E-05 ), #3018, 'distance_accuracy_value', 'NONE');
#6149 = DIRECTION ( 'NONE',  ( 0.000000000000000000, -1.000000000000000000, 0.000000000000000000 ) ) ;
#6150 = ORIENTED_EDGE ( 'NONE', *, *, #2442, .T. ) ;
#6151 = CARTESIAN_POINT ( 'NONE',  ( -0.2597972534325854177, -5.299999999999279510, -4.125403214650214423 ) ) ;
#6152 = PLANE ( 'NONE',  #1195 ) ;
#6153 = ORIENTED_EDGE ( 'NONE', *, *, #1795, .F. ) ;
#6154 = VECTOR ( 'NONE', #1279, 1000.000000000000227 ) ;
#6155 = AXIS2_PLACEMENT_3D ( 'NONE', #586, #1040, #1106 ) ;
#6156 = LINE ( 'NONE', #5099, #4123 ) ;
#6157 = DIRECTION ( 'NONE',  ( 0.000000000000000000, 0.000000000000000000, 1.000000000000000000 ) ) ;
#6158 = DIRECTION ( 'NONE',  ( -1.000000000000000000, 0.000000000000000000, 0.000000000000000000 ) ) ;
#6159 = ORIENTED_EDGE ( 'NONE', *, *, #2030, .F. ) ;
#6160 = DIRECTION ( 'NONE',  ( 0.000000000000000000, 0.000000000000000000, 1.000000000000000000 ) ) ;
#6161 = EDGE_CURVE ( 'NONE', #4432, #6443, #2312, .T. ) ;
#6162 = EDGE_CURVE ( 'NONE', #6410, #6294, #66, .T. ) ;
#6163 = CYLINDRICAL_SURFACE ( 'NONE', #6394, 0.2999999999999999334 ) ;
#6164 = CARTESIAN_POINT ( 'NONE',  ( -0.8732416213505348468, -5.299999999999278621, -5.605042787484383560 ) ) ;
#6165 = CARTESIAN_POINT ( 'NONE',  ( 1.249999999999970024, -9.699999999999359801, -7.599999999999999645 ) ) ;
#6166 = ORIENTED_EDGE ( 'NONE', *, *, #985, .F. ) ;
#6167 = VERTEX_POINT ( 'NONE', #6471 ) ;
#6168 = DIRECTION ( 'NONE',  ( 1.000000000000000000, 0.000000000000000000, 0.000000000000000000 ) ) ;
#6169 = ORIENTED_EDGE ( 'NONE', *, *, #2454, .T. ) ;
#6170 = CARTESIAN_POINT ( 'NONE',  ( -0.07573619045900192859, -2.700857722887391787, -10.03512239021845787 ) ) ;
#6171 = EDGE_CURVE ( 'NONE', #2191, #3139, #1677, .T. ) ;
#6172 = CARTESIAN_POINT ( 'NONE',  ( -1.550000000000830047, -3.350000000000000089, -13.40000000000000036 ) ) ;
#6173 = DIRECTION ( 'NONE',  ( 1.000000000000000000, 0.000000000000000000, 0.000000000000000000 ) ) ;
#6174 = ADVANCED_FACE ( 'NONE', ( #2278 ), #5950, .T. ) ;
#6175 = ORIENTED_EDGE ( 'NONE', *, *, #3062, .F. ) ;
#6176 = EDGE_CURVE ( 'NONE', #4800, #3272, #4373, .T. ) ;
#6177 = CARTESIAN_POINT ( 'NONE',  ( 4.499999999999997335, -6.000000000000062172, -0.2071067811865467123 ) ) ;
#6178 = EDGE_CURVE ( 'NONE', #2853, #3238, #708, .T. ) ;
#6179 = AXIS2_PLACEMENT_3D ( 'NONE', #1123, #6278, #4300 ) ;
#6180 = CARTESIAN_POINT ( 'NONE',  ( 1.479999999999979998, -7.460192378863940377, -13.42999999999999972 ) ) ;
#6181 = EDGE_CURVE ( 'NONE', #5193, #4436, #1788, .T. ) ;
#6182 = FACE_OUTER_BOUND ( 'NONE', #371, .T. ) ;
#6183 = ORIENTED_EDGE ( 'NONE', *, *, #5385, .T. ) ;
#6184 = ORIENTED_EDGE ( 'NONE', *, *, #6467, .F. ) ;
#6185 = CARTESIAN_POINT ( 'NONE',  ( -1.479999999999999982, -9.820000000000000284, -13.78000000000000114 ) ) ;
#6186 = ORIENTED_EDGE ( 'NONE', *, *, #6176, .T. ) ;
#6187 = EDGE_CURVE ( 'NONE', #4037, #3838, #1545, .T. ) ;
#6188 = DIRECTION ( 'NONE',  ( 1.000000000000000000, 0.000000000000000000, 0.000000000000000000 ) ) ;
#6189 = CARTESIAN_POINT ( 'NONE',  ( 2.650000002095828311, -0.4215383240827804689, -9.900000000000000355 ) ) ;
#6190 = AXIS2_PLACEMENT_3D ( 'NONE', #3841, #4334, #5378 ) ;
#6191 = VERTEX_POINT ( 'NONE', #3995 ) ;
#6192 = LINE ( 'NONE', #2376, #3319 ) ;
#6193 = FACE_OUTER_BOUND ( 'NONE', #5571, .T. ) ;
#6194 = CARTESIAN_POINT ( 'NONE',  ( -3.149999999999998579, 2.734357112877031576E-09, -9.692893218813461331 ) ) ;
#6195 = VECTOR ( 'NONE', #1657, 1000.000000000000000 ) ;
#6196 = MECHANICAL_DESIGN_GEOMETRIC_PRESENTATION_REPRESENTATION (  '', ( #3955 ), #1388 ) ;
#6197 = ORIENTED_EDGE ( 'NONE', *, *, #4490, .F. ) ;
#6198 = DIRECTION ( 'NONE',  ( -0.05997373034761339927, 0.1043403074087494026, -0.9927317119534559975 ) ) ;
#6199 = CARTESIAN_POINT ( 'NONE',  ( -3.899999999999789857, -6.049999999999999822, -11.79999999999999893 ) ) ;
#6200 = DIRECTION ( 'NONE',  ( 0.000000000000000000, -1.000000000000000000, 0.000000000000000000 ) ) ;
#6201 = CARTESIAN_POINT ( 'NONE',  ( 1.549999999999829958, -6.500000000000000000, -11.79999999999999893 ) ) ;
#6202 = ORIENTED_EDGE ( 'NONE', *, *, #3507, .T. ) ;
#6203 = EDGE_CURVE ( 'NONE', #1462, #5022, #782, .T. ) ;
#6204 = ORIENTED_EDGE ( 'NONE', *, *, #3813, .F. ) ;
#6205 = B_SPLINE_CURVE_WITH_KNOTS ( 'NONE', 3,
 ( #4360, #579, #127, #4393 ),
 .UNSPECIFIED., .F., .F.,
 ( 4, 4 ),
 ( 0.000000000000000000, 1.000000000000000000 ),
 .UNSPECIFIED. ) ;
#6206 = CARTESIAN_POINT ( 'NONE',  ( -2.749999999999100275, -4.262827944442292072, -1.596500210373660966 ) ) ;
#6207 = DIRECTION ( 'NONE',  ( 0.000000000000000000, -1.000000000000000000, 0.000000000000000000 ) ) ;
#6208 = AXIS2_PLACEMENT_3D ( 'NONE', #5272, #3650, #1006 ) ;
#6209 = CARTESIAN_POINT ( 'NONE',  ( 2.031659007942571371, -3.273682236215152308, -6.558694983246861732 ) ) ;
#6210 = EDGE_CURVE ( 'NONE', #6457, #6331, #2911, .T. ) ;
#6211 = PLANE ( 'NONE',  #1067 ) ;
#6212 = ORIENTED_EDGE ( 'NONE', *, *, #1712, .F. ) ;
#6213 = CARTESIAN_POINT ( 'NONE',  ( -1.777709254452029874, 13.22368666611149912, 14.93199160091300115 ) ) ;
#6214 = EDGE_CURVE ( 'NONE', #6386, #2078, #1860, .T. ) ;
#6215 = EDGE_CURVE ( 'NONE', #5164, #5930, #3110, .T. ) ;
#6216 = DIRECTION ( 'NONE',  ( 0.000000000000000000, 0.000000000000000000, 1.000000000000000000 ) ) ;
#6217 = DIRECTION ( 'NONE',  ( 1.000000000000000000, 0.000000000000000000, 0.000000000000000000 ) ) ;
#6218 = ORIENTED_EDGE ( 'NONE', *, *, #3287, .T. ) ;
#6219 = DIRECTION ( 'NONE',  ( 0.000000000000000000, 0.000000000000000000, -1.000000000000000000 ) ) ;
#6220 = PRODUCT_DEFINITION_CONTEXT ( 'detailed design', #160, 'design' ) ;
#6221 = CARTESIAN_POINT ( 'NONE',  ( -1.250000000000089928, -8.829289321880178676, -8.246446609406149264 ) ) ;
#6222 = ORIENTED_EDGE ( 'NONE', *, *, #5582, .T. ) ;
#6223 = CARTESIAN_POINT ( 'NONE',  ( 1.249999999999970024, -9.749999999998358646, -7.399999999998890132 ) ) ;
#6224 = DIRECTION ( 'NONE',  ( -0.08810188277370388510, 0.5425211891281630505, -0.8354093712657839621 ) ) ;
#6225 = VERTEX_POINT ( 'NONE', #4692 ) ;
#6226 = EDGE_CURVE ( 'NONE', #4369, #5273, #285, .T. ) ;
#6227 = CARTESIAN_POINT ( 'NONE',  ( 4.860000000000079368, -2.559999999999050146, -2.779157999888000052 ) ) ;
#6228 = CARTESIAN_POINT ( 'NONE',  ( -3.049999999999060130, -5.299999999999280398, -5.600000000000889600 ) ) ;
#6229 = CIRCLE ( 'NONE', #3534, 0.5000000000000000000 ) ;
#6230 = ORIENTED_EDGE ( 'NONE', *, *, #4350, .F. ) ;
#6231 = CARTESIAN_POINT ( 'NONE',  ( -4.500000000000000000, -6.000000000000000000, -0.5000000000000000000 ) ) ;
#6232 = CARTESIAN_POINT ( 'NONE',  ( -3.599999999999940137, -6.049999999999999822, -13.44999999999999929 ) ) ;
#6233 = DIRECTION ( 'NONE',  ( 0.000000000000000000, 0.000000000000000000, 1.000000000000000000 ) ) ;
#6234 = LINE ( 'NONE', #4159, #2291 ) ;
#6235 = ORIENTED_EDGE ( 'NONE', *, *, #699, .T. ) ;
#6236 = ORIENTED_EDGE ( 'NONE', *, *, #4507, .F. ) ;
#6237 = CARTESIAN_POINT ( 'NONE',  ( -1.050000000000000044, 1.285879139104719992E-16, -10.14999999999999858 ) ) ;
#6238 = CARTESIAN_POINT ( 'NONE',  ( 2.616292216570255125, -0.4249473395117475127, -9.900000000000000355 ) ) ;
#6239 = PRESENTATION_STYLE_ASSIGNMENT (( #1974 ) ) ;
#6240 = DIRECTION ( 'NONE',  ( -1.000000000000000000, 0.000000000000000000, 0.000000000000000000 ) ) ;
#6241 = ORIENTED_EDGE ( 'NONE', *, *, #6413, .F. ) ;
#6242 = AXIS2_PLACEMENT_3D ( 'NONE', #5774, #2177, #2142 ) ;
#6243 = CARTESIAN_POINT ( 'NONE',  ( 1.479999999999979998, -9.364807621134989546, -13.73310889132465995 ) ) ;
#6244 = VECTOR ( 'NONE', #986, 1000.000000000000000 ) ;
#6245 = FACE_OUTER_BOUND ( 'NONE', #957, .T. ) ;
#6246 = ORIENTED_EDGE ( 'NONE', *, *, #6458, .F. ) ;
#6247 = ORIENTED_EDGE ( 'NONE', *, *, #170, .F. ) ;
#6248 = DIRECTION ( 'NONE',  ( -1.000000000000000000, 0.000000000000000000, 0.000000000000000000 ) ) ;
#6249 = ORIENTED_EDGE ( 'NONE', *, *, #1638, .F. ) ;
#6250 = CARTESIAN_POINT ( 'NONE',  ( -2.489999999999950031, -2.559999999999050146, -9.799999999999998934 ) ) ;
#6251 = CARTESIAN_POINT ( 'NONE',  ( -3.649999999999999911, -5.500000000000000000, -5.299999999999999822 ) ) ;
#6252 = ADVANCED_FACE ( 'NONE', ( #6304 ), #1513, .F. ) ;
#6253 = MECHANICAL_DESIGN_GEOMETRIC_PRESENTATION_REPRESENTATION (  '', ( #5344 ), #4344 ) ;
#6254 = VERTEX_POINT ( 'NONE', #2139 ) ;
#6255 = FACE_OUTER_BOUND ( 'NONE', #2375, .T. ) ;
#6256 = EDGE_CURVE ( 'NONE', #4436, #991, #2697, .T. ) ;
#6257 = AXIS2_PLACEMENT_3D ( 'NONE', #2521, #4646, #6291 ) ;
#6258 = CARTESIAN_POINT ( 'NONE',  ( -2.173248591432205057, -3.137993503012869834, -3.603632002693434533 ) ) ;
#6259 = VECTOR ( 'NONE', #6035, 1000.000000000000000 ) ;
#6260 = AXIS2_PLACEMENT_3D ( 'NONE', #849, #5170, #2448 ) ;
#6261 = ADVANCED_FACE ( 'NONE', ( #6332 ), #39, .F. ) ;
#6262 = DIRECTION ( 'NONE',  ( 0.000000000000000000, -1.000000000000000000, 0.000000000000000000 ) ) ;
#6263 = FACE_OUTER_BOUND ( 'NONE', #1178, .T. ) ;
#6264 = DIRECTION ( 'NONE',  ( 1.000000000000000000, 0.000000000000000000, 0.000000000000000000 ) ) ;
#6265 = ORIENTED_EDGE ( 'NONE', *, *, #4122, .F. ) ;
#6266 = ORIENTED_EDGE ( 'NONE', *, *, #4246, .F. ) ;
#6267 = FACE_OUTER_BOUND ( 'NONE', #5761, .T. ) ;
#6268 = CARTESIAN_POINT ( 'NONE',  ( -0.3291515638496613771, -11.25711701698049616, -7.800000000000000711 ) ) ;
#6269 = CARTESIAN_POINT ( 'NONE',  ( 4.499999999999949374, -2.599999999999050182, -9.750000000000000000 ) ) ;
#6270 = DIRECTION ( 'NONE',  ( 0.000000000000000000, 0.000000000000000000, 1.000000000000000000 ) ) ;
#6271 = VERTEX_POINT ( 'NONE', #5924 ) ;
#6272 = PLANE ( 'NONE',  #3789 ) ;
#6273 = ORIENTED_EDGE ( 'NONE', *, *, #6187, .T. ) ;
#6274 = VERTEX_POINT ( 'NONE', #500 ) ;
#6275 = DIRECTION ( 'NONE',  ( 0.000000000000000000, -0.8480480961564271780, 0.5299192642332031244 ) ) ;
#6276 = EDGE_CURVE ( 'NONE', #5301, #4574, #2596, .T. ) ;
#6277 = ORIENTED_EDGE ( 'NONE', *, *, #5941, .F. ) ;
#6278 = DIRECTION ( 'NONE',  ( -1.000000000000000000, 0.000000000000000000, 0.000000000000000000 ) ) ;
#6279 = CARTESIAN_POINT ( 'NONE',  ( -2.299999999999080114, -1.199999999999979972, -11.79999999999999893 ) ) ;
#6280 = ORIENTED_EDGE ( 'NONE', *, *, #2027, .F. ) ;
#6281 = CARTESIAN_POINT ( 'NONE',  ( 3.650000000000929834, -5.500000000000000000, -5.299999999999999822 ) ) ;
#6282 = CYLINDRICAL_SURFACE ( 'NONE', #3644, 1.000000000000000000 ) ;
#6283 = STYLED_ITEM ( 'NONE', ( #5711 ), #3643 ) ;
#6284 = LINE ( 'NONE', #4771, #4445 ) ;
#6285 = ORIENTED_EDGE ( 'NONE', *, *, #3481, .T. ) ;
#6286 = EDGE_CURVE ( 'NONE', #5580, #6307, #2104, .T. ) ;
#6287 = EDGE_CURVE ( 'NONE', #4598, #1444, #5808, .T. ) ;
#6288 = PRODUCT ( '54-00131', '54-00131', '', ( #3504 ) ) ;
#6289 = PLANE ( 'NONE',  #5176 ) ;
#6290 = AXIS2_PLACEMENT_3D ( 'NONE', #5982, #5449, #2799 ) ;
#6291 = DIRECTION ( 'NONE',  ( 0.000000000000000000, -1.000000000000000000, 0.000000000000000000 ) ) ;
#6292 = DIRECTION ( 'NONE',  ( 1.000000000000000000, 0.000000000000000000, 0.000000000000000000 ) ) ;
#6293 = EDGE_CURVE ( 'NONE', #2992, #363, #4757, .T. ) ;
#6294 = VERTEX_POINT ( 'NONE', #3 ) ;
#6295 = ORIENTED_EDGE ( 'NONE', *, *, #6926, .F. ) ;
#6296 = CARTESIAN_POINT ( 'NONE',  ( -1.207031902994113892, -10.37936702472138073, -7.599999999999869971 ) ) ;
#6297 = EDGE_CURVE ( 'NONE', #1834, #3473, #4724, .T. ) ;
#6298 = CARTESIAN_POINT ( 'NONE',  ( -1.250000000000196065, -10.04999999999840021, -7.799999999999999822 ) ) ;
#6299 = DIRECTION ( 'NONE',  ( 1.000000000000000000, 0.000000000000000000, 0.000000000000000000 ) ) ;
#6300 = CARTESIAN_POINT ( 'NONE',  ( -3.200000000000000178, -2.599999999999050182, -11.79999999999999893 ) ) ;
#6301 = EDGE_CURVE ( 'NONE', #6562, #313, #6862, .T. ) ;
#6302 = ORIENTED_EDGE ( 'NONE', *, *, #1494, .F. ) ;
#6303 = B_SPLINE_CURVE_WITH_KNOTS ( 'NONE', 3,
 ( #258, #4518, #5561, #295, #3959, #6687, #2943, #5077, #2418, #4553, #4589, #2311, #3876, #1899, #1747, #3384, #4033 ),
 .UNSPECIFIED., .F., .F.,
 ( 4, 2, 2, 1, 2, 2, 2, 2, 4 ),
 ( 0.000000000000000000, 0.1250000000000012768, 0.2500000000000025535, 0.3750000000000038303, 0.4375000000000044409, 0.5000000000000051070, 0.6250000000000032196, 0.7500000000000014433, 1.000000000000000000 ),
 .UNSPECIFIED. ) ;
#6304 = FACE_OUTER_BOUND ( 'NONE', #1874, .T. ) ;
#6305 = CARTESIAN_POINT ( 'NONE',  ( 1.544118845424985009, 2.155285500610705007, -9.900000000000000355 ) ) ;
#6306 = LINE ( 'NONE', #1021, #4137 ) ;
#6307 = VERTEX_POINT ( 'NONE', #6367 ) ;
#6308 = ORIENTED_EDGE ( 'NONE', *, *, #1234, .F. ) ;
#6309 = CARTESIAN_POINT ( 'NONE',  ( -9.662512969806918761, -8.499999999999769074, -13.23381197846472013 ) ) ;
#6310 = B_SPLINE_CURVE_WITH_KNOTS ( 'NONE', 3,
 ( #6008, #56, #3300, #2714 ),
 .UNSPECIFIED., .F., .F.,
 ( 4, 4 ),
 ( 0.000000000000000000, 1.000000000000000000 ),
 .UNSPECIFIED. ) ;
#6311 = ORIENTED_EDGE ( 'NONE', *, *, #506, .F. ) ;
#6312 = FACE_OUTER_BOUND ( 'NONE', #1229, .T. ) ;
#6313 = ORIENTED_EDGE ( 'NONE', *, *, #5247, .T. ) ;
#6314 = EDGE_CURVE ( 'NONE', #3708, #991, #2446, .T. ) ;
#6315 = PLANE ( 'NONE',  #5923 ) ;
#6316 = CARTESIAN_POINT ( 'NONE',  ( -2.620106179956628090, -1.340023918850387075, -9.900000000000018119 ) ) ;
#6317 = CARTESIAN_POINT ( 'NONE',  ( 4.149999999999939959, 0.000000000000000000, -11.79999999999999893 ) ) ;
#6318 = ORIENTED_EDGE ( 'NONE', *, *, #183, .T. ) ;
#6319 = DIRECTION ( 'NONE',  ( 0.000000000000000000, -1.000000000000000000, 0.000000000000000000 ) ) ;
#6320 = DIRECTION ( 'NONE',  ( 0.000000000000000000, 0.000000000000000000, 1.000000000000000000 ) ) ;
#6321 = LINE ( 'NONE', #4647, #2848 ) ;
#6322 = AXIS2_PLACEMENT_3D ( 'NONE', #1797, #6587, #1307 ) ;
#6323 = ORIENTED_EDGE ( 'NONE', *, *, #6397, .T. ) ;
#6324 = ORIENTED_EDGE ( 'NONE', *, *, #920, .T. ) ;
#6325 = LINE ( 'NONE', #2131, #4818 ) ;
#6326 = AXIS2_PLACEMENT_3D ( 'NONE', #4338, #6473, #2204 ) ;
#6327 = CARTESIAN_POINT ( 'NONE',  ( 2.890671664372514993, -2.430323138702940255, -9.799999999999998934 ) ) ;
#6328 = CYLINDRICAL_SURFACE ( 'NONE', #6017, 0.5000000000000000000 ) ;
#6329 = CARTESIAN_POINT ( 'NONE',  ( -1.777709254451545151, -2.659722563033055209, -10.48677662737590133 ) ) ;
#6330 = DIRECTION ( 'NONE',  ( 0.000000000000000000, 0.000000000000000000, 1.000000000000000000 ) ) ;
#6331 = VERTEX_POINT ( 'NONE', #6899 ) ;
#6332 = FACE_OUTER_BOUND ( 'NONE', #25, .T. ) ;
#6333 = EDGE_CURVE ( 'NONE', #199, #6093, #2665, .T. ) ;
#6334 = PLANE ( 'NONE',  #6571 ) ;
#6335 = AXIS2_PLACEMENT_3D ( 'NONE', #999, #511, #1099 ) ;
#6336 = DIRECTION ( 'NONE',  ( 0.000000000000000000, -1.000000000000000000, 0.000000000000000000 ) ) ;
#6337 = ORIENTED_EDGE ( 'NONE', *, *, #6358, .F. ) ;
#6338 = CARTESIAN_POINT ( 'NONE',  ( 1.549999999999829958, -5.500000000000000000, -11.79999999999999893 ) ) ;
#6339 = COLOUR_RGB ( '',0.6745098039215686736, 0.6745098039215686736, 0.6745098039215686736 ) ;
#6340 = FACE_OUTER_BOUND ( 'NONE', #6341, .T. ) ;
#6341 = EDGE_LOOP ( 'NONE', ( #3279, #1094, #575, #5632 ) ) ;
#6342 = DIRECTION ( 'NONE',  ( 0.000000000000000000, 0.000000000000000000, 1.000000000000000000 ) ) ;
#6343 = ORIENTED_EDGE ( 'NONE', *, *, #2319, .F. ) ;
#6344 = VECTOR ( 'NONE', #6419, 1000.000000000000000 ) ;
#6345 = LINE ( 'NONE', #4356, #673 ) ;
#6346 = FACE_OUTER_BOUND ( 'NONE', #275, .T. ) ;
#6347 = VECTOR ( 'NONE', #4636, 1000.000000000000000 ) ;
#6348 = LINE ( 'NONE', #943, #1534 ) ;
#6349 = ORIENTED_EDGE ( 'NONE', *, *, #833, .F. ) ;
#6350 = CARTESIAN_POINT ( 'NONE',  ( 0.000000000000000000, -1.199999999999979972, -11.79999999999999893 ) ) ;
#6351 = PLANE ( 'NONE',  #350 ) ;
#6352 = CARTESIAN_POINT ( 'NONE',  ( 1.550000000000050004, -3.350000000000000089, -14.40000000000000036 ) ) ;
#6353 = VECTOR ( 'NONE', #3562, 1000.000000000000000 ) ;
#6354 = ORIENTED_EDGE ( 'NONE', *, *, #2307, .F. ) ;
#6355 = ORIENTED_EDGE ( 'NONE', *, *, #3911, .F. ) ;
#6356 = EDGE_CURVE ( 'NONE', #1362, #1288, #2552, .T. ) ;
#6357 = CARTESIAN_POINT ( 'NONE',  ( 4.000000000000000000, 3.799999999999910116, -0.5000000000000000000 ) ) ;
#6358 = EDGE_CURVE ( 'NONE', #3973, #911, #3214, .T. ) ;
#6359 = VECTOR ( 'NONE', #6801, 1000.000000000000000 ) ;
#6360 = CARTESIAN_POINT ( 'NONE',  ( 1.170131435661772690, -10.49012971842709696, -7.799999999999998934 ) ) ;
#6361 = CARTESIAN_POINT ( 'NONE',  ( -2.749999999999090061, -4.892374986100479717, -1.731367675164395381 ) ) ;
#6362 = CARTESIAN_POINT ( 'NONE',  ( -0.3806930901455047866, -2.679490990913011128, -10.29869259984043595 ) ) ;
#6363 = CARTESIAN_POINT ( 'NONE',  ( -1.279896855207083961, -2.582763714275670086, -11.21899116183752021 ) ) ;
#6364 = CARTESIAN_POINT ( 'NONE',  ( -3.049999999999060130, -5.500000000000000000, -5.600000000000889600 ) ) ;
#6365 = ORIENTED_EDGE ( 'NONE', *, *, #2931, .T. ) ;
#6366 = EDGE_CURVE ( 'NONE', #4929, #627, #5474, .T. ) ;
#6367 = CARTESIAN_POINT ( 'NONE',  ( 1.479999999999979998, -9.820000000000000284, -13.41999999999999993 ) ) ;
#6368 = B_SPLINE_CURVE_WITH_KNOTS ( 'NONE', 3,
 ( #4512, #3411, #4028, #4544, #2794, #5554 ),
 .UNSPECIFIED., .F., .F.,
 ( 4, 2, 4 ),
 ( 0.000000000000000000, 0.5000000000000000000, 1.000000000000000000 ),
 .UNSPECIFIED. ) ;
#6369 = EDGE_CURVE ( 'NONE', #4281, #5516, #1212, .T. ) ;
#6370 = DIRECTION ( 'NONE',  ( 1.207984161179196133E-16, 0.9863939235543192074, 0.1643989889723040387 ) ) ;
#6371 = CARTESIAN_POINT ( 'NONE',  ( 1.500000000000060174, -6.349999999999999645, -7.950000000000000178 ) ) ;
#6372 = ORIENTED_EDGE ( 'NONE', *, *, #834, .F. ) ;
#6373 = EDGE_CURVE ( 'NONE', #6331, #3564, #5897, .T. ) ;
#6374 = LINE ( 'NONE', #1583, #732 ) ;
#6375 = CARTESIAN_POINT ( 'NONE',  ( 1.766875698102009951, -2.647255476245029548, -10.60539303476134165 ) ) ;
#6376 = ORIENTED_EDGE ( 'NONE', *, *, #1213, .F. ) ;
#6377 = DIRECTION ( 'NONE',  ( 1.000000000000000000, 0.000000000000000000, 0.000000000000000000 ) ) ;
#6378 = EDGE_LOOP ( 'NONE', ( #5201, #2294, #6072, #1582, #3318 ) ) ;
#6379 = EDGE_CURVE ( 'NONE', #902, #2460, #335, .T. ) ;
#6380 = DIRECTION ( 'NONE',  ( -1.000000000000000000, 0.000000000000000000, 0.000000000000000000 ) ) ;
#6381 = DIRECTION ( 'NONE',  ( 0.000000000000000000, 0.000000000000000000, 1.000000000000000000 ) ) ;
#6382 = ADVANCED_FACE ( 'NONE', ( #3719 ), #3229, .T. ) ;
#6383 = DIRECTION ( 'NONE',  ( 0.000000000000000000, -1.000000000000000000, 0.000000000000000000 ) ) ;
#6384 = CYLINDRICAL_SURFACE ( 'NONE', #3586, 1.050000000000000044 ) ;
#6385 = FACE_OUTER_BOUND ( 'NONE', #1257, .T. ) ;
#6386 = VERTEX_POINT ( 'NONE', #5972 ) ;
#6387 = VECTOR ( 'NONE', #26, 999.9999999999998863 ) ;
#6388 = CARTESIAN_POINT ( 'NONE',  ( -3.549999999998999733, -5.500000000000000000, -6.100000000000920686 ) ) ;
#6389 = LINE ( 'NONE', #5904, #4687 ) ;
#6390 = LINE ( 'NONE', #3198, #5899 ) ;
#6391 = EDGE_LOOP ( 'NONE', ( #5927, #3076, #3232, #5717, #2423, #541, #6313, #2091, #5658, #783, #3463, #1699, #5493, #4826 ) ) ;
#6392 = EDGE_LOOP ( 'NONE', ( #5366, #2371, #1097, #2102 ) ) ;
#6393 = CARTESIAN_POINT ( 'NONE',  ( -1.239029422041203476, -10.24631577318189990, -7.599999999999871747 ) ) ;
#6394 = AXIS2_PLACEMENT_3D ( 'NONE', #6232, #1373, #3491 ) ;
#6395 = CARTESIAN_POINT ( 'NONE',  ( -2.015550579218238880, -2.180586820066686027, -5.120865085714308762 ) ) ;
#6396 = FACE_OUTER_BOUND ( 'NONE', #2510, .T. ) ;
#6397 = EDGE_CURVE ( 'NONE', #5273, #6457, #3332, .T. ) ;
#6398 = CARTESIAN_POINT ( 'NONE',  ( 0.3412061423050000708, -2.644415929543013188, -10.63240951696914038 ) ) ;
#6399 = FACE_OUTER_BOUND ( 'NONE', #2779, .T. ) ;
#6400 = CARTESIAN_POINT ( 'NONE',  ( -1.250000000000089928, -9.699999999999359801, -7.599999999999999645 ) ) ;
#6401 = VECTOR ( 'NONE', #5652, 1000.000000000000000 ) ;
#6402 = CARTESIAN_POINT ( 'NONE',  ( 1.250000000000295985, -10.04999999999840021, 21.81166452058999994 ) ) ;
#6403 = EDGE_CURVE ( 'NONE', #2998, #1861, #6205, .T. ) ;
#6404 = CARTESIAN_POINT ( 'NONE',  ( 0.000000000000000000, 0.000000000000000000, -9.400000000000000355 ) ) ;
#6405 = CARTESIAN_POINT ( 'NONE',  ( 2.086602978365094785, 1.642490973807659849, -9.900000000000000355 ) ) ;
#6406 = DIRECTION ( 'NONE',  ( 0.000000000000000000, -1.000000000000000000, 0.000000000000000000 ) ) ;
#6407 = ORIENTED_EDGE ( 'NONE', *, *, #6505, .F. ) ;
#6408 = DIRECTION ( 'NONE',  ( 1.000000000000000000, 0.000000000000000000, 0.000000000000000000 ) ) ;
#6409 = LINE ( 'NONE', #5424, #2455 ) ;
#6410 = VERTEX_POINT ( 'NONE', #6005 ) ;
#6411 = CARTESIAN_POINT ( 'NONE',  ( -1.250000000000089928, -8.829289321880418484, -8.246446609405911232 ) ) ;
#6412 = ORIENTED_EDGE ( 'NONE', *, *, #5869, .T. ) ;
#6413 = EDGE_CURVE ( 'NONE', #4861, #1933, #4333, .T. ) ;
#6414 = EDGE_CURVE ( 'NONE', #3701, #627, #3889, .T. ) ;
#6415 = LINE ( 'NONE', #545, #5353 ) ;
#6416 = ORIENTED_EDGE ( 'NONE', *, *, #1425, .F. ) ;
#6417 = CARTESIAN_POINT ( 'NONE',  ( 0.9999999999999980016, -1.999999999999996447, 1.899999999999947953 ) ) ;
#6418 = VECTOR ( 'NONE', #3322, 1000.000000000000000 ) ;
#6419 = DIRECTION ( 'NONE',  ( 1.000000000000000000, 0.000000000000000000, 0.000000000000000000 ) ) ;
#6420 = DIRECTION ( 'NONE',  ( 0.000000000000000000, 1.000000000000000000, 0.000000000000000000 ) ) ;
#6421 = LINE ( 'NONE', #5404, #3640 ) ;
#6422 = ORIENTED_EDGE ( 'NONE', *, *, #3696, .T. ) ;
#6423 = CYLINDRICAL_SURFACE ( 'NONE', #1090, 1.050000000000000044 ) ;
#6424 = DIRECTION ( 'NONE',  ( 0.000000000000000000, 1.000000000000000000, 0.000000000000000000 ) ) ;
#6425 = DIRECTION ( 'NONE',  ( 1.000000000000000000, 0.000000000000000000, 0.000000000000000000 ) ) ;
#6426 = ORIENTED_EDGE ( 'NONE', *, *, #47, .F. ) ;
#6427 = LINE ( 'NONE', #5521, #5220 ) ;
#6428 = AXIS2_PLACEMENT_3D ( 'NONE', #3019, #1907, #6765 ) ;
#6429 = CARTESIAN_POINT ( 'NONE',  ( -0.5877149042824136860, -1.860708733669008019, -10.90603792430961327 ) ) ;
#6430 = CARTESIAN_POINT ( 'NONE',  ( 4.860000000000079368, -10.19999999999910045, -11.79999999999999893 ) ) ;
#6431 = CARTESIAN_POINT ( 'NONE',  ( 1.719922170848960041, -2.795337660295405424, -11.10983961325904090 ) ) ;
#6432 = DIRECTION ( 'NONE',  ( 0.000000000000000000, 0.5446390350149148407, -0.8386705679454968809 ) ) ;
#6433 = CARTESIAN_POINT ( 'NONE',  ( -1.479999999999979998, -3.100000000000049827, -13.78000000000000114 ) ) ;
#6434 = ORIENTED_EDGE ( 'NONE', *, *, #1719, .T. ) ;
#6435 = VECTOR ( 'NONE', #3720, 1000.000000000000000 ) ;
#6436 = DIRECTION ( 'NONE',  ( 0.000000000000000000, 0.000000000000000000, 1.000000000000000000 ) ) ;
#6437 = CARTESIAN_POINT ( 'NONE',  ( -2.749999999999099831, -4.208418032298745892, -1.955662937369615051 ) ) ;
#6438 = CARTESIAN_POINT ( 'NONE',  ( -3.469446951953609850E-15, -10.04999999999840021, 21.81166452058999994 ) ) ;
#6439 = LINE ( 'NONE', #6371, #1978 ) ;
#6440 = ORIENTED_EDGE ( 'NONE', *, *, #4192, .F. ) ;
#6441 = DIRECTION ( 'NONE',  ( 0.000000000000000000, -1.000000000000000000, 0.000000000000000000 ) ) ;
#6442 = CARTESIAN_POINT ( 'NONE',  ( 1.774915528462216008, -2.654668581811665096, -10.53486204666267412 ) ) ;
#6443 = VERTEX_POINT ( 'NONE', #5437 ) ;
#6444 = ADVANCED_FACE ( 'NONE', ( #3795 ), #4839, .T. ) ;
#6445 = CARTESIAN_POINT ( 'NONE',  ( -3.549999999998999733, -5.299999999999280398, -6.100000000000920686 ) ) ;
#6446 = ADVANCED_FACE ( 'NONE', ( #54 ), #6913, .F. ) ;
#6447 = ORIENTED_EDGE ( 'NONE', *, *, #1624, .T. ) ;
#6448 = AXIS2_PLACEMENT_3D ( 'NONE', #3274, #6049, #6501 ) ;
#6449 = VECTOR ( 'NONE', #3799, 1000.000000000000000 ) ;
#6450 = CARTESIAN_POINT ( 'NONE',  ( -4.339999999999999858, -10.19999999999910045, -9.799999999999998934 ) ) ;
#6451 = ORIENTED_EDGE ( 'NONE', *, *, #5355, .T. ) ;
#6452 = CARTESIAN_POINT ( 'NONE',  ( -4.000000000000000000, 4.299999999999915445, -0.5000000000000000000 ) ) ;
#6453 = DIRECTION ( 'NONE',  ( 0.000000000000000000, 0.000000000000000000, -1.000000000000000000 ) ) ;
#6454 = DIRECTION ( 'NONE',  ( 0.000000000000000000, 0.000000000000000000, -1.000000000000000000 ) ) ;
#6455 = DIRECTION ( 'NONE',  ( 0.02524987779192788481, 0.7311205248579247806, 0.6817809192130308560 ) ) ;
#6456 = VECTOR ( 'NONE', #3190, 1000.000000000000000 ) ;
#6457 = VERTEX_POINT ( 'NONE', #1064 ) ;
#6458 = EDGE_CURVE ( 'NONE', #3268, #50, #6133, .T. ) ;
#6459 = PLANE ( 'NONE',  #6128 ) ;
#6460 = DIRECTION ( 'NONE',  ( 0.000000000000000000, 0.000000000000000000, 1.000000000000000000 ) ) ;
#6461 = CYLINDRICAL_SURFACE ( 'NONE', #1086, 0.5999999999999998668 ) ;
#6462 = EDGE_CURVE ( 'NONE', #6745, #5251, #95, .T. ) ;
#6463 = AXIS2_PLACEMENT_3D ( 'NONE', #5589, #5063, #4986 ) ;
#6464 = UNCERTAINTY_MEASURE_WITH_UNIT (LENGTH_MEASURE( 1.000000000000000082E-05 ), #5417, 'distance_accuracy_value', 'NONE');
#6465 = ORIENTED_EDGE ( 'NONE', *, *, #3169, .T. ) ;
#6466 = DIRECTION ( 'NONE',  ( -1.000000000000000000, 0.000000000000000000, 0.000000000000000000 ) ) ;
#6467 = EDGE_CURVE ( 'NONE', #4733, #6544, #2227, .T. ) ;
#6468 = AXIS2_PLACEMENT_3D ( 'NONE', #5579, #794, #2845 ) ;
#6469 = CARTESIAN_POINT ( 'NONE',  ( -2.749999999999090061, -5.299999999999680078, -2.299999999999999822 ) ) ;
#6470 = B_SPLINE_CURVE_WITH_KNOTS ( 'NONE', 3,
 ( #4935, #6586, #3283, #6059, #675, #2283 ),
 .UNSPECIFIED., .F., .F.,
 ( 4, 2, 4 ),
 ( 0.000000000000000000, 0.5000000000000000000, 1.000000000000000000 ),
 .UNSPECIFIED. ) ;
#6471 = CARTESIAN_POINT ( 'NONE',  ( 4.499999999999949374, -6.000000000000000000, -11.79999999999999893 ) ) ;
#6472 = DIRECTION ( 'NONE',  ( 0.000000000000000000, 0.000000000000000000, -1.000000000000000000 ) ) ;
#6473 = DIRECTION ( 'NONE',  ( -1.000000000000000000, 0.000000000000000000, 0.000000000000000000 ) ) ;
#6474 = ORIENTED_EDGE ( 'NONE', *, *, #1712, .T. ) ;
#6475 = EDGE_CURVE ( 'NONE', #4378, #4893, #547, .T. ) ;
#6476 = CIRCLE ( 'NONE', #2675, 0.5000000000000004441 ) ;
#6477 = CIRCLE ( 'NONE', #1232, 1.000000000000000000 ) ;
#6478 = EDGE_LOOP ( 'NONE', ( #997, #2841, #944, #2672 ) ) ;
#6479 = AXIS2_PLACEMENT_3D ( 'NONE', #4092, #3555, #2676 ) ;
#6480 = DIRECTION ( 'NONE',  ( 0.000000000000000000, 0.000000000000000000, 1.000000000000000000 ) ) ;
#6481 = CARTESIAN_POINT ( 'NONE',  ( -1.899999999998069899, -5.500000000000000000, -11.90000000000000036 ) ) ;
#6482 = LINE ( 'NONE', #3819, #1303 ) ;
#6483 = ORIENTED_EDGE ( 'NONE', *, *, #4116, .F. ) ;
#6484 = CARTESIAN_POINT ( 'NONE',  ( -4.500000000000059508, 3.799999999999910116, -1.000000000000000000 ) ) ;
#6485 = CARTESIAN_POINT ( 'NONE',  ( 1.249999999999970024, -8.241421356236900309, -7.658578643762960603 ) ) ;
#6486 = EDGE_LOOP ( 'NONE', ( #6064, #5999, #5148, #332 ) ) ;
#6487 = CARTESIAN_POINT ( 'NONE',  ( -4.000000000000000000, -6.000000000000000000, -0.5000000000000000000 ) ) ;
#6488 = ORIENTED_EDGE ( 'NONE', *, *, #808, .T. ) ;
#6489 = DIRECTION ( 'NONE',  ( -1.000000000000000000, 0.000000000000000000, 0.000000000000000000 ) ) ;
#6490 = ORIENTED_EDGE ( 'NONE', *, *, #424, .F. ) ;
#6491 = EDGE_CURVE ( 'NONE', #2567, #5359, #2748, .T. ) ;
#6492 = CARTESIAN_POINT ( 'NONE',  ( -1.000000000000000000, 1.224646799147351975E-16, -11.87500000000000000 ) ) ;
#6493 = DIRECTION ( 'NONE',  ( 0.000000000000000000, 1.000000000000000000, 0.000000000000000000 ) ) ;
#6494 = DIRECTION ( 'NONE',  ( 0.000000000000000000, 0.000000000000000000, -1.000000000000000000 ) ) ;
#6495 = DIRECTION ( 'NONE',  ( 0.000000000000000000, -1.000000000000000000, 0.000000000000000000 ) ) ;
#6496 = ORIENTED_EDGE ( 'NONE', *, *, #5436, .T. ) ;
#6497 = FACE_OUTER_BOUND ( 'NONE', #3922, .T. ) ;
#6498 = DIRECTION ( 'NONE',  ( 0.000000000000000000, 0.000000000000000000, 1.000000000000000000 ) ) ;
#6499 = PLANE ( 'NONE',  #5332 ) ;
#6500 = ORIENTED_EDGE ( 'NONE', *, *, #4122, .T. ) ;
#6501 = DIRECTION ( 'NONE',  ( 1.000000000000000000, 0.000000000000000000, 0.000000000000000000 ) ) ;
#6502 = EDGE_CURVE ( 'NONE', #2430, #2992, #654, .T. ) ;
#6503 = VECTOR ( 'NONE', #5350, 1000.000000000000000 ) ;
#6504 = EDGE_CURVE ( 'NONE', #1990, #5214, #1283, .T. ) ;
#6505 = EDGE_CURVE ( 'NONE', #3846, #6790, #2854, .T. ) ;
#6506 = CARTESIAN_POINT ( 'NONE',  ( 0.5877149042824170166, -1.860708733669008019, -10.90603792430961327 ) ) ;
#6507 = CARTESIAN_POINT ( 'NONE',  ( 1.279896855207900197, 13.18406534392610041, 14.95674975082869906 ) ) ;
#6508 = CARTESIAN_POINT ( 'NONE',  ( 0.1121076653245810101, -2.706528140139974781, -10.04147890228909823 ) ) ;
#6509 = VERTEX_POINT ( 'NONE', #3940 ) ;
#6510 = ORIENTED_EDGE ( 'NONE', *, *, #2967, .F. ) ;
#6511 = FILL_AREA_STYLE ('',( #185 ) ) ;
#6512 = EDGE_LOOP ( 'NONE', ( #5770, #3217, #6523, #3349 ) ) ;
#6513 = CARTESIAN_POINT ( 'NONE',  ( -3.649999999999999911, -5.500000000000000000, -11.79999999999999893 ) ) ;
#6514 = ADVANCED_FACE ( 'NONE', ( #278 ), #3903, .F. ) ;
#6515 = CARTESIAN_POINT ( 'NONE',  ( -2.650003848313224886, 2.300336605207434991E-09, -9.900000000000000355 ) ) ;
#6516 = AXIS2_PLACEMENT_3D ( 'NONE', #4973, #5388, #3250 ) ;
#6517 = CIRCLE ( 'NONE', #598, 1.500000000000000000 ) ;
#6518 = PLANE ( 'NONE',  #3077 ) ;
#6519 = PLANE ( 'NONE',  #3970 ) ;
#6520 = LINE ( 'NONE', #5929, #6139 ) ;
#6521 = ORIENTED_EDGE ( 'NONE', *, *, #1294, .F. ) ;
#6522 = CARTESIAN_POINT ( 'NONE',  ( 4.000000000000000000, -6.500000000000000000, -11.79999999999999893 ) ) ;
#6523 = ORIENTED_EDGE ( 'NONE', *, *, #3111, .F. ) ;
#6524 = CARTESIAN_POINT ( 'NONE',  ( -1.479999999999979998, -11.59999999999999964, -13.41999999999999993 ) ) ;
#6525 = ORIENTED_EDGE ( 'NONE', *, *, #5053, .F. ) ;
#6526 = DIRECTION ( 'NONE',  ( 0.000000000000000000, 0.000000000000000000, 1.000000000000000000 ) ) ;
#6527 = ORIENTED_EDGE ( 'NONE', *, *, #3245, .F. ) ;
#6528 = CARTESIAN_POINT ( 'NONE',  ( -3.200000000000000178, -1.199999999999979972, -9.900000000000000355 ) ) ;
#6529 = VERTEX_POINT ( 'NONE', #5626 ) ;
#6530 = CARTESIAN_POINT ( 'NONE',  ( 2.299999999999859934, -1.199999999999979972, -9.900000000000000355 ) ) ;
#6531 = CARTESIAN_POINT ( 'NONE',  ( -2.299999999999080114, -1.100000000000100009, -11.79999999999999893 ) ) ;
#6532 = ADVANCED_FACE ( 'NONE', ( #1917 ), #3404, .F. ) ;
#6533 = VERTEX_POINT ( 'NONE', #6185 ) ;
#6534 = AXIS2_PLACEMENT_3D ( 'NONE', #5878, #3772, #562 ) ;
#6535 = CARTESIAN_POINT ( 'NONE',  ( 4.499999999999999112, 3.971572875253716273, -0.2071067811865459629 ) ) ;
#6536 = CARTESIAN_POINT ( 'NONE',  ( 1.479999999999979998, -3.100000000000049827, -13.78000000000000114 ) ) ;
#6537 = DIRECTION ( 'NONE',  ( 0.000000000000000000, 0.000000000000000000, 1.000000000000000000 ) ) ;
#6538 = VERTEX_POINT ( 'NONE', #1247 ) ;
#6539 = CARTESIAN_POINT ( 'NONE',  ( 0.3291515638490894458, -11.25711701698084966, -7.599999999999870859 ) ) ;
#6540 = DIRECTION ( 'NONE',  ( 1.000000000000000000, 0.000000000000000000, 0.000000000000000000 ) ) ;
#6541 = PRESENTATION_STYLE_ASSIGNMENT (( #6928 ) ) ;
#6542 = LINE ( 'NONE', #2801, #4777 ) ;
#6543 = ORIENTED_EDGE ( 'NONE', *, *, #792, .F. ) ;
#6544 = VERTEX_POINT ( 'NONE', #2370 ) ;
#6545 = LINE ( 'NONE', #4340, #4497 ) ;
#6546 = VERTEX_POINT ( 'NONE', #1393 ) ;
#6547 = DIRECTION ( 'NONE',  ( 1.000000000000000000, 0.000000000000000000, 0.000000000000000000 ) ) ;
#6548 = CARTESIAN_POINT ( 'NONE',  ( -2.367196389097145026, 1.204470762503244030, -9.900000000000000355 ) ) ;
#6549 = DIRECTION ( 'NONE',  ( 0.000000000000000000, 0.000000000000000000, 1.000000000000000000 ) ) ;
#6550 = VECTOR ( 'NONE', #3671, 1000.000000000000114 ) ;
#6551 = LINE ( 'NONE', #4939, #853 ) ;
#6552 = ORIENTED_EDGE ( 'NONE', *, *, #2027, .T. ) ;
#6553 = CARTESIAN_POINT ( 'NONE',  ( 4.500000000000002665, -6.000000000000062172, -0.5000000000000000000 ) ) ;
#6554 = ADVANCED_FACE ( 'NONE', ( #763 ), #6073, .T. ) ;
#6555 = VERTEX_POINT ( 'NONE', #1772 ) ;
#6556 = CIRCLE ( 'NONE', #643, 3.899999999999999911 ) ;
#6557 = LINE ( 'NONE', #6524, #1672 ) ;
#6558 = ORIENTED_EDGE ( 'NONE', *, *, #462, .F. ) ;
#6559 = CARTESIAN_POINT ( 'NONE',  ( -9.662512969806918761, -8.300000000000000711, -12.93358983848630039 ) ) ;
#6560 = ORIENTED_EDGE ( 'NONE', *, *, #1149, .F. ) ;
#6561 = DIRECTION ( 'NONE',  ( 0.000000000000000000, -1.000000000000000000, 0.000000000000000000 ) ) ;
#6562 = VERTEX_POINT ( 'NONE', #4052 ) ;
#6563 = CARTESIAN_POINT ( 'NONE',  ( 4.500000000000059508, -11.19999999999910045, -9.799999999999998934 ) ) ;
#6564 = LINE ( 'NONE', #1698, #5321 ) ;
#6565 = VECTOR ( 'NONE', #5965, 1000.000000000000114 ) ;
#6566 = VERTEX_POINT ( 'NONE', #2405 ) ;
#6567 = CARTESIAN_POINT ( 'NONE',  ( -0.3153019221302880704, -5.212026925706083169, -4.088229105052649359 ) ) ;
#6568 = DIRECTION ( 'NONE',  ( 0.000000000000000000, 0.000000000000000000, -1.000000000000000000 ) ) ;
#6569 = CARTESIAN_POINT ( 'NONE',  ( -3.200000000000000178, -2.599999999999050182, -9.750000000000000000 ) ) ;
#6570 = VECTOR ( 'NONE', #6425, 1000.000000000000000 ) ;
#6571 = AXIS2_PLACEMENT_3D ( 'NONE', #501, #4239, #1128 ) ;
#6572 = ORIENTED_EDGE ( 'NONE', *, *, #5659, .F. ) ;
#6573 = CARTESIAN_POINT ( 'NONE',  ( -4.500000000000059508, -2.599999999999050182, -11.79999999999999893 ) ) ;
#6574 = AXIS2_PLACEMENT_3D ( 'NONE', #6021, #3277, #1710 ) ;
#6575 = CARTESIAN_POINT ( 'NONE',  ( -3.469446951953607878E-15, -2.699783421336157563, -10.03070813642793979 ) ) ;
#6576 = CARTESIAN_POINT ( 'NONE',  ( -0.9999999999991159294, -5.299999999999280398, -5.100000000001030820 ) ) ;
#6577 = LINE ( 'NONE', #1375, #6077 ) ;
#6578 = CARTESIAN_POINT ( 'NONE',  ( 18.18468237128199760, -2.487698303561229896, -5.155822334097730497 ) ) ;
#6579 = EDGE_LOOP ( 'NONE', ( #4795, #4579, #4499, #4288 ) ) ;
#6580 = EDGE_CURVE ( 'NONE', #4970, #6410, #4502, .T. ) ;
#6581 = ORIENTED_EDGE ( 'NONE', *, *, #2062, .F. ) ;
#6582 = EDGE_CURVE ( 'NONE', #6836, #5507, #4019, .T. ) ;
#6583 = PLANE ( 'NONE',  #3361 ) ;
#6584 = VECTOR ( 'NONE', #3441, 1000.000000000000000 ) ;
#6585 = EDGE_LOOP ( 'NONE', ( #5062, #6343, #6079, #5222 ) ) ;
#6586 = CARTESIAN_POINT ( 'NONE',  ( -1.250000000000101696, -9.056595997628591022, -8.443404002370957784 ) ) ;
#6587 = DIRECTION ( 'NONE',  ( -0.000000000000000000, 1.000000000000000000, 0.000000000000000000 ) ) ;
#6588 = CIRCLE ( 'NONE', #1349, 0.5000000000000000000 ) ;
#6589 =( LENGTH_UNIT ( ) NAMED_UNIT ( * ) SI_UNIT ( .MILLI., .METRE. ) );
#6590 = VERTEX_POINT ( 'NONE', #2894 ) ;
#6591 = CYLINDRICAL_SURFACE ( 'NONE', #2162, 0.3499999999999996447 ) ;
#6592 = EDGE_CURVE ( 'NONE', #3473, #2435, #6708, .T. ) ;
#6593 = VECTOR ( 'NONE', #2303, 1000.000000000000000 ) ;
#6594 = ORIENTED_EDGE ( 'NONE', *, *, #700, .T. ) ;
#6595 = EDGE_CURVE ( 'NONE', #2855, #3294, #4949, .T. ) ;
#6596 = EDGE_CURVE ( 'NONE', #4983, #1444, #6039, .T. ) ;
#6597 = FACE_OUTER_BOUND ( 'NONE', #6392, .T. ) ;
#6598 = ORIENTED_EDGE ( 'NONE', *, *, #4399, .T. ) ;
#6599 = CARTESIAN_POINT ( 'NONE',  ( 2.750000000000909051, -5.299999999999672973, -2.217986730650703286 ) ) ;
#6600 = ORIENTED_EDGE ( 'NONE', *, *, #6721, .T. ) ;
#6601 = FACE_OUTER_BOUND ( 'NONE', #5456, .T. ) ;
#6602 = ORIENTED_EDGE ( 'NONE', *, *, #1344, .T. ) ;
#6603 = CARTESIAN_POINT ( 'NONE',  ( -1.250000000000196065, -10.04999999999840021, -7.799999999999999822 ) ) ;
#6604 = CARTESIAN_POINT ( 'NONE',  ( 2.649999999999964828, 1.317566823873239976E-08, -9.900000000000000355 ) ) ;
#6605 = ADVANCED_FACE ( 'NONE', ( #165 ), #5510, .F. ) ;
#6606 = ORIENTED_EDGE ( 'NONE', *, *, #3312, .T. ) ;
#6607 = EDGE_CURVE ( 'NONE', #3564, #3811, #205, .T. ) ;
#6608 = DIRECTION ( 'NONE',  ( -1.000000000000000000, 0.000000000000000000, 0.000000000000000000 ) ) ;
#6609 = FACE_OUTER_BOUND ( 'NONE', #2392, .T. ) ;
#6610 = CARTESIAN_POINT ( 'NONE',  ( 3.650000000000929834, -5.500000000000000000, -11.79999999999999893 ) ) ;
#6611 = ORIENTED_EDGE ( 'NONE', *, *, #1835, .F. ) ;
#6612 = LINE ( 'NONE', #5703, #4007 ) ;
#6613 = FACE_OUTER_BOUND ( 'NONE', #5572, .T. ) ;
#6614 = CARTESIAN_POINT ( 'NONE',  ( 1.200000000000089884, -1.962141687034494986, -13.41999999999999993 ) ) ;
#6615 = DIRECTION ( 'NONE',  ( -1.000000000000000000, 0.000000000000000000, 0.000000000000000000 ) ) ;
#6616 = DIRECTION ( 'NONE',  ( 1.000000000000000000, 0.000000000000000000, 0.000000000000000000 ) ) ;
#6617 = VERTEX_POINT ( 'NONE', #806 ) ;
#6618 = ORIENTED_EDGE ( 'NONE', *, *, #3956, .F. ) ;
#6619 = CARTESIAN_POINT ( 'NONE',  ( 1.249999999999949152, -8.743404002370651185, -8.443404002370924033 ) ) ;
#6620 = ORIENTED_EDGE ( 'NONE', *, *, #4163, .T. ) ;
#6621 = ADVANCED_FACE ( 'NONE', ( #6601 ), #2928, .T. ) ;
#6622 = DIRECTION ( 'NONE',  ( 0.000000000000000000, 0.000000000000000000, -1.000000000000000000 ) ) ;
#6623 = AXIS2_PLACEMENT_3D ( 'NONE', #6924, #2555, #5737 ) ;
#6624 = LINE ( 'NONE', #5084, #3646 ) ;
#6625 = CARTESIAN_POINT ( 'NONE',  ( -1.250000000000089928, -5.500000000000449418, -7.455904543797200468 ) ) ;
#6626 = ORIENTED_EDGE ( 'NONE', *, *, #995, .F. ) ;
#6627 = CARTESIAN_POINT ( 'NONE',  ( 4.292893218813452094, -6.500000000000057732, -0.4999999999999986677 ) ) ;
#6628 = VERTEX_POINT ( 'NONE', #3479 ) ;
#6629 = VECTOR ( 'NONE', #4184, 1000.000000000000000 ) ;
#6630 = CARTESIAN_POINT ( 'NONE',  ( -4.500000000000002665, 3.799999999999910116, -0.4999999999999986677 ) ) ;
#6631 = VERTEX_POINT ( 'NONE', #842 ) ;
#6632 = LINE ( 'NONE', #652, #2506 ) ;
#6633 = ORIENTED_EDGE ( 'NONE', *, *, #446, .F. ) ;
#6634 = UNCERTAINTY_MEASURE_WITH_UNIT (LENGTH_MEASURE( 1.000000000000000082E-05 ), #6589, 'distance_accuracy_value', 'NONE');
#6635 = DIRECTION ( 'NONE',  ( -1.000000000000000000, 0.000000000000000000, 0.000000000000000000 ) ) ;
#6636 = EDGE_LOOP ( 'NONE', ( #4496, #1799, #1074, #1317, #5258, #2913, #2777, #5026, #4985, #2721, #1921 ) ) ;
#6637 = DIRECTION ( 'NONE',  ( 1.000000000000000000, 0.000000000000000000, 0.000000000000000000 ) ) ;
#6638 = VECTOR ( 'NONE', #6615, 1000.000000000000000 ) ;
#6639 = CARTESIAN_POINT ( 'NONE',  ( 2.649999999999961720, 5.299999999999916334, -9.899999999999993250 ) ) ;
#6640 = ORIENTED_EDGE ( 'NONE', *, *, #2193, .F. ) ;
#6641 = DIRECTION ( 'NONE',  ( 0.000000000000000000, 0.000000000000000000, 1.000000000000000000 ) ) ;
#6642 = CARTESIAN_POINT ( 'NONE',  ( -2.749999999999090061, -4.604094368250465585, -1.698707710515289016 ) ) ;
#6643 = CARTESIAN_POINT ( 'NONE',  ( 2.164999999999909885, 9.858136524117119492, 17.03502073695930008 ) ) ;
#6644 = VERTEX_POINT ( 'NONE', #5094 ) ;
#6645 = LINE ( 'NONE', #4614, #209 ) ;
#6646 = EDGE_CURVE ( 'NONE', #3607, #5190, #2556, .T. ) ;
#6647 = CARTESIAN_POINT ( 'NONE',  ( -2.014370616005074055, -3.071458152483663717, -6.569374170563467175 ) ) ;
#6648 = DIRECTION ( 'NONE',  ( 1.000000000000000000, 0.000000000000000000, 0.000000000000000000 ) ) ;
#6649 = CARTESIAN_POINT ( 'NONE',  ( -2.749999999999090061, -4.799487958970540369, -1.045154902391326024 ) ) ;
#6650 = CARTESIAN_POINT ( 'NONE',  ( 4.499999999999949374, 0.000000000000000000, -11.79999999999999893 ) ) ;
#6651 = ORIENTED_EDGE ( 'NONE', *, *, #3559, .T. ) ;
#6652 = VERTEX_POINT ( 'NONE', #2536 ) ;
#6653 =( NAMED_UNIT ( * ) PLANE_ANGLE_UNIT ( ) SI_UNIT ( $, .RADIAN. ) );
#6654 = ORIENTED_EDGE ( 'NONE', *, *, #4361, .F. ) ;
#6655 = CARTESIAN_POINT ( 'NONE',  ( 0.02259253834177712278, -2.732007261543663024, -10.01057244628143827 ) ) ;
#6656 = CARTESIAN_POINT ( 'NONE',  ( -0.03874717460310267425, -2.708775261174553695, -10.02007137979587270 ) ) ;
#6657 = DIRECTION ( 'NONE',  ( 1.000000000000000000, 0.000000000000000000, 0.000000000000000000 ) ) ;
#6658 = CARTESIAN_POINT ( 'NONE',  ( 1.279896855207895978, -2.582763714275670086, -11.21899116183752021 ) ) ;
#6659 = ORIENTED_EDGE ( 'NONE', *, *, #6203, .T. ) ;
#6660 = DIRECTION ( 'NONE',  ( -1.000000000000000000, 0.000000000000000000, 0.000000000000000000 ) ) ;
#6661 = ORIENTED_EDGE ( 'NONE', *, *, #2465, .F. ) ;
#6662 = AXIS2_PLACEMENT_3D ( 'NONE', #1870, #6270, #6173 ) ;
#6663 = LINE ( 'NONE', #4748, #1979 ) ;
#6664 = DIRECTION ( 'NONE',  ( -1.000000000000000000, 0.000000000000000000, 0.000000000000000000 ) ) ;
#6665 = ORIENTED_EDGE ( 'NONE', *, *, #3911, .T. ) ;
#6666 = DIRECTION ( 'NONE',  ( 1.000000000000000000, 0.000000000000000000, 0.000000000000000000 ) ) ;
#6667 = VERTEX_POINT ( 'NONE', #3054 ) ;
#6668 = CARTESIAN_POINT ( 'NONE',  ( 4.500000000000059508, -2.559999999999050146, -2.779157999888000052 ) ) ;
#6669 = EDGE_CURVE ( 'NONE', #911, #3580, #4207, .T. ) ;
#6670 = ORIENTED_EDGE ( 'NONE', *, *, #2820, .T. ) ;
#6671 = DIRECTION ( 'NONE',  ( 0.000000000000000000, 1.000000000000000000, 0.000000000000000000 ) ) ;
#6672 = ADVANCED_FACE ( 'NONE', ( #6340 ), #2570, .T. ) ;
#6673 = CARTESIAN_POINT ( 'NONE',  ( 8.847089727481720220E-13, -5.500000000000000000, -7.400000000000000355 ) ) ;
#6674 = CIRCLE ( 'NONE', #3631, 0.5000000000000000000 ) ;
#6675 = ORIENTED_EDGE ( 'NONE', *, *, #6045, .F. ) ;
#6676 = DIRECTION ( 'NONE',  ( 0.000000000000000000, 1.000000000000000000, 0.000000000000000000 ) ) ;
#6677 = CYLINDRICAL_SURFACE ( 'NONE', #3910, 0.6299999999999998934 ) ;
#6678 = CARTESIAN_POINT ( 'NONE',  ( 1.050000000000000044, 0.000000000000000000, -10.14999999999999858 ) ) ;
#6679 = CIRCLE ( 'NONE', #4440, 0.5000000000000000000 ) ;
#6680 = VERTEX_POINT ( 'NONE', #5163 ) ;
#6681 = LINE ( 'NONE', #3414, #5776 ) ;
#6682 = EDGE_CURVE ( 'NONE', #3330, #4199, #3939, .T. ) ;
#6683 = ADVANCED_FACE ( 'NONE', ( #5781 ), #6774, .F. ) ;
#6684 = VECTOR ( 'NONE', #4093, 1000.000000000000000 ) ;
#6685 = CARTESIAN_POINT ( 'NONE',  ( 18.18468237128199760, -7.799999999999450040, -7.799999999999999822 ) ) ;
#6686 = DIRECTION ( 'NONE',  ( -1.000000000000000000, 0.000000000000000000, 0.000000000000000000 ) ) ;
#6687 = CARTESIAN_POINT ( 'NONE',  ( 2.852172315265191660, -1.199999999999979972, -9.630634093667614692 ) ) ;
#6688 = EDGE_CURVE ( 'NONE', #5516, #2127, #2077, .T. ) ;
#6689 = STYLED_ITEM ( 'NONE', ( #4457 ), #5864 ) ;
#6690 = ORIENTED_EDGE ( 'NONE', *, *, #5906, .T. ) ;
#6691 = ORIENTED_EDGE ( 'NONE', *, *, #5967, .F. ) ;
#6692 = EDGE_CURVE ( 'NONE', #1244, #2933, #904, .T. ) ;
#6693 = CARTESIAN_POINT ( 'NONE',  ( 1.249999999999970024, -9.112132034355559185, -8.387867965643970081 ) ) ;
#6694 = ORIENTED_EDGE ( 'NONE', *, *, #1716, .F. ) ;
#6695 = AXIS2_PLACEMENT_3D ( 'NONE', #5252, #1546, #5356 ) ;
#6696 = CARTESIAN_POINT ( 'NONE',  ( -9.296206556277940356E-08, -2.732007214669140538, -10.01057247557190166 ) ) ;
#6697 = EDGE_CURVE ( 'NONE', #3294, #6254, #1457, .T. ) ;
#6698 = PLANE ( 'NONE',  #6428 ) ;
#6699 = VECTOR ( 'NONE', #378, 1000.000000000000000 ) ;
#6700 = PRESENTATION_STYLE_ASSIGNMENT (( #3890 ) ) ;
#6701 = ORIENTED_EDGE ( 'NONE', *, *, #4616, .F. ) ;
#6702 = CARTESIAN_POINT ( 'NONE',  ( -1.899999999998069899, -5.500000000000000000, -11.90000000000000036 ) ) ;
#6703 = VECTOR ( 'NONE', #3870, 1000.000000000000000 ) ;
#6704 = CARTESIAN_POINT ( 'NONE',  ( -3.200000000000000178, -5.500000000000000000, -11.79999999999999893 ) ) ;
#6705 = DIRECTION ( 'NONE',  ( -0.000000000000000000, 0.8386705679453539952, 0.5446390350151349979 ) ) ;
#6706 = ORIENTED_EDGE ( 'NONE', *, *, #6088, .T. ) ;
#6707 = ORIENTED_EDGE ( 'NONE', *, *, #6137, .T. ) ;
#6708 = LINE ( 'NONE', #1842, #2666 ) ;
#6709 = ORIENTED_EDGE ( 'NONE', *, *, #3141, .T. ) ;
#6710 = CARTESIAN_POINT ( 'NONE',  ( -2.739999999999950031, -2.559999999999050146, -9.799999999999998934 ) ) ;
#6711 = CARTESIAN_POINT ( 'NONE',  ( 3.150000002491315954, -0.5010738569285947408, -9.399999999999995026 ) ) ;
#6713 = ORIENTED_EDGE ( 'NONE', *, *, #5582, .F. ) ;
#6712 =( BOUNDED_SURFACE ( )  B_SPLINE_SURFACE ( 3, 3, ( 
 ( #2677, #5935, #5401, #5855 ),
 ( #4802, #15, #6417, #1623 ),
 ( #3900, #6037, #2295, #2852 ),
 ( #4947, #2926, #4429, #163 ) ),
 .UNSPECIFIED., .F., .F., .F. ) 
 B_SPLINE_SURFACE_WITH_KNOTS ( ( 4, 4 ),
 ( 4, 4 ),
 ( 0.000000000000000000, 1.000000000000000000 ),
 ( 0.000000000000000000, 1.000000000000000000 ),
 .UNSPECIFIED. ) 
 GEOMETRIC_REPRESENTATION_ITEM ( )  RATIONAL_B_SPLINE_SURFACE ( (
 ( 1.000000000000000000, 0.3333333333333335369, 0.3333333333333335369, 1.000000000000000000),
 ( 0.3333333333333335369, 0.1111111111111112021, 0.1111111111111112021, 0.3333333333333335369),
 ( 0.3333333333333335369, 0.1111111111111112021, 0.1111111111111112021, 0.3333333333333335369),
 ( 1.000000000000000000, 0.3333333333333335369, 0.3333333333333335369, 1.000000000000000000) ) ) 
 REPRESENTATION_ITEM ( '' )  SURFACE ( )  );
#6714 = VECTOR ( 'NONE', #6217, 1000.000000000000000 ) ;
#6715 = ADVANCED_FACE ( 'NONE', ( #3575 ), #6744, .F. ) ;
#6716 = LINE ( 'NONE', #5134, #3885 ) ;
#6717 = LINE ( 'NONE', #1432, #4359 ) ;
#6718 = CARTESIAN_POINT ( 'NONE',  ( -1.574999999999999956, 0.000000000000000000, 0.000000000000000000 ) ) ;
#6719 = VERTEX_POINT ( 'NONE', #440 ) ;
#6720 = LINE ( 'NONE', #325, #1324 ) ;
#6721 = EDGE_CURVE ( 'NONE', #1358, #5359, #408, .T. ) ;
#6722 = DIRECTION ( 'NONE',  ( 0.000000000000000000, 0.000000000000000000, 1.000000000000000000 ) ) ;
#6723 = CARTESIAN_POINT ( 'NONE',  ( -1.549999999999049916, -6.500000000000000000, -7.349999999999999645 ) ) ;
#6724 = PLANE ( 'NONE',  #6208 ) ;
#6725 = ORIENTED_EDGE ( 'NONE', *, *, #4917, .T. ) ;
#6726 = ORIENTED_EDGE ( 'NONE', *, *, #3111, .T. ) ;
#6727 = LINE ( 'NONE', #825, #4503 ) ;
#6728 = EDGE_CURVE ( 'NONE', #2998, #5747, #1954, .T. ) ;
#6729 = EDGE_CURVE ( 'NONE', #1630, #402, #5577, .T. ) ;
#6730 = CARTESIAN_POINT ( 'NONE',  ( -1.734723475976807292E-15, -2.699783421336157563, -10.03070813642793802 ) ) ;
#6731 = FACE_OUTER_BOUND ( 'NONE', #3565, .T. ) ;
#6732 = CARTESIAN_POINT ( 'NONE',  ( 1.900000000000900080, -5.500000000000000000, -7.400000000000000355 ) ) ;
#6733 = AXIS2_PLACEMENT_3D ( 'NONE', #5331, #6494, #2263 ) ;
#6734 = DIRECTION ( 'NONE',  ( 1.000000000000000000, 0.000000000000000000, 0.000000000000000000 ) ) ;
#6735 = ORIENTED_EDGE ( 'NONE', *, *, #5476, .F. ) ;
#6736 = APPLICATION_CONTEXT ( 'automotive_design' ) ;
#6737 = PLANE ( 'NONE',  #5513 ) ;
#6738 = EDGE_CURVE ( 'NONE', #290, #1568, #2018, .T. ) ;
#6739 = VECTOR ( 'NONE', #2239, 1000.000000000000114 ) ;
#6740 = LINE ( 'NONE', #1949, #1634 ) ;
#6741 = FACE_OUTER_BOUND ( 'NONE', #2298, .T. ) ;
#6742 = ORIENTED_EDGE ( 'NONE', *, *, #5862, .F. ) ;
#6743 = ORIENTED_EDGE ( 'NONE', *, *, #860, .T. ) ;
#6744 = PLANE ( 'NONE',  #1101 ) ;
#6745 = VERTEX_POINT ( 'NONE', #2993 ) ;
#6746 = DIRECTION ( 'NONE',  ( 0.000000000000000000, -1.000000000000000000, 0.000000000000000000 ) ) ;
#6747 = CARTESIAN_POINT ( 'NONE',  ( 2.359338535428429751, -1.206657231877487968, -9.900000000000000355 ) ) ;
#6748 = VECTOR ( 'NONE', #6050, 1000.000000000000000 ) ;
#6749 = VERTEX_POINT ( 'NONE', #1423 ) ;
#6750 = DIRECTION ( 'NONE',  ( 1.000000000000000000, 0.000000000000000000, 0.000000000000000000 ) ) ;
#6751 = LINE ( 'NONE', #1961, #6684 ) ;
#6752 = VECTOR ( 'NONE', #5002, 1000.000000000000000 ) ;
#6753 = ORIENTED_EDGE ( 'NONE', *, *, #6369, .F. ) ;
#6754 = CARTESIAN_POINT ( 'NONE',  ( -4.500000000000002665, -6.000000000000062172, -0.4999999999999993894 ) ) ;
#6755 = CARTESIAN_POINT ( 'NONE',  ( -1.479999999999979998, -8.300000000000000711, -12.93358983848630039 ) ) ;
#6756 = DIRECTION ( 'NONE',  ( 0.000000000000000000, -1.000000000000000000, 0.000000000000000000 ) ) ;
#6757 = DIRECTION ( 'NONE',  ( 0.000000000000000000, 0.000000000000000000, 1.000000000000000000 ) ) ;
#6758 = ORIENTED_EDGE ( 'NONE', *, *, #4527, .F. ) ;
#6759 = ORIENTED_EDGE ( 'NONE', *, *, #3014, .F. ) ;
#6760 = ADVANCED_FACE ( 'NONE', ( #5126 ), #4085, .T. ) ;
#6761 = CARTESIAN_POINT ( 'NONE',  ( 1.417072792506314016, -2.582763714234390218, -11.21899116183310063 ) ) ;
#6762 = CARTESIAN_POINT ( 'NONE',  ( 2.585478604708580264, -0.5833863010095380330, -9.900000000000000355 ) ) ;
#6763 = AXIS2_PLACEMENT_3D ( 'NONE', #3010, #1442, #2033 ) ;
#6764 = SURFACE_SIDE_STYLE ('',( #894 ) ) ;
#6765 = DIRECTION ( 'NONE',  ( 1.000000000000000000, 0.000000000000000000, 0.000000000000000000 ) ) ;
#6766 = PRODUCT_DEFINITION ( 'UNKNOWN', '', #1564, #6220 ) ;
#6767 = APPLICATION_PROTOCOL_DEFINITION ( 'draft international standard', 'automotive_design', 1998, #4009 ) ;
#6768 = EDGE_LOOP ( 'NONE', ( #5807, #279, #6670, #2289 ) ) ;
#6769 = EDGE_CURVE ( 'NONE', #4037, #2745, #4782, .T. ) ;
#6770 = DIRECTION ( 'NONE',  ( -1.000000000000000000, 0.000000000000000000, 0.000000000000000000 ) ) ;
#6771 = DIRECTION ( 'NONE',  ( 0.000000000000000000, 0.000000000000000000, -1.000000000000000000 ) ) ;
#6772 = EDGE_LOOP ( 'NONE', ( #4945, #3519, #1900, #3476 ) ) ;
#6773 = VERTEX_POINT ( 'NONE', #348 ) ;
#6774 = PLANE ( 'NONE',  #4129 ) ;
#6775 = ORIENTED_EDGE ( 'NONE', *, *, #1124, .F. ) ;
#6776 = CARTESIAN_POINT ( 'NONE',  ( -4.500000000000059508, -6.000000000000000000, -11.79999999999999893 ) ) ;
#6777 = EDGE_CURVE ( 'NONE', #1392, #6883, #1486, .T. ) ;
#6778 = CARTESIAN_POINT ( 'NONE',  ( 18.18468237128199760, -8.899999999999650413, -8.175735931287990255 ) ) ;
#6779 = ORIENTED_EDGE ( 'NONE', *, *, #4925, .F. ) ;
#6780 = VECTOR ( 'NONE', #1614, 1000.000000000000000 ) ;
#6781 = CARTESIAN_POINT ( 'NONE',  ( 4.000000000000000000, -6.000000000000000000, -0.5000000000000000000 ) ) ;
#6782 = CARTESIAN_POINT ( 'NONE',  ( -2.833265217546268921, -0.9232408272609832212, -9.900000000000023448 ) ) ;
#6783 = CIRCLE ( 'NONE', #3748, 1.199999999999929789 ) ;
#6784 = CARTESIAN_POINT ( 'NONE',  ( -3.200000000000000178, -2.599999999999050182, -9.750000000000000000 ) ) ;
#6785 = CARTESIAN_POINT ( 'NONE',  ( -9.662512969806918761, -8.699999999999999289, -12.93358983848630039 ) ) ;
#6786 = CARTESIAN_POINT ( 'NONE',  ( -1.992027483134155119, -2.146699123532215037, -5.521499184909320235 ) ) ;
#6787 = CARTESIAN_POINT ( 'NONE',  ( 3.900000000000130029, 0.04999999999993899602, -14.40000000000000036 ) ) ;
#6788 = VERTEX_POINT ( 'NONE', #1617 ) ;
#6789 = VECTOR ( 'NONE', #1461, 1000.000000000000227 ) ;
#6790 = VERTEX_POINT ( 'NONE', #4762 ) ;
#6791 = CARTESIAN_POINT ( 'NONE',  ( 1.249999999999949374, -9.056595997628591022, -8.443404002370959560 ) ) ;
#6792 = CIRCLE ( 'NONE', #2208, 1.050000000000000044 ) ;
#6793 = DIRECTION ( 'NONE',  ( -1.000000000000000000, 0.000000000000000000, 0.000000000000000000 ) ) ;
#6794 = EDGE_CURVE ( 'NONE', #5580, #6533, #786, .T. ) ;
#6795 = CARTESIAN_POINT ( 'NONE',  ( 2.037134352765519907, -3.043296795206294814, -6.084124547720520582 ) ) ;
#6796 = CARTESIAN_POINT ( 'NONE',  ( 18.18468237128199760, -8.829289321879979724, -8.246446609406351769 ) ) ;
#6797 = AXIS2_PLACEMENT_3D ( 'NONE', #625, #5978, #2756 ) ;
#6798 = ORIENTED_EDGE ( 'NONE', *, *, #938, .T. ) ;
#6799 = AXIS2_PLACEMENT_3D ( 'NONE', #6863, #5317, #1085 ) ;
#6800 = VECTOR ( 'NONE', #5412, 1000.000000000000114 ) ;
#6801 = DIRECTION ( 'NONE',  ( 0.000000000000000000, 0.000000000000000000, -1.000000000000000000 ) ) ;
#6802 = ORIENTED_EDGE ( 'NONE', *, *, #3591, .F. ) ;
#6803 = ORIENTED_EDGE ( 'NONE', *, *, #3654, .T. ) ;
#6804 = DIRECTION ( 'NONE',  ( 1.000000000000000000, 0.000000000000000000, 0.000000000000000000 ) ) ;
#6805 = ORIENTED_EDGE ( 'NONE', *, *, #1892, .F. ) ;
#6806 = EDGE_CURVE ( 'NONE', #402, #3102, #6520, .T. ) ;
#6807 = CARTESIAN_POINT ( 'NONE',  ( 2.499999999999950262, 2.400000000000960032, -2.700000000000000178 ) ) ;
#6808 = DIRECTION ( 'NONE',  ( 1.000000000000000000, 0.000000000000000000, 0.000000000000000000 ) ) ;
#6809 = ADVANCED_FACE ( 'NONE', ( #3257 ), #2110, .F. ) ;
#6810 = VECTOR ( 'NONE', #2960, 1000.000000000000000 ) ;
#6811 = EDGE_LOOP ( 'NONE', ( #2571, #3435, #1768, #2445, #4133, #3743, #4555, #1341, #6365, #2991, #749, #6659, #4940, #3871 ) ) ;
#6812 = ADVANCED_FACE ( 'NONE', ( #3219 ), #5322, .F. ) ;
#6813 = CARTESIAN_POINT ( 'NONE',  ( -2.749999999999090061, -4.710787967683030431, -1.500072740962124840 ) ) ;
#6814 = CARTESIAN_POINT ( 'NONE',  ( -3.032656903150972028, -0.9882141109573397975, -9.400000000000002132 ) ) ;
#6815 = AXIS2_PLACEMENT_3D ( 'NONE', #1858, #5604, #3456 ) ;
#6816 = ADVANCED_FACE ( 'NONE', ( #2218 ), #1024, .T. ) ;
#6817 = FACE_OUTER_BOUND ( 'NONE', #5986, .T. ) ;
#6818 = VECTOR ( 'NONE', #6406, 1000.000000000000000 ) ;
#6819 = ORIENTED_EDGE ( 'NONE', *, *, #480, .F. ) ;
#6820 = AXIS2_PLACEMENT_3D ( 'NONE', #939, #5753, #964 ) ;
#6821 = EDGE_CURVE ( 'NONE', #2419, #1269, #5361, .T. ) ;
#6822 = CARTESIAN_POINT ( 'NONE',  ( 3.900000000000130029, -6.049999999999999822, -11.79999999999999893 ) ) ;
#6823 = DIRECTION ( 'NONE',  ( 0.000000000000000000, 1.000000000000000000, 0.000000000000000000 ) ) ;
#6824 = CARTESIAN_POINT ( 'NONE',  ( -4.000000000000000000, 4.299999999999919886, -2.700000000000000178 ) ) ;
#6825 = ORIENTED_EDGE ( 'NONE', *, *, #6137, .F. ) ;
#6826 = VERTEX_POINT ( 'NONE', #1091 ) ;
#6827 = CARTESIAN_POINT ( 'NONE',  ( -1.250000000000196065, -10.04999999999840021, -7.599999999999869971 ) ) ;
#6828 = CARTESIAN_POINT ( 'NONE',  ( -1.220745125442868950, -10.36270236702210390, -7.800000000000000711 ) ) ;
#6829 =( NAMED_UNIT ( * ) SI_UNIT ( $, .STERADIAN. ) SOLID_ANGLE_UNIT ( ) );
#6830 = DIRECTION ( 'NONE',  ( -1.000000000000000000, 0.000000000000000000, 0.000000000000000000 ) ) ;
#6831 = ORIENTED_EDGE ( 'NONE', *, *, #2969, .T. ) ;
#6832 = CARTESIAN_POINT ( 'NONE',  ( -2.454714150587594901, -1.018891355169484036, -9.900000000000000355 ) ) ;
#6833 = CARTESIAN_POINT ( 'NONE',  ( 4.000000000000000000, 4.299999999999910116, -0.5000000000000000000 ) ) ;
#6834 = FACE_OUTER_BOUND ( 'NONE', #4798, .T. ) ;
#6835 = ORIENTED_EDGE ( 'NONE', *, *, #6085, .F. ) ;
#6836 = VERTEX_POINT ( 'NONE', #2147 ) ;
#6837 = CARTESIAN_POINT ( 'NONE',  ( -1.499999999999830136, -5.349999999999999645, -13.44999999999999929 ) ) ;
#6838 = EDGE_LOOP ( 'NONE', ( #358, #4585, #1154, #1482 ) ) ;
#6839 = CARTESIAN_POINT ( 'NONE',  ( -3.899999999999789857, -3.350000000000000089, -13.44999999999999929 ) ) ;
#6840 = CIRCLE ( 'NONE', #4380, 0.6099999999999998757 ) ;
#6841 = VERTEX_POINT ( 'NONE', #6485 ) ;
#6842 = DIRECTION ( 'NONE',  ( -1.000000000000000000, 0.000000000000000000, 0.000000000000000000 ) ) ;
#6843 = CARTESIAN_POINT ( 'NONE',  ( -4.000000000000000000, -6.000000000000000000, -11.79999999999999893 ) ) ;
#6844 = DIRECTION ( 'NONE',  ( 0.000000000000000000, 0.000000000000000000, -1.000000000000000000 ) ) ;
#6845 = ORIENTED_EDGE ( 'NONE', *, *, #2070, .T. ) ;
#6846 = DIRECTION ( 'NONE',  ( 0.000000000000000000, 0.000000000000000000, -1.000000000000000000 ) ) ;
#6847 = VECTOR ( 'NONE', #3309, 1000.000000000000000 ) ;
#6848 = VECTOR ( 'NONE', #2349, 1000.000000000000000 ) ;
#6849 = CARTESIAN_POINT ( 'NONE',  ( 1.110223024625159948E-13, -5.551115123125779547E-14, -11.79999999999999893 ) ) ;
#6850 = DIRECTION ( 'NONE',  ( -1.000000000000000000, 0.000000000000000000, 0.000000000000000000 ) ) ;
#6851 = ORIENTED_EDGE ( 'NONE', *, *, #2962, .F. ) ;
#6852 = EDGE_LOOP ( 'NONE', ( #6701, #5814, #1618, #4712 ) ) ;
#6853 = DIRECTION ( 'NONE',  ( -1.000000000000000000, 0.000000000000000000, 0.000000000000000000 ) ) ;
#6854 = EDGE_CURVE ( 'NONE', #5164, #4537, #6906, .T. ) ;
#6855 = CARTESIAN_POINT ( 'NONE',  ( 0.1583013641714659803, -11.29987030249335866, -7.799999999999998934 ) ) ;
#6856 = CARTESIAN_POINT ( 'NONE',  ( -0.04521495950776906192, -2.624584942618296779, -10.82108875405800319 ) ) ;
#6857 = CARTESIAN_POINT ( 'NONE',  ( -2.504738895624814887, -1.199999999999980194, -9.888593028594966583 ) ) ;
#6858 = CARTESIAN_POINT ( 'NONE',  ( -1.000000000000000000, 1.224646799147351975E-16, -5.625000000000000000 ) ) ;
#6859 =( NAMED_UNIT ( * ) SI_UNIT ( $, .STERADIAN. ) SOLID_ANGLE_UNIT ( ) );
#6860 = EDGE_LOOP ( 'NONE', ( #2945, #4723, #5054, #6349 ) ) ;
#6861 = CIRCLE ( 'NONE', #5194, 1.500000000000000000 ) ;
#6862 = LINE ( 'NONE', #5882, #3768 ) ;
#6863 = CARTESIAN_POINT ( 'NONE',  ( 4.500000000000059508, -11.19999999999910045, -2.779157999888000052 ) ) ;
#6864 = DIRECTION ( 'NONE',  ( 0.000000000000000000, 0.000000000000000000, -1.000000000000000000 ) ) ;
#6865 = VERTEX_POINT ( 'NONE', #4829 ) ;
#6866 = LINE ( 'NONE', #2076, #65 ) ;
#6867 = DIRECTION ( 'NONE',  ( 1.000000000000000000, 0.000000000000000000, 0.000000000000000000 ) ) ;
#6868 = ORIENTED_EDGE ( 'NONE', *, *, #4368, .F. ) ;
#6869 = DIRECTION ( 'NONE',  ( -1.000000000000000000, 0.000000000000000000, 0.000000000000000000 ) ) ;
#6870 = ORIENTED_EDGE ( 'NONE', *, *, #1892, .T. ) ;
#6871 = CARTESIAN_POINT ( 'NONE',  ( 2.499999999999950262, 2.400000000000960032, -2.550000000000000266 ) ) ;
#6872 = EDGE_CURVE ( 'NONE', #5791, #4978, #6409, .T. ) ;
#6873 = DIRECTION ( 'NONE',  ( 0.000000000000000000, 0.000000000000000000, 1.000000000000000000 ) ) ;
#6874 = EDGE_CURVE ( 'NONE', #2649, #1369, #572, .T. ) ;
#6875 = DIRECTION ( 'NONE',  ( 1.000000000000000000, 0.000000000000000000, 0.000000000000000000 ) ) ;
#6876 = EDGE_LOOP ( 'NONE', ( #4486, #1285, #5425, #1501, #5243 ) ) ;
#6877 = DIRECTION ( 'NONE',  ( 0.000000000000000000, -1.000000000000000000, 0.000000000000000000 ) ) ;
#6878 = CARTESIAN_POINT ( 'NONE',  ( -1.479999999999979998, -8.499999999999740652, -13.23381197846477875 ) ) ;
#6879 = DIRECTION ( 'NONE',  ( 0.000000000000000000, 0.000000000000000000, 1.000000000000000000 ) ) ;
#6880 = CIRCLE ( 'NONE', #2428, 0.3999999999999993006 ) ;
#6881 = EDGE_LOOP ( 'NONE', ( #5086, #1983, #1516, #3020, #5735 ) ) ;
#6882 = CLOSED_SHELL ( 'NONE', ( #5806, #2663, #1908, #4752, #4963, #4827, #739, #1251, #2483, #304, #6760, #5487, #397, #5844, #4442, #3703, #1635, #1728, #5057, #5551, #2011, #6672, #5293, #5664, #1201, #1434, #3557, #6174, #2904, #492, #5530, #3895, #724, #3667, #280, #3388, #2284, #3585, #529, #3678, #5783, #1853, #5414, #2638, #5859, #4505, #683, #2463, #5299, #1544, #2138, #6898, #3159, #5147, #1928, #1242, #4376, #5184 ) ) ;
#6883 = VERTEX_POINT ( 'NONE', #3182 ) ;
#6884 = CARTESIAN_POINT ( 'NONE',  ( -0.5967211345709698689, -11.14998497961962798, -7.599999999999869083 ) ) ;
#6885 = ADVANCED_FACE ( 'NONE', ( #3821 ), #1162, .T. ) ;
#6886 = ADVANCED_FACE ( 'NONE', ( #2252 ), #540, .F. ) ;
#6887 = ADVANCED_FACE ( 'NONE', ( #5291, #4308 ), #4797, .F. ) ;
#6888 = DIRECTION ( 'NONE',  ( 0.000000000000000000, 0.000000000000000000, -1.000000000000000000 ) ) ;
#6889 = CARTESIAN_POINT ( 'NONE',  ( 1.249999999999949152, -5.343109238555981300, -7.608794663504332867 ) ) ;
#6890 = B_SPLINE_CURVE_WITH_KNOTS ( 'NONE', 3,
 ( #1305, #3426, #4524, #2950, #300, #951, #6360, #3597, #5741, #3624, #4138, #2690, #3071, #4228, #3730, #430, #6855, #1045, #1477, #6268, #5309, #2557, #5211, #5874, #1010, #457, #4686, #3133, #523, #5766, #4194, #6828, #2038, #6298 ),
 .UNSPECIFIED., .F., .F.,
 ( 4, 1, 1, 2, 2, 2, 1, 1, 2, 2, 2, 1, 1, 2, 2, 2, 1, 1, 2, 2, 4 ),
 ( 0.000000000000000000, 0.06250000000000072164, 0.09375000000000108247, 0.1093750000000012629, 0.1250000000000014433, 0.2500000000000004996, 0.3125000000000000555, 0.3437499999999994449, 0.3593749999999991673, 0.3749999999999988898, 0.4999999999999991673, 0.5624999999999992228, 0.5937499999999993339, 0.6093749999999991118, 0.6249999999999990008, 0.7499999999999976685, 0.8124999999999968914, 0.8437499999999965583, 0.8593749999999962252, 0.8749999999999960032, 1.000000000000000000 ),
 .UNSPECIFIED. ) ;
#6891 = CARTESIAN_POINT ( 'NONE',  ( 0.2221153288651130375, -2.631221042226655538, -10.75795048382948416 ) ) ;
#6892 = CARTESIAN_POINT ( 'NONE',  ( 0.000000000000000000, 0.000000000000000000, 0.000000000000000000 ) ) ;
#6893 = LINE ( 'NONE', #5280, #4550 ) ;
#6894 = EDGE_CURVE ( 'NONE', #6106, #2205, #4756, .T. ) ;
#6895 = ORIENTED_EDGE ( 'NONE', *, *, #3840, .F. ) ;
#6896 = EDGE_CURVE ( 'NONE', #6106, #994, #156, .T. ) ;
#6897 = VECTOR ( 'NONE', #6808, 1000.000000000000000 ) ;
#6898 = ADVANCED_FACE ( 'NONE', ( #5616 ), #830, .T. ) ;
#6899 = CARTESIAN_POINT ( 'NONE',  ( -2.299999999999080114, -1.199999999999979972, -11.79999999999999893 ) ) ;
#6900 = CARTESIAN_POINT ( 'NONE',  ( 3.600000000000159961, -6.349999999999999645, -14.40000000000000036 ) ) ;
#6901 = CIRCLE ( 'NONE', #535, 0.5000000000000004441 ) ;
#6902 = DIRECTION ( 'NONE',  ( 1.000000000000000000, 0.000000000000000000, 0.000000000000000000 ) ) ;
#6903 = EDGE_LOOP ( 'NONE', ( #242, #3938 ) ) ;
#6904 = DIRECTION ( 'NONE',  ( 0.000000000000000000, 0.000000000000000000, 1.000000000000000000 ) ) ;
#6905 = AXIS2_PLACEMENT_3D ( 'NONE', #2565, #6641, #355 ) ;
#6906 = LINE ( 'NONE', #8, #3326 ) ;
#6907 = ORIENTED_EDGE ( 'NONE', *, *, #3371, .F. ) ;
#6908 = CARTESIAN_POINT ( 'NONE',  ( 1.249999999999970024, -5.700000000000730260, -7.599999999999999645 ) ) ;
#6909 = EDGE_LOOP ( 'NONE', ( #13, #6324, #6159, #1854 ) ) ;
#6910 = AXIS2_PLACEMENT_3D ( 'NONE', #90, #5368, #4317 ) ;
#6911 = CARTESIAN_POINT ( 'NONE',  ( 1.549999999999829958, -6.500000000000000000, -11.79999999999999893 ) ) ;
#6912 = CARTESIAN_POINT ( 'NONE',  ( 3.200000000000980283, -2.599999999999050182, -9.750000000000000000 ) ) ;
#6913 = PLANE ( 'NONE',  #3213 ) ;
#6914 = AXIS2_PLACEMENT_3D ( 'NONE', #4244, #3289, #505 ) ;
#6915 = CARTESIAN_POINT ( 'NONE',  ( 0.000000000000000000, 0.000000000000000000, -11.79999999999999893 ) ) ;
#6916 = EDGE_LOOP ( 'NONE', ( #3691, #6001, #2402, #317, #5606, #1424 ) ) ;
#6917 = VECTOR ( 'NONE', #6537, 1000.000000000000000 ) ;
#6918 = LINE ( 'NONE', #5270, #2158 ) ;
#6919 = CARTESIAN_POINT ( 'NONE',  ( -4.500000000000059508, -6.000000000000000000, 0.000000000000000000 ) ) ;
#6920 = CARTESIAN_POINT ( 'NONE',  ( 3.600000000000159961, -6.349999999999999645, -14.40000000000000036 ) ) ;
#6921 = VECTOR ( 'NONE', #486, 1000.000000000000000 ) ;
#6922 = ORIENTED_EDGE ( 'NONE', *, *, #3610, .F. ) ;
#6923 = ORIENTED_EDGE ( 'NONE', *, *, #4632, .T. ) ;
#6924 = CARTESIAN_POINT ( 'NONE',  ( 1.550000000000050004, -3.350000000000000089, -13.44999999999999929 ) ) ;
#6925 = VECTOR ( 'NONE', #814, 1000.000000000000000 ) ;
#6926 = EDGE_CURVE ( 'NONE', #4698, #4558, #5536, .T. ) ;
#6927 = DIRECTION ( 'NONE',  ( 0.000000000000000000, -1.000000000000000000, 0.000000000000000000 ) ) ;
#6928 = SURFACE_STYLE_USAGE ( .BOTH. , #4407 ) ;
#6929 = CARTESIAN_POINT ( 'NONE',  ( 0.3270532472756301212, -2.642159372045064902, -10.65387922741655835 ) ) ;
#6930 = FACE_OUTER_BOUND ( 'NONE', #1061, .T. ) ;
#6931 = NEXT_ASSEMBLY_USAGE_OCCURRENCE ( 'NAUO1', ' ', ' ', #1155, #6766, $ ) ;
ENDSEC;
END-ISO-10303-21;
