ISO-10303-21;
HEADER;
FILE_DESCRIPTION (( 'STEP AP214' ),
    '1' );
FILE_NAME ('FTSH-103-01-F-D.STEP',
    '2020-04-15T21:09:01',
    ( '' ),
    ( '' ),
    'SwSTEP 2.0',
    'SolidWorks 2018',
    '' );
FILE_SCHEMA (( 'AUTOMOTIVE_DESIGN' ));
ENDSEC;

DATA;
#1 = DIRECTION ( 'NONE',  ( 0.0000000000000000000, 0.0000000000000000000, -1.000000000000000000 ) ) ;
#2 = LINE ( 'NONE', #2551, #839 ) ;
#3 = DIRECTION ( 'NONE',  ( -1.000000000000000000, 0.0000000000000000000, 0.0000000000000000000 ) ) ;
#4 = CARTESIAN_POINT ( 'NONE',  ( 0.04000000000000000083, 0.07449999999999999678, -0.04250000000000001693 ) ) ;
#5 = EDGE_CURVE ( 'NONE', #4767, #563, #4723, .T. ) ;
#6 = EDGE_LOOP ( 'NONE', ( #4227, #260, #4768, #5036 ) ) ;
#7 = SURFACE_STYLE_FILL_AREA ( #5856 ) ;
#8 = DIRECTION ( 'NONE',  ( -0.0000000000000000000, -1.000000000000000000, -0.0000000000000000000 ) ) ;
#9 = EDGE_CURVE ( 'NONE', #2444, #5707, #1741, .T. ) ;
#10 = STYLED_ITEM ( 'NONE', ( #5709 ), #2319 ) ;
#11 = CARTESIAN_POINT ( 'NONE',  ( -0.008000000000000015779, 0.0000000000000000000, -0.03300000000000000155 ) ) ;
#12 = EDGE_CURVE ( 'NONE', #483, #3217, #1593, .T. ) ;
#13 = STYLED_ITEM ( 'NONE', ( #6139 ), #1223 ) ;
#14 = ORIENTED_EDGE ( 'NONE', *, *, #4226, .F. ) ;
#15 = ORIENTED_EDGE ( 'NONE', *, *, #468, .F. ) ;
#16 = EDGE_CURVE ( 'NONE', #5815, #3921, #294, .T. ) ;
#17 = DIRECTION ( 'NONE',  ( 0.0000000000000000000, 1.000000000000000000, 0.0000000000000000000 ) ) ;
#18 = CARTESIAN_POINT ( 'NONE',  ( 0.04199999999999998873, 0.09900000000000000466, 0.01700000000000000122 ) ) ;
#19 = DIRECTION ( 'NONE',  ( -0.0000000000000000000, -1.000000000000000000, -0.0000000000000000000 ) ) ;
#20 = SURFACE_STYLE_USAGE ( .BOTH. , #4451 ) ;
#21 = AXIS2_PLACEMENT_3D ( 'NONE', #2748, #6165, #824 ) ;
#22 = ORIENTED_EDGE ( 'NONE', *, *, #4520, .T. ) ;
#23 = LINE ( 'NONE', #3343, #5716 ) ;
#24 = SURFACE_STYLE_USAGE ( .BOTH. , #553 ) ;
#25 =( NAMED_UNIT ( * ) PLANE_ANGLE_UNIT ( ) SI_UNIT ( $, .RADIAN. ) );
#26 = ADVANCED_FACE ( 'NONE', ( #3123 ), #845, .F. ) ;
#27 =( LENGTH_UNIT ( ) NAMED_UNIT ( * ) SI_UNIT ( $, .METRE. ) );
#28 = VERTEX_POINT ( 'NONE', #4255 ) ;
#29 = VERTEX_POINT ( 'NONE', #4361 ) ;
#30 = ORIENTED_EDGE ( 'NONE', *, *, #2466, .F. ) ;
#31 = CARTESIAN_POINT ( 'NONE',  ( 0.01000000000000000368, 0.02450000000000000441, 0.01580951894845298786 ) ) ;
#32 = UNCERTAINTY_MEASURE_WITH_UNIT (LENGTH_MEASURE( 1.000000000000000082E-05 ), #1874, 'distance_accuracy_value', 'NONE');
#33 = VERTEX_POINT ( 'NONE', #18 ) ;
#34 = EDGE_LOOP ( 'NONE', ( #4317, #1796, #2299, #5142 ) ) ;
#35 = ORIENTED_EDGE ( 'NONE', *, *, #1497, .T. ) ;
#36 = VECTOR ( 'NONE', #3230, 39.37007874015748143 ) ;
#37 = ORIENTED_EDGE ( 'NONE', *, *, #1641, .F. ) ;
#38 = DIRECTION ( 'NONE',  ( 0.0000000000000000000, 0.0000000000000000000, 1.000000000000000000 ) ) ;
#39 = ORIENTED_EDGE ( 'NONE', *, *, #6085, .F. ) ;
#40 = PLANE ( 'NONE',  #2258 ) ;
#41 = ORIENTED_EDGE ( 'NONE', *, *, #3070, .F. ) ;
#42 = DIRECTION ( 'NONE',  ( -1.000000000000000000, 0.0000000000000000000, 0.0000000000000000000 ) ) ;
#43 = FACE_OUTER_BOUND ( 'NONE', #2998, .T. ) ;
#44 = LINE ( 'NONE', #6076, #4950 ) ;
#45 = EDGE_LOOP ( 'NONE', ( #5006, #3724, #4022, #5077 ) ) ;
#46 = EDGE_CURVE ( 'NONE', #5502, #1416, #3431, .T. ) ;
#47 = CARTESIAN_POINT ( 'NONE',  ( 0.07499999999999999722, 0.02450000000000000441, 0.04749999999999998668 ) ) ;
#48 = EDGE_LOOP ( 'NONE', ( #5594, #1184, #1860, #5974, #5097, #3683, #3149 ) ) ;
#49 = PRESENTATION_LAYER_ASSIGNMENT (  '', '', ( #5084 ) ) ;
#50 = ORIENTED_EDGE ( 'NONE', *, *, #2043, .F. ) ;
#51 = AXIS2_PLACEMENT_3D ( 'NONE', #1108, #2056, #3457 ) ;
#52 = STYLED_ITEM ( 'NONE', ( #1034 ), #4542 ) ;
#53 = FACE_OUTER_BOUND ( 'NONE', #567, .T. ) ;
#54 = EDGE_CURVE ( 'NONE', #4148, #6281, #4886, .T. ) ;
#55 = CARTESIAN_POINT ( 'NONE',  ( -0.05800000000000001682, 0.0000000000000000000, -0.01700000000000000122 ) ) ;
#56 = LINE ( 'NONE', #908, #3491 ) ;
#57 = CARTESIAN_POINT ( 'NONE',  ( 0.007999999999999981085, 0.09900000000000000466, 0.03300000000000000155 ) ) ;
#58 = ORIENTED_EDGE ( 'NONE', *, *, #5783, .F. ) ;
#59 = FILL_AREA_STYLE_COLOUR ( '', #5234 ) ;
#60 = CARTESIAN_POINT ( 'NONE',  ( -0.04200000000000002343, 0.0000000000000000000, 0.03300000000000000155 ) ) ;
#61 = LENGTH_MEASURE_WITH_UNIT ( LENGTH_MEASURE( 0.02539999999999999897 ), #1900 );
#62 = VECTOR ( 'NONE', #1250, 39.37007874015748143 ) ;
#63 = FACE_OUTER_BOUND ( 'NONE', #1905, .T. ) ;
#64 = VECTOR ( 'NONE', #3223, 39.37007874015748143 ) ;
#65 = ADVANCED_FACE ( 'NONE', ( #1362 ), #3437, .F. ) ;
#66 = AXIS2_PLACEMENT_3D ( 'NONE', #803, #4775, #3317 ) ;
#67 = CARTESIAN_POINT ( 'NONE',  ( -0.04200000000000002343, 0.2089999999999999358, 0.03300000000000000155 ) ) ;
#68 = PRESENTATION_LAYER_ASSIGNMENT (  '', '', ( #2663 ) ) ;
#69 = FILL_AREA_STYLE ('',( #5867 ) ) ;
#70 = VECTOR ( 'NONE', #5907, 39.37007874015748143 ) ;
#72 = VECTOR ( 'NONE', #4229, 39.37007874015748143 ) ;
#71 = CARTESIAN_POINT ( 'NONE',  ( -0.008000000000000015779, -0.08999999999999999667, 0.03300000000000000155 ) ) ;
#73 = FACE_OUTER_BOUND ( 'NONE', #3569, .T. ) ;
#74 = VECTOR ( 'NONE', #5611, 39.37007874015748143 ) ;
#75 = EDGE_CURVE ( 'NONE', #1309, #4421, #149, .T. ) ;
#76 = VECTOR ( 'NONE', #614, 39.37007874015748854 ) ;
#77 = CARTESIAN_POINT ( 'NONE',  ( -0.03080127018922191803, 0.0000000000000000000, 0.04250000000000001693 ) ) ;
#78 = CARTESIAN_POINT ( 'NONE',  ( 0.06500000000000000222, 0.07450000000000002454, -0.04749999999999998668 ) ) ;
#79 = SURFACE_STYLE_FILL_AREA ( #3568 ) ;
#80 = CARTESIAN_POINT ( 'NONE',  ( 0.05799999999999998906, 0.0000000000000000000, -0.03300000000000000155 ) ) ;
#81 = UNCERTAINTY_MEASURE_WITH_UNIT (LENGTH_MEASURE( 1.000000000000000082E-05 ), #5963, 'distance_accuracy_value', 'NONE');
#83 = CARTESIAN_POINT ( 'NONE',  ( -0.008000000000000015779, 0.0000000000000000000, -0.03300000000000000155 ) ) ;
#82 = PLANE ( 'NONE',  #4120 ) ;
#84 = CARTESIAN_POINT ( 'NONE',  ( -0.07500000000000002498, 0.02450000000000000441, 0.06749999999999997669 ) ) ;
#85 = VECTOR ( 'NONE', #3300, 39.37007874015748143 ) ;
#86 = ORIENTED_EDGE ( 'NONE', *, *, #825, .F. ) ;
#87 = EDGE_CURVE ( 'NONE', #1038, #1332, #5544, .T. ) ;
#88 = CARTESIAN_POINT ( 'NONE',  ( 0.06500000000000000222, 0.02449999999999998707, -0.04749999999999998668 ) ) ;
#89 = ORIENTED_EDGE ( 'NONE', *, *, #4276, .T. ) ;
#90 = ADVANCED_FACE ( 'NONE', ( #2723 ), #5380, .F. ) ;
#91 = EDGE_CURVE ( 'NONE', #1567, #1320, #446, .T. ) ;
#92 = DIRECTION ( 'NONE',  ( 0.0000000000000000000, -1.000000000000000000, -0.0000000000000000000 ) ) ;
#93 = ORIENTED_EDGE ( 'NONE', *, *, #4387, .F. ) ;
#94 = EDGE_CURVE ( 'NONE', #6304, #2683, #3261, .T. ) ;
#95 = AXIS2_PLACEMENT_3D ( 'NONE', #580, #4016, #1075 ) ;
#96 = CARTESIAN_POINT ( 'NONE',  ( -0.01249999999999999549, 0.0000000000000000000, 0.06750000000000001832 ) ) ;
#97 = AXIS2_PLACEMENT_3D ( 'NONE', #413, #3843, #4353 ) ;
#98 = EDGE_CURVE ( 'NONE', #849, #5868, #982, .T. ) ;
#99 = EDGE_LOOP ( 'NONE', ( #3453, #4107, #3758, #309 ) ) ;
#100 = LENGTH_MEASURE_WITH_UNIT ( LENGTH_MEASURE( 0.02539999999999999897 ), #2387 );
#101 = DIRECTION ( 'NONE',  ( -0.4472135954999568730, 0.7745966692414849586, -0.4472135954999564289 ) ) ;
#102 = DIRECTION ( 'NONE',  ( 0.0000000000000000000, 1.000000000000000000, 0.0000000000000000000 ) ) ;
#103 = CARTESIAN_POINT ( 'NONE',  ( -0.04200000000000002343, -0.08999999999999999667, -0.03300000000000000155 ) ) ;
#104 = CARTESIAN_POINT ( 'NONE',  ( -0.05800000000000001682, 0.2089999999999999358, 0.03300000000000000155 ) ) ;
#105 = CARTESIAN_POINT ( 'NONE',  ( -0.01919872981077807780, 0.0000000000000000000, 0.04250000000000001693 ) ) ;
#106 = EDGE_LOOP ( 'NONE', ( #4792, #4176, #2832, #5785 ) ) ;
#107 = VERTEX_POINT ( 'NONE', #1892 ) ;
#108 = ORIENTED_EDGE ( 'NONE', *, *, #4115, .T. ) ;
#109 = CARTESIAN_POINT ( 'NONE',  ( -0.05800000000000001682, -0.2026274169979695450, 0.03300000000000000155 ) ) ;
#110 = UNCERTAINTY_MEASURE_WITH_UNIT (LENGTH_MEASURE( 1.000000000000000082E-05 ), #4612, 'distance_accuracy_value', 'NONE');
#111 = EDGE_LOOP ( 'NONE', ( #2991, #3105, #273, #2912 ) ) ;
#112 = ORIENTED_EDGE ( 'NONE', *, *, #3411, .T. ) ;
#113 = ORIENTED_EDGE ( 'NONE', *, *, #6010, .F. ) ;
#114 = CARTESIAN_POINT ( 'NONE',  ( 0.007999999999999981085, 0.09900000000000000466, 0.03300000000000000155 ) ) ;
#115 = ORIENTED_EDGE ( 'NONE', *, *, #4673, .T. ) ;
#116 = DIRECTION ( 'NONE',  ( 0.0000000000000000000, 0.0000000000000000000, 1.000000000000000000 ) ) ;
#118 = SURFACE_STYLE_USAGE ( .BOTH. , #1530 ) ;
#117 = DIRECTION ( 'NONE',  ( -1.000000000000000000, -0.0000000000000000000, -0.0000000000000000000 ) ) ;
#119 = LINE ( 'NONE', #4995, #5617 ) ;
#120 = FACE_OUTER_BOUND ( 'NONE', #4094, .T. ) ;
#121 = ORIENTED_EDGE ( 'NONE', *, *, #3459, .T. ) ;
#122 = EDGE_LOOP ( 'NONE', ( #2243, #2229, #1037, #5914, #3791, #3533, #1644, #1171, #174, #6149, #5652, #5383 ) ) ;
#123 = ADVANCED_FACE ( 'NONE', ( #2119 ), #2423, .F. ) ;
#124 = ORIENTED_EDGE ( 'NONE', *, *, #4137, .F. ) ;
#125 = CARTESIAN_POINT ( 'NONE',  ( 0.06500000000000000222, 0.07449999999999999678, 0.04749999999999998668 ) ) ;
#126 = DIRECTION ( 'NONE',  ( 0.0000000000000000000, 0.0000000000000000000, 1.000000000000000000 ) ) ;
#127 = VECTOR ( 'NONE', #6175, 39.37007874015748143 ) ;
#128 = FILL_AREA_STYLE_COLOUR ( '', #374 ) ;
#129 = LINE ( 'NONE', #5939, #4112 ) ;
#130 = EDGE_LOOP ( 'NONE', ( #3802, #3097, #1101, #5891 ) ) ;
#131 = DIRECTION ( 'NONE',  ( -1.000000000000000000, 0.0000000000000000000, 0.0000000000000000000 ) ) ;
#132 = ORIENTED_EDGE ( 'NONE', *, *, #5051, .F. ) ;
#133 = SURFACE_STYLE_FILL_AREA ( #4465 ) ;
#134 = EDGE_CURVE ( 'NONE', #2098, #3213, #1433, .T. ) ;
#135 = DIRECTION ( 'NONE',  ( 1.000000000000000000, 0.0000000000000000000, 0.0000000000000000000 ) ) ;
#136 = DIRECTION ( 'NONE',  ( 0.0000000000000000000, 0.0000000000000000000, -1.000000000000000000 ) ) ;
#137 = AXIS2_PLACEMENT_3D ( 'NONE', #4604, #4103, #713 ) ;
#138 = EDGE_CURVE ( 'NONE', #2683, #2469, #3346, .T. ) ;
#139 = AXIS2_PLACEMENT_3D ( 'NONE', #5170, #4065, #4210 ) ;
#140 = EDGE_CURVE ( 'NONE', #6063, #962, #602, .T. ) ;
#141 = DIRECTION ( 'NONE',  ( 0.0000000000000000000, -0.4999999999999980016, -0.8660254037844398178 ) ) ;
#142 = LINE ( 'NONE', #1380, #3040 ) ;
#143 = VECTOR ( 'NONE', #3049, 39.37007874015748854 ) ;
#144 = LINE ( 'NONE', #5998, #4134 ) ;
#145 =( GEOMETRIC_REPRESENTATION_CONTEXT ( 3 ) GLOBAL_UNCERTAINTY_ASSIGNED_CONTEXT ( ( #3395 ) ) GLOBAL_UNIT_ASSIGNED_CONTEXT ( ( #2579, #3056, #5987 ) ) REPRESENTATION_CONTEXT ( 'NONE', 'WORKASPACE' ) );
#146 = LINE ( 'NONE', #2521, #287 ) ;
#147 = CARTESIAN_POINT ( 'NONE',  ( -0.03080127018922191803, 0.07449999999999999678, -0.04250000000000002387 ) ) ;
#148 = EDGE_CURVE ( 'NONE', #5193, #1762, #2874, .T. ) ;
#149 = LINE ( 'NONE', #513, #1151 ) ;
#150 = STYLED_ITEM ( 'NONE', ( #214 ), #3752 ) ;
#151 = CARTESIAN_POINT ( 'NONE',  ( 0.07499999999999999722, 0.09900000000000000466, 0.06749999999999999056 ) ) ;
#152 = CARTESIAN_POINT ( 'NONE',  ( 0.05799999999999998906, -0.2026274169979695450, 0.03300000000000000155 ) ) ;
#153 = DIRECTION ( 'NONE',  ( -0.0000000000000000000, -0.0000000000000000000, -1.000000000000000000 ) ) ;
#154 = DIRECTION ( 'NONE',  ( -1.000000000000000000, -0.0000000000000000000, -0.0000000000000000000 ) ) ;
#155 = DIRECTION ( 'NONE',  ( 0.0000000000000000000, -1.000000000000000000, -0.0000000000000000000 ) ) ;
#156 = CARTESIAN_POINT ( 'NONE',  ( 0.03750000000000001249, 0.07449999999999999678, 0.06750000000000001832 ) ) ;
#157 = PLANE ( 'NONE',  #2581 ) ;
#158 =( NAMED_UNIT ( * ) PLANE_ANGLE_UNIT ( ) SI_UNIT ( $, .RADIAN. ) );
#159 = FACE_OUTER_BOUND ( 'NONE', #2231, .T. ) ;
#160 = CARTESIAN_POINT ( 'NONE',  ( 0.05222649730810371982, 0.2190000000000000002, -0.02277350269189626700 ) ) ;
#162 = FILL_AREA_STYLE ('',( #2232 ) ) ;
#161 = CARTESIAN_POINT ( 'NONE',  ( 0.04199999999999998873, -0.08999999999999999667, 0.01700000000000000122 ) ) ;
#163 = ORIENTED_EDGE ( 'NONE', *, *, #224, .F. ) ;
#164 = VECTOR ( 'NONE', #5809, 39.37007874015748143 ) ;
#165 =( NAMED_UNIT ( * ) PLANE_ANGLE_UNIT ( ) SI_UNIT ( $, .RADIAN. ) );
#166 =( NAMED_UNIT ( * ) PLANE_ANGLE_UNIT ( ) SI_UNIT ( $, .RADIAN. ) );
#167 = DIRECTION ( 'NONE',  ( 0.2588190451025213501, 0.0000000000000000000, -0.9659258262890679791 ) ) ;
#168 = DIRECTION ( 'NONE',  ( 1.000000000000000000, 0.0000000000000000000, 0.0000000000000000000 ) ) ;
#169 = CLOSED_SHELL ( 'NONE', ( #4053, #4171, #123, #4519, #3889, #5696, #2141, #4383, #1280, #3220 ) ) ;
#170 = VECTOR ( 'NONE', #3555, 39.37007874015748143 ) ;
#171 = AXIS2_PLACEMENT_3D ( 'NONE', #3172, #759, #1714 ) ;
#172 = STYLED_ITEM ( 'NONE', ( #5219 ), #4519 ) ;
#173 = EDGE_CURVE ( 'NONE', #1775, #1671, #5845, .T. ) ;
#174 = ORIENTED_EDGE ( 'NONE', *, *, #4708, .T. ) ;
#175 = LINE ( 'NONE', #4422, #855 ) ;
#176 = CARTESIAN_POINT ( 'NONE',  ( -0.01919872981077807780, 0.0000000000000000000, 0.04250000000000001693 ) ) ;
#177 = CARTESIAN_POINT ( 'NONE',  ( -0.05800000000000001682, 0.2190000000000000002, -0.03300000000000000155 ) ) ;
#178 = VERTEX_POINT ( 'NONE', #4977 ) ;
#179 = ORIENTED_EDGE ( 'NONE', *, *, #3162, .T. ) ;
#180 = CARTESIAN_POINT ( 'NONE',  ( -0.04200000000000002343, 0.2089999999999999358, -0.03300000000000000155 ) ) ;
#181 = EDGE_CURVE ( 'NONE', #2444, #2152, #4424, .T. ) ;
#182 = CARTESIAN_POINT ( 'NONE',  ( 0.05799999999999998906, 0.0000000000000000000, 0.03300000000000000155 ) ) ;
#183 = ORIENTED_EDGE ( 'NONE', *, *, #5507, .T. ) ;
#184 = DIRECTION ( 'NONE',  ( 0.0000000000000000000, 1.000000000000000000, 0.0000000000000000000 ) ) ;
#185 = ORIENTED_EDGE ( 'NONE', *, *, #3489, .T. ) ;
#186 = CARTESIAN_POINT ( 'NONE',  ( 0.05799999999999998906, 0.0000000000000000000, -0.03300000000000000155 ) ) ;
#187 = ORIENTED_EDGE ( 'NONE', *, *, #5201, .F. ) ;
#188 = CARTESIAN_POINT ( 'NONE',  ( -0.06178119784648295615, 0.2024507732164214646, 0.01321880215351707057 ) ) ;
#189 = ADVANCED_FACE ( 'NONE', ( #1146 ), #4469, .F. ) ;
#190 = ORIENTED_EDGE ( 'NONE', *, *, #3407, .T. ) ;
#191 = ORIENTED_EDGE ( 'NONE', *, *, #4001, .F. ) ;
#192 = LINE ( 'NONE', #1670, #6050 ) ;
#193 = VECTOR ( 'NONE', #4070, 39.37007874015748143 ) ;
#194 = ORIENTED_EDGE ( 'NONE', *, *, #5885, .T. ) ;
#195 = ORIENTED_EDGE ( 'NONE', *, *, #5954, .F. ) ;
#196 = CARTESIAN_POINT ( 'NONE',  ( 0.04199999999999998873, -0.08999999999999999667, 0.01700000000000000122 ) ) ;
#197 = VERTEX_POINT ( 'NONE', #569 ) ;
#198 = LENGTH_MEASURE_WITH_UNIT ( LENGTH_MEASURE( 0.02539999999999999897 ), #241 );
#199 = VECTOR ( 'NONE', #3138, 39.37007874015748143 ) ;
#200 = VECTOR ( 'NONE', #2340, 39.37007874015748143 ) ;
#201 = VERTEX_POINT ( 'NONE', #1596 ) ;
#202 = ORIENTED_EDGE ( 'NONE', *, *, #1316, .T. ) ;
#203 = ORIENTED_EDGE ( 'NONE', *, *, #5062, .T. ) ;
#205 = CARTESIAN_POINT ( 'NONE',  ( -0.008000000000000015779, -0.08999999999999999667, 0.01700000000000000122 ) ) ;
#204 = PLANE ( 'NONE',  #5504 ) ;
#206 = LINE ( 'NONE', #4504, #5606 ) ;
#207 = LINE ( 'NONE', #6181, #5166 ) ;
#208 = VECTOR ( 'NONE', #4441, 39.37007874015748143 ) ;
#209 = DIRECTION ( 'NONE',  ( -0.0000000000000000000, 1.000000000000000000, -0.0000000000000000000 ) ) ;
#210 = EDGE_LOOP ( 'NONE', ( #1102, #5209, #5590, #3383, #5031, #6278, #3405, #2486 ) ) ;
#211 = CARTESIAN_POINT ( 'NONE',  ( 0.04199999999999998873, 0.2190000000000000002, -0.01700000000000000122 ) ) ;
#212 = SURFACE_SIDE_STYLE ('',( #4725 ) ) ;
#213 = CARTESIAN_POINT ( 'NONE',  ( -0.07500000000000002498, 0.07449999999999999678, 0.05749999999999998168 ) ) ;
#214 = PRESENTATION_STYLE_ASSIGNMENT (( #5346 ) ) ;
#216 = VECTOR ( 'NONE', #1615, 39.37007874015748143 ) ;
#215 = CARTESIAN_POINT ( 'NONE',  ( -0.05222649730810375451, 0.2190000000000000002, 0.0000000000000000000 ) ) ;
#217 = LINE ( 'NONE', #6082, #5540 ) ;
#218 = VECTOR ( 'NONE', #5720, 39.37007874015748143 ) ;
#219 = EDGE_CURVE ( 'NONE', #696, #3084, #5173, .T. ) ;
#220 = CARTESIAN_POINT ( 'NONE',  ( 0.05799999999999998906, 0.09900000000000000466, -0.03300000000000000155 ) ) ;
#221 = DIMENSIONAL_EXPONENTS ( 1.000000000000000000, 0.0000000000000000000, 0.0000000000000000000, 0.0000000000000000000, 0.0000000000000000000, 0.0000000000000000000, 0.0000000000000000000 ) ;
#222 =( GEOMETRIC_REPRESENTATION_CONTEXT ( 3 ) GLOBAL_UNCERTAINTY_ASSIGNED_CONTEXT ( ( #1702 ) ) GLOBAL_UNIT_ASSIGNED_CONTEXT ( ( #5697, #4267, #239 ) ) REPRESENTATION_CONTEXT ( 'NONE', 'WORKASPACE' ) );
#223 = VECTOR ( 'NONE', #2588, 39.37007874015748143 ) ;
#224 = EDGE_CURVE ( 'NONE', #1309, #6190, #4586, .T. ) ;
#225 = AXIS2_PLACEMENT_3D ( 'NONE', #2253, #2293, #2311 ) ;
#226 = VECTOR ( 'NONE', #4998, 39.37007874015748143 ) ;
#227 = EDGE_CURVE ( 'NONE', #4528, #1567, #3507, .T. ) ;
#228 = ADVANCED_FACE ( 'NONE', ( #1806 ), #3001, .F. ) ;
#229 = COLOUR_RGB ( '',0.7921568627450980005, 0.8196078431372548767, 0.9333333333333333481 ) ;
#230 = UNCERTAINTY_MEASURE_WITH_UNIT (LENGTH_MEASURE( 1.000000000000000082E-05 ), #4291, 'distance_accuracy_value', 'NONE');
#231 =( NAMED_UNIT ( * ) SI_UNIT ( $, .STERADIAN. ) SOLID_ANGLE_UNIT ( ) );
#232 = DIRECTION ( 'NONE',  ( -0.0000000000000000000, -0.0000000000000000000, -1.000000000000000000 ) ) ;
#233 = SURFACE_STYLE_USAGE ( .BOTH. , #212 ) ;
#234 = DIRECTION ( 'NONE',  ( -1.000000000000000000, -0.0000000000000000000, -0.0000000000000000000 ) ) ;
#235 = VECTOR ( 'NONE', #3462, 39.37007874015748143 ) ;
#236 = DIRECTION ( 'NONE',  ( 1.000000000000000000, -0.0000000000000000000, 0.0000000000000000000 ) ) ;
#237 = ORIENTED_EDGE ( 'NONE', *, *, #3407, .F. ) ;
#238 = LINE ( 'NONE', #4693, #4741 ) ;
#239 =( NAMED_UNIT ( * ) SI_UNIT ( $, .STERADIAN. ) SOLID_ANGLE_UNIT ( ) );
#240 = ORIENTED_EDGE ( 'NONE', *, *, #2368, .T. ) ;
#241 =( LENGTH_UNIT ( ) NAMED_UNIT ( * ) SI_UNIT ( $, .METRE. ) );
#242 = PLANE ( 'NONE',  #782 ) ;
#243 = VERTEX_POINT ( 'NONE', #4495 ) ;
#244 = LENGTH_MEASURE_WITH_UNIT ( LENGTH_MEASURE( 0.02539999999999999897 ), #4544 );
#245 = DIRECTION ( 'NONE',  ( 0.0000000000000000000, 1.000000000000000000, -0.0000000000000000000 ) ) ;
#246 = DIRECTION ( 'NONE',  ( 1.000000000000000000, -0.0000000000000000000, -0.0000000000000000000 ) ) ;
#247 = EDGE_CURVE ( 'NONE', #2152, #2178, #2957, .T. ) ;
#248 = ORIENTED_EDGE ( 'NONE', *, *, #12, .T. ) ;
#249 = AXIS2_PLACEMENT_3D ( 'NONE', #736, #2744, #3728 ) ;
#250 = LINE ( 'NONE', #326, #4311 ) ;
#251 = EDGE_CURVE ( 'NONE', #954, #778, #6074, .T. ) ;
#252 = ORIENTED_EDGE ( 'NONE', *, *, #785, .T. ) ;
#253 = DIRECTION ( 'NONE',  ( 1.000000000000000000, 0.0000000000000000000, 0.0000000000000000000 ) ) ;
#254 = CARTESIAN_POINT ( 'NONE',  ( 0.07499999999999999722, 0.09900000000000000466, 0.06749999999999999056 ) ) ;
#255 = ORIENTED_EDGE ( 'NONE', *, *, #1527, .F. ) ;
#256 = ORIENTED_EDGE ( 'NONE', *, *, #2811, .T. ) ;
#257 = PRESENTATION_LAYER_ASSIGNMENT (  '', '', ( #6134 ) ) ;
#258 = DIRECTION ( 'NONE',  ( 0.0000000000000000000, 1.000000000000000000, 0.0000000000000000000 ) ) ;
#259 = VERTEX_POINT ( 'NONE', #103 ) ;
#260 = ORIENTED_EDGE ( 'NONE', *, *, #465, .F. ) ;
#261 = EDGE_LOOP ( 'NONE', ( #5817, #5067, #2833, #5284 ) ) ;
#262 = ORIENTED_EDGE ( 'NONE', *, *, #5507, .F. ) ;
#263 = DIRECTION ( 'NONE',  ( 0.0000000000000000000, 0.0000000000000000000, 1.000000000000000000 ) ) ;
#264 = UNCERTAINTY_MEASURE_WITH_UNIT (LENGTH_MEASURE( 1.000000000000000082E-05 ), #5942, 'distance_accuracy_value', 'NONE');
#265 = CARTESIAN_POINT ( 'NONE',  ( -0.03749999999999999861, 0.02449999999999998707, -0.06749999999999997669 ) ) ;
#266 = LINE ( 'NONE', #835, #1330 ) ;
#267 = VECTOR ( 'NONE', #2279, 39.37007874015748143 ) ;
#269 = CARTESIAN_POINT ( 'NONE',  ( 0.01919872981077808821, 0.09900000000000000466, -0.04250000000000001693 ) ) ;
#268 = COLOUR_RGB ( '',0.9686274509803921573, 0.8784313725490195957, 0.5999999999999999778 ) ;
#270 = VECTOR ( 'NONE', #487, 39.37007874015748143 ) ;
#271 = EDGE_LOOP ( 'NONE', ( #1652, #545, #4117, #2382 ) ) ;
#272 = PLANE ( 'NONE',  #4009 ) ;
#273 = ORIENTED_EDGE ( 'NONE', *, *, #4601, .F. ) ;
#274 = ORIENTED_EDGE ( 'NONE', *, *, #460, .T. ) ;
#275 = VECTOR ( 'NONE', #2505, 39.37007874015748143 ) ;
#276 = PLANE ( 'NONE',  #5952 ) ;
#277 = CARTESIAN_POINT ( 'NONE',  ( 0.04199999999999998873, 0.0000000000000000000, -0.01700000000000000122 ) ) ;
#278 = ORIENTED_EDGE ( 'NONE', *, *, #1813, .T. ) ;
#279 = DIRECTION ( 'NONE',  ( -1.000000000000000000, 0.0000000000000000000, -0.0000000000000000000 ) ) ;
#280 = PRESENTATION_STYLE_ASSIGNMENT (( #5262 ) ) ;
#281 =( NAMED_UNIT ( * ) PLANE_ANGLE_UNIT ( ) SI_UNIT ( $, .RADIAN. ) );
#282 = ADVANCED_FACE ( 'NONE', ( #3814 ), #3475, .T. ) ;
#283 = FACE_OUTER_BOUND ( 'NONE', #2363, .T. ) ;
#284 = VECTOR ( 'NONE', #1051, 39.37007874015748143 ) ;
#285 = COLOUR_RGB ( '',0.9686274509803921573, 0.8784313725490195957, 0.5999999999999999778 ) ;
#286 = CARTESIAN_POINT ( 'NONE',  ( 0.0000000000000000000, 0.2190000000000000002, 0.02722649730810373578 ) ) ;
#287 = VECTOR ( 'NONE', #3086, 39.37007874015748143 ) ;
#288 = MECHANICAL_DESIGN_GEOMETRIC_PRESENTATION_REPRESENTATION (  '', ( #3143 ), #1712 ) ;
#289 = CARTESIAN_POINT ( 'NONE',  ( -0.002226497308103747401, 0.2190000000000000002, 0.0000000000000000000 ) ) ;
#290 =( GEOMETRIC_REPRESENTATION_CONTEXT ( 3 ) GLOBAL_UNCERTAINTY_ASSIGNED_CONTEXT ( ( #32 ) ) GLOBAL_UNIT_ASSIGNED_CONTEXT ( ( #1874, #5767, #1826 ) ) REPRESENTATION_CONTEXT ( 'NONE', 'WORKASPACE' ) );
#291 = SURFACE_SIDE_STYLE ('',( #3825 ) ) ;
#292 = CARTESIAN_POINT ( 'NONE',  ( 0.0000000000000000000, 0.2190000000000000002, 0.02277350269189626700 ) ) ;
#293 = EDGE_CURVE ( 'NONE', #2089, #4871, #2272, .T. ) ;
#294 = LINE ( 'NONE', #360, #4430 ) ;
#295 = EDGE_CURVE ( 'NONE', #2143, #3183, #2648, .T. ) ;
#296 = CARTESIAN_POINT ( 'NONE',  ( -0.04000000000000000777, 0.07449999999999999678, -0.04250000000000001693 ) ) ;
#297 = CARTESIAN_POINT ( 'NONE',  ( 0.01249999999999999896, 0.07450000000000002454, -0.06749999999999997669 ) ) ;
#298 = CARTESIAN_POINT ( 'NONE',  ( 0.04199999999999998873, -0.2026274169979695450, 0.03300000000000000155 ) ) ;
#299 = AXIS2_PLACEMENT_3D ( 'NONE', #6189, #363, #4216 ) ;
#300 = VECTOR ( 'NONE', #2312, 39.37007874015748143 ) ;
#301 = DIRECTION ( 'NONE',  ( -0.0000000000000000000, -1.000000000000000000, -0.0000000000000000000 ) ) ;
#302 = EDGE_CURVE ( 'NONE', #3314, #2247, #1217, .T. ) ;
#303 = SURFACE_SIDE_STYLE ('',( #3374 ) ) ;
#304 = LINE ( 'NONE', #1010, #1821 ) ;
#305 = CARTESIAN_POINT ( 'NONE',  ( 0.04199999999999998873, 0.2089999999999999358, -0.01700000000000000122 ) ) ;
#306 = SURFACE_STYLE_USAGE ( .BOTH. , #1797 ) ;
#307 = CARTESIAN_POINT ( 'NONE',  ( 0.03750000000000001249, 0.0000000000000000000, -0.06750000000000001832 ) ) ;
#308 = DIRECTION ( 'NONE',  ( 1.000000000000000000, -0.0000000000000000000, -0.0000000000000000000 ) ) ;
#309 = ORIENTED_EDGE ( 'NONE', *, *, #3970, .F. ) ;
#310 = VECTOR ( 'NONE', #371, 39.37007874015748143 ) ;
#311 = ADVANCED_FACE ( 'NONE', ( #4126 ), #5565, .F. ) ;
#312 = CARTESIAN_POINT ( 'NONE',  ( -0.04200000000000002343, 0.09900000000000000466, 0.01700000000000000122 ) ) ;
#313 = CARTESIAN_POINT ( 'NONE',  ( -0.05000000000000000278, 0.2190000000000000002, 0.02277350269189626700 ) ) ;
#314 = EDGE_LOOP ( 'NONE', ( #124, #1998, #3526, #729 ) ) ;
#315 = DIRECTION ( 'NONE',  ( 1.000000000000000000, 0.0000000000000000000, 0.0000000000000000000 ) ) ;
#316 = VECTOR ( 'NONE', #3706, 39.37007874015748143 ) ;
#317 = SURFACE_SIDE_STYLE ('',( #6058 ) ) ;
#318 = EDGE_LOOP ( 'NONE', ( #2904, #5524, #2757, #2388 ) ) ;
#319 = CARTESIAN_POINT ( 'NONE',  ( 0.04777350269189625798, 0.2190000000000000002, -0.02277350269189626700 ) ) ;
#320 = CARTESIAN_POINT ( 'NONE',  ( 0.009999999999999995004, 0.07449999999999999678, -0.04250000000000001693 ) ) ;
#321 = DIRECTION ( 'NONE',  ( -0.2588190451025214611, -0.0000000000000000000, 0.9659258262890679791 ) ) ;
#322 = EDGE_LOOP ( 'NONE', ( #2678, #5568, #570, #4943, #2441, #2254, #572, #1922, #1698, #3782, #1931, #4779 ) ) ;
#323 = ORIENTED_EDGE ( 'NONE', *, *, #4834, .T. ) ;
#324 = VECTOR ( 'NONE', #4245, 39.37007874015748143 ) ;
#325 = EDGE_LOOP ( 'NONE', ( #3006, #4917, #4683, #2624 ) ) ;
#326 = CARTESIAN_POINT ( 'NONE',  ( -0.008000000000000015779, 0.0000000000000000000, -0.03300000000000000155 ) ) ;
#327 = CARTESIAN_POINT ( 'NONE',  ( -0.07500000000000002498, 0.07450000000000002454, -0.06749999999999997669 ) ) ;
#328 = EDGE_CURVE ( 'NONE', #1313, #2608, #1812, .T. ) ;
#329 = EDGE_CURVE ( 'NONE', #4619, #1564, #2494, .T. ) ;
#330 = AXIS2_PLACEMENT_3D ( 'NONE', #2049, #4485, #1985 ) ;
#331 = SURFACE_STYLE_FILL_AREA ( #2338 ) ;
#332 = VERTEX_POINT ( 'NONE', #4089 ) ;
#333 = EDGE_CURVE ( 'NONE', #802, #3953, #685, .T. ) ;
#334 = VERTEX_POINT ( 'NONE', #5110 ) ;
#335 = CARTESIAN_POINT ( 'NONE',  ( -0.05800000000000001682, 0.09900000000000000466, 0.01700000000000000122 ) ) ;
#336 = ORIENTED_EDGE ( 'NONE', *, *, #4636, .F. ) ;
#337 =( NAMED_UNIT ( * ) PLANE_ANGLE_UNIT ( ) SI_UNIT ( $, .RADIAN. ) );
#338 = EDGE_CURVE ( 'NONE', #6190, #886, #6233, .T. ) ;
#339 = LENGTH_MEASURE_WITH_UNIT ( LENGTH_MEASURE( 0.02539999999999999897 ), #3441 );
#340 = VERTEX_POINT ( 'NONE', #2650 ) ;
#341 = ORIENTED_EDGE ( 'NONE', *, *, #5274, .T. ) ;
#342 = VERTEX_POINT ( 'NONE', #701 ) ;
#343 = CARTESIAN_POINT ( 'NONE',  ( -0.008000000000000015779, 0.2190000000000000002, -0.01700000000000000122 ) ) ;
#344 = ADVANCED_FACE ( 'NONE', ( #3591 ), #4553, .T. ) ;
#345 = PRESENTATION_STYLE_ASSIGNMENT (( #4608 ) ) ;
#346 = VECTOR ( 'NONE', #5475, 39.37007874015748143 ) ;
#347 = DIRECTION ( 'NONE',  ( 0.9659258262890682012, 0.0000000000000000000, 0.2588190451025213501 ) ) ;
#348 = ORIENTED_EDGE ( 'NONE', *, *, #3828, .T. ) ;
#349 = ORIENTED_EDGE ( 'NONE', *, *, #3489, .F. ) ;
#350 = ORIENTED_EDGE ( 'NONE', *, *, #3073, .F. ) ;
#351 = CARTESIAN_POINT ( 'NONE',  ( -0.05800000000000001682, 0.09900000000000000466, 0.03300000000000000155 ) ) ;
#352 = DIRECTION ( 'NONE',  ( -0.0000000000000000000, 1.000000000000000000, -0.0000000000000000000 ) ) ;
#353 = LINE ( 'NONE', #1570, #4260 ) ;
#354 = CARTESIAN_POINT ( 'NONE',  ( -0.04000000000000000083, 0.07449999999999999678, 0.04250000000000001693 ) ) ;
#355 = FACE_OUTER_BOUND ( 'NONE', #546, .T. ) ;
#356 = PRESENTATION_STYLE_ASSIGNMENT (( #2331 ) ) ;
#357 = ORIENTED_EDGE ( 'NONE', *, *, #4432, .T. ) ;
#358 = FILL_AREA_STYLE_COLOUR ( '', #416 ) ;
#359 = VECTOR ( 'NONE', #2956, 39.37007874015748143 ) ;
#360 = CARTESIAN_POINT ( 'NONE',  ( 0.05799999999999998906, 0.2190000000000000002, 0.03300000000000000155 ) ) ;
#361 = PLANE ( 'NONE',  #3074 ) ;
#362 = VECTOR ( 'NONE', #3252, 39.37007874015747433 ) ;
#363 = DIRECTION ( 'NONE',  ( 0.0000000000000000000, 0.0000000000000000000, 1.000000000000000000 ) ) ;
#364 = VECTOR ( 'NONE', #1025, 39.37007874015748143 ) ;
#365 = ORIENTED_EDGE ( 'NONE', *, *, #2259, .F. ) ;
#366 = VECTOR ( 'NONE', #4068, 39.37007874015748143 ) ;
#367 = DIRECTION ( 'NONE',  ( 1.000000000000000000, 0.0000000000000000000, 0.0000000000000000000 ) ) ;
#368 = DIRECTION ( 'NONE',  ( 0.0000000000000000000, 0.0000000000000000000, -1.000000000000000000 ) ) ;
#369 = PLANE ( 'NONE',  #4921 ) ;
#370 = VECTOR ( 'NONE', #5622, 39.37007874015748143 ) ;
#371 = DIRECTION ( 'NONE',  ( 1.000000000000000000, -0.0000000000000000000, -1.138269997360109674E-16 ) ) ;
#372 = EDGE_CURVE ( 'NONE', #4552, #1332, #828, .T. ) ;
#373 = DIRECTION ( 'NONE',  ( 1.000000000000000000, 0.0000000000000000000, -5.691349986800548372E-17 ) ) ;
#374 = COLOUR_RGB ( '',0.7921568627450980005, 0.8196078431372548767, 0.9333333333333333481 ) ;
#375 = DIRECTION ( 'NONE',  ( 0.4472135954999566509, -0.7745966692414848476, 0.4472135954999566509 ) ) ;
#376 = PRESENTATION_LAYER_ASSIGNMENT (  '', '', ( #5701 ) ) ;
#377 = DIRECTION ( 'NONE',  ( -0.0000000000000000000, 0.0000000000000000000, 1.000000000000000000 ) ) ;
#378 = EDGE_CURVE ( 'NONE', #4550, #5577, #4270, .T. ) ;
#379 = LINE ( 'NONE', #3295, #1524 ) ;
#380 = ADVANCED_FACE ( 'NONE', ( #4961 ), #1200, .F. ) ;
#381 = DIRECTION ( 'NONE',  ( -1.000000000000000000, 0.0000000000000000000, -0.0000000000000000000 ) ) ;
#382 = DIRECTION ( 'NONE',  ( -0.0000000000000000000, -1.000000000000000000, -0.0000000000000000000 ) ) ;
#383 = FACE_OUTER_BOUND ( 'NONE', #4293, .T. ) ;
#384 = AXIS2_PLACEMENT_3D ( 'NONE', #2389, #6298, #5844 ) ;
#385 = AXIS2_PLACEMENT_3D ( 'NONE', #4733, #3270, #5702 ) ;
#386 = ORIENTED_EDGE ( 'NONE', *, *, #1001, .F. ) ;
#387 = LINE ( 'NONE', #3893, #164 ) ;
#388 = CARTESIAN_POINT ( 'NONE',  ( 0.007999999999999981085, 0.09900000000000000466, -0.03300000000000000155 ) ) ;
#389 = EDGE_CURVE ( 'NONE', #1509, #3631, #1222, .T. ) ;
#390 = PLANE ( 'NONE',  #4710 ) ;
#391 = CARTESIAN_POINT ( 'NONE',  ( -0.01000000000000000368, 0.07449999999999999678, 0.04250000000000001693 ) ) ;
#392 = CARTESIAN_POINT ( 'NONE',  ( -0.04200000000000002343, 0.0000000000000000000, 0.03300000000000000155 ) ) ;
#393 = EDGE_LOOP ( 'NONE', ( #5603, #1424, #3857, #4406 ) ) ;
#394 = ORIENTED_EDGE ( 'NONE', *, *, #251, .F. ) ;
#395 = LINE ( 'NONE', #391, #1386 ) ;
#396 = FILL_AREA_STYLE ('',( #889 ) ) ;
#397 = CARTESIAN_POINT ( 'NONE',  ( 0.007999999999999981085, 0.0000000000000000000, -0.03300000000000000155 ) ) ;
#398 = CARTESIAN_POINT ( 'NONE',  ( -0.07500000000000002498, 0.09900000000000000466, 0.06750000000000001832 ) ) ;
#399 = ORIENTED_EDGE ( 'NONE', *, *, #5554, .T. ) ;
#400 = CARTESIAN_POINT ( 'NONE',  ( -0.05800000000000001682, 0.0000000000000000000, 0.03300000000000000155 ) ) ;
#401 = DIMENSIONAL_EXPONENTS ( 1.000000000000000000, 0.0000000000000000000, 0.0000000000000000000, 0.0000000000000000000, 0.0000000000000000000, 0.0000000000000000000, 0.0000000000000000000 ) ;
#402 = DIRECTION ( 'NONE',  ( -0.8660254037844397068, 0.4999999999999982792, 0.0000000000000000000 ) ) ;
#403 = VERTEX_POINT ( 'NONE', #5999 ) ;
#404 = PRESENTATION_STYLE_ASSIGNMENT (( #4840 ) ) ;
#405 = CARTESIAN_POINT ( 'NONE',  ( 0.01919872981077808821, 0.0000000000000000000, -0.04250000000000001693 ) ) ;
#406 = SURFACE_SIDE_STYLE ('',( #3095 ) ) ;
#407 = ADVANCED_FACE ( 'NONE', ( #3265 ), #1678, .T. ) ;
#408 = DIRECTION ( 'NONE',  ( 0.0000000000000000000, 0.0000000000000000000, -1.000000000000000000 ) ) ;
#409 = EDGE_LOOP ( 'NONE', ( #3142, #973, #622, #1689 ) ) ;
#410 = ORIENTED_EDGE ( 'NONE', *, *, #4389, .T. ) ;
#411 = ORIENTED_EDGE ( 'NONE', *, *, #2452, .F. ) ;
#412 = EDGE_CURVE ( 'NONE', #6113, #3296, #1964, .T. ) ;
#413 = CARTESIAN_POINT ( 'NONE',  ( 0.06500000000000000222, 0.07450000000000002454, -0.04749999999999998668 ) ) ;
#414 = PLANE ( 'NONE',  #2327 ) ;
#415 = ORIENTED_EDGE ( 'NONE', *, *, #3444, .F. ) ;
#417 = DIRECTION ( 'NONE',  ( 0.0000000000000000000, -1.000000000000000000, 0.0000000000000000000 ) ) ;
#416 = COLOUR_RGB ( '',0.9686274509803921573, 0.8784313725490195957, 0.5999999999999999778 ) ;
#418 = ORIENTED_EDGE ( 'NONE', *, *, #3194, .F. ) ;
#419 = SURFACE_SIDE_STYLE ('',( #4125 ) ) ;
#420 = EDGE_CURVE ( 'NONE', #4928, #1650, #4431, .T. ) ;
#421 = ORIENTED_EDGE ( 'NONE', *, *, #3667, .F. ) ;
#422 = ORIENTED_EDGE ( 'NONE', *, *, #2859, .F. ) ;
#423 = EDGE_CURVE ( 'NONE', #859, #2212, #3124, .T. ) ;
#424 = AXIS2_PLACEMENT_3D ( 'NONE', #5596, #1242, #1149 ) ;
#425 = VECTOR ( 'NONE', #520, 39.37007874015748143 ) ;
#426 = VECTOR ( 'NONE', #634, 39.37007874015748143 ) ;
#427 = ORIENTED_EDGE ( 'NONE', *, *, #2422, .T. ) ;
#428 = SURFACE_SIDE_STYLE ('',( #827 ) ) ;
#429 = PRESENTATION_LAYER_ASSIGNMENT (  '', '', ( #1760 ) ) ;
#430 = ORIENTED_EDGE ( 'NONE', *, *, #4969, .T. ) ;
#431 = SURFACE_SIDE_STYLE ('',( #3482 ) ) ;
#432 = ORIENTED_EDGE ( 'NONE', *, *, #862, .T. ) ;
#433 = DIRECTION ( 'NONE',  ( -0.0000000000000000000, -1.000000000000000000, -0.0000000000000000000 ) ) ;
#434 = EDGE_CURVE ( 'NONE', #5887, #4938, #5546, .T. ) ;
#435 = LINE ( 'NONE', #1098, #4341 ) ;
#436 = VECTOR ( 'NONE', #1417, 39.37007874015748143 ) ;
#437 = VERTEX_POINT ( 'NONE', #5134 ) ;
#438 = CARTESIAN_POINT ( 'NONE',  ( -0.04200000000000002343, -0.2026274169979695450, 0.03300000000000000155 ) ) ;
#439 = VERTEX_POINT ( 'NONE', #2200 ) ;
#440 = CARTESIAN_POINT ( 'NONE',  ( 0.04199999999999998873, 0.09900000000000000466, 0.03300000000000000155 ) ) ;
#441 = FACE_OUTER_BOUND ( 'NONE', #928, .T. ) ;
#442 = LINE ( 'NONE', #351, #6003 ) ;
#443 = CARTESIAN_POINT ( 'NONE',  ( -0.01249999999999999549, 0.07450000000000002454, -0.06750000000000001832 ) ) ;
#444 = CARTESIAN_POINT ( 'NONE',  ( -0.008000000000000015779, 0.09900000000000000466, -0.03300000000000000155 ) ) ;
#445 = CARTESIAN_POINT ( 'NONE',  ( -0.07500000000000002498, 0.07450000000000002454, -0.05749999999999998168 ) ) ;
#446 = LINE ( 'NONE', #2870, #1736 ) ;
#447 = VECTOR ( 'NONE', #102, 39.37007874015748143 ) ;
#448 = ADVANCED_FACE ( 'NONE', ( #1058 ), #4168, .F. ) ;
#449 = LINE ( 'NONE', #776, #5204 ) ;
#450 = CARTESIAN_POINT ( 'NONE',  ( -0.04000000000000000083, 0.02450000000000000441, 0.01580951894845298786 ) ) ;
#451 = DIRECTION ( 'NONE',  ( 1.000000000000000000, -0.0000000000000000000, -0.0000000000000000000 ) ) ;
#452 = DIRECTION ( 'NONE',  ( 0.0000000000000000000, -0.0000000000000000000, 1.000000000000000000 ) ) ;
#454 = ORIENTED_EDGE ( 'NONE', *, *, #247, .F. ) ;
#453 = CARTESIAN_POINT ( 'NONE',  ( -0.01249999999999999549, 0.0000000000000000000, -0.06750000000000001832 ) ) ;
#455 = LENGTH_MEASURE_WITH_UNIT ( LENGTH_MEASURE( 0.02539999999999999897 ), #1008 );
#456 = SURFACE_SIDE_STYLE ('',( #3338 ) ) ;
#457 =( CONVERSION_BASED_UNIT ( 'INCH', #339 ) LENGTH_UNIT ( ) NAMED_UNIT ( #3351 ) );
#458 =( NAMED_UNIT ( * ) PLANE_ANGLE_UNIT ( ) SI_UNIT ( $, .RADIAN. ) );
#459 = FILL_AREA_STYLE ('',( #479 ) ) ;
#460 = EDGE_CURVE ( 'NONE', #3874, #802, #5250, .T. ) ;
#461 = AXIS2_PLACEMENT_3D ( 'NONE', #1959, #2431, #3949 ) ;
#462 = EDGE_CURVE ( 'NONE', #1013, #4619, #1521, .T. ) ;
#463 = DIRECTION ( 'NONE',  ( 0.0000000000000000000, 0.0000000000000000000, -1.000000000000000000 ) ) ;
#464 = FILL_AREA_STYLE ('',( #3344 ) ) ;
#465 = EDGE_CURVE ( 'NONE', #5513, #6279, #5115, .T. ) ;
#466 = AXIS2_PLACEMENT_3D ( 'NONE', #151, #1630, #1612 ) ;
#467 = VECTOR ( 'NONE', #3184, 39.37007874015748143 ) ;
#468 = EDGE_CURVE ( 'NONE', #3639, #3235, #6240, .T. ) ;
#469 =( LENGTH_UNIT ( ) NAMED_UNIT ( * ) SI_UNIT ( $, .METRE. ) );
#470 = DIRECTION ( 'NONE',  ( -0.4472135954999566509, 0.7745966692414848476, 0.4472135954999566509 ) ) ;
#471 = ORIENTED_EDGE ( 'NONE', *, *, #75, .T. ) ;
#472 = SURFACE_SIDE_STYLE ('',( #1076 ) ) ;
#473 = PRESENTATION_LAYER_ASSIGNMENT (  '', '', ( #150 ) ) ;
#474 = CARTESIAN_POINT ( 'NONE',  ( -0.04777350269189629267, 0.2190000000000000002, 0.02722649730810373578 ) ) ;
#475 = DIRECTION ( 'NONE',  ( -1.000000000000000000, -0.0000000000000000000, -0.0000000000000000000 ) ) ;
#476 = ORIENTED_EDGE ( 'NONE', *, *, #1290, .F. ) ;
#477 = ADVANCED_FACE ( 'NONE', ( #603 ), #3192, .F. ) ;
#478 = SURFACE_STYLE_USAGE ( .BOTH. , #4436 ) ;
#479 = FILL_AREA_STYLE_COLOUR ( '', #3062 ) ;
#480 = DIRECTION ( 'NONE',  ( 0.0000000000000000000, 0.0000000000000000000, -1.000000000000000000 ) ) ;
#481 = CARTESIAN_POINT ( 'NONE',  ( -0.05800000000000001682, 0.09900000000000000466, 0.03300000000000000155 ) ) ;
#482 = VERTEX_POINT ( 'NONE', #3563 ) ;
#483 = VERTEX_POINT ( 'NONE', #180 ) ;
#484 = ORIENTED_EDGE ( 'NONE', *, *, #1444, .F. ) ;
#485 = VERTEX_POINT ( 'NONE', #5995 ) ;
#486 = DIRECTION ( 'NONE',  ( 0.0000000000000000000, 0.0000000000000000000, -1.000000000000000000 ) ) ;
#487 = DIRECTION ( 'NONE',  ( -1.000000000000000000, 0.0000000000000000000, 0.0000000000000000000 ) ) ;
#488 = ORIENTED_EDGE ( 'NONE', *, *, #329, .T. ) ;
#489 = FACE_OUTER_BOUND ( 'NONE', #2182, .T. ) ;
#490 = EDGE_LOOP ( 'NONE', ( #3465, #4331, #2926, #638 ) ) ;
#491 = ORIENTED_EDGE ( 'NONE', *, *, #1447, .T. ) ;
#492 = ORIENTED_EDGE ( 'NONE', *, *, #1165, .F. ) ;
#493 = PLANE ( 'NONE',  #3916 ) ;
#494 = AXIS2_PLACEMENT_3D ( 'NONE', #1544, #3647, #4570 ) ;
#495 = AXIS2_PLACEMENT_3D ( 'NONE', #3066, #3146, #5120 ) ;
#496 =( GEOMETRIC_REPRESENTATION_CONTEXT ( 3 ) GLOBAL_UNCERTAINTY_ASSIGNED_CONTEXT ( ( #1898 ) ) GLOBAL_UNIT_ASSIGNED_CONTEXT ( ( #457, #25, #938 ) ) REPRESENTATION_CONTEXT ( 'NONE', 'WORKASPACE' ) );
#497 = LINE ( 'NONE', #2611, #800 ) ;
#498 = ORIENTED_EDGE ( 'NONE', *, *, #4038, .T. ) ;
#499 = EDGE_CURVE ( 'NONE', #1107, #4528, #5038, .T. ) ;
#500 = VERTEX_POINT ( 'NONE', #2052 ) ;
#501 =( CONVERSION_BASED_UNIT ( 'INCH', #4644 ) LENGTH_UNIT ( ) NAMED_UNIT ( #4548 ) );
#502 = ORIENTED_EDGE ( 'NONE', *, *, #1314, .T. ) ;
#503 = DIRECTION ( 'NONE',  ( -1.000000000000000000, 0.0000000000000000000, 0.0000000000000000000 ) ) ;
#504 = DIRECTION ( 'NONE',  ( -0.0000000000000000000, 1.000000000000000000, -0.0000000000000000000 ) ) ;
#505 = VECTOR ( 'NONE', #3080, 39.37007874015748143 ) ;
#506 = CARTESIAN_POINT ( 'NONE',  ( 0.04199999999999998873, 0.2089999999999999358, 0.01700000000000000122 ) ) ;
#507 = ORIENTED_EDGE ( 'NONE', *, *, #2184, .F. ) ;
#508 = ORIENTED_EDGE ( 'NONE', *, *, #4597, .F. ) ;
#509 = ADVANCED_FACE ( 'NONE', ( #4503 ), #984, .T. ) ;
#510 = ORIENTED_EDGE ( 'NONE', *, *, #1886, .F. ) ;
#511 = DIRECTION ( 'NONE',  ( -0.0000000000000000000, 0.0000000000000000000, 1.000000000000000000 ) ) ;
#512 = LINE ( 'NONE', #3269, #6224 ) ;
#513 = CARTESIAN_POINT ( 'NONE',  ( 0.07499999999999999722, 0.0000000000000000000, 0.06749999999999999056 ) ) ;
#514 = CARTESIAN_POINT ( 'NONE',  ( 0.05321880215351696558, 0.2284315353299545825, 0.02178119784648302470 ) ) ;
#515 = EDGE_CURVE ( 'NONE', #774, #4563, #3733, .T. ) ;
#516 = ORIENTED_EDGE ( 'NONE', *, *, #173, .T. ) ;
#517 = COLOUR_RGB ( '',0.9686274509803921573, 0.8784313725490195957, 0.5999999999999999778 ) ;
#518 = DIRECTION ( 'NONE',  ( 1.000000000000000000, 0.0000000000000000000, -0.0000000000000000000 ) ) ;
#519 = DIRECTION ( 'NONE',  ( 0.2588190451025213501, 0.0000000000000000000, -0.9659258262890682012 ) ) ;
#520 = DIRECTION ( 'NONE',  ( -0.0000000000000000000, 1.000000000000000000, -0.0000000000000000000 ) ) ;
#521 = CARTESIAN_POINT ( 'NONE',  ( -0.04200000000000002343, 0.0000000000000000000, -0.01700000000000000122 ) ) ;
#522 = LINE ( 'NONE', #5334, #1810 ) ;
#523 = CARTESIAN_POINT ( 'NONE',  ( -0.008000000000000015779, 0.0000000000000000000, -0.01700000000000000122 ) ) ;
#524 = VECTOR ( 'NONE', #3677, 39.37007874015748143 ) ;
#525 = CARTESIAN_POINT ( 'NONE',  ( 0.07499999999999999722, 0.0000000000000000000, -0.06750000000000003220 ) ) ;
#526 =( LENGTH_UNIT ( ) NAMED_UNIT ( * ) SI_UNIT ( $, .METRE. ) );
#527 = FACE_OUTER_BOUND ( 'NONE', #4755, .T. ) ;
#528 = VECTOR ( 'NONE', #1226, 39.37007874015748143 ) ;
#529 = PLANE ( 'NONE',  #2574 ) ;
#530 = DIRECTION ( 'NONE',  ( -0.0000000000000000000, 1.000000000000000000, -0.0000000000000000000 ) ) ;
#531 = DIRECTION ( 'NONE',  ( -0.2588190451025213501, 0.0000000000000000000, -0.9659258262890682012 ) ) ;
#532 = AXIS2_PLACEMENT_3D ( 'NONE', #1777, #1820, #6150 ) ;
#533 = CARTESIAN_POINT ( 'NONE',  ( -0.04200000000000002343, 0.09900000000000000466, -0.03300000000000000155 ) ) ;
#534 = ADVANCED_FACE ( 'NONE', ( #4204 ), #5945, .F. ) ;
#535 = EDGE_CURVE ( 'NONE', #4100, #2867, #5468, .T. ) ;
#536 = ORIENTED_EDGE ( 'NONE', *, *, #328, .F. ) ;
#537 = COLOUR_RGB ( '',0.9686274509803921573, 0.8784313725490195957, 0.5999999999999999778 ) ;
#538 = CARTESIAN_POINT ( 'NONE',  ( 0.05799999999999998906, 0.09900000000000000466, 0.03300000000000000155 ) ) ;
#539 = EDGE_CURVE ( 'NONE', #1053, #5812, #1436, .T. ) ;
#540 = UNCERTAINTY_MEASURE_WITH_UNIT (LENGTH_MEASURE( 1.000000000000000082E-05 ), #919, 'distance_accuracy_value', 'NONE');
#542 =( CONVERSION_BASED_UNIT ( 'INCH', #3379 ) LENGTH_UNIT ( ) NAMED_UNIT ( #3187 ) );
#541 = CARTESIAN_POINT ( 'NONE',  ( 0.04199999999999998873, -0.2026274169979695450, 0.01700000000000000122 ) ) ;
#543 = DIRECTION ( 'NONE',  ( -1.000000000000000000, 0.0000000000000000000, -0.0000000000000000000 ) ) ;
#544 = MECHANICAL_DESIGN_GEOMETRIC_PRESENTATION_REPRESENTATION (  '', ( #3745 ), #145 ) ;
#545 = ORIENTED_EDGE ( 'NONE', *, *, #1657, .T. ) ;
#546 = EDGE_LOOP ( 'NONE', ( #941, #93, #4179, #5976 ) ) ;
#547 = EDGE_CURVE ( 'NONE', #884, #4916, #1065, .T. ) ;
#548 = DIRECTION ( 'NONE',  ( 1.000000000000000000, -0.0000000000000000000, 0.0000000000000000000 ) ) ;
#549 = CARTESIAN_POINT ( 'NONE',  ( 0.07499999999999999722, 0.07449999999999999678, 0.06749999999999997669 ) ) ;
#550 = DIRECTION ( 'NONE',  ( 1.000000000000000000, -0.0000000000000000000, -0.0000000000000000000 ) ) ;
#551 = CARTESIAN_POINT ( 'NONE',  ( 0.04199999999999998873, 0.09900000000000000466, -0.01700000000000000122 ) ) ;
#552 = ORIENTED_EDGE ( 'NONE', *, *, #3121, .T. ) ;
#553 = SURFACE_SIDE_STYLE ('',( #7 ) ) ;
#554 = FILL_AREA_STYLE_COLOUR ( '', #3018 ) ;
#555 = ORIENTED_EDGE ( 'NONE', *, *, #2982, .T. ) ;
#556 = VERTEX_POINT ( 'NONE', #4066 ) ;
#557 = VECTOR ( 'NONE', #1397, 39.37007874015748143 ) ;
#558 = CARTESIAN_POINT ( 'NONE',  ( 0.03080127018922192497, 0.0000000000000000000, 0.04250000000000001693 ) ) ;
#559 = PLANE ( 'NONE',  #494 ) ;
#560 = CARTESIAN_POINT ( 'NONE',  ( 0.04199999999999998873, 0.09900000000000000466, 0.03300000000000000155 ) ) ;
#561 = EDGE_LOOP ( 'NONE', ( #194, #4684, #4858, #3722 ) ) ;
#562 = ORIENTED_EDGE ( 'NONE', *, *, #3283, .T. ) ;
#563 = VERTEX_POINT ( 'NONE', #4549 ) ;
#564 = ADVANCED_FACE ( 'NONE', ( #1590 ), #5968, .F. ) ;
#565 = SURFACE_STYLE_FILL_AREA ( #2968 ) ;
#566 = DIRECTION ( 'NONE',  ( 1.000000000000000000, -0.0000000000000000000, -0.0000000000000000000 ) ) ;
#567 = EDGE_LOOP ( 'NONE', ( #5738, #4323, #3301, #3721 ) ) ;
#568 = ORIENTED_EDGE ( 'NONE', *, *, #9, .F. ) ;
#569 = CARTESIAN_POINT ( 'NONE',  ( -0.01919872981077807780, 0.0000000000000000000, -0.04250000000000001693 ) ) ;
#570 = ORIENTED_EDGE ( 'NONE', *, *, #1356, .F. ) ;
#571 = CARTESIAN_POINT ( 'NONE',  ( -0.07500000000000002498, 0.09900000000000000466, 0.04749999999999998668 ) ) ;
#572 = ORIENTED_EDGE ( 'NONE', *, *, #219, .F. ) ;
#573 = CARTESIAN_POINT ( 'NONE',  ( -0.05800000000000001682, 0.2089999999999999358, -0.01700000000000000122 ) ) ;
#574 = LINE ( 'NONE', #3106, #1788 ) ;
#575 = VECTOR ( 'NONE', #3856, 39.37007874015748143 ) ;
#576 = VECTOR ( 'NONE', #3525, 39.37007874015748143 ) ;
#577 = VECTOR ( 'NONE', #2490, 39.37007874015748143 ) ;
#578 = ORIENTED_EDGE ( 'NONE', *, *, #1479, .F. ) ;
#579 = EDGE_CURVE ( 'NONE', #5671, #3968, #146, .T. ) ;
#580 = CARTESIAN_POINT ( 'NONE',  ( -0.07500000000000002498, 0.07449999999999999678, 0.05749999999999998168 ) ) ;
#581 = EDGE_LOOP ( 'NONE', ( #4760, #6295, #5163, #3372, #5028, #4703, #1634, #1408 ) ) ;
#582 =( NAMED_UNIT ( * ) PLANE_ANGLE_UNIT ( ) SI_UNIT ( $, .RADIAN. ) );
#583 = AXIS2_PLACEMENT_3D ( 'NONE', #4582, #4029, #5045 ) ;
#584 = ORIENTED_EDGE ( 'NONE', *, *, #5237, .F. ) ;
#585 = AXIS2_PLACEMENT_3D ( 'NONE', #6020, #1179, #2108 ) ;
#586 = AXIS2_PLACEMENT_3D ( 'NONE', #5740, #3794, #851 ) ;
#587 = LINE ( 'NONE', #5960, #4700 ) ;
#588 = EDGE_CURVE ( 'NONE', #2628, #3792, #3348, .T. ) ;
#589 = DIRECTION ( 'NONE',  ( -0.0000000000000000000, 1.000000000000000000, -0.0000000000000000000 ) ) ;
#590 = LINE ( 'NONE', #947, #6070 ) ;
#591 = CARTESIAN_POINT ( 'NONE',  ( -0.07500000000000002498, 0.07449999999999999678, 0.05749999999999998168 ) ) ;
#592 = ORIENTED_EDGE ( 'NONE', *, *, #2734, .F. ) ;
#593 = CARTESIAN_POINT ( 'NONE',  ( -0.05800000000000001682, 0.2089999999999999358, -0.01700000000000000122 ) ) ;
#594 = LINE ( 'NONE', #2745, #3727 ) ;
#595 = AXIS2_PLACEMENT_3D ( 'NONE', #1371, #5711, #2803 ) ;
#596 =( LENGTH_UNIT ( ) NAMED_UNIT ( * ) SI_UNIT ( $, .METRE. ) );
#597 = CARTESIAN_POINT ( 'NONE',  ( 0.07499999999999999722, 0.09900000000000000466, -0.06750000000000003220 ) ) ;
#598 = DIRECTION ( 'NONE',  ( -0.0000000000000000000, -1.000000000000000000, -0.0000000000000000000 ) ) ;
#599 = CARTESIAN_POINT ( 'NONE',  ( -0.04200000000000002343, -0.2026274169979695450, 0.01700000000000000122 ) ) ;
#600 = DIRECTION ( 'NONE',  ( 0.0000000000000000000, -0.0000000000000000000, 1.000000000000000000 ) ) ;
#601 = PRESENTATION_STYLE_ASSIGNMENT (( #1465 ) ) ;
#602 = LINE ( 'NONE', #2076, #2263 ) ;
#603 = FACE_OUTER_BOUND ( 'NONE', #5873, .T. ) ;
#604 = LINE ( 'NONE', #4071, #2507 ) ;
#605 = CARTESIAN_POINT ( 'NONE',  ( -0.008000000000000015779, 0.0000000000000000000, -0.03300000000000000155 ) ) ;
#606 = ADVANCED_FACE ( 'NONE', ( #4806 ), #5525, .T. ) ;
#607 = CARTESIAN_POINT ( 'NONE',  ( 0.03750000000000001249, 0.09900000000000000466, 0.06750000000000001832 ) ) ;
#609 = CARTESIAN_POINT ( 'NONE',  ( 0.04199999999999998873, 0.09900000000000000466, -0.03300000000000000155 ) ) ;
#608 =( CONVERSION_BASED_UNIT ( 'INCH', #5378 ) LENGTH_UNIT ( ) NAMED_UNIT ( #1271 ) );
#610 = LINE ( 'NONE', #1809, #1452 ) ;
#611 = PLANE ( 'NONE',  #3311 ) ;
#612 = CARTESIAN_POINT ( 'NONE',  ( -0.05800000000000001682, 0.2190000000000000002, 0.01700000000000000122 ) ) ;
#613 = CARTESIAN_POINT ( 'NONE',  ( -0.06500000000000002998, 0.09900000000000000466, 0.04749999999999998668 ) ) ;
#614 = DIRECTION ( 'NONE',  ( 0.2588190451025213501, 0.0000000000000000000, 0.9659258262890679791 ) ) ;
#615 = FACE_OUTER_BOUND ( 'NONE', #2985, .T. ) ;
#616 = AXIS2_PLACEMENT_3D ( 'NONE', #5434, #624, #2518 ) ;
#617 = EDGE_CURVE ( 'NONE', #1954, #2932, #2720, .T. ) ;
#618 = DIRECTION ( 'NONE',  ( 1.707404996040164512E-16, -1.000000000000000000, 0.0000000000000000000 ) ) ;
#619 = VERTEX_POINT ( 'NONE', #655 ) ;
#620 = VECTOR ( 'NONE', #857, 39.37007874015748143 ) ;
#621 = EDGE_CURVE ( 'NONE', #342, #485, #820, .T. ) ;
#622 = ORIENTED_EDGE ( 'NONE', *, *, #4161, .F. ) ;
#623 = FACE_OUTER_BOUND ( 'NONE', #1324, .T. ) ;
#625 =( NAMED_UNIT ( * ) SI_UNIT ( $, .STERADIAN. ) SOLID_ANGLE_UNIT ( ) );
#624 = DIRECTION ( 'NONE',  ( 0.0000000000000000000, 1.000000000000000000, 0.0000000000000000000 ) ) ;
#626 = AXIS2_PLACEMENT_3D ( 'NONE', #11, #2884, #5345 ) ;
#627 = ADVANCED_FACE ( 'NONE', ( #5925 ), #2630, .F. ) ;
#628 = DIRECTION ( 'NONE',  ( 0.0000000000000000000, 0.0000000000000000000, -1.000000000000000000 ) ) ;
#629 = EDGE_CURVE ( 'NONE', #1056, #1028, #3901, .T. ) ;
#630 = ORIENTED_EDGE ( 'NONE', *, *, #4712, .F. ) ;
#631 = COLOUR_RGB ( '',0.9686274509803921573, 0.8784313725490195957, 0.5999999999999999778 ) ;
#632 = CARTESIAN_POINT ( 'NONE',  ( -0.1000000000000000056, -0.08999999999999999667, 0.0000000000000000000 ) ) ;
#633 = CARTESIAN_POINT ( 'NONE',  ( -0.07500000000000002498, 0.02449999999999998707, -0.06749999999999997669 ) ) ;
#634 = DIRECTION ( 'NONE',  ( 0.0000000000000000000, 0.0000000000000000000, -1.000000000000000000 ) ) ;
#635 = CARTESIAN_POINT ( 'NONE',  ( 0.007999999999999981085, 0.2190000000000000002, 0.01700000000000000122 ) ) ;
#636 = EDGE_LOOP ( 'NONE', ( #964, #1793, #252, #728 ) ) ;
#637 = ADVANCED_FACE ( 'NONE', ( #4061, #4654, #678, #5687, #2573, #3190, #4719 ), #242, .T. ) ;
#638 = ORIENTED_EDGE ( 'NONE', *, *, #227, .T. ) ;
#639 = VERTEX_POINT ( 'NONE', #699 ) ;
#640 = CARTESIAN_POINT ( 'NONE',  ( -0.008000000000000015779, 0.2089999999999999358, -0.03300000000000000155 ) ) ;
#641 = EDGE_LOOP ( 'NONE', ( #262, #1701, #4303, #5646 ) ) ;
#642 = VECTOR ( 'NONE', #2752, 39.37007874015748143 ) ;
#643 = ORIENTED_EDGE ( 'NONE', *, *, #3864, .T. ) ;
#644 = VERTEX_POINT ( 'NONE', #6096 ) ;
#645 = ORIENTED_EDGE ( 'NONE', *, *, #5472, .F. ) ;
#646 = VERTEX_POINT ( 'NONE', #6080 ) ;
#647 = DIRECTION ( 'NONE',  ( -0.0000000000000000000, -0.0000000000000000000, -1.000000000000000000 ) ) ;
#649 = SURFACE_STYLE_USAGE ( .BOTH. , #303 ) ;
#648 =( CONVERSION_BASED_UNIT ( 'INCH', #198 ) LENGTH_UNIT ( ) NAMED_UNIT ( #5719 ) );
#650 = ORIENTED_EDGE ( 'NONE', *, *, #4708, .F. ) ;
#651 = FACE_OUTER_BOUND ( 'NONE', #1023, .T. ) ;
#652 = ORIENTED_EDGE ( 'NONE', *, *, #378, .F. ) ;
#653 = VERTEX_POINT ( 'NONE', #5578 ) ;
#654 = VERTEX_POINT ( 'NONE', #2145 ) ;
#655 = CARTESIAN_POINT ( 'NONE',  ( -0.008000000000000015779, 0.09900000000000000466, -0.03300000000000000155 ) ) ;
#656 = LINE ( 'NONE', #343, #2021 ) ;
#657 = SURFACE_STYLE_FILL_AREA ( #3840 ) ;
#658 = PRESENTATION_STYLE_ASSIGNMENT (( #933 ) ) ;
#659 = ORIENTED_EDGE ( 'NONE', *, *, #5391, .F. ) ;
#660 = FILL_AREA_STYLE_COLOUR ( '', #229 ) ;
#661 = ORIENTED_EDGE ( 'NONE', *, *, #748, .F. ) ;
#662 = EDGE_LOOP ( 'NONE', ( #2314, #865, #3470, #712 ) ) ;
#663 = MANIFOLD_SOLID_BREP ( 'LPattern5[1]', #4035 ) ;
#664 = FACE_OUTER_BOUND ( 'NONE', #5068, .T. ) ;
#665 = VECTOR ( 'NONE', #6270, 39.37007874015748143 ) ;
#666 = EDGE_CURVE ( 'NONE', #696, #2616, #2717, .T. ) ;
#667 = DIRECTION ( 'NONE',  ( -0.2588190451025214611, 0.0000000000000000000, 0.9659258262890679791 ) ) ;
#668 = VECTOR ( 'NONE', #2898, 39.37007874015748854 ) ;
#669 = DIMENSIONAL_EXPONENTS ( 1.000000000000000000, 0.0000000000000000000, 0.0000000000000000000, 0.0000000000000000000, 0.0000000000000000000, 0.0000000000000000000, 0.0000000000000000000 ) ;
#670 = ORIENTED_EDGE ( 'NONE', *, *, #6309, .F. ) ;
#671 = EDGE_CURVE ( 'NONE', #653, #639, #1514, .T. ) ;
#672 = AXIS2_PLACEMENT_3D ( 'NONE', #4005, #2519, #3016 ) ;
#673 = EDGE_CURVE ( 'NONE', #5589, #6205, #5762, .T. ) ;
#674 = VECTOR ( 'NONE', #2885, 39.37007874015748143 ) ;
#675 = VECTOR ( 'NONE', #38, 39.37007874015748143 ) ;
#676 = AXIS2_PLACEMENT_3D ( 'NONE', #5608, #263, #758 ) ;
#677 = CARTESIAN_POINT ( 'NONE',  ( -0.04200000000000002343, 0.0000000000000000000, -0.03300000000000000155 ) ) ;
#678 = FACE_BOUND ( 'NONE', #3876, .T. ) ;
#679 = CARTESIAN_POINT ( 'NONE',  ( -0.05800000000000001682, -0.2026274169979695450, 0.03300000000000000155 ) ) ;
#680 = EDGE_CURVE ( 'NONE', #4148, #403, #6235, .T. ) ;
#681 = ADVANCED_FACE ( 'NONE', ( #1881 ), #720, .F. ) ;
#682 = FACE_OUTER_BOUND ( 'NONE', #5972, .T. ) ;
#683 = COLOUR_RGB ( '',0.9686274509803921573, 0.8784313725490195957, 0.5999999999999999778 ) ;
#684 = AXIS2_PLACEMENT_3D ( 'NONE', #327, #5256, #4292 ) ;
#685 = LINE ( 'NONE', #1633, #2788 ) ;
#686 =( NAMED_UNIT ( * ) SI_UNIT ( $, .STERADIAN. ) SOLID_ANGLE_UNIT ( ) );
#687 = FACE_BOUND ( 'NONE', #3139, .T. ) ;
#688 =( CONVERSION_BASED_UNIT ( 'INCH', #993 ) LENGTH_UNIT ( ) NAMED_UNIT ( #5064 ) );
#689 = SURFACE_STYLE_USAGE ( .BOTH. , #3611 ) ;
#690 = LINE ( 'NONE', #269, #3126 ) ;
#691 = DIRECTION ( 'NONE',  ( 0.0000000000000000000, 1.000000000000000000, 0.0000000000000000000 ) ) ;
#692 = LINE ( 'NONE', #2211, #4524 ) ;
#693 = DIRECTION ( 'NONE',  ( -0.0000000000000000000, -1.000000000000000000, -0.0000000000000000000 ) ) ;
#694 = PLANE ( 'NONE',  #3228 ) ;
#695 = ORIENTED_EDGE ( 'NONE', *, *, #1208, .F. ) ;
#696 = VERTEX_POINT ( 'NONE', #5545 ) ;
#697 = DIMENSIONAL_EXPONENTS ( 1.000000000000000000, 0.0000000000000000000, 0.0000000000000000000, 0.0000000000000000000, 0.0000000000000000000, 0.0000000000000000000, 0.0000000000000000000 ) ;
#698 = LINE ( 'NONE', #4215, #3447 ) ;
#699 = CARTESIAN_POINT ( 'NONE',  ( 0.06499999999999997446, 0.07449999999999999678, 0.05749999999999998168 ) ) ;
#700 = DIRECTION ( 'NONE',  ( -0.4472135954999566509, 0.7745966692414848476, 0.4472135954999566509 ) ) ;
#701 = CARTESIAN_POINT ( 'NONE',  ( 0.05799999999999998906, 0.09900000000000000466, 0.03300000000000000155 ) ) ;
#702 = DIRECTION ( 'NONE',  ( 0.0000000000000000000, 0.0000000000000000000, 1.000000000000000000 ) ) ;
#703 = CARTESIAN_POINT ( 'NONE',  ( -0.008000000000000015779, 0.2190000000000000002, 0.01700000000000000122 ) ) ;
#704 = EDGE_CURVE ( 'NONE', #3804, #962, #4198, .T. ) ;
#705 = ORIENTED_EDGE ( 'NONE', *, *, #3318, .T. ) ;
#706 = AXIS2_PLACEMENT_3D ( 'NONE', #4750, #3342, #503 ) ;
#707 = ORIENTED_EDGE ( 'NONE', *, *, #5311, .T. ) ;
#708 = FACE_OUTER_BOUND ( 'NONE', #5224, .T. ) ;
#709 = ADVANCED_FACE ( 'NONE', ( #4800 ), #4628, .F. ) ;
#710 = AXIS2_PLACEMENT_3D ( 'NONE', #612, #4058, #5024 ) ;
#711 = EDGE_CURVE ( 'NONE', #3631, #3251, #2193, .T. ) ;
#712 = ORIENTED_EDGE ( 'NONE', *, *, #5879, .T. ) ;
#713 = DIRECTION ( 'NONE',  ( 0.0000000000000000000, 0.0000000000000000000, 1.000000000000000000 ) ) ;
#714 = STYLED_ITEM ( 'NONE', ( #4140 ), #3382 ) ;
#715 = FILL_AREA_STYLE ('',( #3649 ) ) ;
#716 = ORIENTED_EDGE ( 'NONE', *, *, #671, .T. ) ;
#717 = ORIENTED_EDGE ( 'NONE', *, *, #4001, .T. ) ;
#718 = FACE_OUTER_BOUND ( 'NONE', #1345, .T. ) ;
#719 = MECHANICAL_DESIGN_GEOMETRIC_PRESENTATION_REPRESENTATION (  '', ( #5967 ), #1052 ) ;
#720 = PLANE ( 'NONE',  #1083 ) ;
#721 = EDGE_CURVE ( 'NONE', #849, #483, #3662, .T. ) ;
#722 = CARTESIAN_POINT ( 'NONE',  ( 0.01919872981077808821, 0.07449999999999999678, 0.04250000000000001693 ) ) ;
#723 = ORIENTED_EDGE ( 'NONE', *, *, #3954, .T. ) ;
#724 = EDGE_LOOP ( 'NONE', ( #5351, #4254, #187, #1270, #3945, #2701, #5562, #5836 ) ) ;
#725 = EDGE_LOOP ( 'NONE', ( #2545, #3966, #4379, #5810 ) ) ;
#726 = CARTESIAN_POINT ( 'NONE',  ( -0.07500000000000002498, 0.02450000000000000441, 0.05749999999999998168 ) ) ;
#727 = ORIENTED_EDGE ( 'NONE', *, *, #952, .F. ) ;
#728 = ORIENTED_EDGE ( 'NONE', *, *, #98, .F. ) ;
#729 = ORIENTED_EDGE ( 'NONE', *, *, #2288, .T. ) ;
#730 = DIRECTION ( 'NONE',  ( -0.0000000000000000000, -0.0000000000000000000, 1.000000000000000000 ) ) ;
#731 = ORIENTED_EDGE ( 'NONE', *, *, #5922, .F. ) ;
#732 = VECTOR ( 'NONE', #475, 39.37007874015748143 ) ;
#733 = ORIENTED_EDGE ( 'NONE', *, *, #3047, .T. ) ;
#734 = ORIENTED_EDGE ( 'NONE', *, *, #420, .F. ) ;
#735 = VERTEX_POINT ( 'NONE', #3710 ) ;
#736 = CARTESIAN_POINT ( 'NONE',  ( -0.008000000000000015779, 0.0000000000000000000, -0.01700000000000000122 ) ) ;
#737 = VECTOR ( 'NONE', #2695, 39.37007874015748143 ) ;
#738 = VECTOR ( 'NONE', #1674, 39.37007874015748143 ) ;
#739 = PRESENTATION_STYLE_ASSIGNMENT (( #1393 ) ) ;
#740 = AXIS2_PLACEMENT_3D ( 'NONE', #4041, #4075, #5487 ) ;
#741 = EDGE_LOOP ( 'NONE', ( #2087, #1554, #1236, #14 ) ) ;
#742 = UNCERTAINTY_MEASURE_WITH_UNIT (LENGTH_MEASURE( 1.000000000000000082E-05 ), #688, 'distance_accuracy_value', 'NONE');
#743 = DIRECTION ( 'NONE',  ( 0.0000000000000000000, 0.0000000000000000000, 1.000000000000000000 ) ) ;
#744 = CARTESIAN_POINT ( 'NONE',  ( 0.04321880215351702609, 0.2111110272542658373, -0.01821880215351704205 ) ) ;
#745 = DIRECTION ( 'NONE',  ( 1.000000000000000000, -0.0000000000000000000, 0.0000000000000000000 ) ) ;
#746 = LINE ( 'NONE', #3285, #4955 ) ;
#747 = DIRECTION ( 'NONE',  ( 1.000000000000000000, 0.0000000000000000000, -0.0000000000000000000 ) ) ;
#748 = EDGE_CURVE ( 'NONE', #5270, #334, #5918, .T. ) ;
#749 = EDGE_CURVE ( 'NONE', #1205, #884, #3578, .T. ) ;
#750 =( CONVERSION_BASED_UNIT ( 'INCH', #2315 ) LENGTH_UNIT ( ) NAMED_UNIT ( #3842 ) );
#751 = VECTOR ( 'NONE', #2379, 39.37007874015748143 ) ;
#752 = CARTESIAN_POINT ( 'NONE',  ( -0.01000000000000000368, 0.02450000000000000441, 0.04250000000000001693 ) ) ;
#753 = DIRECTION ( 'NONE',  ( 0.0000000000000000000, 0.0000000000000000000, 1.000000000000000000 ) ) ;
#754 = PRESENTATION_LAYER_ASSIGNMENT (  '', '', ( #5516 ) ) ;
#755 = FILL_AREA_STYLE_COLOUR ( '', #2480 ) ;
#756 = EDGE_CURVE ( 'NONE', #4928, #4266, #5112, .T. ) ;
#757 = DIMENSIONAL_EXPONENTS ( 1.000000000000000000, 0.0000000000000000000, 0.0000000000000000000, 0.0000000000000000000, 0.0000000000000000000, 0.0000000000000000000, 0.0000000000000000000 ) ;
#758 = DIRECTION ( 'NONE',  ( 1.000000000000000000, 0.0000000000000000000, -0.0000000000000000000 ) ) ;
#759 = DIRECTION ( 'NONE',  ( 0.0000000000000000000, 0.0000000000000000000, -1.000000000000000000 ) ) ;
#760 = CARTESIAN_POINT ( 'NONE',  ( -0.1000000000000000056, 0.2190000000000000002, 0.02722649730810373578 ) ) ;
#761 = LENGTH_MEASURE_WITH_UNIT ( LENGTH_MEASURE( 0.02539999999999999897 ), #901 );
#762 = ADVANCED_FACE ( 'NONE', ( #4128 ), #797, .F. ) ;
#763 = DIRECTION ( 'NONE',  ( 1.000000000000000000, -0.0000000000000000000, 0.0000000000000000000 ) ) ;
#764 = VECTOR ( 'NONE', #4897, 39.37007874015748143 ) ;
#765 = DIRECTION ( 'NONE',  ( -1.000000000000000000, 0.0000000000000000000, 5.691349986800548372E-17 ) ) ;
#766 = ORIENTED_EDGE ( 'NONE', *, *, #3309, .T. ) ;
#767 = UNCERTAINTY_MEASURE_WITH_UNIT (LENGTH_MEASURE( 1.000000000000000082E-05 ), #4318, 'distance_accuracy_value', 'NONE');
#768 = DIRECTION ( 'NONE',  ( 0.0000000000000000000, 0.0000000000000000000, -1.000000000000000000 ) ) ;
#769 = PLANE ( 'NONE',  #139 ) ;
#770 = CARTESIAN_POINT ( 'NONE',  ( 0.04000000000000000083, 0.07449999999999999678, 0.04250000000000001693 ) ) ;
#771 = EDGE_LOOP ( 'NONE', ( #5727, #132, #3244, #4374 ) ) ;
#772 = DIRECTION ( 'NONE',  ( 0.0000000000000000000, 1.000000000000000000, -0.0000000000000000000 ) ) ;
#773 = DIRECTION ( 'NONE',  ( -0.0000000000000000000, -1.000000000000000000, -0.0000000000000000000 ) ) ;
#774 = VERTEX_POINT ( 'NONE', #4189 ) ;
#775 =( LENGTH_UNIT ( ) NAMED_UNIT ( * ) SI_UNIT ( $, .METRE. ) );
#776 = CARTESIAN_POINT ( 'NONE',  ( -0.008000000000000015779, 0.2089999999999999358, 0.03300000000000000155 ) ) ;
#777 = EDGE_CURVE ( 'NONE', #4681, #2335, #4648, .T. ) ;
#778 = VERTEX_POINT ( 'NONE', #392 ) ;
#779 = EDGE_CURVE ( 'NONE', #2689, #2469, #1218, .T. ) ;
#780 = EDGE_CURVE ( 'NONE', #3718, #1771, #4501, .T. ) ;
#781 = DIRECTION ( 'NONE',  ( 0.0000000000000000000, 1.000000000000000000, 0.0000000000000000000 ) ) ;
#782 = AXIS2_PLACEMENT_3D ( 'NONE', #5107, #4135, #5132 ) ;
#783 = DIRECTION ( 'NONE',  ( -0.0000000000000000000, 1.000000000000000000, -0.0000000000000000000 ) ) ;
#784 = DIRECTION ( 'NONE',  ( -0.0000000000000000000, -0.0000000000000000000, 1.000000000000000000 ) ) ;
#785 = EDGE_CURVE ( 'NONE', #403, #5868, #3186, .T. ) ;
#786 = ORIENTED_EDGE ( 'NONE', *, *, #2053, .F. ) ;
#787 = ORIENTED_EDGE ( 'NONE', *, *, #465, .T. ) ;
#788 = ORIENTED_EDGE ( 'NONE', *, *, #4200, .T. ) ;
#789 = MECHANICAL_DESIGN_GEOMETRIC_PRESENTATION_REPRESENTATION (  '', ( #150 ), #2996 ) ;
#790 = SURFACE_STYLE_USAGE ( .BOTH. , #317 ) ;
#791 = ADVANCED_FACE ( 'NONE', ( #1354 ), #3754, .F. ) ;
#792 = VERTEX_POINT ( 'NONE', #1794 ) ;
#793 = VERTEX_POINT ( 'NONE', #1830 ) ;
#794 =( NAMED_UNIT ( * ) PLANE_ANGLE_UNIT ( ) SI_UNIT ( $, .RADIAN. ) );
#795 = ORIENTED_EDGE ( 'NONE', *, *, #2203, .F. ) ;
#796 = ORIENTED_EDGE ( 'NONE', *, *, #1373, .F. ) ;
#797 = PLANE ( 'NONE',  #1449 ) ;
#798 = CARTESIAN_POINT ( 'NONE',  ( 0.04199999999999998873, -0.2026274169979695450, 0.01700000000000000122 ) ) ;
#799 = VERTEX_POINT ( 'NONE', #4219 ) ;
#800 = VECTOR ( 'NONE', #730, 39.37007874015748143 ) ;
#801 = VECTOR ( 'NONE', #1517, 39.37007874015748143 ) ;
#802 = VERTEX_POINT ( 'NONE', #5656 ) ;
#803 = CARTESIAN_POINT ( 'NONE',  ( 0.0000000000000000000, 0.0000000000000000000, 0.0000000000000000000 ) ) ;
#804 = ORIENTED_EDGE ( 'NONE', *, *, #5916, .F. ) ;
#805 = ORIENTED_EDGE ( 'NONE', *, *, #3162, .F. ) ;
#806 = DIRECTION ( 'NONE',  ( 0.2588190451025213501, 0.0000000000000000000, 0.9659258262890682012 ) ) ;
#807 = FACE_OUTER_BOUND ( 'NONE', #3320, .T. ) ;
#808 = ORIENTED_EDGE ( 'NONE', *, *, #680, .T. ) ;
#809 = ORIENTED_EDGE ( 'NONE', *, *, #785, .F. ) ;
#810 = CARTESIAN_POINT ( 'NONE',  ( -0.008000000000000015779, 0.0000000000000000000, 0.01700000000000000122 ) ) ;
#811 = ORIENTED_EDGE ( 'NONE', *, *, #5633, .T. ) ;
#812 = VECTOR ( 'NONE', #480, 39.37007874015748143 ) ;
#813 =( CONVERSION_BASED_UNIT ( 'INCH', #3017 ) LENGTH_UNIT ( ) NAMED_UNIT ( #3708 ) );
#814 = ORIENTED_EDGE ( 'NONE', *, *, #3411, .F. ) ;
#815 = CARTESIAN_POINT ( 'NONE',  ( 0.01250000000000000243, 0.0000000000000000000, 0.06750000000000001832 ) ) ;
#816 = DIMENSIONAL_EXPONENTS ( 1.000000000000000000, 0.0000000000000000000, 0.0000000000000000000, 0.0000000000000000000, 0.0000000000000000000, 0.0000000000000000000, 0.0000000000000000000 ) ;
#817 = LINE ( 'NONE', #6319, #4584 ) ;
#818 = CIRCLE ( 'NONE', #4638, 0.01000000000000000021 ) ;
#819 = FILL_AREA_STYLE ('',( #2727 ) ) ;
#820 = LINE ( 'NONE', #4025, #5541 ) ;
#821 = AXIS2_PLACEMENT_3D ( 'NONE', #2995, #772, #4992 ) ;
#822 = AXIS2_PLACEMENT_3D ( 'NONE', #78, #1435, #2915 ) ;
#823 = DIRECTION ( 'NONE',  ( -0.0000000000000000000, -0.0000000000000000000, -1.000000000000000000 ) ) ;
#824 = DIRECTION ( 'NONE',  ( 0.0000000000000000000, -0.0000000000000000000, 1.000000000000000000 ) ) ;
#825 = EDGE_CURVE ( 'NONE', #6272, #4256, #594, .T. ) ;
#826 = LINE ( 'NONE', #4780, #3738 ) ;
#827 = SURFACE_STYLE_FILL_AREA ( #5850 ) ;
#828 = LINE ( 'NONE', #4111, #216 ) ;
#829 = ADVANCED_FACE ( 'NONE', ( #1061 ), #2282, .F. ) ;
#830 =( CONVERSION_BASED_UNIT ( 'INCH', #5043 ) LENGTH_UNIT ( ) NAMED_UNIT ( #1661 ) );
#832 = LINE ( 'NONE', #2109, #4814 ) ;
#831 = DIRECTION ( 'NONE',  ( 0.0000000000000000000, 0.0000000000000000000, -1.000000000000000000 ) ) ;
#833 = AXIS2_PLACEMENT_3D ( 'NONE', #988, #1470, #1977 ) ;
#834 = LINE ( 'NONE', #3764, #1896 ) ;
#835 = CARTESIAN_POINT ( 'NONE',  ( -0.008000000000000015779, 0.09900000000000000466, -0.03300000000000000155 ) ) ;
#836 = EDGE_CURVE ( 'NONE', #2328, #1575, #2642, .T. ) ;
#837 = CARTESIAN_POINT ( 'NONE',  ( -0.07500000000000002498, 0.0000000000000000000, 0.06750000000000001832 ) ) ;
#838 = CARTESIAN_POINT ( 'NONE',  ( -0.05800000000000001682, 0.09900000000000000466, 0.01700000000000000122 ) ) ;
#839 = VECTOR ( 'NONE', #753, 39.37007874015748143 ) ;
#840 = CARTESIAN_POINT ( 'NONE',  ( -0.01249999999999999549, 0.0000000000000000000, 0.06750000000000001832 ) ) ;
#841 = FILL_AREA_STYLE ('',( #4706 ) ) ;
#842 = CARTESIAN_POINT ( 'NONE',  ( -0.07500000000000002498, 0.07450000000000002454, -0.05749999999999998168 ) ) ;
#843 = VERTEX_POINT ( 'NONE', #5252 ) ;
#844 = CARTESIAN_POINT ( 'NONE',  ( -0.05800000000000001682, 0.09900000000000000466, -0.03300000000000000155 ) ) ;
#845 = PLANE ( 'NONE',  #3528 ) ;
#846 = CARTESIAN_POINT ( 'NONE',  ( -0.01249999999999999549, 0.0000000000000000000, -0.06750000000000001832 ) ) ;
#847 = ORIENTED_EDGE ( 'NONE', *, *, #3194, .T. ) ;
#848 = CARTESIAN_POINT ( 'NONE',  ( -0.07500000000000002498, 0.02449999999999998707, -0.06749999999999997669 ) ) ;
#849 = VERTEX_POINT ( 'NONE', #5636 ) ;
#850 = CARTESIAN_POINT ( 'NONE',  ( -0.05800000000000001682, 0.09900000000000000466, -0.01700000000000000122 ) ) ;
#851 = DIRECTION ( 'NONE',  ( 1.000000000000000000, 0.0000000000000000000, -0.0000000000000000000 ) ) ;
#852 = VERTEX_POINT ( 'NONE', #6142 ) ;
#853 = ADVANCED_FACE ( 'NONE', ( #2498 ), #2764, .F. ) ;
#854 = PRESENTATION_LAYER_ASSIGNMENT (  '', '', ( #1910 ) ) ;
#855 = VECTOR ( 'NONE', #4822, 39.37007874015748143 ) ;
#856 = PLANE ( 'NONE',  #5431 ) ;
#857 = DIRECTION ( 'NONE',  ( -0.0000000000000000000, 1.000000000000000000, -0.0000000000000000000 ) ) ;
#858 = DIRECTION ( 'NONE',  ( -0.2588190451025213501, 0.0000000000000000000, -0.9659258262890682012 ) ) ;
#859 = VERTEX_POINT ( 'NONE', #305 ) ;
#860 = VECTOR ( 'NONE', #3735, 39.37007874015748143 ) ;
#861 = CARTESIAN_POINT ( 'NONE',  ( -0.008000000000000015779, 0.09900000000000000466, -0.03300000000000000155 ) ) ;
#862 = EDGE_CURVE ( 'NONE', #3296, #3175, #1508, .T. ) ;
#863 = EDGE_CURVE ( 'NONE', #2143, #1778, #5536, .T. ) ;
#864 = AXIS2_PLACEMENT_3D ( 'NONE', #944, #3859, #3375 ) ;
#865 = ORIENTED_EDGE ( 'NONE', *, *, #5591, .T. ) ;
#866 = EDGE_LOOP ( 'NONE', ( #2110, #705, #3890, #2233 ) ) ;
#867 =( CONVERSION_BASED_UNIT ( 'INCH', #3165 ) LENGTH_UNIT ( ) NAMED_UNIT ( #6151 ) );
#868 = CARTESIAN_POINT ( 'NONE',  ( 0.03080127018922192497, 0.0000000000000000000, 0.04250000000000001693 ) ) ;
#869 = PLANE ( 'NONE',  #1843 ) ;
#870 = CARTESIAN_POINT ( 'NONE',  ( 0.04199999999999998873, 0.09900000000000000466, -0.01700000000000000122 ) ) ;
#871 = EDGE_CURVE ( 'NONE', #6202, #4550, #56, .T. ) ;
#872 = VECTOR ( 'NONE', #2577, 39.37007874015748143 ) ;
#873 = ORIENTED_EDGE ( 'NONE', *, *, #5158, .T. ) ;
#874 = VECTOR ( 'NONE', #4201, 39.37007874015748143 ) ;
#875 = VERTEX_POINT ( 'NONE', #5811 ) ;
#876 = ORIENTED_EDGE ( 'NONE', *, *, #3076, .T. ) ;
#877 = ORIENTED_EDGE ( 'NONE', *, *, #704, .T. ) ;
#878 = PLANE ( 'NONE',  #1244 ) ;
#879 = CARTESIAN_POINT ( 'NONE',  ( -0.01000000000000000368, 0.02450000000000000441, 0.04250000000000001693 ) ) ;
#880 = VECTOR ( 'NONE', #258, 39.37007874015748143 ) ;
#881 = CARTESIAN_POINT ( 'NONE',  ( 0.05222649730810371982, 0.2190000000000000002, -0.03300000000000000155 ) ) ;
#882 = COLOUR_RGB ( '',0.9686274509803921573, 0.8784313725490195957, 0.5999999999999999778 ) ;
#883 = PRESENTATION_STYLE_ASSIGNMENT (( #1006 ) ) ;
#884 = VERTEX_POINT ( 'NONE', #1854 ) ;
#885 = DIMENSIONAL_EXPONENTS ( 1.000000000000000000, 0.0000000000000000000, 0.0000000000000000000, 0.0000000000000000000, 0.0000000000000000000, 0.0000000000000000000, 0.0000000000000000000 ) ;
#886 = VERTEX_POINT ( 'NONE', #4835 ) ;
#887 = SURFACE_SIDE_STYLE ('',( #4346 ) ) ;
#888 = EDGE_LOOP ( 'NONE', ( #3219, #4337, #39, #6303 ) ) ;
#889 = FILL_AREA_STYLE_COLOUR ( '', #4715 ) ;
#890 = DIRECTION ( 'NONE',  ( 0.0000000000000000000, -1.000000000000000000, 0.0000000000000000000 ) ) ;
#891 = DIRECTION ( 'NONE',  ( 1.000000000000000000, 0.0000000000000000000, 0.0000000000000000000 ) ) ;
#892 = VECTOR ( 'NONE', #2302, 39.37007874015747433 ) ;
#893 = LINE ( 'NONE', #2989, #5912 ) ;
#894 = SHAPE_DEFINITION_REPRESENTATION ( #5574, #2749 ) ;
#895 = ADVANCED_FACE ( 'NONE', ( #3182 ), #5772, .F. ) ;
#896 = ORIENTED_EDGE ( 'NONE', *, *, #871, .T. ) ;
#897 = DIRECTION ( 'NONE',  ( -0.0000000000000000000, 1.000000000000000000, -0.0000000000000000000 ) ) ;
#898 = LINE ( 'NONE', #4366, #4194 ) ;
#899 =( LENGTH_UNIT ( ) NAMED_UNIT ( * ) SI_UNIT ( $, .METRE. ) );
#900 = VECTOR ( 'NONE', #3209, 39.37007874015748143 ) ;
#901 =( LENGTH_UNIT ( ) NAMED_UNIT ( * ) SI_UNIT ( $, .METRE. ) );
#902 = COLOUR_RGB ( '',0.9686274509803921573, 0.8784313725490195957, 0.5999999999999999778 ) ;
#903 = SURFACE_STYLE_USAGE ( .BOTH. , #406 ) ;
#904 = VECTOR ( 'NONE', #4508, 39.37007874015748143 ) ;
#905 = DIRECTION ( 'NONE',  ( 0.0000000000000000000, -1.000000000000000000, 0.0000000000000000000 ) ) ;
#906 = SURFACE_STYLE_USAGE ( .BOTH. , #4288 ) ;
#907 = EDGE_CURVE ( 'NONE', #778, #1954, #1054, .T. ) ;
#908 = CARTESIAN_POINT ( 'NONE',  ( -0.07500000000000002498, 0.02449999999999998707, -0.06749999999999997669 ) ) ;
#909 = PLANE ( 'NONE',  #3527 ) ;
#910 = STYLED_ITEM ( 'NONE', ( #5176 ), #534 ) ;
#911 = MECHANICAL_DESIGN_GEOMETRIC_PRESENTATION_REPRESENTATION (  '', ( #5701 ), #5390 ) ;
#912 = FILL_AREA_STYLE ('',( #1942 ) ) ;
#913 = SURFACE_SIDE_STYLE ('',( #5172 ) ) ;
#914 = EDGE_CURVE ( 'NONE', #3175, #178, #590, .T. ) ;
#915 = CIRCLE ( 'NONE', #833, 0.01000000000000000021 ) ;
#916 = CARTESIAN_POINT ( 'NONE',  ( -0.04777350269189629267, 0.2190000000000000002, -0.03300000000000000155 ) ) ;
#917 = DIMENSIONAL_EXPONENTS ( 1.000000000000000000, 0.0000000000000000000, 0.0000000000000000000, 0.0000000000000000000, 0.0000000000000000000, 0.0000000000000000000, 0.0000000000000000000 ) ;
#918 = FACE_OUTER_BOUND ( 'NONE', #6, .T. ) ;
#919 =( CONVERSION_BASED_UNIT ( 'INCH', #4403 ) LENGTH_UNIT ( ) NAMED_UNIT ( #3587 ) );
#920 = CARTESIAN_POINT ( 'NONE',  ( -0.07500000000000002498, 0.02449999999999998707, -0.06749999999999997669 ) ) ;
#921 = AXIS2_PLACEMENT_3D ( 'NONE', #438, #3819, #5282 ) ;
#922 = LINE ( 'NONE', #3762, #1825 ) ;
#923 = ADVANCED_FACE ( 'NONE', ( #1660 ), #1480, .F. ) ;
#924 = ORIENTED_EDGE ( 'NONE', *, *, #3047, .F. ) ;
#925 = PLANE ( 'NONE',  #3998 ) ;
#926 = CARTESIAN_POINT ( 'NONE',  ( 0.04000000000000000083, 0.07449999999999999678, 0.04250000000000001693 ) ) ;
#927 = PRODUCT ( 'FTSH-103-01-F-D', 'FTSH-103-01-F-D', '', ( #2404 ) ) ;
#928 = EDGE_LOOP ( 'NONE', ( #2317, #2403, #3229, #3641 ) ) ;
#929 = UNCERTAINTY_MEASURE_WITH_UNIT (LENGTH_MEASURE( 1.000000000000000082E-05 ), #1927, 'distance_accuracy_value', 'NONE');
#930 = COLOUR_RGB ( '',0.9686274509803921573, 0.8784313725490195957, 0.5999999999999999778 ) ;
#931 = CARTESIAN_POINT ( 'NONE',  ( -0.05800000000000001682, 0.2190000000000000002, 0.03300000000000000155 ) ) ;
#932 = DIRECTION ( 'NONE',  ( 0.4472135954999568730, -0.7745966692414849586, -0.4472135954999564289 ) ) ;
#933 = SURFACE_STYLE_USAGE ( .BOTH. , #431 ) ;
#934 = CARTESIAN_POINT ( 'NONE',  ( -0.07500000000000002498, 0.0000000000000000000, 0.06750000000000001832 ) ) ;
#935 = ORIENTED_EDGE ( 'NONE', *, *, #5793, .T. ) ;
#936 = COLOUR_RGB ( '',0.7921568627450980005, 0.8196078431372548767, 0.9333333333333333481 ) ;
#937 = PLANE ( 'NONE',  #921 ) ;
#938 =( NAMED_UNIT ( * ) SI_UNIT ( $, .STERADIAN. ) SOLID_ANGLE_UNIT ( ) );
#939 = AXIS2_PLACEMENT_3D ( 'NONE', #2799, #4252, #3203 ) ;
#940 =( NAMED_UNIT ( * ) PLANE_ANGLE_UNIT ( ) SI_UNIT ( $, .RADIAN. ) );
#941 = ORIENTED_EDGE ( 'NONE', *, *, #2853, .F. ) ;
#942 = VERTEX_POINT ( 'NONE', #6294 ) ;
#943 =( GEOMETRIC_REPRESENTATION_CONTEXT ( 3 ) GLOBAL_UNCERTAINTY_ASSIGNED_CONTEXT ( ( #2566 ) ) GLOBAL_UNIT_ASSIGNED_CONTEXT ( ( #608, #1020, #1510 ) ) REPRESENTATION_CONTEXT ( 'NONE', 'WORKASPACE' ) );
#944 = CARTESIAN_POINT ( 'NONE',  ( -0.05000000000000000278, 0.2190000000000000002, 0.0000000000000000000 ) ) ;
#945 = ORIENTED_EDGE ( 'NONE', *, *, #2622, .T. ) ;
#946 = EDGE_CURVE ( 'NONE', #2469, #28, #5105, .T. ) ;
#947 = CARTESIAN_POINT ( 'NONE',  ( 0.04199999999999998873, 0.09900000000000000466, -0.01700000000000000122 ) ) ;
#948 = DIRECTION ( 'NONE',  ( 1.000000000000000000, 0.0000000000000000000, -5.691349986800548372E-17 ) ) ;
#949 = ORIENTED_EDGE ( 'NONE', *, *, #5108, .T. ) ;
#950 = ORIENTED_EDGE ( 'NONE', *, *, #5083, .F. ) ;
#951 =( CONVERSION_BASED_UNIT ( 'INCH', #61 ) LENGTH_UNIT ( ) NAMED_UNIT ( #2753 ) );
#952 = EDGE_CURVE ( 'NONE', #107, #2774, #977, .T. ) ;
#953 = EDGE_LOOP ( 'NONE', ( #935, #5736, #1084, #5223 ) ) ;
#954 = VERTEX_POINT ( 'NONE', #1897 ) ;
#955 = ADVANCED_FACE ( 'NONE', ( #4342 ), #5747, .T. ) ;
#956 = FACE_OUTER_BOUND ( 'NONE', #1876, .T. ) ;
#957 = VECTOR ( 'NONE', #2249, 39.37007874015748143 ) ;
#958 = VECTOR ( 'NONE', #5381, 39.37007874015748854 ) ;
#959 = ORIENTED_EDGE ( 'NONE', *, *, #372, .T. ) ;
#960 =( NAMED_UNIT ( * ) SI_UNIT ( $, .STERADIAN. ) SOLID_ANGLE_UNIT ( ) );
#961 = STYLED_ITEM ( 'NONE', ( #4087 ), #1971 ) ;
#962 = VERTEX_POINT ( 'NONE', #5312 ) ;
#963 = PLANE ( 'NONE',  #1532 ) ;
#964 = ORIENTED_EDGE ( 'NONE', *, *, #721, .T. ) ;
#965 = DIRECTION ( 'NONE',  ( -0.4472135954999566509, -0.7745966692414848476, -0.4472135954999566509 ) ) ;
#966 = EDGE_CURVE ( 'NONE', #4774, #5537, #1727, .T. ) ;
#967 = VECTOR ( 'NONE', #5618, 39.37007874015748143 ) ;
#968 = FACE_OUTER_BOUND ( 'NONE', #4472, .T. ) ;
#969 = ORIENTED_EDGE ( 'NONE', *, *, #4744, .F. ) ;
#970 = CARTESIAN_POINT ( 'NONE',  ( 0.07499999999999999722, 0.09900000000000000466, 0.06749999999999999056 ) ) ;
#971 = ORIENTED_EDGE ( 'NONE', *, *, #1972, .T. ) ;
#972 = DIRECTION ( 'NONE',  ( 1.000000000000000000, 0.0000000000000000000, 0.0000000000000000000 ) ) ;
#973 = ORIENTED_EDGE ( 'NONE', *, *, #5669, .T. ) ;
#974 =( CONVERSION_BASED_UNIT ( 'INCH', #3798 ) LENGTH_UNIT ( ) NAMED_UNIT ( #2693 ) );
#975 = CARTESIAN_POINT ( 'NONE',  ( -0.03080127018922191803, 0.0000000000000000000, -0.04250000000000001693 ) ) ;
#976 = VECTOR ( 'NONE', #4836, 39.37007874015748143 ) ;
#977 = LINE ( 'NONE', #996, #2639 ) ;
#978 = ORIENTED_EDGE ( 'NONE', *, *, #6117, .F. ) ;
#979 = CARTESIAN_POINT ( 'NONE',  ( 0.04199999999999998873, -0.08999999999999999667, 0.03300000000000000155 ) ) ;
#980 = CARTESIAN_POINT ( 'NONE',  ( 0.007999999999999981085, -0.08999999999999999667, 0.03300000000000000155 ) ) ;
#981 = VECTOR ( 'NONE', #1359, 39.37007874015748143 ) ;
#982 = LINE ( 'NONE', #2961, #1587 ) ;
#983 = LINE ( 'NONE', #211, #5915 ) ;
#984 = CYLINDRICAL_SURFACE ( 'NONE', #1882, 0.009999999999999995004 ) ;
#985 = CARTESIAN_POINT ( 'NONE',  ( 0.009999999999999995004, 0.07449999999999999678, -0.05749999999999998168 ) ) ;
#986 = SURFACE_STYLE_USAGE ( .BOTH. , #3387 ) ;
#987 = VECTOR ( 'NONE', #5496, 39.37007874015748143 ) ;
#989 = VECTOR ( 'NONE', #5729, 39.37007874015748143 ) ;
#988 = CARTESIAN_POINT ( 'NONE',  ( 0.06500000000000000222, 0.02450000000000000441, 0.04749999999999998668 ) ) ;
#990 = FACE_OUTER_BOUND ( 'NONE', #2825, .T. ) ;
#991 = CARTESIAN_POINT ( 'NONE',  ( -0.03749999999999999861, 0.07450000000000001066, 0.06750000000000001832 ) ) ;
#992 = ADVANCED_FACE ( 'NONE', ( #3973 ), #3340, .F. ) ;
#993 = LENGTH_MEASURE_WITH_UNIT ( LENGTH_MEASURE( 0.02539999999999999897 ), #3610 );
#994 = EDGE_CURVE ( 'NONE', #5133, #2760, #5993, .T. ) ;
#995 = VECTOR ( 'NONE', #4663, 39.37007874015747433 ) ;
#996 = CARTESIAN_POINT ( 'NONE',  ( -0.008000000000000015779, -0.08999999999999999667, -0.03300000000000000155 ) ) ;
#997 = EDGE_CURVE ( 'NONE', #654, #4565, #1348, .T. ) ;
#998 = STYLED_ITEM ( 'NONE', ( #2827 ), #2114 ) ;
#999 =( NAMED_UNIT ( * ) SI_UNIT ( $, .STERADIAN. ) SOLID_ANGLE_UNIT ( ) );
#1000 = DIRECTION ( 'NONE',  ( 0.0000000000000000000, 0.0000000000000000000, -1.000000000000000000 ) ) ;
#1001 = EDGE_CURVE ( 'NONE', #1575, #4871, #5238, .T. ) ;
#1002 = LINE ( 'NONE', #4516, #1681 ) ;
#1003 = EDGE_CURVE ( 'NONE', #3493, #2540, #1211, .T. ) ;
#1004 = CARTESIAN_POINT ( 'NONE',  ( 0.04199999999999998873, 0.09900000000000000466, 0.03300000000000000155 ) ) ;
#1005 = CARTESIAN_POINT ( 'NONE',  ( 0.04000000000000000083, 0.07449999999999999678, -0.05749999999999998168 ) ) ;
#1006 = SURFACE_STYLE_USAGE ( .BOTH. , #5356 ) ;
#1007 = ORIENTED_EDGE ( 'NONE', *, *, #3503, .F. ) ;
#1008 =( LENGTH_UNIT ( ) NAMED_UNIT ( * ) SI_UNIT ( $, .METRE. ) );
#1009 = VECTOR ( 'NONE', #4675, 39.37007874015748143 ) ;
#1010 = CARTESIAN_POINT ( 'NONE',  ( 0.04199999999999998873, 0.2089999999999999358, 0.03300000000000000155 ) ) ;
#1011 = CARTESIAN_POINT ( 'NONE',  ( -0.008000000000000015779, 0.2089999999999999358, 0.03300000000000000155 ) ) ;
#1012 = ORIENTED_EDGE ( 'NONE', *, *, #3741, .T. ) ;
#1013 = VERTEX_POINT ( 'NONE', #558 ) ;
#1014 = FACE_OUTER_BOUND ( 'NONE', #5094, .T. ) ;
#1015 = APPLICATION_PROTOCOL_DEFINITION ( 'draft international standard', 'automotive_design', 1998, #1459 ) ;
#1016 = CARTESIAN_POINT ( 'NONE',  ( -0.05800000000000001682, 0.0000000000000000000, 0.03300000000000000155 ) ) ;
#1017 = DIRECTION ( 'NONE',  ( 0.0000000000000000000, -1.000000000000000000, 0.0000000000000000000 ) ) ;
#1018 = VERTEX_POINT ( 'NONE', #5392 ) ;
#1019 = UNCERTAINTY_MEASURE_WITH_UNIT (LENGTH_MEASURE( 1.000000000000000082E-05 ), #830, 'distance_accuracy_value', 'NONE');
#1021 =( NAMED_UNIT ( * ) SI_UNIT ( $, .STERADIAN. ) SOLID_ANGLE_UNIT ( ) );
#1020 =( NAMED_UNIT ( * ) PLANE_ANGLE_UNIT ( ) SI_UNIT ( $, .RADIAN. ) );
#1022 = ADVANCED_FACE ( 'NONE', ( #4789 ), #3466, .F. ) ;
#1023 = EDGE_LOOP ( 'NONE', ( #5214, #1407, #1804, #1869 ) ) ;
#1024 = ORIENTED_EDGE ( 'NONE', *, *, #3736, .T. ) ;
#1025 = DIRECTION ( 'NONE',  ( -1.707404996040164758E-16, 1.000000000000000000, 0.0000000000000000000 ) ) ;
#1026 = PLANE ( 'NONE',  #2905 ) ;
#1027 = ORIENTED_EDGE ( 'NONE', *, *, #2609, .T. ) ;
#1028 = VERTEX_POINT ( 'NONE', #521 ) ;
#1029 = EDGE_LOOP ( 'NONE', ( #1921, #1610, #3712, #341 ) ) ;
#1030 = EDGE_CURVE ( 'NONE', #4309, #6028, #3111, .T. ) ;
#1031 = DIRECTION ( 'NONE',  ( -0.0000000000000000000, 0.0000000000000000000, -1.000000000000000000 ) ) ;
#1032 = DIRECTION ( 'NONE',  ( -0.0000000000000000000, -0.0000000000000000000, -1.000000000000000000 ) ) ;
#1033 = STYLED_ITEM ( 'NONE', ( #4960 ), #5414 ) ;
#1034 = PRESENTATION_STYLE_ASSIGNMENT (( #3888 ) ) ;
#1035 = AXIS2_PLACEMENT_3D ( 'NONE', #1696, #1160, #2633 ) ;
#1036 = AXIS2_PLACEMENT_3D ( 'NONE', #6158, #4160, #3245 ) ;
#1037 = ORIENTED_EDGE ( 'NONE', *, *, #1960, .T. ) ;
#1038 = VERTEX_POINT ( 'NONE', #4902 ) ;
#1039 = EDGE_CURVE ( 'NONE', #954, #5966, #2491, .T. ) ;
#1040 = ORIENTED_EDGE ( 'NONE', *, *, #711, .F. ) ;
#1041 = ORIENTED_EDGE ( 'NONE', *, *, #2622, .F. ) ;
#1042 =( NAMED_UNIT ( * ) PLANE_ANGLE_UNIT ( ) SI_UNIT ( $, .RADIAN. ) );
#1043 = FACE_OUTER_BOUND ( 'NONE', #2627, .T. ) ;
#1044 = CARTESIAN_POINT ( 'NONE',  ( 0.04000000000000000083, 0.07449999999999999678, -0.01580951894845298786 ) ) ;
#1045 = LINE ( 'NONE', #815, #267 ) ;
#1046 = VERTEX_POINT ( 'NONE', #1507 ) ;
#1047 = ORIENTED_EDGE ( 'NONE', *, *, #6016, .T. ) ;
#1048 = VERTEX_POINT ( 'NONE', #1568 ) ;
#1049 = AXIS2_PLACEMENT_3D ( 'NONE', #703, #6038, #747 ) ;
#1050 = VECTOR ( 'NONE', #3432, 39.37007874015748143 ) ;
#1051 = DIRECTION ( 'NONE',  ( 0.0000000000000000000, -1.000000000000000000, 0.0000000000000000000 ) ) ;
#1052 =( GEOMETRIC_REPRESENTATION_CONTEXT ( 3 ) GLOBAL_UNCERTAINTY_ASSIGNED_CONTEXT ( ( #2916 ) ) GLOBAL_UNIT_ASSIGNED_CONTEXT ( ( #5290, #5791, #999 ) ) REPRESENTATION_CONTEXT ( 'NONE', 'WORKASPACE' ) );
#1053 = VERTEX_POINT ( 'NONE', #4523 ) ;
#1054 = LINE ( 'NONE', #2855, #812 ) ;
#1055 = EDGE_CURVE ( 'NONE', #4944, #6143, #2030, .T. ) ;
#1056 = VERTEX_POINT ( 'NONE', #55 ) ;
#1057 = LENGTH_MEASURE_WITH_UNIT ( LENGTH_MEASURE( 0.02539999999999999897 ), #6264 );
#1058 = FACE_OUTER_BOUND ( 'NONE', #45, .T. ) ;
#1059 = DIRECTION ( 'NONE',  ( 0.0000000000000000000, 0.0000000000000000000, 1.000000000000000000 ) ) ;
#1060 = DIRECTION ( 'NONE',  ( 1.000000000000000000, 0.0000000000000000000, 0.0000000000000000000 ) ) ;
#1061 = FACE_OUTER_BOUND ( 'NONE', #2390, .T. ) ;
#1062 = ADVANCED_FACE ( 'NONE', ( #6225 ), #2003, .F. ) ;
#1063 = VECTOR ( 'NONE', #1159, 39.37007874015748143 ) ;
#1064 = DIRECTION ( 'NONE',  ( 1.000000000000000000, 0.0000000000000000000, 0.0000000000000000000 ) ) ;
#1065 = LINE ( 'NONE', #3063, #3508 ) ;
#1067 = FILL_AREA_STYLE ('',( #1419 ) ) ;
#1066 = CARTESIAN_POINT ( 'NONE',  ( -0.04200000000000002343, 0.2089999999999999358, -0.03300000000000000155 ) ) ;
#1068 = LINE ( 'NONE', #215, #2273 ) ;
#1069 = PRESENTATION_STYLE_ASSIGNMENT (( #5612 ) ) ;
#1070 = DIRECTION ( 'NONE',  ( -1.000000000000000000, 0.0000000000000000000, 0.0000000000000000000 ) ) ;
#1071 = LENGTH_MEASURE_WITH_UNIT ( LENGTH_MEASURE( 0.02539999999999999897 ), #1580 );
#1072 = CARTESIAN_POINT ( 'NONE',  ( 0.07499999999999999722, 0.07450000000000002454, -0.06749999999999997669 ) ) ;
#1073 = DIRECTION ( 'NONE',  ( 0.0000000000000000000, -1.000000000000000000, -0.0000000000000000000 ) ) ;
#1074 = EDGE_CURVE ( 'NONE', #5492, #482, #3652, .T. ) ;
#1075 = DIRECTION ( 'NONE',  ( -1.000000000000000000, 0.0000000000000000000, 0.0000000000000000000 ) ) ;
#1076 = SURFACE_STYLE_FILL_AREA ( #5323 ) ;
#1077 = EDGE_CURVE ( 'NONE', #5647, #4116, #893, .T. ) ;
#1078 = DIRECTION ( 'NONE',  ( 0.0000000000000000000, 0.0000000000000000000, -1.000000000000000000 ) ) ;
#1079 = VECTOR ( 'NONE', #3746, 39.37007874015748143 ) ;
#1080 = CARTESIAN_POINT ( 'NONE',  ( -0.05800000000000001682, 0.09900000000000000466, 0.03300000000000000155 ) ) ;
#1081 =( GEOMETRIC_REPRESENTATION_CONTEXT ( 3 ) GLOBAL_UNCERTAINTY_ASSIGNED_CONTEXT ( ( #3004 ) ) GLOBAL_UNIT_ASSIGNED_CONTEXT ( ( #2871, #5731, #4320 ) ) REPRESENTATION_CONTEXT ( 'NONE', 'WORKASPACE' ) );
#1082 = DIRECTION ( 'NONE',  ( -0.0000000000000000000, -1.000000000000000000, -0.0000000000000000000 ) ) ;
#1083 = AXIS2_PLACEMENT_3D ( 'NONE', #1232, #1711, #4211 ) ;
#1084 = ORIENTED_EDGE ( 'NONE', *, *, #1720, .T. ) ;
#1085 = ADVANCED_FACE ( 'NONE', ( #3257 ), #4985, .F. ) ;
#1086 = LENGTH_MEASURE_WITH_UNIT ( LENGTH_MEASURE( 0.02539999999999999897 ), #3358 );
#1087 = DIRECTION ( 'NONE',  ( -1.000000000000000000, 0.0000000000000000000, 0.0000000000000000000 ) ) ;
#1088 = EDGE_CURVE ( 'NONE', #3451, #4944, #5679, .T. ) ;
#1089 = CARTESIAN_POINT ( 'NONE',  ( -0.008000000000000015779, -0.2026274169979695450, -0.03300000000000000155 ) ) ;
#1090 = CARTESIAN_POINT ( 'NONE',  ( -0.008000000000000015779, -0.2026274169979695450, 0.03300000000000000155 ) ) ;
#1091 = DIRECTION ( 'NONE',  ( 0.0000000000000000000, 1.000000000000000000, 0.0000000000000000000 ) ) ;
#1092 = DIRECTION ( 'NONE',  ( 1.000000000000000000, -0.0000000000000000000, -0.0000000000000000000 ) ) ;
#1093 = VERTEX_POINT ( 'NONE', #5407 ) ;
#1094 = PLANE ( 'NONE',  #5629 ) ;
#1095 = ORIENTED_EDGE ( 'NONE', *, *, #6091, .T. ) ;
#1096 = VECTOR ( 'NONE', #1445, 39.37007874015748143 ) ;
#1097 = DIRECTION ( 'NONE',  ( -0.0000000000000000000, 1.000000000000000000, -0.0000000000000000000 ) ) ;
#1098 = CARTESIAN_POINT ( 'NONE',  ( -0.05800000000000001682, -0.08999999999999999667, -0.03300000000000000155 ) ) ;
#1100 =( LENGTH_UNIT ( ) NAMED_UNIT ( * ) SI_UNIT ( $, .METRE. ) );
#1099 = CARTESIAN_POINT ( 'NONE',  ( -0.04000000000000001471, 0.07449999999999999678, 0.05749999999999998168 ) ) ;
#1101 = ORIENTED_EDGE ( 'NONE', *, *, #1074, .F. ) ;
#1102 = ORIENTED_EDGE ( 'NONE', *, *, #4477, .F. ) ;
#1103 = PLANE ( 'NONE',  #5586 ) ;
#1104 = EDGE_LOOP ( 'NONE', ( #6196, #670, #1336, #5889 ) ) ;
#1105 = VECTOR ( 'NONE', #897, 39.37007874015748143 ) ;
#1106 = DIRECTION ( 'NONE',  ( 0.0000000000000000000, 0.0000000000000000000, -1.000000000000000000 ) ) ;
#1107 = VERTEX_POINT ( 'NONE', #114 ) ;
#1108 = CARTESIAN_POINT ( 'NONE',  ( 0.07499999999999999722, 0.09900000000000000466, -0.06750000000000003220 ) ) ;
#1109 = ORIENTED_EDGE ( 'NONE', *, *, #4721, .T. ) ;
#1110 = DIRECTION ( 'NONE',  ( -0.0000000000000000000, -0.0000000000000000000, -1.000000000000000000 ) ) ;
#1111 = VERTEX_POINT ( 'NONE', #80 ) ;
#1112 = DIRECTION ( 'NONE',  ( 0.0000000000000000000, 0.0000000000000000000, -1.000000000000000000 ) ) ;
#1113 = LINE ( 'NONE', #3394, #4321 ) ;
#1114 = ORIENTED_EDGE ( 'NONE', *, *, #994, .F. ) ;
#1115 = ORIENTED_EDGE ( 'NONE', *, *, #3739, .T. ) ;
#1116 = LINE ( 'NONE', #196, #1192 ) ;
#1117 = VECTOR ( 'NONE', #550, 39.37007874015748143 ) ;
#1118 = ORIENTED_EDGE ( 'NONE', *, *, #499, .F. ) ;
#1119 = EDGE_CURVE ( 'NONE', #2867, #1328, #2950, .T. ) ;
#1120 = PLANE ( 'NONE',  #3043 ) ;
#1121 = ORIENTED_EDGE ( 'NONE', *, *, #1527, .T. ) ;
#1122 = CARTESIAN_POINT ( 'NONE',  ( 0.03080127018922192497, 0.07449999999999999678, 0.04250000000000001693 ) ) ;
#1123 = DIMENSIONAL_EXPONENTS ( 1.000000000000000000, 0.0000000000000000000, 0.0000000000000000000, 0.0000000000000000000, 0.0000000000000000000, 0.0000000000000000000, 0.0000000000000000000 ) ;
#1124 = ORIENTED_EDGE ( 'NONE', *, *, #5347, .T. ) ;
#1125 = EDGE_CURVE ( 'NONE', #3217, #4401, #1952, .T. ) ;
#1126 =( GEOMETRIC_REPRESENTATION_CONTEXT ( 3 ) GLOBAL_UNCERTAINTY_ASSIGNED_CONTEXT ( ( #264 ) ) GLOBAL_UNIT_ASSIGNED_CONTEXT ( ( #5942, #3535, #1021 ) ) REPRESENTATION_CONTEXT ( 'NONE', 'WORKASPACE' ) );
#1127 = LINE ( 'NONE', #5962, #1420 ) ;
#1128 = CIRCLE ( 'NONE', #2612, 0.009999999999999995004 ) ;
#1129 = EDGE_CURVE ( 'NONE', #1853, #563, #5988, .T. ) ;
#1130 = FILL_AREA_STYLE ('',( #5368 ) ) ;
#1131 = FACE_OUTER_BOUND ( 'NONE', #1690, .T. ) ;
#1132 = EDGE_LOOP ( 'NONE', ( #6140, #5744, #3464, #35 ) ) ;
#1133 = STYLED_ITEM ( 'NONE', ( #2121 ), #663 ) ;
#1134 = ORIENTED_EDGE ( 'NONE', *, *, #3864, .F. ) ;
#1135 = DIRECTION ( 'NONE',  ( 1.000000000000000000, 0.0000000000000000000, 0.0000000000000000000 ) ) ;
#1136 = EDGE_LOOP ( 'NONE', ( #1783, #3390, #5567, #432 ) ) ;
#1138 = FILL_AREA_STYLE ('',( #3585 ) ) ;
#1137 = DIRECTION ( 'NONE',  ( 0.8660254037844397068, -0.4999999999999982792, 0.0000000000000000000 ) ) ;
#1139 = EDGE_CURVE ( 'NONE', #859, #5991, #129, .T. ) ;
#1140 = VECTOR ( 'NONE', #1967, 39.37007874015748143 ) ;
#1141 = LINE ( 'NONE', #444, #6148 ) ;
#1142 = DIRECTION ( 'NONE',  ( 0.0000000000000000000, 0.0000000000000000000, 1.000000000000000000 ) ) ;
#1143 = ORIENTED_EDGE ( 'NONE', *, *, #4527, .T. ) ;
#1144 = DIRECTION ( 'NONE',  ( 1.000000000000000000, -0.0000000000000000000, -0.0000000000000000000 ) ) ;
#1145 = VECTOR ( 'NONE', #4734, 39.37007874015748143 ) ;
#1146 = FACE_OUTER_BOUND ( 'NONE', #3778, .T. ) ;
#1147 = VECTOR ( 'NONE', #5118, 39.37007874015748143 ) ;
#1148 = UNCERTAINTY_MEASURE_WITH_UNIT (LENGTH_MEASURE( 1.000000000000000082E-05 ), #2684, 'distance_accuracy_value', 'NONE');
#1149 = DIRECTION ( 'NONE',  ( -1.000000000000000000, 0.0000000000000000000, 1.138269997360109674E-16 ) ) ;
#1150 = PLANE ( 'NONE',  #4151 ) ;
#1151 = VECTOR ( 'NONE', #2439, 39.37007874015748143 ) ;
#1152 = LINE ( 'NONE', #3597, #5047 ) ;
#1153 = CARTESIAN_POINT ( 'NONE',  ( 0.07499999999999999722, 0.09900000000000000466, 0.06749999999999999056 ) ) ;
#1155 = FILL_AREA_STYLE_COLOUR ( '', #4908 ) ;
#1154 = SURFACE_SIDE_STYLE ('',( #6067 ) ) ;
#1156 = LINE ( 'NONE', #4758, #5053 ) ;
#1157 = ADVANCED_FACE ( 'NONE', ( #807 ), #4540, .F. ) ;
#1158 = DIRECTION ( 'NONE',  ( -0.2588190451025214611, 0.0000000000000000000, 0.9659258262890679791 ) ) ;
#1159 = DIRECTION ( 'NONE',  ( 0.0000000000000000000, 1.000000000000000000, 0.0000000000000000000 ) ) ;
#1160 = DIRECTION ( 'NONE',  ( 0.9659258262890682012, 0.0000000000000000000, 0.2588190451025213501 ) ) ;
#1161 = CARTESIAN_POINT ( 'NONE',  ( 0.03750000000000001249, 0.02449999999999998707, -0.06750000000000001832 ) ) ;
#1162 = LINE ( 'NONE', #2115, #4738 ) ;
#1163 =( GEOMETRIC_REPRESENTATION_CONTEXT ( 3 ) GLOBAL_UNCERTAINTY_ASSIGNED_CONTEXT ( ( #5123 ) ) GLOBAL_UNIT_ASSIGNED_CONTEXT ( ( #2127, #4533, #3565 ) ) REPRESENTATION_CONTEXT ( 'NONE', 'WORKASPACE' ) );
#1164 =( GEOMETRIC_REPRESENTATION_CONTEXT ( 3 ) GLOBAL_UNCERTAINTY_ASSIGNED_CONTEXT ( ( #3891 ) ) GLOBAL_UNIT_ASSIGNED_CONTEXT ( ( #3606, #165, #4579 ) ) REPRESENTATION_CONTEXT ( 'NONE', 'WORKASPACE' ) );
#1165 = EDGE_CURVE ( 'NONE', #1046, #5270, #5374, .T. ) ;
#1166 = DIRECTION ( 'NONE',  ( 0.0000000000000000000, -1.000000000000000000, 0.0000000000000000000 ) ) ;
#1167 = ORIENTED_EDGE ( 'NONE', *, *, #5192, .T. ) ;
#1168 = PRESENTATION_STYLE_ASSIGNMENT (( #24 ) ) ;
#1169 = PLANE ( 'NONE',  #2813 ) ;
#1170 = ORIENTED_EDGE ( 'NONE', *, *, #4387, .T. ) ;
#1171 = ORIENTED_EDGE ( 'NONE', *, *, #1450, .T. ) ;
#1172 = PRESENTATION_LAYER_ASSIGNMENT (  '', '', ( #5848 ) ) ;
#1173 = DIRECTION ( 'NONE',  ( -0.0000000000000000000, -0.0000000000000000000, 1.000000000000000000 ) ) ;
#1174 =( GEOMETRIC_REPRESENTATION_CONTEXT ( 3 ) GLOBAL_UNCERTAINTY_ASSIGNED_CONTEXT ( ( #3480 ) ) GLOBAL_UNIT_ASSIGNED_CONTEXT ( ( #1951, #2935, #2038 ) ) REPRESENTATION_CONTEXT ( 'NONE', 'WORKASPACE' ) );
#1175 = UNCERTAINTY_MEASURE_WITH_UNIT (LENGTH_MEASURE( 1.000000000000000082E-05 ), #813, 'distance_accuracy_value', 'NONE');
#1176 = EDGE_CURVE ( 'NONE', #5966, #2397, #2558, .T. ) ;
#1177 = ORIENTED_EDGE ( 'NONE', *, *, #91, .T. ) ;
#1178 = PLANE ( 'NONE',  #5389 ) ;
#1179 = DIRECTION ( 'NONE',  ( -0.0000000000000000000, 0.0000000000000000000, 1.000000000000000000 ) ) ;
#1180 = DIRECTION ( 'NONE',  ( 0.0000000000000000000, 0.0000000000000000000, -1.000000000000000000 ) ) ;
#1181 = ORIENTED_EDGE ( 'NONE', *, *, #825, .T. ) ;
#1182 = ORIENTED_EDGE ( 'NONE', *, *, #6250, .T. ) ;
#1183 = FACE_OUTER_BOUND ( 'NONE', #866, .T. ) ;
#1184 = ORIENTED_EDGE ( 'NONE', *, *, #515, .F. ) ;
#1185 = ORIENTED_EDGE ( 'NONE', *, *, #295, .T. ) ;
#1186 = EDGE_LOOP ( 'NONE', ( #508, #5155, #2369, #4238 ) ) ;
#1187 = CARTESIAN_POINT ( 'NONE',  ( -0.05800000000000001682, 0.09900000000000000466, 0.03300000000000000155 ) ) ;
#1188 = DIRECTION ( 'NONE',  ( 0.0000000000000000000, 0.0000000000000000000, -1.000000000000000000 ) ) ;
#1189 = ADVANCED_FACE ( 'NONE', ( #1945 ), #869, .T. ) ;
#1190 = LINE ( 'NONE', #6265, #6287 ) ;
#1191 = ORIENTED_EDGE ( 'NONE', *, *, #2184, .T. ) ;
#1192 = VECTOR ( 'NONE', #236, 39.37007874015748143 ) ;
#1193 = EDGE_LOOP ( 'NONE', ( #2618, #4481, #4098, #536 ) ) ;
#1194 = ORIENTED_EDGE ( 'NONE', *, *, #5124, .T. ) ;
#1195 = ORIENTED_EDGE ( 'NONE', *, *, #5316, .F. ) ;
#1196 =( NAMED_UNIT ( * ) PLANE_ANGLE_UNIT ( ) SI_UNIT ( $, .RADIAN. ) );
#1197 = STYLED_ITEM ( 'NONE', ( #4688 ), #5041 ) ;
#1198 = CARTESIAN_POINT ( 'NONE',  ( 0.06499999999999997446, 0.07450000000000002454, -0.05749999999999998168 ) ) ;
#1199 = LINE ( 'NONE', #1733, #967 ) ;
#1200 = PLANE ( 'NONE',  #585 ) ;
#1201 = CIRCLE ( 'NONE', #3607, 0.009999999999999995004 ) ;
#1202 = ORIENTED_EDGE ( 'NONE', *, *, #54, .F. ) ;
#1203 = CARTESIAN_POINT ( 'NONE',  ( 0.007999999999999981085, 0.2089999999999999358, -0.01700000000000000122 ) ) ;
#1204 = EDGE_LOOP ( 'NONE', ( #5441, #1555, #163, #471 ) ) ;
#1205 = VERTEX_POINT ( 'NONE', #5761 ) ;
#1206 = VECTOR ( 'NONE', #3058, 39.37007874015748143 ) ;
#1207 = FACE_OUTER_BOUND ( 'NONE', #6210, .T. ) ;
#1208 = EDGE_CURVE ( 'NONE', #2328, #437, #3885, .T. ) ;
#1209 = ORIENTED_EDGE ( 'NONE', *, *, #5131, .F. ) ;
#1210 = FILL_AREA_STYLE_COLOUR ( '', #268 ) ;
#1211 = LINE ( 'NONE', #4388, #4188 ) ;
#1212 = LINE ( 'NONE', #6195, #3810 ) ;
#1213 = ORIENTED_EDGE ( 'NONE', *, *, #4520, .F. ) ;
#1214 = EDGE_CURVE ( 'NONE', #5514, #4240, #1791, .T. ) ;
#1215 = PRESENTATION_LAYER_ASSIGNMENT (  '', '', ( #1840 ) ) ;
#1216 = VECTOR ( 'NONE', #5816, 39.37007874015748143 ) ;
#1217 = LINE ( 'NONE', #599, #1668 ) ;
#1218 = LINE ( 'NONE', #5186, #2565 ) ;
#1219 =( CONVERSION_BASED_UNIT ( 'INCH', #4641 ) LENGTH_UNIT ( ) NAMED_UNIT ( #917 ) );
#1220 = EDGE_CURVE ( 'NONE', #6262, #4104, #4046, .T. ) ;
#1221 = VECTOR ( 'NONE', #4510, 39.37007874015748143 ) ;
#1222 = LINE ( 'NONE', #2149, #4136 ) ;
#1223 = MANIFOLD_SOLID_BREP ( 'Chamfer2', #2529 ) ;
#1224 = FILL_AREA_STYLE ('',( #2219 ) ) ;
#1225 = FACE_BOUND ( 'NONE', #2763, .T. ) ;
#1226 = DIRECTION ( 'NONE',  ( -1.000000000000000000, 0.0000000000000000000, 0.0000000000000000000 ) ) ;
#1227 = DIRECTION ( 'NONE',  ( -0.0000000000000000000, 0.0000000000000000000, 1.000000000000000000 ) ) ;
#1228 = ADVANCED_FACE ( 'NONE', ( #1131 ), #963, .F. ) ;
#1229 = CARTESIAN_POINT ( 'NONE',  ( -0.008000000000000015779, 0.0000000000000000000, 0.01700000000000000122 ) ) ;
#1230 = FILL_AREA_STYLE ('',( #755 ) ) ;
#1231 = LINE ( 'NONE', #4203, #1983 ) ;
#1232 = CARTESIAN_POINT ( 'NONE',  ( -0.03749999999999999861, 0.0000000000000000000, -0.06750000000000001832 ) ) ;
#1233 = CARTESIAN_POINT ( 'NONE',  ( -0.07500000000000002498, 0.02449999999999998707, -0.05749999999999998168 ) ) ;
#1234 = PLANE ( 'NONE',  #3422 ) ;
#1235 = EDGE_CURVE ( 'NONE', #4845, #1489, #4867, .T. ) ;
#1236 = ORIENTED_EDGE ( 'NONE', *, *, #3034, .F. ) ;
#1237 = AXIS2_PLACEMENT_3D ( 'NONE', #2004, #1064, #3492 ) ;
#1238 = STYLED_ITEM ( 'NONE', ( #2939 ), #4383 ) ;
#1239 = EDGE_CURVE ( 'NONE', #5674, #4983, #3800, .T. ) ;
#1240 = CARTESIAN_POINT ( 'NONE',  ( -0.07500000000000002498, 0.02450000000000000441, 0.04749999999999998668 ) ) ;
#1241 = ORIENTED_EDGE ( 'NONE', *, *, #5585, .T. ) ;
#1242 = DIRECTION ( 'NONE',  ( -1.138269997360109674E-16, 0.0000000000000000000, -1.000000000000000000 ) ) ;
#1243 = UNCERTAINTY_MEASURE_WITH_UNIT (LENGTH_MEASURE( 1.000000000000000082E-05 ), #2737, 'distance_accuracy_value', 'NONE');
#1244 = AXIS2_PLACEMENT_3D ( 'NONE', #3793, #4763, #3838 ) ;
#1245 = ORIENTED_EDGE ( 'NONE', *, *, #3703, .F. ) ;
#1246 = ADVANCED_FACE ( 'NONE', ( #968 ), #2358, .T. ) ;
#1247 = LINE ( 'NONE', #2283, #5281 ) ;
#1248 = DIRECTION ( 'NONE',  ( 1.000000000000000000, -0.0000000000000000000, 0.0000000000000000000 ) ) ;
#1249 = EDGE_LOOP ( 'NONE', ( #2155, #3783, #3164, #1308 ) ) ;
#1250 = DIRECTION ( 'NONE',  ( -0.0000000000000000000, -1.000000000000000000, -0.0000000000000000000 ) ) ;
#1251 = ORIENTED_EDGE ( 'NONE', *, *, #4754, .F. ) ;
#1252 = CARTESIAN_POINT ( 'NONE',  ( 0.007999999999999981085, 0.2089999999999999358, 0.03300000000000000155 ) ) ;
#1253 = VECTOR ( 'NONE', #2116, 39.37007874015748143 ) ;
#1254 = ORIENTED_EDGE ( 'NONE', *, *, #5055, .T. ) ;
#1255 = VECTOR ( 'NONE', #5799, 39.37007874015748143 ) ;
#1256 = ORIENTED_EDGE ( 'NONE', *, *, #1523, .F. ) ;
#1257 = VERTEX_POINT ( 'NONE', #1844 ) ;
#1258 = ORIENTED_EDGE ( 'NONE', *, *, #1001, .T. ) ;
#1259 = DIRECTION ( 'NONE',  ( -0.0000000000000000000, 0.0000000000000000000, 1.000000000000000000 ) ) ;
#1260 = ORIENTED_EDGE ( 'NONE', *, *, #5713, .F. ) ;
#1261 = VECTOR ( 'NONE', #763, 39.37007874015748143 ) ;
#1262 = LINE ( 'NONE', #1976, #801 ) ;
#1263 = ORIENTED_EDGE ( 'NONE', *, *, #5623, .T. ) ;
#1264 = VERTEX_POINT ( 'NONE', #5706 ) ;
#1265 = EDGE_LOOP ( 'NONE', ( #3022, #1256, #6041, #1400 ) ) ;
#1266 = LINE ( 'NONE', #1066, #275 ) ;
#1267 = LINE ( 'NONE', #1153, #738 ) ;
#1268 = CARTESIAN_POINT ( 'NONE',  ( -0.01250000000000000763, 0.07450000000000002454, -0.06749999999999997669 ) ) ;
#1269 = VECTOR ( 'NONE', #5730, 39.37007874015748143 ) ;
#1270 = ORIENTED_EDGE ( 'NONE', *, *, #4394, .T. ) ;
#1271 = DIMENSIONAL_EXPONENTS ( 1.000000000000000000, 0.0000000000000000000, 0.0000000000000000000, 0.0000000000000000000, 0.0000000000000000000, 0.0000000000000000000, 0.0000000000000000000 ) ;
#1272 = FILL_AREA_STYLE_COLOUR ( '', #6314 ) ;
#1273 = PRESENTATION_LAYER_ASSIGNMENT (  '', '', ( #3143 ) ) ;
#1274 = VERTEX_POINT ( 'NONE', #3880 ) ;
#1275 = SURFACE_SIDE_STYLE ('',( #5317 ) ) ;
#1276 = STYLED_ITEM ( 'NONE', ( #345 ), #4264 ) ;
#1277 = CARTESIAN_POINT ( 'NONE',  ( -0.07500000000000002498, 0.09900000000000000466, 0.06750000000000001832 ) ) ;
#1278 = LENGTH_MEASURE_WITH_UNIT ( LENGTH_MEASURE( 0.02539999999999999897 ), #526 );
#1279 = EDGE_CURVE ( 'NONE', #4116, #2812, #3101, .T. ) ;
#1280 = ADVANCED_FACE ( 'NONE', ( #6062 ), #4827, .T. ) ;
#1281 = EDGE_LOOP ( 'NONE', ( #796, #1626, #3242, #3763 ) ) ;
#1282 = CARTESIAN_POINT ( 'NONE',  ( -0.01919872981077807780, 0.0000000000000000000, -0.04250000000000001693 ) ) ;
#1283 = LENGTH_MEASURE_WITH_UNIT ( LENGTH_MEASURE( 0.02539999999999999897 ), #3992 );
#1284 = SURFACE_STYLE_FILL_AREA ( #1662 ) ;
#1285 = AXIS2_PLACEMENT_3D ( 'NONE', #2964, #5420, #3439 ) ;
#1286 = AXIS2_PLACEMENT_3D ( 'NONE', #4392, #1857, #6256 ) ;
#1287 = PRESENTATION_STYLE_ASSIGNMENT (( #2976 ) ) ;
#1288 = VERTEX_POINT ( 'NONE', #4345 ) ;
#1289 =( LENGTH_UNIT ( ) NAMED_UNIT ( * ) SI_UNIT ( $, .METRE. ) );
#1290 = EDGE_CURVE ( 'NONE', #4162, #2335, #2549, .T. ) ;
#1291 = LINE ( 'NONE', #71, #3050 ) ;
#1292 = CARTESIAN_POINT ( 'NONE',  ( 0.05799999999999998906, -0.2026274169979695450, 0.01700000000000000122 ) ) ;
#1293 = CARTESIAN_POINT ( 'NONE',  ( 0.007999999999999981085, 0.2089999999999999358, 0.03300000000000000155 ) ) ;
#1294 = DIRECTION ( 'NONE',  ( 0.0000000000000000000, 1.000000000000000000, 0.0000000000000000000 ) ) ;
#1295 = PLANE ( 'NONE',  #385 ) ;
#1296 = PLANE ( 'NONE',  #21 ) ;
#1297 = LINE ( 'NONE', #3882, #6325 ) ;
#1298 = PLANE ( 'NONE',  #4593 ) ;
#1299 = DIMENSIONAL_EXPONENTS ( 1.000000000000000000, 0.0000000000000000000, 0.0000000000000000000, 0.0000000000000000000, 0.0000000000000000000, 0.0000000000000000000, 0.0000000000000000000 ) ;
#1300 = FILL_AREA_STYLE ('',( #2839 ) ) ;
#1301 = LINE ( 'NONE', #77, #235 ) ;
#1302 = ORIENTED_EDGE ( 'NONE', *, *, #1039, .T. ) ;
#1303 = CARTESIAN_POINT ( 'NONE',  ( -0.04200000000000002343, 0.09900000000000000466, -0.01700000000000000122 ) ) ;
#1304 = ADVANCED_FACE ( 'NONE', ( #3400 ), #40, .F. ) ;
#1305 = CARTESIAN_POINT ( 'NONE',  ( 0.03749999999999997780, 0.02450000000000000441, 0.06749999999999997669 ) ) ;
#1306 = DIRECTION ( 'NONE',  ( -1.000000000000000000, 0.0000000000000000000, 0.0000000000000000000 ) ) ;
#1307 = CARTESIAN_POINT ( 'NONE',  ( 0.04199999999999998873, 0.09900000000000000466, -0.03300000000000000155 ) ) ;
#1308 = ORIENTED_EDGE ( 'NONE', *, *, #1758, .T. ) ;
#1309 = VERTEX_POINT ( 'NONE', #1904 ) ;
#1310 = DIRECTION ( 'NONE',  ( -1.707404996040165005E-16, 1.000000000000000000, 0.0000000000000000000 ) ) ;
#1311 = DIRECTION ( 'NONE',  ( -1.000000000000000000, -0.0000000000000000000, -0.0000000000000000000 ) ) ;
#1312 = EDGE_CURVE ( 'NONE', #1762, #1715, #1573, .T. ) ;
#1313 = VERTEX_POINT ( 'NONE', #4937 ) ;
#1314 = EDGE_CURVE ( 'NONE', #3639, #735, #2931, .T. ) ;
#1315 = AXIS2_PLACEMENT_3D ( 'NONE', #2726, #2095, #6138 ) ;
#1316 = EDGE_CURVE ( 'NONE', #1671, #6029, #5980, .T. ) ;
#1317 = CARTESIAN_POINT ( 'NONE',  ( 0.03750000000000001249, 0.0000000000000000000, 0.06750000000000001832 ) ) ;
#1318 = EDGE_CURVE ( 'NONE', #4828, #5133, #5600, .T. ) ;
#1319 = ORIENTED_EDGE ( 'NONE', *, *, #1214, .F. ) ;
#1320 = VERTEX_POINT ( 'NONE', #5826 ) ;
#1321 = ORIENTED_EDGE ( 'NONE', *, *, #2208, .F. ) ;
#1322 = CARTESIAN_POINT ( 'NONE',  ( -0.05800000000000001682, 0.2190000000000000002, -0.03300000000000000155 ) ) ;
#1323 = DIRECTION ( 'NONE',  ( -0.0000000000000000000, -1.000000000000000000, -0.0000000000000000000 ) ) ;
#1324 = EDGE_LOOP ( 'NONE', ( #2166, #5071, #2645, #5748 ) ) ;
#1325 = FILL_AREA_STYLE ('',( #2829 ) ) ;
#1326 = ORIENTED_EDGE ( 'NONE', *, *, #721, .F. ) ;
#1327 = DIMENSIONAL_EXPONENTS ( 1.000000000000000000, 0.0000000000000000000, 0.0000000000000000000, 0.0000000000000000000, 0.0000000000000000000, 0.0000000000000000000, 0.0000000000000000000 ) ;
#1328 = VERTEX_POINT ( 'NONE', #2978 ) ;
#1329 = ORIENTED_EDGE ( 'NONE', *, *, #5192, .F. ) ;
#1330 = VECTOR ( 'NONE', #2804, 39.37007874015748143 ) ;
#1331 = ORIENTED_EDGE ( 'NONE', *, *, #4919, .T. ) ;
#1332 = VERTEX_POINT ( 'NONE', #5888 ) ;
#1334 = DIRECTION ( 'NONE',  ( 0.0000000000000000000, -0.0000000000000000000, 1.000000000000000000 ) ) ;
#1333 = VECTOR ( 'NONE', #4063, 39.37007874015748143 ) ;
#1335 = LINE ( 'NONE', #1616, #3952 ) ;
#1336 = ORIENTED_EDGE ( 'NONE', *, *, #5062, .F. ) ;
#1337 = ORIENTED_EDGE ( 'NONE', *, *, #5340, .T. ) ;
#1338 = EDGE_LOOP ( 'NONE', ( #3930, #5831, #4241, #1418 ) ) ;
#1339 = ADVANCED_FACE ( 'NONE', ( #1639 ), #1552, .T. ) ;
#1340 = CARTESIAN_POINT ( 'NONE',  ( 0.05799999999999998906, 0.09900000000000000466, 0.01700000000000000122 ) ) ;
#1341 = VERTEX_POINT ( 'NONE', #4013 ) ;
#1342 = SURFACE_SIDE_STYLE ('',( #4207 ) ) ;
#1343 = EDGE_LOOP ( 'NONE', ( #3789, #5007, #5802, #795 ) ) ;
#1344 = DIRECTION ( 'NONE',  ( 0.2588190451025213501, 0.0000000000000000000, -0.9659258262890682012 ) ) ;
#1345 = EDGE_LOOP ( 'NONE', ( #2296, #2024, #349, #4912 ) ) ;
#1346 = CARTESIAN_POINT ( 'NONE',  ( 0.07499999999999999722, 0.07449999999999999678, 0.06749999999999997669 ) ) ;
#1347 = LINE ( 'NONE', #1463, #5103 ) ;
#1348 = LINE ( 'NONE', #4418, #3029 ) ;
#1349 = DIRECTION ( 'NONE',  ( 1.000000000000000000, 0.0000000000000000000, 0.0000000000000000000 ) ) ;
#1350 = CARTESIAN_POINT ( 'NONE',  ( -0.01000000000000000368, 0.07449999999999999678, 0.05749999999999998168 ) ) ;
#1351 = ORIENTED_EDGE ( 'NONE', *, *, #6128, .T. ) ;
#1352 =( NAMED_UNIT ( * ) PLANE_ANGLE_UNIT ( ) SI_UNIT ( $, .RADIAN. ) );
#1353 = EDGE_CURVE ( 'NONE', #1762, #2771, #1262, .T. ) ;
#1354 = FACE_OUTER_BOUND ( 'NONE', #5289, .T. ) ;
#1355 = AXIS2_PLACEMENT_3D ( 'NONE', #2267, #4274, #2747 ) ;
#1356 = EDGE_CURVE ( 'NONE', #1650, #4774, #1717, .T. ) ;
#1357 = AXIS2_PLACEMENT_3D ( 'NONE', #679, #2582, #2620 ) ;
#1358 = PLANE ( 'NONE',  #2342 ) ;
#1359 = DIRECTION ( 'NONE',  ( -0.0000000000000000000, -0.0000000000000000000, 1.000000000000000000 ) ) ;
#1360 = EDGE_CURVE ( 'NONE', #3251, #859, #2770, .T. ) ;
#1361 = VECTOR ( 'NONE', #5775, 39.37007874015748143 ) ;
#1362 = FACE_OUTER_BOUND ( 'NONE', #1501, .T. ) ;
#1363 = VECTOR ( 'NONE', #598, 39.37007874015748143 ) ;
#1364 = UNCERTAINTY_MEASURE_WITH_UNIT (LENGTH_MEASURE( 1.000000000000000082E-05 ), #4400, 'distance_accuracy_value', 'NONE');
#1365 = LINE ( 'NONE', #1719, #1673 ) ;
#1366 = DIRECTION ( 'NONE',  ( 0.0000000000000000000, -0.0000000000000000000, 1.000000000000000000 ) ) ;
#1368 = COLOUR_RGB ( '',0.9686274509803921573, 0.8784313725490195957, 0.5999999999999999778 ) ;
#1367 = DIRECTION ( 'NONE',  ( 0.0000000000000000000, 0.0000000000000000000, -1.000000000000000000 ) ) ;
#1369 = AXIS2_PLACEMENT_3D ( 'NONE', #5255, #890, #1798 ) ;
#1370 = VECTOR ( 'NONE', #531, 39.37007874015747433 ) ;
#1371 = CARTESIAN_POINT ( 'NONE',  ( -0.008000000000000015779, 0.0000000000000000000, 0.03300000000000000155 ) ) ;
#1372 = CARTESIAN_POINT ( 'NONE',  ( 0.01250000000000000243, 0.09900000000000000466, 0.06750000000000001832 ) ) ;
#1373 = EDGE_CURVE ( 'NONE', #1384, #2222, #4633, .T. ) ;
#1374 = ADVANCED_FACE ( 'NONE', ( #3019 ), #5419, .F. ) ;
#1375 = CARTESIAN_POINT ( 'NONE',  ( -0.07500000000000002498, 0.02449999999999998707, -0.06749999999999997669 ) ) ;
#1376 = PLANE ( 'NONE',  #3277 ) ;
#1377 = COLOUR_RGB ( '',0.9686274509803921573, 0.8784313725490195957, 0.5999999999999999778 ) ;
#1378 = PLANE ( 'NONE',  #706 ) ;
#1379 = DIRECTION ( 'NONE',  ( -0.0000000000000000000, 0.0000000000000000000, -1.000000000000000000 ) ) ;
#1380 = CARTESIAN_POINT ( 'NONE',  ( 0.007999999999999981085, 0.2089999999999999358, -0.03300000000000000155 ) ) ;
#1381 = EDGE_LOOP ( 'NONE', ( #3226, #2100, #3969, #4298 ) ) ;
#1382 = DIRECTION ( 'NONE',  ( -1.707404996040164512E-16, 1.000000000000000000, -0.0000000000000000000 ) ) ;
#1383 = CARTESIAN_POINT ( 'NONE',  ( -0.05222649730810375451, 0.2190000000000000002, 0.0000000000000000000 ) ) ;
#1384 = VERTEX_POINT ( 'NONE', #5402 ) ;
#1385 = CARTESIAN_POINT ( 'NONE',  ( -0.05800000000000001682, 0.09900000000000000466, -0.03300000000000000155 ) ) ;
#1386 = VECTOR ( 'NONE', #1306, 39.37007874015748143 ) ;
#1387 = DIRECTION ( 'NONE',  ( 1.000000000000000000, 0.0000000000000000000, 0.0000000000000000000 ) ) ;
#1388 = CARTESIAN_POINT ( 'NONE',  ( 0.01250000000000000243, 0.07450000000000001066, 0.06750000000000001832 ) ) ;
#1389 = VERTEX_POINT ( 'NONE', #4978 ) ;
#1390 = CARTESIAN_POINT ( 'NONE',  ( -0.03080127018922191803, 0.0000000000000000000, -0.04250000000000001693 ) ) ;
#1391 = DIRECTION ( 'NONE',  ( 1.000000000000000000, 0.0000000000000000000, 0.0000000000000000000 ) ) ;
#1392 = EDGE_CURVE ( 'NONE', #884, #2402, #6130, .T. ) ;
#1393 = SURFACE_STYLE_USAGE ( .BOTH. , #3361 ) ;
#1394 = CARTESIAN_POINT ( 'NONE',  ( -0.05800000000000001682, 0.09900000000000000466, 0.03300000000000000155 ) ) ;
#1395 = ORIENTED_EDGE ( 'NONE', *, *, #3837, .T. ) ;
#1396 = LINE ( 'NONE', #445, #1096 ) ;
#1397 = DIRECTION ( 'NONE',  ( -0.0000000000000000000, -0.0000000000000000000, 1.000000000000000000 ) ) ;
#1398 = EDGE_CURVE ( 'NONE', #4568, #3021, #5298, .T. ) ;
#1399 = ADVANCED_FACE ( 'NONE', ( #3559 ), #3067, .F. ) ;
#1400 = ORIENTED_EDGE ( 'NONE', *, *, #1220, .T. ) ;
#1401 = ORIENTED_EDGE ( 'NONE', *, *, #3592, .T. ) ;
#1402 = VERTEX_POINT ( 'NONE', #2544 ) ;
#1403 = PRESENTATION_LAYER_ASSIGNMENT (  '', '', ( #5018 ) ) ;
#1404 = CARTESIAN_POINT ( 'NONE',  ( -0.01000000000000000368, 0.02450000000000000441, -0.01580951894845298786 ) ) ;
#1405 = EDGE_CURVE ( 'NONE', #1475, #5011, #6290, .T. ) ;
#1406 = SURFACE_STYLE_FILL_AREA ( #4518 ) ;
#1407 = ORIENTED_EDGE ( 'NONE', *, *, #4515, .T. ) ;
#1408 = ORIENTED_EDGE ( 'NONE', *, *, #2466, .T. ) ;
#1409 = ORIENTED_EDGE ( 'NONE', *, *, #148, .T. ) ;
#1410 = ORIENTED_EDGE ( 'NONE', *, *, #629, .F. ) ;
#1411 = CARTESIAN_POINT ( 'NONE',  ( 0.05799999999999998906, 0.2190000000000000002, -0.01700000000000000122 ) ) ;
#1412 = FACE_OUTER_BOUND ( 'NONE', #5872, .T. ) ;
#1413 = ORIENTED_EDGE ( 'NONE', *, *, #247, .T. ) ;
#1414 = VECTOR ( 'NONE', #3420, 39.37007874015748854 ) ;
#1415 = ORIENTED_EDGE ( 'NONE', *, *, #5268, .F. ) ;
#1416 = VERTEX_POINT ( 'NONE', #4059 ) ;
#1417 = DIRECTION ( 'NONE',  ( 0.0000000000000000000, 0.0000000000000000000, 1.000000000000000000 ) ) ;
#1418 = ORIENTED_EDGE ( 'NONE', *, *, #5108, .F. ) ;
#1419 = FILL_AREA_STYLE_COLOUR ( '', #631 ) ;
#1420 = VECTOR ( 'NONE', #117, 39.37007874015748143 ) ;
#1421 =( LENGTH_UNIT ( ) NAMED_UNIT ( * ) SI_UNIT ( $, .METRE. ) );
#1422 = FACE_OUTER_BOUND ( 'NONE', #3177, .T. ) ;
#1423 = VECTOR ( 'NONE', #2532, 39.37007874015748143 ) ;
#1424 = ORIENTED_EDGE ( 'NONE', *, *, #1968, .F. ) ;
#1425 = EDGE_LOOP ( 'NONE', ( #2395, #1851, #3774, #1170 ) ) ;
#1426 = CARTESIAN_POINT ( 'NONE',  ( -0.07500000000000002498, 0.02450000000000000441, 0.05749999999999998168 ) ) ;
#1427 = FACE_OUTER_BOUND ( 'NONE', #5144, .T. ) ;
#1428 = VECTOR ( 'NONE', #4461, 39.37007874015748143 ) ;
#1429 =( NAMED_UNIT ( * ) PLANE_ANGLE_UNIT ( ) SI_UNIT ( $, .RADIAN. ) );
#1430 = VECTOR ( 'NONE', #3732, 39.37007874015748143 ) ;
#1431 = DIRECTION ( 'NONE',  ( -1.000000000000000000, 0.0000000000000000000, 5.691349986800548372E-17 ) ) ;
#1432 = CIRCLE ( 'NONE', #2661, 0.009999999999999995004 ) ;
#1433 = LINE ( 'NONE', #2463, #3117 ) ;
#1434 = CARTESIAN_POINT ( 'NONE',  ( -0.008000000000000015779, 0.09900000000000000466, 0.01700000000000000122 ) ) ;
#1435 = DIRECTION ( 'NONE',  ( 0.0000000000000000000, -1.000000000000000000, 0.0000000000000000000 ) ) ;
#1436 = LINE ( 'NONE', #5044, #2345 ) ;
#1437 = ADVANCED_FACE ( 'NONE', ( #3714 ), #4091, .F. ) ;
#1438 = APPLICATION_PROTOCOL_DEFINITION ( 'draft international standard', 'automotive_design', 1998, #2449 ) ;
#1439 = CARTESIAN_POINT ( 'NONE',  ( -0.008000000000000015779, 0.09900000000000000466, -0.01700000000000000122 ) ) ;
#1440 = EDGE_CURVE ( 'NONE', #1909, #1505, #3877, .T. ) ;
#1441 = VECTOR ( 'NONE', #5355, 39.37007874015748143 ) ;
#1442 = UNCERTAINTY_MEASURE_WITH_UNIT (LENGTH_MEASURE( 1.000000000000000082E-05 ), #2528, 'distance_accuracy_value', 'NONE');
#1443 = DIRECTION ( 'NONE',  ( -0.9659258262890682012, 0.0000000000000000000, 0.2588190451025213501 ) ) ;
#1444 = EDGE_CURVE ( 'NONE', #2294, #4916, #5823, .T. ) ;
#1445 = DIRECTION ( 'NONE',  ( 1.000000000000000000, -0.0000000000000000000, -0.0000000000000000000 ) ) ;
#1446 = DIRECTION ( 'NONE',  ( 0.0000000000000000000, 1.000000000000000000, 0.0000000000000000000 ) ) ;
#1447 = EDGE_CURVE ( 'NONE', #2285, #3955, #1335, .T. ) ;
#1448 = VECTOR ( 'NONE', #1367, 39.37007874015748143 ) ;
#1449 = AXIS2_PLACEMENT_3D ( 'NONE', #2789, #6199, #373 ) ;
#1450 = EDGE_CURVE ( 'NONE', #644, #3552, #2626, .T. ) ;
#1451 = CARTESIAN_POINT ( 'NONE',  ( -0.05678119784648298640, 0.2111110272542658373, -0.01821880215351704205 ) ) ;
#1452 = VECTOR ( 'NONE', #2696, 39.37007874015748143 ) ;
#1453 = CARTESIAN_POINT ( 'NONE',  ( -0.07500000000000002498, 0.07449999999999999678, 0.06749999999999997669 ) ) ;
#1454 = CARTESIAN_POINT ( 'NONE',  ( 0.007999999999999981085, 0.09900000000000000466, -0.01700000000000000122 ) ) ;
#1455 = MECHANICAL_DESIGN_GEOMETRIC_PRESENTATION_REPRESENTATION (  '', ( #2872 ), #1765 ) ;
#1456 = CARTESIAN_POINT ( 'NONE',  ( 0.002226497308103713140, 0.2190000000000000002, 0.0000000000000000000 ) ) ;
#1457 = VECTOR ( 'NONE', #2061, 39.37007874015748143 ) ;
#1458 = DIRECTION ( 'NONE',  ( -0.0000000000000000000, 0.0000000000000000000, 1.000000000000000000 ) ) ;
#1459 = APPLICATION_CONTEXT ( 'automotive_design' ) ;
#1460 = PLANE ( 'NONE',  #5343 ) ;
#1461 = DIRECTION ( 'NONE',  ( -0.9659258262890680902, 0.0000000000000000000, -0.2588190451025215166 ) ) ;
#1462 = ORIENTED_EDGE ( 'NONE', *, *, #1405, .F. ) ;
#1463 = CARTESIAN_POINT ( 'NONE',  ( -0.04000000000000000777, 0.07449999999999999678, 0.01580951894845298786 ) ) ;
#1464 = CARTESIAN_POINT ( 'NONE',  ( 0.03750000000000001249, 0.09900000000000000466, 0.06750000000000001832 ) ) ;
#1465 = SURFACE_STYLE_USAGE ( .BOTH. , #419 ) ;
#1466 = ORIENTED_EDGE ( 'NONE', *, *, #5246, .F. ) ;
#1467 = ADVANCED_FACE ( 'NONE', ( #5088 ), #2589, .T. ) ;
#1468 = VECTOR ( 'NONE', #1173, 39.37007874015748143 ) ;
#1469 = DIRECTION ( 'NONE',  ( 0.0000000000000000000, 1.000000000000000000, 0.0000000000000000000 ) ) ;
#1470 = DIRECTION ( 'NONE',  ( -0.0000000000000000000, -1.000000000000000000, -0.0000000000000000000 ) ) ;
#1471 = ORIENTED_EDGE ( 'NONE', *, *, #3592, .F. ) ;
#1472 = DIRECTION ( 'NONE',  ( -0.8660254037844397068, -0.4999999999999982792, -0.0000000000000000000 ) ) ;
#1473 = PLANE ( 'NONE',  #2133 ) ;
#1474 = MECHANICAL_DESIGN_GEOMETRIC_PRESENTATION_REPRESENTATION (  '', ( #5084 ), #2765 ) ;
#1475 = VERTEX_POINT ( 'NONE', #1635 ) ;
#1476 = EDGE_LOOP ( 'NONE', ( #6171, #4676, #4784, #707 ) ) ;
#1477 = VECTOR ( 'NONE', #352, 39.37007874015748143 ) ;
#1478 = EDGE_LOOP ( 'NONE', ( #348, #847, #274, #5648 ) ) ;
#1479 = EDGE_CURVE ( 'NONE', #2774, #2172, #832, .T. ) ;
#1480 = PLANE ( 'NONE',  #2179 ) ;
#1481 = CARTESIAN_POINT ( 'NONE',  ( -0.05800000000000001682, 0.2190000000000000002, -0.01700000000000000122 ) ) ;
#1482 = MANIFOLD_SOLID_BREP ( 'LPattern6[2]', #2483 ) ;
#1483 = ORIENTED_EDGE ( 'NONE', *, *, #6207, .T. ) ;
#1484 = CARTESIAN_POINT ( 'NONE',  ( 0.04199999999999998873, 0.0000000000000000000, -0.03300000000000000155 ) ) ;
#1485 = EDGE_LOOP ( 'NONE', ( #454, #1987, #421, #1930 ) ) ;
#1486 = EDGE_LOOP ( 'NONE', ( #6317, #4007, #4862, #5437 ) ) ;
#1487 = PRESENTATION_LAYER_ASSIGNMENT (  '', '', ( #1607 ) ) ;
#1488 = LINE ( 'NONE', #3336, #4931 ) ;
#1489 = VERTEX_POINT ( 'NONE', #5935 ) ;
#1490 = ORIENTED_EDGE ( 'NONE', *, *, #6085, .T. ) ;
#1491 = PRESENTATION_STYLE_ASSIGNMENT (( #1685 ) ) ;
#1492 = ORIENTED_EDGE ( 'NONE', *, *, #3444, .T. ) ;
#1493 = AXIS2_PLACEMENT_3D ( 'NONE', #5150, #3174, #4193 ) ;
#1494 = ORIENTED_EDGE ( 'NONE', *, *, #5350, .F. ) ;
#1495 = ORIENTED_EDGE ( 'NONE', *, *, #4808, .F. ) ;
#1496 = CARTESIAN_POINT ( 'NONE',  ( 0.007999999999999981085, 0.09900000000000000466, 0.03300000000000000155 ) ) ;
#1497 = EDGE_CURVE ( 'NONE', #3700, #1111, #3990, .T. ) ;
#1498 = FACE_OUTER_BOUND ( 'NONE', #3415, .T. ) ;
#1499 = FACE_OUTER_BOUND ( 'NONE', #5353, .T. ) ;
#1500 = VECTOR ( 'NONE', #3816, 39.37007874015748143 ) ;
#1501 = EDGE_LOOP ( 'NONE', ( #5996, #4031, #4258, #4926 ) ) ;
#1502 = PLANE ( 'NONE',  #3583 ) ;
#1503 = EDGE_LOOP ( 'NONE', ( #2013, #2103, #6121, #5020 ) ) ;
#1504 = ADVANCED_FACE ( 'NONE', ( #1894 ), #3091, .T. ) ;
#1505 = VERTEX_POINT ( 'NONE', #3521 ) ;
#1506 = LINE ( 'NONE', #5882, #4947 ) ;
#1507 = CARTESIAN_POINT ( 'NONE',  ( 0.04777350269189625798, 0.2190000000000000002, 0.02277350269189626700 ) ) ;
#1508 = LINE ( 'NONE', #1307, #436 ) ;
#1509 = VERTEX_POINT ( 'NONE', #1579 ) ;
#1511 = CARTESIAN_POINT ( 'NONE',  ( 0.01250000000000000243, 0.09900000000000000466, 0.06750000000000001832 ) ) ;
#1510 =( NAMED_UNIT ( * ) SI_UNIT ( $, .STERADIAN. ) SOLID_ANGLE_UNIT ( ) );
#1512 = DIRECTION ( 'NONE',  ( 0.0000000000000000000, -0.0000000000000000000, 1.000000000000000000 ) ) ;
#1513 = VECTOR ( 'NONE', #232, 39.37007874015748143 ) ;
#1514 = LINE ( 'NONE', #5619, #1584 ) ;
#1515 = CARTESIAN_POINT ( 'NONE',  ( -0.04200000000000002343, 0.09900000000000000466, 0.03300000000000000155 ) ) ;
#1516 = DIRECTION ( 'NONE',  ( -0.0000000000000000000, -1.000000000000000000, -0.0000000000000000000 ) ) ;
#1517 = DIRECTION ( 'NONE',  ( 1.000000000000000000, -0.0000000000000000000, -0.0000000000000000000 ) ) ;
#1518 = FACE_OUTER_BOUND ( 'NONE', #5985, .T. ) ;
#1519 = VERTEX_POINT ( 'NONE', #2057 ) ;
#1520 = VECTOR ( 'NONE', #4057, 39.37007874015748143 ) ;
#1521 = LINE ( 'NONE', #4656, #74 ) ;
#1522 = LINE ( 'NONE', #213, #5253 ) ;
#1523 = EDGE_CURVE ( 'NONE', #4473, #4563, #6322, .T. ) ;
#1524 = VECTOR ( 'NONE', #2269, 39.37007874015748143 ) ;
#1525 = DIRECTION ( 'NONE',  ( 0.0000000000000000000, 0.0000000000000000000, 1.000000000000000000 ) ) ;
#1526 = CARTESIAN_POINT ( 'NONE',  ( -0.04000000000000000083, 0.02450000000000000441, 0.04250000000000001693 ) ) ;
#1527 = EDGE_CURVE ( 'NONE', #5502, #5707, #5552, .T. ) ;
#1528 =( GEOMETRIC_REPRESENTATION_CONTEXT ( 3 ) GLOBAL_UNCERTAINTY_ASSIGNED_CONTEXT ( ( #5926 ) ) GLOBAL_UNIT_ASSIGNED_CONTEXT ( ( #4083, #2140, #3129 ) ) REPRESENTATION_CONTEXT ( 'NONE', 'WORKASPACE' ) );
#1530 = SURFACE_SIDE_STYLE ('',( #3621 ) ) ;
#1529 = CARTESIAN_POINT ( 'NONE',  ( 0.007999999999999981085, 0.2190000000000000002, -0.01700000000000000122 ) ) ;
#1531 = DIRECTION ( 'NONE',  ( -0.2588190451025214611, -0.0000000000000000000, 0.9659258262890679791 ) ) ;
#1532 = AXIS2_PLACEMENT_3D ( 'NONE', #1453, #5279, #3904 ) ;
#1533 = VECTOR ( 'NONE', #2082, 39.37007874015748143 ) ;
#1534 = ADVANCED_FACE ( 'NONE', ( #4435 ), #2508, .T. ) ;
#1535 = EDGE_CURVE ( 'NONE', #1778, #5671, #5050, .T. ) ;
#1536 = FILL_AREA_STYLE_COLOUR ( '', #902 ) ;
#1537 = CARTESIAN_POINT ( 'NONE',  ( -0.01249999999999999549, 0.0000000000000000000, 0.06750000000000001832 ) ) ;
#1538 = ORIENTED_EDGE ( 'NONE', *, *, #2946, .T. ) ;
#1539 =( NAMED_UNIT ( * ) PLANE_ANGLE_UNIT ( ) SI_UNIT ( $, .RADIAN. ) );
#1540 = FACE_OUTER_BOUND ( 'NONE', #1543, .T. ) ;
#1541 = DIRECTION ( 'NONE',  ( -1.000000000000000000, 0.0000000000000000000, 0.0000000000000000000 ) ) ;
#1542 = SURFACE_SIDE_STYLE ('',( #1406 ) ) ;
#1543 = EDGE_LOOP ( 'NONE', ( #5291, #5904, #6293, #6178, #3811, #5506, #1618, #643, #949, #5063, #1395, #115 ) ) ;
#1544 = CARTESIAN_POINT ( 'NONE',  ( -0.05800000000000001682, 0.0000000000000000000, -0.03300000000000000155 ) ) ;
#1545 = EDGE_LOOP ( 'NONE', ( #3083, #2918, #3423, #5076 ) ) ;
#1546 =( NAMED_UNIT ( * ) SI_UNIT ( $, .STERADIAN. ) SOLID_ANGLE_UNIT ( ) );
#1547 = ORIENTED_EDGE ( 'NONE', *, *, #3692, .T. ) ;
#1548 = ORIENTED_EDGE ( 'NONE', *, *, #3196, .F. ) ;
#1549 = CARTESIAN_POINT ( 'NONE',  ( -0.04000000000000000083, 0.02450000000000000441, -0.05749999999999998168 ) ) ;
#1550 = CARTESIAN_POINT ( 'NONE',  ( 0.0000000000000000000, 0.2190000000000000002, -0.02277350269189626700 ) ) ;
#1551 = EDGE_LOOP ( 'NONE', ( #4090, #5438, #5231, #4903 ) ) ;
#1552 = PLANE ( 'NONE',  #2142 ) ;
#1553 = CARTESIAN_POINT ( 'NONE',  ( 0.04199999999999998873, 0.2190000000000000002, 0.03300000000000000155 ) ) ;
#1554 = ORIENTED_EDGE ( 'NONE', *, *, #3070, .T. ) ;
#1555 = ORIENTED_EDGE ( 'NONE', *, *, #338, .F. ) ;
#1556 = EDGE_CURVE ( 'NONE', #4550, #852, #3747, .T. ) ;
#1557 = DIRECTION ( 'NONE',  ( -1.000000000000000000, 0.0000000000000000000, -0.0000000000000000000 ) ) ;
#1558 = DIRECTION ( 'NONE',  ( 1.000000000000000000, 0.0000000000000000000, -0.0000000000000000000 ) ) ;
#1559 = ADVANCED_FACE ( 'NONE', ( #6161 ), #2201, .T. ) ;
#1560 = AXIS2_PLACEMENT_3D ( 'NONE', #5997, #126, #3539 ) ;
#1561 = VECTOR ( 'NONE', #5337, 39.37007874015748143 ) ;
#1562 = MECHANICAL_DESIGN_GEOMETRIC_PRESENTATION_REPRESENTATION (  '', ( #910 ), #1164 ) ;
#1563 = PRESENTATION_LAYER_ASSIGNMENT (  '', '', ( #52 ) ) ;
#1564 = VERTEX_POINT ( 'NONE', #6084 ) ;
#1565 = EDGE_LOOP ( 'NONE', ( #3549, #723, #1947, #650 ) ) ;
#1566 = EDGE_CURVE ( 'NONE', #3792, #342, #2430, .T. ) ;
#1567 = VERTEX_POINT ( 'NONE', #5566 ) ;
#1568 = CARTESIAN_POINT ( 'NONE',  ( -0.01000000000000000368, 0.07449999999999999678, -0.05749999999999998168 ) ) ;
#1569 = ORIENTED_EDGE ( 'NONE', *, *, #4119, .T. ) ;
#1571 = PLANE ( 'NONE',  #330 ) ;
#1570 = CARTESIAN_POINT ( 'NONE',  ( -0.04200000000000002343, 0.2190000000000000002, 0.01700000000000000122 ) ) ;
#1572 = FACE_OUTER_BOUND ( 'NONE', #3868, .T. ) ;
#1573 = LINE ( 'NONE', #1537, #577 ) ;
#1574 = ORIENTED_EDGE ( 'NONE', *, *, #5745, .T. ) ;
#1575 = VERTEX_POINT ( 'NONE', #1252 ) ;
#1576 = VERTEX_POINT ( 'NONE', #1716 ) ;
#1577 = CARTESIAN_POINT ( 'NONE',  ( 0.07499999999999999722, 0.09900000000000000466, 0.06749999999999999056 ) ) ;
#1578 = LINE ( 'NONE', #2291, #737 ) ;
#1579 = CARTESIAN_POINT ( 'NONE',  ( 0.05222649730810371982, 0.2190000000000000002, -0.02722649730810373578 ) ) ;
#1580 =( LENGTH_UNIT ( ) NAMED_UNIT ( * ) SI_UNIT ( $, .METRE. ) );
#1581 = ORIENTED_EDGE ( 'NONE', *, *, #4055, .T. ) ;
#1582 = LINE ( 'NONE', #1411, #2033 ) ;
#1583 = CARTESIAN_POINT ( 'NONE',  ( -0.04200000000000002343, 0.2190000000000000002, -0.02277350269189626700 ) ) ;
#1584 = VECTOR ( 'NONE', #3130, 39.37007874015748143 ) ;
#1585 = CARTESIAN_POINT ( 'NONE',  ( 0.04777350269189625798, 0.2190000000000000002, 0.0000000000000000000 ) ) ;
#1586 = LINE ( 'NONE', #3869, #674 ) ;
#1587 = VECTOR ( 'NONE', #4893, 39.37007874015748143 ) ;
#1588 = FACE_OUTER_BOUND ( 'NONE', #2067, .T. ) ;
#1589 = DIRECTION ( 'NONE',  ( 1.000000000000000000, -0.0000000000000000000, 0.0000000000000000000 ) ) ;
#1590 = FACE_OUTER_BOUND ( 'NONE', #2635, .T. ) ;
#1592 =( NAMED_UNIT ( * ) PLANE_ANGLE_UNIT ( ) SI_UNIT ( $, .RADIAN. ) );
#1591 = DIRECTION ( 'NONE',  ( -1.000000000000000000, 0.0000000000000000000, -0.0000000000000000000 ) ) ;
#1593 = LINE ( 'NONE', #5278, #2965 ) ;
#1594 = CARTESIAN_POINT ( 'NONE',  ( 0.05799999999999998906, -0.08999999999999999667, -0.03300000000000000155 ) ) ;
#1595 = CARTESIAN_POINT ( 'NONE',  ( -0.008000000000000015779, 0.09900000000000000466, 0.01700000000000000122 ) ) ;
#1596 = CARTESIAN_POINT ( 'NONE',  ( 0.007999999999999981085, 0.0000000000000000000, -0.01700000000000000122 ) ) ;
#1597 = LINE ( 'NONE', #4939, #5257 ) ;
#1598 = DIRECTION ( 'NONE',  ( 0.0000000000000000000, 1.000000000000000000, 0.0000000000000000000 ) ) ;
#1599 = SURFACE_STYLE_USAGE ( .BOTH. , #4514 ) ;
#1600 = AXIS2_PLACEMENT_3D ( 'NONE', #5865, #17, #1973 ) ;
#1601 = EDGE_CURVE ( 'NONE', #3012, #3928, #2276, .T. ) ;
#1602 = DIRECTION ( 'NONE',  ( -1.000000000000000000, -0.0000000000000000000, -0.0000000000000000000 ) ) ;
#1603 = LINE ( 'NONE', #1317, #995 ) ;
#1604 = DIRECTION ( 'NONE',  ( -1.000000000000000000, 0.0000000000000000000, -0.0000000000000000000 ) ) ;
#1605 = CARTESIAN_POINT ( 'NONE',  ( -0.05800000000000001682, 0.09900000000000000466, 0.03300000000000000155 ) ) ;
#1606 = CARTESIAN_POINT ( 'NONE',  ( -0.008000000000000015779, -0.2026274169979695450, 0.03300000000000000155 ) ) ;
#1607 = STYLED_ITEM ( 'NONE', ( #3512 ), #3220 ) ;
#1608 = SURFACE_STYLE_USAGE ( .BOTH. , #1748 ) ;
#1609 = AXIS2_PLACEMENT_3D ( 'NONE', #613, #1598, #702 ) ;
#1610 = ORIENTED_EDGE ( 'NONE', *, *, #3780, .T. ) ;
#1611 = LINE ( 'NONE', #2322, #4671 ) ;
#1612 = DIRECTION ( 'NONE',  ( -1.000000000000000000, 0.0000000000000000000, 1.138269997360109674E-16 ) ) ;
#1613 = EDGE_CURVE ( 'NONE', #4916, #5807, #690, .T. ) ;
#1614 = PLANE ( 'NONE',  #5786 ) ;
#1615 = DIRECTION ( 'NONE',  ( 1.000000000000000000, 0.0000000000000000000, 0.0000000000000000000 ) ) ;
#1616 = CARTESIAN_POINT ( 'NONE',  ( -0.03749999999999999861, 0.0000000000000000000, -0.06750000000000001832 ) ) ;
#1617 = CARTESIAN_POINT ( 'NONE',  ( 0.05799999999999998906, 0.2190000000000000002, -0.03300000000000000155 ) ) ;
#1618 = ORIENTED_EDGE ( 'NONE', *, *, #6174, .T. ) ;
#1619 =( LENGTH_UNIT ( ) NAMED_UNIT ( * ) SI_UNIT ( $, .METRE. ) );
#1620 = ORIENTED_EDGE ( 'NONE', *, *, #2173, .F. ) ;
#1621 = FACE_OUTER_BOUND ( 'NONE', #1186, .T. ) ;
#1622 = CARTESIAN_POINT ( 'NONE',  ( -0.07500000000000002498, 0.09900000000000000466, 0.06750000000000001832 ) ) ;
#1624 = SURFACE_SIDE_STYLE ('',( #5639 ) ) ;
#1623 =( NAMED_UNIT ( * ) PLANE_ANGLE_UNIT ( ) SI_UNIT ( $, .RADIAN. ) );
#1625 = VERTEX_POINT ( 'NONE', #3147 ) ;
#1626 = ORIENTED_EDGE ( 'NONE', *, *, #4883, .F. ) ;
#1627 = FACE_OUTER_BOUND ( 'NONE', #1545, .T. ) ;
#1628 = ORIENTED_EDGE ( 'NONE', *, *, #5753, .F. ) ;
#1629 = UNCERTAINTY_MEASURE_WITH_UNIT (LENGTH_MEASURE( 1.000000000000000082E-05 ), #974, 'distance_accuracy_value', 'NONE');
#1630 = DIRECTION ( 'NONE',  ( -1.138269997360109674E-16, 0.0000000000000000000, -1.000000000000000000 ) ) ;
#1631 = VECTOR ( 'NONE', #3812, 39.37007874015748143 ) ;
#1632 = VERTEX_POINT ( 'NONE', #1277 ) ;
#1633 = CARTESIAN_POINT ( 'NONE',  ( -0.008000000000000015779, -0.2026274169979695450, 0.01700000000000000122 ) ) ;
#1634 = ORIENTED_EDGE ( 'NONE', *, *, #372, .F. ) ;
#1635 = CARTESIAN_POINT ( 'NONE',  ( -0.05800000000000001682, 0.2089999999999999358, 0.03300000000000000155 ) ) ;
#1636 = VERTEX_POINT ( 'NONE', #2670 ) ;
#1637 = LINE ( 'NONE', #5632, #3239 ) ;
#1638 = LINE ( 'NONE', #6024, #2099 ) ;
#1639 = FACE_OUTER_BOUND ( 'NONE', #741, .T. ) ;
#1640 = EDGE_LOOP ( 'NONE', ( #4248, #2085, #3579, #2700, #4217, #2917, #4002 ) ) ;
#1641 = EDGE_CURVE ( 'NONE', #5146, #843, #3436, .T. ) ;
#1642 = ORIENTED_EDGE ( 'NONE', *, *, #535, .T. ) ;
#1643 = CARTESIAN_POINT ( 'NONE',  ( 0.01250000000000000243, 0.0000000000000000000, 0.06750000000000001832 ) ) ;
#1644 = ORIENTED_EDGE ( 'NONE', *, *, #1928, .T. ) ;
#1645 = EDGE_CURVE ( 'NONE', #6276, #1053, #3598, .T. ) ;
#1646 =( GEOMETRIC_REPRESENTATION_CONTEXT ( 3 ) GLOBAL_UNCERTAINTY_ASSIGNED_CONTEXT ( ( #81 ) ) GLOBAL_UNIT_ASSIGNED_CONTEXT ( ( #5963, #794, #3059 ) ) REPRESENTATION_CONTEXT ( 'NONE', 'WORKASPACE' ) );
#1647 = VECTOR ( 'NONE', #2643, 39.37007874015748143 ) ;
#1648 = VECTOR ( 'NONE', #5900, 39.37007874015748143 ) ;
#1649 = EDGE_CURVE ( 'NONE', #5369, #1918, #4143, .T. ) ;
#1650 = VERTEX_POINT ( 'NONE', #2163 ) ;
#1651 = AXIS2_PLACEMENT_3D ( 'NONE', #2029, #3513, #1961 ) ;
#1652 = ORIENTED_EDGE ( 'NONE', *, *, #87, .T. ) ;
#1653 = CARTESIAN_POINT ( 'NONE',  ( 0.05222649730810371982, 0.2190000000000000002, 0.0000000000000000000 ) ) ;
#1654 = ORIENTED_EDGE ( 'NONE', *, *, #1915, .F. ) ;
#1656 = CARTESIAN_POINT ( 'NONE',  ( 0.002226497308103713140, 0.2190000000000000002, 0.0000000000000000000 ) ) ;
#1655 = CARTESIAN_POINT ( 'NONE',  ( 0.04199999999999998873, 0.2089999999999999358, 0.01700000000000000122 ) ) ;
#1657 = EDGE_CURVE ( 'NONE', #1332, #1274, #5858, .T. ) ;
#1658 = VECTOR ( 'NONE', #4443, 39.37007874015747433 ) ;
#1659 = LINE ( 'NONE', #4904, #3110 ) ;
#1660 = FACE_OUTER_BOUND ( 'NONE', #3236, .T. ) ;
#1661 = DIMENSIONAL_EXPONENTS ( 1.000000000000000000, 0.0000000000000000000, 0.0000000000000000000, 0.0000000000000000000, 0.0000000000000000000, 0.0000000000000000000, 0.0000000000000000000 ) ;
#1662 = FILL_AREA_STYLE ('',( #3536 ) ) ;
#1663 = VERTEX_POINT ( 'NONE', #5135 ) ;
#1664 = DIRECTION ( 'NONE',  ( 1.000000000000000000, -0.0000000000000000000, 0.0000000000000000000 ) ) ;
#1665 = DIRECTION ( 'NONE',  ( 0.2588190451025213501, 0.0000000000000000000, 0.9659258262890682012 ) ) ;
#1666 = LINE ( 'NONE', #3964, #359 ) ;
#1668 = VECTOR ( 'NONE', #184, 39.37007874015748143 ) ;
#1667 =( NAMED_UNIT ( * ) SI_UNIT ( $, .STERADIAN. ) SOLID_ANGLE_UNIT ( ) );
#1669 = VECTOR ( 'NONE', #3654, 39.37007874015748143 ) ;
#1670 = CARTESIAN_POINT ( 'NONE',  ( -0.01000000000000000368, 0.07449999999999999678, -0.05749999999999998168 ) ) ;
#1671 = VERTEX_POINT ( 'NONE', #4686 ) ;
#1672 = COLOUR_RGB ( '',0.9686274509803921573, 0.8784313725490195957, 0.5999999999999999778 ) ;
#1673 = VECTOR ( 'NONE', #4635, 39.37007874015748143 ) ;
#1674 = DIRECTION ( 'NONE',  ( 1.000000000000000000, -0.0000000000000000000, -1.138269997360109674E-16 ) ) ;
#1675 = CARTESIAN_POINT ( 'NONE',  ( 0.03750000000000001249, 0.09900000000000000466, -0.06750000000000001832 ) ) ;
#1676 = LINE ( 'NONE', #188, #4816 ) ;
#1677 = DIRECTION ( 'NONE',  ( 0.0000000000000000000, -0.0000000000000000000, 1.000000000000000000 ) ) ;
#1678 = PLANE ( 'NONE',  #495 ) ;
#1679 = PLANE ( 'NONE',  #3085 ) ;
#1680 = EDGE_CURVE ( 'NONE', #1948, #639, #1522, .T. ) ;
#1681 = VECTOR ( 'NONE', #1602, 39.37007874015748143 ) ;
#1682 = PRESENTATION_LAYER_ASSIGNMENT (  '', '', ( #2131 ) ) ;
#1683 = MECHANICAL_DESIGN_GEOMETRIC_PRESENTATION_REPRESENTATION (  '', ( #6254 ), #4967 ) ;
#1684 = EDGE_CURVE ( 'NONE', #6205, #4552, #2656, .T. ) ;
#1685 = SURFACE_STYLE_USAGE ( .BOTH. , #4617 ) ;
#1686 = ORIENTED_EDGE ( 'NONE', *, *, #5854, .F. ) ;
#1687 = VECTOR ( 'NONE', #5959, 39.37007874015748143 ) ;
#1688 = DIRECTION ( 'NONE',  ( 0.0000000000000000000, 0.0000000000000000000, 1.000000000000000000 ) ) ;
#1689 = ORIENTED_EDGE ( 'NONE', *, *, #2088, .F. ) ;
#1690 = EDGE_LOOP ( 'NONE', ( #1114, #1024, #3391, #5890, #4354, #1846, #3094 ) ) ;
#1691 = SURFACE_STYLE_FILL_AREA ( #459 ) ;
#1692 = ADVANCED_FACE ( 'NONE', ( #2802 ), #1751, .F. ) ;
#1693 =( GEOMETRIC_REPRESENTATION_CONTEXT ( 3 ) GLOBAL_UNCERTAINTY_ASSIGNED_CONTEXT ( ( #540 ) ) GLOBAL_UNIT_ASSIGNED_CONTEXT ( ( #919, #1429, #4363 ) ) REPRESENTATION_CONTEXT ( 'NONE', 'WORKASPACE' ) );
#1694 = EDGE_LOOP ( 'NONE', ( #2561, #3103, #3485, #6051 ) ) ;
#1695 = DIRECTION ( 'NONE',  ( -1.000000000000000000, 0.0000000000000000000, 0.0000000000000000000 ) ) ;
#1696 = CARTESIAN_POINT ( 'NONE',  ( 0.03750000000000001249, 0.0000000000000000000, -0.06750000000000001832 ) ) ;
#1697 = CARTESIAN_POINT ( 'NONE',  ( 0.01250000000000000243, 0.0000000000000000000, -0.06750000000000001832 ) ) ;
#1698 = ORIENTED_EDGE ( 'NONE', *, *, #1836, .F. ) ;
#1699 = VECTOR ( 'NONE', #377, 39.37007874015748143 ) ;
#1700 = ORIENTED_EDGE ( 'NONE', *, *, #4482, .F. ) ;
#1701 = ORIENTED_EDGE ( 'NONE', *, *, #5756, .F. ) ;
#1702 = UNCERTAINTY_MEASURE_WITH_UNIT (LENGTH_MEASURE( 1.000000000000000082E-05 ), #5697, 'distance_accuracy_value', 'NONE');
#1703 = CARTESIAN_POINT ( 'NONE',  ( -0.04777350269189629267, 0.2190000000000000002, 0.0000000000000000000 ) ) ;
#1704 = LENGTH_MEASURE_WITH_UNIT ( LENGTH_MEASURE( 0.02539999999999999897 ), #1619 );
#1705 = ORIENTED_EDGE ( 'NONE', *, *, #2206, .T. ) ;
#1706 = COLOUR_RGB ( '',0.7921568627450980005, 0.8196078431372548767, 0.9333333333333333481 ) ;
#1707 = EDGE_LOOP ( 'NONE', ( #5199, #1462, #4324, #3140 ) ) ;
#1708 = EDGE_LOOP ( 'NONE', ( #430, #3157, #2906, #4864 ) ) ;
#1709 = DIMENSIONAL_EXPONENTS ( 1.000000000000000000, 0.0000000000000000000, 0.0000000000000000000, 0.0000000000000000000, 0.0000000000000000000, 0.0000000000000000000, 0.0000000000000000000 ) ;
#1710 = ORIENTED_EDGE ( 'NONE', *, *, #3416, .T. ) ;
#1711 = DIRECTION ( 'NONE',  ( -0.9659258262890682012, 0.0000000000000000000, 0.2588190451025213501 ) ) ;
#1712 =( GEOMETRIC_REPRESENTATION_CONTEXT ( 3 ) GLOBAL_UNCERTAINTY_ASSIGNED_CONTEXT ( ( #767 ) ) GLOBAL_UNIT_ASSIGNED_CONTEXT ( ( #4318, #1923, #3849 ) ) REPRESENTATION_CONTEXT ( 'NONE', 'WORKASPACE' ) );
#1713 = FACE_OUTER_BOUND ( 'NONE', #2550, .T. ) ;
#1714 = DIRECTION ( 'NONE',  ( -1.000000000000000000, 0.0000000000000000000, -0.0000000000000000000 ) ) ;
#1715 = VERTEX_POINT ( 'NONE', #6204 ) ;
#1716 = CARTESIAN_POINT ( 'NONE',  ( 0.04199999999999998873, 0.09900000000000000466, 0.01700000000000000122 ) ) ;
#1717 = LINE ( 'NONE', #1072, #5365 ) ;
#1718 = ORIENTED_EDGE ( 'NONE', *, *, #2690, .T. ) ;
#1719 = CARTESIAN_POINT ( 'NONE',  ( 0.04199999999999998873, 0.2190000000000000002, 0.01700000000000000122 ) ) ;
#1720 = EDGE_CURVE ( 'NONE', #259, #1663, #2242, .T. ) ;
#1721 = ORIENTED_EDGE ( 'NONE', *, *, #5274, .F. ) ;
#1722 = ORIENTED_EDGE ( 'NONE', *, *, #5189, .T. ) ;
#1723 = ADVANCED_FACE ( 'NONE', ( #2790 ), #5621, .F. ) ;
#1724 = FACE_OUTER_BOUND ( 'NONE', #3729, .T. ) ;
#1725 = EDGE_CURVE ( 'NONE', #3765, #619, #250, .T. ) ;
#1726 = DIRECTION ( 'NONE',  ( -1.000000000000000000, 0.0000000000000000000, 0.0000000000000000000 ) ) ;
#1727 = CIRCLE ( 'NONE', #97, 0.01000000000000000021 ) ;
#1728 = ORIENTED_EDGE ( 'NONE', *, *, #5625, .T. ) ;
#1729 = CARTESIAN_POINT ( 'NONE',  ( 0.007999999999999981085, 0.2190000000000000002, -0.02277350269189626700 ) ) ;
#1730 = AXIS2_PLACEMENT_3D ( 'NONE', #5763, #2890, #2376 ) ;
#1731 = LINE ( 'NONE', #84, #3574 ) ;
#1732 =( GEOMETRIC_REPRESENTATION_CONTEXT ( 3 ) GLOBAL_UNCERTAINTY_ASSIGNED_CONTEXT ( ( #2337 ) ) GLOBAL_UNIT_ASSIGNED_CONTEXT ( ( #2150, #5550, #4141 ) ) REPRESENTATION_CONTEXT ( 'NONE', 'WORKASPACE' ) );
#1733 = CARTESIAN_POINT ( 'NONE',  ( -0.04200000000000002343, -0.2026274169979695450, -0.01700000000000000122 ) ) ;
#1734 = EDGE_CURVE ( 'NONE', #3645, #1264, #4918, .T. ) ;
#1735 = VECTOR ( 'NONE', #4313, 39.37007874015748143 ) ;
#1736 = VECTOR ( 'NONE', #4426, 39.37007874015748143 ) ;
#1737 = FILL_AREA_STYLE ('',( #1272 ) ) ;
#1738 = LINE ( 'NONE', #842, #5469 ) ;
#1739 = CARTESIAN_POINT ( 'NONE',  ( -0.07500000000000002498, 0.09900000000000000466, -0.06750000000000001832 ) ) ;
#1740 = DIRECTION ( 'NONE',  ( 0.0000000000000000000, 0.4999999999999980016, -0.8660254037844398178 ) ) ;
#1741 = LINE ( 'NONE', #3761, #989 ) ;
#1742 = FACE_OUTER_BOUND ( 'NONE', #636, .T. ) ;
#1743 = CARTESIAN_POINT ( 'NONE',  ( -0.04777350269189629267, 0.2190000000000000002, -0.02277350269189626700 ) ) ;
#1744 = SURFACE_STYLE_USAGE ( .BOTH. , #4718 ) ;
#1745 = DIRECTION ( 'NONE',  ( -0.0000000000000000000, 1.000000000000000000, -0.0000000000000000000 ) ) ;
#1746 = PLANE ( 'NONE',  #1036 ) ;
#1747 = ADVANCED_FACE ( 'NONE', ( #718 ), #2304, .F. ) ;
#1748 = SURFACE_SIDE_STYLE ('',( #2371 ) ) ;
#1749 = VECTOR ( 'NONE', #5645, 39.37007874015748143 ) ;
#1750 =( CONVERSION_BASED_UNIT ( 'INCH', #1808 ) LENGTH_UNIT ( ) NAMED_UNIT ( #5509 ) );
#1751 = PLANE ( 'NONE',  #5630 ) ;
#1752 = CARTESIAN_POINT ( 'NONE',  ( -0.01000000000000000368, 0.02450000000000000441, 0.04250000000000001693 ) ) ;
#1753 = EDGE_CURVE ( 'NONE', #201, #3804, #1247, .T. ) ;
#1754 = ORIENTED_EDGE ( 'NONE', *, *, #499, .T. ) ;
#1755 = LINE ( 'NONE', #440, #2900 ) ;
#1756 = EDGE_CURVE ( 'NONE', #4491, #2152, #4095, .T. ) ;
#1757 = AXIS2_PLACEMENT_3D ( 'NONE', #2280, #3753, #3799 ) ;
#1758 = EDGE_CURVE ( 'NONE', #3468, #4983, #2461, .T. ) ;
#1759 = CARTESIAN_POINT ( 'NONE',  ( 0.05799999999999998906, -0.2026274169979695450, -0.01700000000000000122 ) ) ;
#1760 = STYLED_ITEM ( 'NONE', ( #739 ), #895 ) ;
#1761 = CARTESIAN_POINT ( 'NONE',  ( -0.04200000000000002343, 0.09900000000000000466, 0.03300000000000000155 ) ) ;
#1762 = VERTEX_POINT ( 'NONE', #3255 ) ;
#1763 = DIRECTION ( 'NONE',  ( -1.000000000000000000, -0.0000000000000000000, -0.0000000000000000000 ) ) ;
#1764 = EDGE_CURVE ( 'NONE', #962, #619, #4163, .T. ) ;
#1765 =( GEOMETRIC_REPRESENTATION_CONTEXT ( 3 ) GLOBAL_UNCERTAINTY_ASSIGNED_CONTEXT ( ( #6245 ) ) GLOBAL_UNIT_ASSIGNED_CONTEXT ( ( #3498, #5372, #4423 ) ) REPRESENTATION_CONTEXT ( 'NONE', 'WORKASPACE' ) );
#1766 = ORIENTED_EDGE ( 'NONE', *, *, #5625, .F. ) ;
#1767 = FACE_OUTER_BOUND ( 'NONE', #3337, .T. ) ;
#1768 = DIRECTION ( 'NONE',  ( 1.707404996040164758E-16, -1.000000000000000000, 0.0000000000000000000 ) ) ;
#1769 =( NAMED_UNIT ( * ) PLANE_ANGLE_UNIT ( ) SI_UNIT ( $, .RADIAN. ) );
#1770 = ORIENTED_EDGE ( 'NONE', *, *, #2531, .F. ) ;
#1771 = VERTEX_POINT ( 'NONE', #307 ) ;
#1772 = ORIENTED_EDGE ( 'NONE', *, *, #1960, .F. ) ;
#1773 = ADVANCED_FACE ( 'NONE', ( #1627 ), #1295, .F. ) ;
#1774 = ORIENTED_EDGE ( 'NONE', *, *, #2859, .T. ) ;
#1775 = VERTEX_POINT ( 'NONE', #5177 ) ;
#1776 = ORIENTED_EDGE ( 'NONE', *, *, #181, .T. ) ;
#1777 = CARTESIAN_POINT ( 'NONE',  ( 0.07499999999999999722, 0.09900000000000000466, 0.06749999999999999056 ) ) ;
#1778 = VERTEX_POINT ( 'NONE', #2241 ) ;
#1779 = PLANE ( 'NONE',  #3495 ) ;
#1780 = PLANE ( 'NONE',  #299 ) ;
#1781 = UNCERTAINTY_MEASURE_WITH_UNIT (LENGTH_MEASURE( 1.000000000000000082E-05 ), #6155, 'distance_accuracy_value', 'NONE');
#1782 = COLOUR_RGB ( '',0.7921568627450980005, 0.8196078431372548767, 0.9333333333333333481 ) ;
#1783 = ORIENTED_EDGE ( 'NONE', *, *, #5585, .F. ) ;
#1784 = ORIENTED_EDGE ( 'NONE', *, *, #2045, .F. ) ;
#1785 = EDGE_LOOP ( 'NONE', ( #4371, #5737, #5637, #661 ) ) ;
#1786 = DIRECTION ( 'NONE',  ( 0.0000000000000000000, 0.0000000000000000000, 1.000000000000000000 ) ) ;
#1787 = CARTESIAN_POINT ( 'NONE',  ( 0.01919872981077808821, 0.09900000000000000466, 0.04250000000000001693 ) ) ;
#1788 = VECTOR ( 'NONE', #6015, 39.37007874015748143 ) ;
#1789 = FACE_OUTER_BOUND ( 'NONE', #1193, .T. ) ;
#1790 = CARTESIAN_POINT ( 'NONE',  ( 0.01000000000000000368, 0.02450000000000000441, -0.05749999999999998168 ) ) ;
#1791 = LINE ( 'NONE', #3353, #6217 ) ;
#1792 = ORIENTED_EDGE ( 'NONE', *, *, #1879, .F. ) ;
#1793 = ORIENTED_EDGE ( 'NONE', *, *, #4084, .F. ) ;
#1794 = CARTESIAN_POINT ( 'NONE',  ( 0.05799999999999998906, -0.08999999999999999667, -0.01700000000000000122 ) ) ;
#1795 = AXIS2_PLACEMENT_3D ( 'NONE', #289, #3145, #3689 ) ;
#1796 = ORIENTED_EDGE ( 'NONE', *, *, #704, .F. ) ;
#1797 = SURFACE_SIDE_STYLE ('',( #3185 ) ) ;
#1798 = DIRECTION ( 'NONE',  ( 0.0000000000000000000, -0.0000000000000000000, -1.000000000000000000 ) ) ;
#1799 = LINE ( 'NONE', #405, #6146 ) ;
#1800 = CARTESIAN_POINT ( 'NONE',  ( -0.008000000000000015779, 0.09900000000000000466, 0.03300000000000000155 ) ) ;
#1801 = LENGTH_MEASURE_WITH_UNIT ( LENGTH_MEASURE( 0.02539999999999999897 ), #2728 );
#1802 = EDGE_CURVE ( 'NONE', #1489, #3707, #2834, .T. ) ;
#1803 = VECTOR ( 'NONE', #5430, 39.37007874015748854 ) ;
#1804 = ORIENTED_EDGE ( 'NONE', *, *, #2053, .T. ) ;
#1805 =( NAMED_UNIT ( * ) SI_UNIT ( $, .STERADIAN. ) SOLID_ANGLE_UNIT ( ) );
#1806 = FACE_OUTER_BOUND ( 'NONE', #1381, .T. ) ;
#1807 = DIRECTION ( 'NONE',  ( 0.0000000000000000000, -0.4999999999999980016, -0.8660254037844398178 ) ) ;
#1808 = LENGTH_MEASURE_WITH_UNIT ( LENGTH_MEASURE( 0.02539999999999999897 ), #5147 );
#1809 = CARTESIAN_POINT ( 'NONE',  ( -0.04200000000000002343, 0.09900000000000000466, 0.03300000000000000155 ) ) ;
#1810 = VECTOR ( 'NONE', #1382, 39.37007874015748143 ) ;
#1811 = DIRECTION ( 'NONE',  ( -0.0000000000000000000, 1.000000000000000000, -0.0000000000000000000 ) ) ;
#1812 = LINE ( 'NONE', #5529, #3433 ) ;
#1813 = EDGE_CURVE ( 'NONE', #3314, #5514, #4994, .T. ) ;
#1814 = ADVANCED_FACE ( 'NONE', ( #5505 ), #1358, .F. ) ;
#1815 = FACE_OUTER_BOUND ( 'NONE', #2161, .T. ) ;
#1816 = PLANE ( 'NONE',  #1757 ) ;
#1817 = DIRECTION ( 'NONE',  ( 1.000000000000000000, 0.0000000000000000000, -5.691349986800548372E-17 ) ) ;
#1818 = DIRECTION ( 'NONE',  ( 1.000000000000000000, 0.0000000000000000000, 0.0000000000000000000 ) ) ;
#1819 = SURFACE_STYLE_FILL_AREA ( #5852 ) ;
#1820 = DIRECTION ( 'NONE',  ( -1.138269997360109674E-16, 0.0000000000000000000, -1.000000000000000000 ) ) ;
#1821 = VECTOR ( 'NONE', #1, 39.37007874015748143 ) ;
#1822 = PLANE ( 'NONE',  #225 ) ;
#1823 = CARTESIAN_POINT ( 'NONE',  ( -0.01250000000000000763, 0.02449999999999998707, -0.06749999999999997669 ) ) ;
#1824 = EDGE_LOOP ( 'NONE', ( #4949, #2112, #498, #1754 ) ) ;
#1825 = VECTOR ( 'NONE', #5245, 39.37007874015748143 ) ;
#1826 =( NAMED_UNIT ( * ) SI_UNIT ( $, .STERADIAN. ) SOLID_ANGLE_UNIT ( ) );
#1827 =( GEOMETRIC_REPRESENTATION_CONTEXT ( 3 ) GLOBAL_UNCERTAINTY_ASSIGNED_CONTEXT ( ( #1243 ) ) GLOBAL_UNIT_ASSIGNED_CONTEXT ( ( #2737, #2274, #1805 ) ) REPRESENTATION_CONTEXT ( 'NONE', 'WORKASPACE' ) );
#1828 = DIRECTION ( 'NONE',  ( 5.691349986800548372E-17, -0.0000000000000000000, 1.000000000000000000 ) ) ;
#1829 = PLANE ( 'NONE',  #5243 ) ;
#1830 = CARTESIAN_POINT ( 'NONE',  ( 0.07499999999999999722, 0.02449999999999998707, -0.06749999999999997669 ) ) ;
#1831 = ORIENTED_EDGE ( 'NONE', *, *, #138, .T. ) ;
#1832 = ORIENTED_EDGE ( 'NONE', *, *, #1176, .T. ) ;
#1833 = DIRECTION ( 'NONE',  ( 1.000000000000000000, 0.0000000000000000000, 0.0000000000000000000 ) ) ;
#1834 = DIRECTION ( 'NONE',  ( 0.0000000000000000000, 1.000000000000000000, 0.0000000000000000000 ) ) ;
#1835 = CARTESIAN_POINT ( 'NONE',  ( 0.007999999999999981085, -0.08999999999999999667, -0.01700000000000000122 ) ) ;
#1836 = EDGE_CURVE ( 'NONE', #886, #2616, #4761, .T. ) ;
#1837 = ORIENTED_EDGE ( 'NONE', *, *, #2043, .T. ) ;
#1838 = ADVANCED_FACE ( 'NONE', ( #1183 ), #4888, .F. ) ;
#1839 = EDGE_CURVE ( 'NONE', #2683, #5537, #1396, .T. ) ;
#1840 = STYLED_ITEM ( 'NONE', ( #2666 ), #2445 ) ;
#1841 =( NAMED_UNIT ( * ) PLANE_ANGLE_UNIT ( ) SI_UNIT ( $, .RADIAN. ) );
#1842 = DIRECTION ( 'NONE',  ( 0.0000000000000000000, -1.000000000000000000, 0.0000000000000000000 ) ) ;
#1843 = AXIS2_PLACEMENT_3D ( 'NONE', #5302, #4319, #3328 ) ;
#1844 = CARTESIAN_POINT ( 'NONE',  ( 0.01250000000000000243, 0.0000000000000000000, -0.06750000000000001832 ) ) ;
#1845 = EDGE_CURVE ( 'NONE', #1053, #4246, #2919, .T. ) ;
#1846 = ORIENTED_EDGE ( 'NONE', *, *, #2586, .F. ) ;
#1847 = LINE ( 'NONE', #2435, #557 ) ;
#1848 = PLANE ( 'NONE',  #595 ) ;
#1849 = CARTESIAN_POINT ( 'NONE',  ( 0.01919872981077808821, 0.0000000000000000000, -0.04250000000000001693 ) ) ;
#1850 = CARTESIAN_POINT ( 'NONE',  ( 0.05222649730810371982, 0.2190000000000000002, 0.02277350269189626700 ) ) ;
#1851 = ORIENTED_EDGE ( 'NONE', *, *, #4084, .T. ) ;
#1852 = CARTESIAN_POINT ( 'NONE',  ( -0.008000000000000015779, 0.09900000000000000466, -0.03300000000000000155 ) ) ;
#1853 = VERTEX_POINT ( 'NONE', #1464 ) ;
#1854 = CARTESIAN_POINT ( 'NONE',  ( 0.01919872981077808821, 0.07449999999999999678, -0.04250000000000002387 ) ) ;
#1855 = DIRECTION ( 'NONE',  ( 1.000000000000000000, 0.0000000000000000000, 0.0000000000000000000 ) ) ;
#1856 = VERTEX_POINT ( 'NONE', #2415 ) ;
#1857 = DIRECTION ( 'NONE',  ( 0.0000000000000000000, -1.000000000000000000, 0.0000000000000000000 ) ) ;
#1858 = ORIENTED_EDGE ( 'NONE', *, *, #966, .T. ) ;
#1859 = PLANE ( 'NONE',  #5357 ) ;
#1860 = ORIENTED_EDGE ( 'NONE', *, *, #3692, .F. ) ;
#1861 = ORIENTED_EDGE ( 'NONE', *, *, #462, .T. ) ;
#1862 = ORIENTED_EDGE ( 'NONE', *, *, #1836, .T. ) ;
#1863 = MANIFOLD_SOLID_BREP ( 'LPattern5[2]', #169 ) ;
#1864 = LINE ( 'NONE', #177, #1647 ) ;
#1865 = DIRECTION ( 'NONE',  ( 0.0000000000000000000, 0.0000000000000000000, 1.000000000000000000 ) ) ;
#1866 = LINE ( 'NONE', #3511, #6216 ) ;
#1867 = VERTEX_POINT ( 'NONE', #2902 ) ;
#1868 = DIMENSIONAL_EXPONENTS ( 1.000000000000000000, 0.0000000000000000000, 0.0000000000000000000, 0.0000000000000000000, 0.0000000000000000000, 0.0000000000000000000, 0.0000000000000000000 ) ;
#1869 = ORIENTED_EDGE ( 'NONE', *, *, #6250, .F. ) ;
#1870 = CARTESIAN_POINT ( 'NONE',  ( -0.05800000000000001682, 0.09900000000000000466, -0.03300000000000000155 ) ) ;
#1871 = ORIENTED_EDGE ( 'NONE', *, *, #4279, .T. ) ;
#1872 = PLANE ( 'NONE',  #3365 ) ;
#1873 = LINE ( 'NONE', #3959, #5306 ) ;
#1874 =( CONVERSION_BASED_UNIT ( 'INCH', #2547 ) LENGTH_UNIT ( ) NAMED_UNIT ( #3279 ) );
#1875 = ADVANCED_FACE ( 'NONE', ( #4467 ), #3846, .F. ) ;
#1876 = EDGE_LOOP ( 'NONE', ( #1209, #4613, #3414, #5080 ) ) ;
#1877 = CARTESIAN_POINT ( 'NONE',  ( 0.07499999999999999722, 0.09900000000000000466, -0.06750000000000003220 ) ) ;
#1878 = DIRECTION ( 'NONE',  ( -0.0000000000000000000, 0.0000000000000000000, 1.000000000000000000 ) ) ;
#1879 = EDGE_CURVE ( 'NONE', #2812, #4309, #5428, .T. ) ;
#1880 =( NAMED_UNIT ( * ) PLANE_ANGLE_UNIT ( ) SI_UNIT ( $, .RADIAN. ) );
#1881 = FACE_OUTER_BOUND ( 'NONE', #2636, .T. ) ;
#1882 = AXIS2_PLACEMENT_3D ( 'NONE', #125, #5933, #1142 ) ;
#1883 = AXIS2_PLACEMENT_3D ( 'NONE', #1849, #4327, #4263 ) ;
#1884 = CARTESIAN_POINT ( 'NONE',  ( 0.03999999999999996614, 0.07449999999999999678, 0.05749999999999998168 ) ) ;
#1885 = CARTESIAN_POINT ( 'NONE',  ( 0.007999999999999981085, 0.0000000000000000000, -0.03300000000000000155 ) ) ;
#1886 = EDGE_CURVE ( 'NONE', #2932, #954, #1847, .T. ) ;
#1887 = COLOUR_RGB ( '',0.9686274509803921573, 0.8784313725490195957, 0.5999999999999999778 ) ;
#1888 = FACE_OUTER_BOUND ( 'NONE', #5377, .T. ) ;
#1889 = VECTOR ( 'NONE', #1091, 39.37007874015748143 ) ;
#1890 = LINE ( 'NONE', #1752, #4350 ) ;
#1891 = CARTESIAN_POINT ( 'NONE',  ( 0.05799999999999998906, 0.0000000000000000000, -0.03300000000000000155 ) ) ;
#1892 = CARTESIAN_POINT ( 'NONE',  ( -0.008000000000000015779, -0.08999999999999999667, -0.03300000000000000155 ) ) ;
#1894 = FACE_OUTER_BOUND ( 'NONE', #106, .T. ) ;
#1893 = CARTESIAN_POINT ( 'NONE',  ( -0.008000000000000015779, 0.09900000000000000466, -0.01700000000000000122 ) ) ;
#1895 = DIRECTION ( 'NONE',  ( 0.0000000000000000000, 0.0000000000000000000, 1.000000000000000000 ) ) ;
#1896 = VECTOR ( 'NONE', #1745, 39.37007874015748143 ) ;
#1897 = CARTESIAN_POINT ( 'NONE',  ( -0.05800000000000001682, 0.0000000000000000000, 0.03300000000000000155 ) ) ;
#1898 = UNCERTAINTY_MEASURE_WITH_UNIT (LENGTH_MEASURE( 1.000000000000000082E-05 ), #457, 'distance_accuracy_value', 'NONE');
#1899 = CARTESIAN_POINT ( 'NONE',  ( -0.04000000000000000083, 0.02450000000000000441, 0.05749999999999998168 ) ) ;
#1900 =( LENGTH_UNIT ( ) NAMED_UNIT ( * ) SI_UNIT ( $, .METRE. ) );
#1901 = VECTOR ( 'NONE', #4720, 39.37007874015748143 ) ;
#1902 = ADVANCED_FACE ( 'NONE', ( #5803 ), #3434, .F. ) ;
#1903 = CARTESIAN_POINT ( 'NONE',  ( 0.01250000000000000243, 0.0000000000000000000, 0.06750000000000001832 ) ) ;
#1904 = CARTESIAN_POINT ( 'NONE',  ( 0.03750000000000001249, 0.0000000000000000000, 0.06750000000000001832 ) ) ;
#1905 = EDGE_LOOP ( 'NONE', ( #3570, #3560, #4875, #1007 ) ) ;
#1906 = FILL_AREA_STYLE_COLOUR ( '', #1377 ) ;
#1907 = LINE ( 'NONE', #6176, #620 ) ;
#1908 = CARTESIAN_POINT ( 'NONE',  ( -0.07500000000000002498, 0.02449999999999998707, -0.06749999999999997669 ) ) ;
#1909 = VERTEX_POINT ( 'NONE', #3380 ) ;
#1910 = STYLED_ITEM ( 'NONE', ( #1491 ), #4870 ) ;
#1911 = PRESENTATION_STYLE_ASSIGNMENT (( #649 ) ) ;
#1912 = DIRECTION ( 'NONE',  ( 0.0000000000000000000, 0.0000000000000000000, 1.000000000000000000 ) ) ;
#1913 = PRESENTATION_LAYER_ASSIGNMENT (  '', '', ( #1238 ) ) ;
#1914 =( NAMED_UNIT ( * ) PLANE_ANGLE_UNIT ( ) SI_UNIT ( $, .RADIAN. ) );
#1915 = EDGE_CURVE ( 'NONE', #5293, #439, #175, .T. ) ;
#1916 = DIRECTION ( 'NONE',  ( 1.000000000000000000, -0.0000000000000000000, 0.0000000000000000000 ) ) ;
#1917 = DIRECTION ( 'NONE',  ( -1.000000000000000000, -0.0000000000000000000, -0.0000000000000000000 ) ) ;
#1918 = VERTEX_POINT ( 'NONE', #1899 ) ;
#1919 = CARTESIAN_POINT ( 'NONE',  ( -0.05000000000000000278, -0.08999999999999999667, 0.0000000000000000000 ) ) ;
#1920 = MECHANICAL_DESIGN_GEOMETRIC_PRESENTATION_REPRESENTATION (  '', ( #1607 ), #4678 ) ;
#1921 = ORIENTED_EDGE ( 'NONE', *, *, #16, .F. ) ;
#1922 = ORIENTED_EDGE ( 'NONE', *, *, #666, .T. ) ;
#1923 =( NAMED_UNIT ( * ) PLANE_ANGLE_UNIT ( ) SI_UNIT ( $, .RADIAN. ) );
#1924 = CARTESIAN_POINT ( 'NONE',  ( 0.0000000000000000000, 0.09900000000000000466, 0.0000000000000000000 ) ) ;
#1925 = PRESENTATION_LAYER_ASSIGNMENT (  '', '', ( #3790 ) ) ;
#1926 = FILL_AREA_STYLE_COLOUR ( '', #2482 ) ;
#1927 =( CONVERSION_BASED_UNIT ( 'INCH', #455 ) LENGTH_UNIT ( ) NAMED_UNIT ( #401 ) );
#1928 = EDGE_CURVE ( 'NONE', #6045, #644, #2607, .T. ) ;
#1929 = ORIENTED_EDGE ( 'NONE', *, *, #2772, .T. ) ;
#1930 = ORIENTED_EDGE ( 'NONE', *, *, #2288, .F. ) ;
#1931 = ORIENTED_EDGE ( 'NONE', *, *, #3152, .T. ) ;
#1932 = ORIENTED_EDGE ( 'NONE', *, *, #4930, .F. ) ;
#1933 =( NAMED_UNIT ( * ) PLANE_ANGLE_UNIT ( ) SI_UNIT ( $, .RADIAN. ) );
#1934 = ADVANCED_FACE ( 'NONE', ( #1767 ), #4339, .F. ) ;
#1935 = LINE ( 'NONE', #1350, #3711 ) ;
#1936 = ORIENTED_EDGE ( 'NONE', *, *, #2245, .F. ) ;
#1937 = FACE_OUTER_BOUND ( 'NONE', #5609, .T. ) ;
#1938 = CLOSED_SHELL ( 'NONE', ( #4650, #5327, #3427, #3258, #4765, #1559, #4425, #5454, #3685, #2380 ) ) ;
#1939 = VERTEX_POINT ( 'NONE', #5314 ) ;
#1940 = ORIENTED_EDGE ( 'NONE', *, *, #6016, .F. ) ;
#1941 = DIRECTION ( 'NONE',  ( -0.0000000000000000000, -0.0000000000000000000, -1.000000000000000000 ) ) ;
#1942 = FILL_AREA_STYLE_COLOUR ( '', #5722 ) ;
#1943 = CARTESIAN_POINT ( 'NONE',  ( -0.008000000000000015779, 0.0000000000000000000, -0.03300000000000000155 ) ) ;
#1944 = LINE ( 'NONE', #6027, #3247 ) ;
#1945 = FACE_OUTER_BOUND ( 'NONE', #4637, .T. ) ;
#1946 = ORIENTED_EDGE ( 'NONE', *, *, #5440, .T. ) ;
#1947 = ORIENTED_EDGE ( 'NONE', *, *, #4669, .F. ) ;
#1948 = VERTEX_POINT ( 'NONE', #1884 ) ;
#1949 = CARTESIAN_POINT ( 'NONE',  ( 0.04000000000000000083, 0.02450000000000000441, -0.01580951894845298786 ) ) ;
#1950 = DIRECTION ( 'NONE',  ( 0.0000000000000000000, 1.000000000000000000, 0.0000000000000000000 ) ) ;
#1951 =( CONVERSION_BASED_UNIT ( 'INCH', #2023 ) LENGTH_UNIT ( ) NAMED_UNIT ( #2665 ) );
#1952 = LINE ( 'NONE', #5457, #1423 ) ;
#1953 = PLANE ( 'NONE',  #4049 ) ;
#1954 = VERTEX_POINT ( 'NONE', #2366 ) ;
#1955 = SURFACE_STYLE_FILL_AREA ( #4012 ) ;
#1956 = LINE ( 'NONE', #3676, #3978 ) ;
#1957 = CARTESIAN_POINT ( 'NONE',  ( -0.008000000000000015779, 0.2089999999999999358, -0.01700000000000000122 ) ) ;
#1958 = DIRECTION ( 'NONE',  ( 0.0000000000000000000, 0.0000000000000000000, 1.000000000000000000 ) ) ;
#1959 = CARTESIAN_POINT ( 'NONE',  ( 0.0000000000000000000, 0.0000000000000000000, 0.0000000000000000000 ) ) ;
#1960 = EDGE_CURVE ( 'NONE', #6304, #2689, #23, .T. ) ;
#1961 = DIRECTION ( 'NONE',  ( 1.000000000000000000, 0.0000000000000000000, -0.0000000000000000000 ) ) ;
#1962 = MECHANICAL_DESIGN_GEOMETRIC_PRESENTATION_REPRESENTATION (  '', ( #3957 ), #222 ) ;
#1963 = CARTESIAN_POINT ( 'NONE',  ( -0.03749999999999999861, 0.02449999999999998707, -0.06750000000000001832 ) ) ;
#1964 = LINE ( 'NONE', #2190, #2795 ) ;
#1965 = EDGE_CURVE ( 'NONE', #1625, #4767, #5423, .T. ) ;
#1966 = AXIS2_PLACEMENT_3D ( 'NONE', #3307, #5684, #5184 ) ;
#1967 = DIRECTION ( 'NONE',  ( -0.0000000000000000000, -0.0000000000000000000, 1.000000000000000000 ) ) ;
#1968 = EDGE_CURVE ( 'NONE', #2899, #340, #4914, .T. ) ;
#1969 = VECTOR ( 'NONE', #4668, 39.37007874015748143 ) ;
#1970 = AXIS2_PLACEMENT_3D ( 'NONE', #2409, #1461, #4336 ) ;
#1971 = ADVANCED_FACE ( 'NONE', ( #2751 ), #1571, .F. ) ;
#1972 = EDGE_CURVE ( 'NONE', #646, #2628, #3538, .T. ) ;
#1973 = DIRECTION ( 'NONE',  ( 0.0000000000000000000, -0.0000000000000000000, 1.000000000000000000 ) ) ;
#1974 = FILL_AREA_STYLE ('',( #4873 ) ) ;
#1975 = LINE ( 'NONE', #2739, #5182 ) ;
#1976 = CARTESIAN_POINT ( 'NONE',  ( -0.07500000000000002498, 0.07449999999999999678, 0.06749999999999997669 ) ) ;
#1977 = DIRECTION ( 'NONE',  ( 0.0000000000000000000, 0.0000000000000000000, -1.000000000000000000 ) ) ;
#1978 = CARTESIAN_POINT ( 'NONE',  ( 0.05222649730810371982, 0.2190000000000000002, 0.0000000000000000000 ) ) ;
#1979 = VECTOR ( 'NONE', #1541, 39.37007874015748143 ) ;
#1980 = DIRECTION ( 'NONE',  ( 1.000000000000000000, 0.0000000000000000000, 0.0000000000000000000 ) ) ;
#1981 = DIRECTION ( 'NONE',  ( 1.707404996040164512E-16, -1.000000000000000000, 0.0000000000000000000 ) ) ;
#1982 = ORIENTED_EDGE ( 'NONE', *, *, #1039, .F. ) ;
#1983 = VECTOR ( 'NONE', #4257, 39.37007874015748143 ) ;
#1984 = DIRECTION ( 'NONE',  ( 1.000000000000000000, 0.0000000000000000000, 0.0000000000000000000 ) ) ;
#1985 = DIRECTION ( 'NONE',  ( 0.0000000000000000000, 0.0000000000000000000, 1.000000000000000000 ) ) ;
#1986 = CARTESIAN_POINT ( 'NONE',  ( -0.03749999999999999861, 0.09900000000000000466, 0.06750000000000001832 ) ) ;
#1987 = ORIENTED_EDGE ( 'NONE', *, *, #1756, .F. ) ;
#1988 = EDGE_LOOP ( 'NONE', ( #5360, #5427, #3009, #4316 ) ) ;
#1989 = SURFACE_SIDE_STYLE ('',( #5042 ) ) ;
#1990 = CARTESIAN_POINT ( 'NONE',  ( -0.008000000000000015779, -0.08999999999999999667, -0.01700000000000000122 ) ) ;
#1991 = CARTESIAN_POINT ( 'NONE',  ( 0.01000000000000000368, 0.02450000000000000441, 0.05749999999999998168 ) ) ;
#1992 = ORIENTED_EDGE ( 'NONE', *, *, #539, .F. ) ;
#1993 = LINE ( 'NONE', #1511, #4463 ) ;
#1994 = EDGE_CURVE ( 'NONE', #2294, #3183, #2600, .T. ) ;
#1995 = CARTESIAN_POINT ( 'NONE',  ( -0.05800000000000001682, 0.09900000000000000466, -0.01700000000000000122 ) ) ;
#1996 = CARTESIAN_POINT ( 'NONE',  ( -0.05800000000000001682, 0.0000000000000000000, -0.03300000000000000155 ) ) ;
#1997 = ADVANCED_FACE ( 'NONE', ( #4611 ), #4464, .F. ) ;
#1998 = ORIENTED_EDGE ( 'NONE', *, *, #1003, .T. ) ;
#1999 = ORIENTED_EDGE ( 'NONE', *, *, #3494, .T. ) ;
#2000 = PRESENTATION_LAYER_ASSIGNMENT (  '', '', ( #4223 ) ) ;
#2001 = PRESENTATION_LAYER_ASSIGNMENT (  '', '', ( #172 ) ) ;
#2002 = EDGE_CURVE ( 'NONE', #107, #4105, #5572, .T. ) ;
#2003 = PLANE ( 'NONE',  #5058 ) ;
#2004 = CARTESIAN_POINT ( 'NONE',  ( 0.007999999999999981085, -0.2026274169979695450, -0.03300000000000000155 ) ) ;
#2006 = DIRECTION ( 'NONE',  ( 0.0000000000000000000, 1.000000000000000000, 0.0000000000000000000 ) ) ;
#2005 = CARTESIAN_POINT ( 'NONE',  ( 0.04199999999999998873, 0.2190000000000000002, -0.02722649730810373578 ) ) ;
#2007 = ORIENTED_EDGE ( 'NONE', *, *, #1279, .F. ) ;
#2008 = CARTESIAN_POINT ( 'NONE',  ( -0.008000000000000015779, -0.08999999999999999667, 0.03300000000000000155 ) ) ;
#2009 = ORIENTED_EDGE ( 'NONE', *, *, #4122, .F. ) ;
#2010 = PRODUCT_DEFINITION_CONTEXT ( 'detailed design', #2449, 'design' ) ;
#2011 =( GEOMETRIC_REPRESENTATION_CONTEXT ( 3 ) GLOBAL_UNCERTAINTY_ASSIGNED_CONTEXT ( ( #1148 ) ) GLOBAL_UNIT_ASSIGNED_CONTEXT ( ( #2684, #5551, #1667 ) ) REPRESENTATION_CONTEXT ( 'NONE', 'WORKASPACE' ) );
#2012 = LINE ( 'NONE', #2471, #1561 ) ;
#2013 = ORIENTED_EDGE ( 'NONE', *, *, #966, .F. ) ;
#2014 = VECTOR ( 'NONE', #781, 39.37007874015748143 ) ;
#2015 = ORIENTED_EDGE ( 'NONE', *, *, #2422, .F. ) ;
#2016 = DIRECTION ( 'NONE',  ( -0.0000000000000000000, 1.000000000000000000, -0.0000000000000000000 ) ) ;
#2017 = AXIS2_PLACEMENT_3D ( 'NONE', #4555, #6021, #4513 ) ;
#2018 = VERTEX_POINT ( 'NONE', #525 ) ;
#2019 = VERTEX_POINT ( 'NONE', #3962 ) ;
#2020 = DIRECTION ( 'NONE',  ( 0.0000000000000000000, 0.0000000000000000000, -1.000000000000000000 ) ) ;
#2021 = VECTOR ( 'NONE', #301, 39.37007874015748143 ) ;
#2022 = CYLINDRICAL_SURFACE ( 'NONE', #822, 0.009999999999999995004 ) ;
#2023 = LENGTH_MEASURE_WITH_UNIT ( LENGTH_MEASURE( 0.02539999999999999897 ), #2512 );
#2024 = ORIENTED_EDGE ( 'NONE', *, *, #2413, .F. ) ;
#2025 = VERTEX_POINT ( 'NONE', #4973 ) ;
#2026 = DIRECTION ( 'NONE',  ( 0.0000000000000000000, 0.0000000000000000000, 1.000000000000000000 ) ) ;
#2027 = ORIENTED_EDGE ( 'NONE', *, *, #302, .T. ) ;
#2028 = VECTOR ( 'NONE', #2560, 39.37007874015748143 ) ;
#2029 = CARTESIAN_POINT ( 'NONE',  ( -0.07500000000000002498, 0.07450000000000002454, -0.05749999999999998168 ) ) ;
#2030 = LINE ( 'NONE', #5876, #2186 ) ;
#2031 = ORIENTED_EDGE ( 'NONE', *, *, #4842, .F. ) ;
#2032 = CARTESIAN_POINT ( 'NONE',  ( 0.04199999999999998873, 0.0000000000000000000, -0.03300000000000000155 ) ) ;
#2033 = VECTOR ( 'NONE', #5249, 39.37007874015748143 ) ;
#2034 = VECTOR ( 'NONE', #209, 39.37007874015748143 ) ;
#2035 = ADVANCED_FACE ( 'NONE', ( #4380 ), #3297, .T. ) ;
#2036 =( NAMED_UNIT ( * ) SI_UNIT ( $, .STERADIAN. ) SOLID_ANGLE_UNIT ( ) );
#2037 = DIRECTION ( 'NONE',  ( -0.0000000000000000000, -0.0000000000000000000, -1.000000000000000000 ) ) ;
#2038 =( NAMED_UNIT ( * ) SI_UNIT ( $, .STERADIAN. ) SOLID_ANGLE_UNIT ( ) );
#2039 = LINE ( 'NONE', #3504, #70 ) ;
#2040 = CARTESIAN_POINT ( 'NONE',  ( -0.07500000000000002498, 0.07450000000000002454, -0.06749999999999997669 ) ) ;
#2041 = SURFACE_STYLE_FILL_AREA ( #3519 ) ;
#2042 = SURFACE_STYLE_FILL_AREA ( #5531 ) ;
#2043 = EDGE_CURVE ( 'NONE', #3804, #3765, #3144, .T. ) ;
#2044 = VECTOR ( 'NONE', #3713, 39.37007874015748143 ) ;
#2045 = EDGE_CURVE ( 'NONE', #5951, #340, #3931, .T. ) ;
#2046 = CARTESIAN_POINT ( 'NONE',  ( -0.05800000000000001682, 0.09900000000000000466, 0.01700000000000000122 ) ) ;
#2047 = PLANE ( 'NONE',  #2856 ) ;
#2049 = CARTESIAN_POINT ( 'NONE',  ( 0.007999999999999981085, 0.2190000000000000002, 0.03300000000000000155 ) ) ;
#2048 = FILL_AREA_STYLE ('',( #59 ) ) ;
#2050 =( GEOMETRIC_REPRESENTATION_CONTEXT ( 3 ) GLOBAL_UNCERTAINTY_ASSIGNED_CONTEXT ( ( #2722 ) ) GLOBAL_UNIT_ASSIGNED_CONTEXT ( ( #4801, #4752, #6164 ) ) REPRESENTATION_CONTEXT ( 'NONE', 'WORKASPACE' ) );
#2051 = LINE ( 'NONE', #5304, #3207 ) ;
#2052 = CARTESIAN_POINT ( 'NONE',  ( -0.05800000000000001682, 0.09900000000000000466, -0.03300000000000000155 ) ) ;
#2053 = EDGE_CURVE ( 'NONE', #6053, #4466, #1993, .T. ) ;
#2054 = CARTESIAN_POINT ( 'NONE',  ( -0.008000000000000015779, 0.0000000000000000000, 0.03300000000000000155 ) ) ;
#2055 = CARTESIAN_POINT ( 'NONE',  ( 0.04199999999999998873, 0.0000000000000000000, -0.01700000000000000122 ) ) ;
#2056 = DIRECTION ( 'NONE',  ( 5.691349986800548372E-17, -0.0000000000000000000, 1.000000000000000000 ) ) ;
#2057 = CARTESIAN_POINT ( 'NONE',  ( -0.04000000000000000777, 0.07449999999999999678, -0.04250000000000001693 ) ) ;
#2058 = CARTESIAN_POINT ( 'NONE',  ( -0.04200000000000002343, -0.08999999999999999667, 0.01700000000000000122 ) ) ;
#2059 = LINE ( 'NONE', #3205, #5059 ) ;
#2060 = MANIFOLD_SOLID_BREP ( 'Fillet1', #4169 ) ;
#2061 = DIRECTION ( 'NONE',  ( -1.000000000000000000, 0.0000000000000000000, 0.0000000000000000000 ) ) ;
#2062 = DIRECTION ( 'NONE',  ( 0.0000000000000000000, 0.0000000000000000000, 1.000000000000000000 ) ) ;
#2063 = ORIENTED_EDGE ( 'NONE', *, *, #5764, .F. ) ;
#2064 = ADVANCED_FACE ( 'NONE', ( #1621 ), #5862, .F. ) ;
#2065 = LINE ( 'NONE', #2262, #5874 ) ;
#2066 = DIRECTION ( 'NONE',  ( -0.0000000000000000000, -0.0000000000000000000, 1.000000000000000000 ) ) ;
#2067 = EDGE_LOOP ( 'NONE', ( #1118, #2755, #4987, #5631 ) ) ;
#2068 = ORIENTED_EDGE ( 'NONE', *, *, #5623, .F. ) ;
#2069 = VECTOR ( 'NONE', #3807, 39.37007874015748143 ) ;
#2071 = CARTESIAN_POINT ( 'NONE',  ( -0.05800000000000001682, 0.0000000000000000000, -0.03300000000000000155 ) ) ;
#2070 = DIRECTION ( 'NONE',  ( 0.0000000000000000000, 0.0000000000000000000, -1.000000000000000000 ) ) ;
#2072 = CARTESIAN_POINT ( 'NONE',  ( -0.05800000000000001682, -0.2026274169979695450, 0.01700000000000000122 ) ) ;
#2073 = EDGE_LOOP ( 'NONE', ( #5455, #179, #4687, #3487 ) ) ;
#2074 = CARTESIAN_POINT ( 'NONE',  ( 0.07499999999999999722, 0.09900000000000000466, -0.06750000000000003220 ) ) ;
#2075 = DIRECTION ( 'NONE',  ( 1.000000000000000000, 0.0000000000000000000, 0.0000000000000000000 ) ) ;
#2076 = CARTESIAN_POINT ( 'NONE',  ( 0.007999999999999981085, 0.09900000000000000466, -0.03300000000000000155 ) ) ;
#2077 = DIRECTION ( 'NONE',  ( -1.000000000000000000, 0.0000000000000000000, 0.0000000000000000000 ) ) ;
#2078 = ORIENTED_EDGE ( 'NONE', *, *, #5131, .T. ) ;
#2079 = ORIENTED_EDGE ( 'NONE', *, *, #863, .F. ) ;
#2080 = VERTEX_POINT ( 'NONE', #3467 ) ;
#2081 = EDGE_CURVE ( 'NONE', #33, #3792, #6267, .T. ) ;
#2082 = DIRECTION ( 'NONE',  ( 1.000000000000000000, 0.0000000000000000000, 0.0000000000000000000 ) ) ;
#2083 = EDGE_CURVE ( 'NONE', #5294, #2525, #4159, .T. ) ;
#2084 = PRESENTATION_LAYER_ASSIGNMENT (  '', '', ( #5056 ) ) ;
#2085 = ORIENTED_EDGE ( 'NONE', *, *, #4154, .F. ) ;
#2086 = LINE ( 'NONE', #6242, #5651 ) ;
#2087 = ORIENTED_EDGE ( 'NONE', *, *, #6009, .F. ) ;
#2088 = EDGE_CURVE ( 'NONE', #4677, #2525, #3766, .T. ) ;
#2089 = VERTEX_POINT ( 'NONE', #5015 ) ;
#2090 =( LENGTH_UNIT ( ) NAMED_UNIT ( * ) SI_UNIT ( $, .METRE. ) );
#2091 = ORIENTED_EDGE ( 'NONE', *, *, #4609, .T. ) ;
#2092 = PRESENTATION_LAYER_ASSIGNMENT (  '', '', ( #13 ) ) ;
#2093 = PLANE ( 'NONE',  #3830 ) ;
#2095 = DIRECTION ( 'NONE',  ( 0.8660254037844397068, 0.4999999999999982792, 0.0000000000000000000 ) ) ;
#2094 = CARTESIAN_POINT ( 'NONE',  ( -0.05800000000000001682, -0.08999999999999999667, 0.03300000000000000155 ) ) ;
#2096 = EDGE_CURVE ( 'NONE', #2180, #4401, #4749, .T. ) ;
#2097 = COLOUR_RGB ( '',0.9686274509803921573, 0.8784313725490195957, 0.5999999999999999778 ) ;
#2098 = VERTEX_POINT ( 'NONE', #5074 ) ;
#2099 = VECTOR ( 'NONE', #691, 39.37007874015748143 ) ;
#2100 = ORIENTED_EDGE ( 'NONE', *, *, #5756, .T. ) ;
#2101 = CLOSED_SHELL ( 'NONE', ( #3989, #4699, #4208, #606, #6004, #5295 ) ) ;
#2102 = ADVANCED_FACE ( 'NONE', ( #2448 ), #6032, .F. ) ;
#2103 = ORIENTED_EDGE ( 'NONE', *, *, #5667, .F. ) ;
#2104 = UNCERTAINTY_MEASURE_WITH_UNIT (LENGTH_MEASURE( 1.000000000000000082E-05 ), #5917, 'distance_accuracy_value', 'NONE');
#2105 = AXIS2_PLACEMENT_3D ( 'NONE', #1484, #4006, #543 ) ;
#2106 = DIRECTION ( 'NONE',  ( 0.0000000000000000000, 0.0000000000000000000, 1.000000000000000000 ) ) ;
#2107 = DIRECTION ( 'NONE',  ( 1.000000000000000000, 0.0000000000000000000, 0.0000000000000000000 ) ) ;
#2108 = DIRECTION ( 'NONE',  ( 1.000000000000000000, 0.0000000000000000000, 0.0000000000000000000 ) ) ;
#2109 = CARTESIAN_POINT ( 'NONE',  ( 0.007999999999999981085, -0.2026274169979695450, -0.03300000000000000155 ) ) ;
#2110 = ORIENTED_EDGE ( 'NONE', *, *, #5, .F. ) ;
#2111 = DIRECTION ( 'NONE',  ( -0.4472135954999566509, -0.7745966692414848476, -0.4472135954999566509 ) ) ;
#2112 = ORIENTED_EDGE ( 'NONE', *, *, #836, .T. ) ;
#2113 = ORIENTED_EDGE ( 'NONE', *, *, #2377, .F. ) ;
#2114 = ADVANCED_FACE ( 'NONE', ( #623 ), #5040, .T. ) ;
#2115 = CARTESIAN_POINT ( 'NONE',  ( 0.01919872981077808821, 0.0000000000000000000, 0.04250000000000001693 ) ) ;
#2116 = DIRECTION ( 'NONE',  ( -0.0000000000000000000, -1.000000000000000000, -0.0000000000000000000 ) ) ;
#2117 = VECTOR ( 'NONE', #1078, 39.37007874015748143 ) ;
#2118 = ORIENTED_EDGE ( 'NONE', *, *, #2368, .F. ) ;
#2119 = FACE_OUTER_BOUND ( 'NONE', #2844, .T. ) ;
#2120 = DIRECTION ( 'NONE',  ( 1.000000000000000000, 0.0000000000000000000, -0.0000000000000000000 ) ) ;
#2121 = PRESENTATION_STYLE_ASSIGNMENT (( #2187 ) ) ;
#2123 = DIRECTION ( 'NONE',  ( 0.0000000000000000000, 0.0000000000000000000, -1.000000000000000000 ) ) ;
#2122 = CARTESIAN_POINT ( 'NONE',  ( -0.03749999999999999861, 0.0000000000000000000, 0.06750000000000001832 ) ) ;
#2124 = LINE ( 'NONE', #1515, #2792 ) ;
#2125 = VECTOR ( 'NONE', #932, 39.37007874015748143 ) ;
#2126 = CARTESIAN_POINT ( 'NONE',  ( 0.04199999999999998873, 0.0000000000000000000, 0.03300000000000000155 ) ) ;
#2127 =( CONVERSION_BASED_UNIT ( 'INCH', #5395 ) LENGTH_UNIT ( ) NAMED_UNIT ( #2852 ) );
#2128 =( CONVERSION_BASED_UNIT ( 'INCH', #6008 ) LENGTH_UNIT ( ) NAMED_UNIT ( #1709 ) );
#2129 = CARTESIAN_POINT ( 'NONE',  ( 0.01250000000000000243, 0.09900000000000000466, -0.06750000000000001832 ) ) ;
#2130 = CARTESIAN_POINT ( 'NONE',  ( -0.04200000000000002343, -0.2026274169979695450, -0.03300000000000000155 ) ) ;
#2131 = STYLED_ITEM ( 'NONE', ( #3339 ), #5634 ) ;
#2132 = AXIS2_PLACEMENT_3D ( 'NONE', #4108, #3023, #1087 ) ;
#2133 = AXIS2_PLACEMENT_3D ( 'NONE', #3463, #4899, #1958 ) ;
#2134 = EDGE_CURVE ( 'NONE', #4871, #437, #3614, .T. ) ;
#2135 = LINE ( 'NONE', #3282, #4517 ) ;
#2136 = DIMENSIONAL_EXPONENTS ( 1.000000000000000000, 0.0000000000000000000, 0.0000000000000000000, 0.0000000000000000000, 0.0000000000000000000, 0.0000000000000000000, 0.0000000000000000000 ) ;
#2137 = DIRECTION ( 'NONE',  ( 0.0000000000000000000, -0.0000000000000000000, 1.000000000000000000 ) ) ;
#2138 = PRESENTATION_LAYER_ASSIGNMENT (  '', '', ( #3529 ) ) ;
#2140 =( NAMED_UNIT ( * ) PLANE_ANGLE_UNIT ( ) SI_UNIT ( $, .RADIAN. ) );
#2139 = CARTESIAN_POINT ( 'NONE',  ( -0.05800000000000001682, 0.2190000000000000002, -0.01700000000000000122 ) ) ;
#2141 = ADVANCED_FACE ( 'NONE', ( #1014 ), #769, .T. ) ;
#2142 = AXIS2_PLACEMENT_3D ( 'NONE', #2962, #3920, #3939 ) ;
#2143 = VERTEX_POINT ( 'NONE', #1268 ) ;
#2144 = LENGTH_MEASURE_WITH_UNIT ( LENGTH_MEASURE( 0.02539999999999999897 ), #5180 );
#2145 = CARTESIAN_POINT ( 'NONE',  ( -0.03749999999999999861, 0.09900000000000000466, -0.06750000000000001832 ) ) ;
#2146 = EDGE_CURVE ( 'NONE', #802, #6272, #4988, .T. ) ;
#2147 = MANIFOLD_SOLID_BREP ( 'LPattern6[4]', #2101 ) ;
#2148 = DIRECTION ( 'NONE',  ( -0.0000000000000000000, 1.000000000000000000, -0.0000000000000000000 ) ) ;
#2149 = CARTESIAN_POINT ( 'NONE',  ( 0.04678119784648300528, 0.2284315353299545825, -0.02178119784648302470 ) ) ;
#2150 =( CONVERSION_BASED_UNIT ( 'INCH', #5931 ) LENGTH_UNIT ( ) NAMED_UNIT ( #6054 ) );
#2151 = VERTEX_POINT ( 'NONE', #3081 ) ;
#2152 = VERTEX_POINT ( 'NONE', #1852 ) ;
#2153 = VECTOR ( 'NONE', #1391, 39.37007874015748143 ) ;
#2154 = CARTESIAN_POINT ( 'NONE',  ( -0.05000000000000000278, 0.2190000000000000002, 0.02277350269189626700 ) ) ;
#2155 = ORIENTED_EDGE ( 'NONE', *, *, #4815, .T. ) ;
#2156 = LINE ( 'NONE', #6147, #2069 ) ;
#2157 = ORIENTED_EDGE ( 'NONE', *, *, #328, .T. ) ;
#2158 = DIMENSIONAL_EXPONENTS ( 1.000000000000000000, 0.0000000000000000000, 0.0000000000000000000, 0.0000000000000000000, 0.0000000000000000000, 0.0000000000000000000, 0.0000000000000000000 ) ;
#2159 = CARTESIAN_POINT ( 'NONE',  ( 0.07499999999999999722, 0.09900000000000000466, 0.04749999999999998668 ) ) ;
#2160 = MECHANICAL_DESIGN_GEOMETRIC_PRESENTATION_REPRESENTATION (  '', ( #1197 ), #5422 ) ;
#2161 = EDGE_LOOP ( 'NONE', ( #3866, #4487, #203, #3412 ) ) ;
#2162 = ORIENTED_EDGE ( 'NONE', *, *, #1764, .T. ) ;
#2163 = CARTESIAN_POINT ( 'NONE',  ( 0.07499999999999999722, 0.07450000000000002454, -0.06749999999999997669 ) ) ;
#2164 = CARTESIAN_POINT ( 'NONE',  ( -0.04200000000000002343, 0.09900000000000000466, 0.01700000000000000122 ) ) ;
#2165 = FACE_OUTER_BOUND ( 'NONE', #3137, .T. ) ;
#2166 = ORIENTED_EDGE ( 'NONE', *, *, #4712, .T. ) ;
#2167 = VERTEX_POINT ( 'NONE', #4239 ) ;
#2168 = ORIENTED_EDGE ( 'NONE', *, *, #946, .F. ) ;
#2169 = EDGE_CURVE ( 'NONE', #2025, #3717, #395, .T. ) ;
#2170 = ORIENTED_EDGE ( 'NONE', *, *, #3232, .T. ) ;
#2171 = CARTESIAN_POINT ( 'NONE',  ( 0.002226497308103713140, 0.2190000000000000002, 0.02722649730810373578 ) ) ;
#2172 = VERTEX_POINT ( 'NONE', #5518 ) ;
#2173 = EDGE_CURVE ( 'NONE', #1939, #4681, #4984, .T. ) ;
#2174 =( GEOMETRIC_REPRESENTATION_CONTEXT ( 3 ) GLOBAL_UNCERTAINTY_ASSIGNED_CONTEXT ( ( #5460 ) ) GLOBAL_UNIT_ASSIGNED_CONTEXT ( ( #5494, #1592, #625 ) ) REPRESENTATION_CONTEXT ( 'NONE', 'WORKASPACE' ) );
#2175 = FACE_OUTER_BOUND ( 'NONE', #4785, .T. ) ;
#2176 = VECTOR ( 'NONE', #3266, 39.37007874015748143 ) ;
#2177 = FACE_OUTER_BOUND ( 'NONE', #2597, .T. ) ;
#2178 = VERTEX_POINT ( 'NONE', #5718 ) ;
#2179 = AXIS2_PLACEMENT_3D ( 'NONE', #3404, #5269, #5784 ) ;
#2180 = VERTEX_POINT ( 'NONE', #3824 ) ;
#2181 = SURFACE_SIDE_STYLE ('',( #657 ) ) ;
#2182 = EDGE_LOOP ( 'NONE', ( #1351, #3020, #6302, #1321 ) ) ;
#2183 =( NAMED_UNIT ( * ) SI_UNIT ( $, .STERADIAN. ) SOLID_ANGLE_UNIT ( ) );
#2184 = EDGE_CURVE ( 'NONE', #3213, #1856, #2065, .T. ) ;
#2185 = LINE ( 'NONE', #6253, #976 ) ;
#2186 = VECTOR ( 'NONE', #3531, 39.37007874015748143 ) ;
#2187 = SURFACE_STYLE_USAGE ( .BOTH. , #2217 ) ;
#2188 = EDGE_LOOP ( 'NONE', ( #5000, #555, #3787, #733 ) ) ;
#2189 =( NAMED_UNIT ( * ) PLANE_ANGLE_UNIT ( ) SI_UNIT ( $, .RADIAN. ) );
#2190 = CARTESIAN_POINT ( 'NONE',  ( 0.04199999999999998873, 0.09900000000000000466, -0.03300000000000000155 ) ) ;
#2191 = COLOUR_RGB ( '',0.9686274509803921573, 0.8784313725490195957, 0.5999999999999999778 ) ;
#2192 = PRESENTATION_STYLE_ASSIGNMENT (( #3210 ) ) ;
#2193 = LINE ( 'NONE', #2709, #3502 ) ;
#2194 = CARTESIAN_POINT ( 'NONE',  ( 0.01919872981077808821, 0.09900000000000000466, -0.04250000000000001693 ) ) ;
#2195 = VECTOR ( 'NONE', #3505, 39.37007874015748143 ) ;
#2196 = LINE ( 'NONE', #5082, #6320 ) ;
#2197 = VECTOR ( 'NONE', #5121, 39.37007874015748143 ) ;
#2198 = ADVANCED_FACE ( 'NONE', ( #4077 ), #1829, .F. ) ;
#2199 = FILL_AREA_STYLE_COLOUR ( '', #285 ) ;
#2200 = CARTESIAN_POINT ( 'NONE',  ( 0.05799999999999998906, 0.09900000000000000466, -0.03300000000000000155 ) ) ;
#2201 = PLANE ( 'NONE',  #1493 ) ;
#2202 = DIRECTION ( 'NONE',  ( 1.000000000000000000, 0.0000000000000000000, 0.0000000000000000000 ) ) ;
#2203 = EDGE_CURVE ( 'NONE', #485, #33, #1611, .T. ) ;
#2204 = VECTOR ( 'NONE', #6263, 39.37007874015748143 ) ;
#2205 = MECHANICAL_DESIGN_GEOMETRIC_PRESENTATION_REPRESENTATION (  '', ( #1033 ), #1163 ) ;
#2206 = EDGE_CURVE ( 'NONE', #6108, #1509, #4459, .T. ) ;
#2207 = AXIS2_PLACEMENT_3D ( 'NONE', #4739, #1807, #6102 ) ;
#2208 = EDGE_CURVE ( 'NONE', #1632, #2785, #5416, .T. ) ;
#2209 = PLANE ( 'NONE',  #939 ) ;
#2210 = FACE_OUTER_BOUND ( 'NONE', #4759, .T. ) ;
#2211 = CARTESIAN_POINT ( 'NONE',  ( 0.01250000000000000243, 0.02449999999999998707, -0.06750000000000001832 ) ) ;
#2212 = VERTEX_POINT ( 'NONE', #319 ) ;
#2213 = MECHANICAL_DESIGN_GEOMETRIC_PRESENTATION_REPRESENTATION (  '', ( #6134 ), #2538 ) ;
#2214 = VECTOR ( 'NONE', #3841, 39.37007874015748143 ) ;
#2215 = CARTESIAN_POINT ( 'NONE',  ( 0.04199999999999998873, 0.2190000000000000002, -0.01700000000000000122 ) ) ;
#2216 = ADVANCED_FACE ( 'NONE', ( #5489 ), #4330, .F. ) ;
#2217 = SURFACE_SIDE_STYLE ('',( #2266 ) ) ;
#2218 = ORIENTED_EDGE ( 'NONE', *, *, #3309, .F. ) ;
#2219 = FILL_AREA_STYLE_COLOUR ( '', #5846 ) ;
#2220 = CARTESIAN_POINT ( 'NONE',  ( 0.04199999999999998873, 0.09900000000000000466, -0.01700000000000000122 ) ) ;
#2221 = DIRECTION ( 'NONE',  ( 1.000000000000000000, 0.0000000000000000000, 0.0000000000000000000 ) ) ;
#2222 = VERTEX_POINT ( 'NONE', #1790 ) ;
#2223 = ADVANCED_FACE ( 'NONE', ( #5271 ), #1816, .F. ) ;
#2224 = CARTESIAN_POINT ( 'NONE',  ( 0.03749999999999997780, 0.07450000000000002454, -0.06749999999999997669 ) ) ;
#2225 = PLANE ( 'NONE',  #2370 ) ;
#2226 = ORIENTED_EDGE ( 'NONE', *, *, #2284, .T. ) ;
#2227 = ORIENTED_EDGE ( 'NONE', *, *, #997, .F. ) ;
#2228 = DIRECTION ( 'NONE',  ( 0.8660254037844397068, 0.4999999999999982792, 0.0000000000000000000 ) ) ;
#2229 = ORIENTED_EDGE ( 'NONE', *, *, #6086, .T. ) ;
#2230 = LENGTH_MEASURE_WITH_UNIT ( LENGTH_MEASURE( 0.02539999999999999897 ), #3278 );
#2231 = EDGE_LOOP ( 'NONE', ( #4610, #3686, #1182, #5452 ) ) ;
#2232 = FILL_AREA_STYLE_COLOUR ( '', #3688 ) ;
#2233 = ORIENTED_EDGE ( 'NONE', *, *, #1129, .T. ) ;
#2234 = ORIENTED_EDGE ( 'NONE', *, *, #1220, .F. ) ;
#2235 = CARTESIAN_POINT ( 'NONE',  ( 0.01000000000000000368, 0.02450000000000000441, -0.01580951894845298786 ) ) ;
#2236 = AXIS2_PLACEMENT_3D ( 'NONE', #400, #3832, #4825 ) ;
#2237 = PLANE ( 'NONE',  #5835 ) ;
#2238 = LINE ( 'NONE', #879, #2392 ) ;
#2239 = AXIS2_PLACEMENT_3D ( 'NONE', #2662, #5039, #5992 ) ;
#2241 = CARTESIAN_POINT ( 'NONE',  ( -0.01919872981077807780, 0.07449999999999999678, -0.04250000000000001693 ) ) ;
#2240 = LINE ( 'NONE', #3153, #2625 ) ;
#2242 = LINE ( 'NONE', #2729, #36 ) ;
#2243 = ORIENTED_EDGE ( 'NONE', *, *, #5090, .F. ) ;
#2244 = CARTESIAN_POINT ( 'NONE',  ( -0.008000000000000015779, 0.2089999999999999358, 0.03300000000000000155 ) ) ;
#2245 = EDGE_CURVE ( 'NONE', #1948, #6046, #3292, .T. ) ;
#2246 = ORIENTED_EDGE ( 'NONE', *, *, #4078, .F. ) ;
#2247 = VERTEX_POINT ( 'NONE', #5251 ) ;
#2248 = VECTOR ( 'NONE', #2786, 39.37007874015748143 ) ;
#2249 = DIRECTION ( 'NONE',  ( -0.0000000000000000000, -0.0000000000000000000, 1.000000000000000000 ) ) ;
#2250 = PRESENTATION_STYLE_ASSIGNMENT (( #3077 ) ) ;
#2251 = ORIENTED_EDGE ( 'NONE', *, *, #4764, .T. ) ;
#2252 = ORIENTED_EDGE ( 'NONE', *, *, #134, .T. ) ;
#2253 = CARTESIAN_POINT ( 'NONE',  ( 0.007999999999999981085, 0.0000000000000000000, 0.03300000000000000155 ) ) ;
#2254 = ORIENTED_EDGE ( 'NONE', *, *, #3359, .T. ) ;
#2255 = UNCERTAINTY_MEASURE_WITH_UNIT (LENGTH_MEASURE( 1.000000000000000082E-05 ), #542, 'distance_accuracy_value', 'NONE');
#2256 =( GEOMETRIC_REPRESENTATION_CONTEXT ( 3 ) GLOBAL_UNCERTAINTY_ASSIGNED_CONTEXT ( ( #5638 ) ) GLOBAL_UNIT_ASSIGNED_CONTEXT ( ( #5950, #5936, #4497 ) ) REPRESENTATION_CONTEXT ( 'NONE', 'WORKASPACE' ) );
#2257 = VECTOR ( 'NONE', #8, 39.37007874015748143 ) ;
#2258 = AXIS2_PLACEMENT_3D ( 'NONE', #2424, #3458, #4496 ) ;
#2259 = EDGE_CURVE ( 'NONE', #2554, #2785, #1907, .T. ) ;
#2260 = ADVANCED_FACE ( 'NONE', ( #708 ), #1376, .F. ) ;
#2261 = EDGE_LOOP ( 'NONE', ( #2925, #4458, #5726, #959, #3571, #3633, #1861, #488, #1167, #6220, #2326, #5138 ) ) ;
#2262 = CARTESIAN_POINT ( 'NONE',  ( 0.009999999999999995004, 0.07450000000000002454, 0.05749999999999998168 ) ) ;
#2263 = VECTOR ( 'NONE', #2037, 39.37007874015748143 ) ;
#2264 = LINE ( 'NONE', #2601, #447 ) ;
#2265 = DIRECTION ( 'NONE',  ( 0.4472135954999568730, 0.7745966692414849586, 0.4472135954999564289 ) ) ;
#2266 = SURFACE_STYLE_FILL_AREA ( #1737 ) ;
#2267 = CARTESIAN_POINT ( 'NONE',  ( -0.1000000000000000056, 0.09900000000000000466, 0.0000000000000000000 ) ) ;
#2268 = DIRECTION ( 'NONE',  ( -0.0000000000000000000, 1.000000000000000000, -0.0000000000000000000 ) ) ;
#2269 = DIRECTION ( 'NONE',  ( -0.0000000000000000000, -0.0000000000000000000, -1.000000000000000000 ) ) ;
#2270 = VECTOR ( 'NONE', #3024, 39.37007874015748143 ) ;
#2271 = ORIENTED_EDGE ( 'NONE', *, *, #5556, .F. ) ;
#2272 = LINE ( 'NONE', #4511, #5853 ) ;
#2273 = VECTOR ( 'NONE', #3176, 39.37007874015748143 ) ;
#2274 =( NAMED_UNIT ( * ) PLANE_ANGLE_UNIT ( ) SI_UNIT ( $, .RADIAN. ) );
#2275 = SURFACE_STYLE_USAGE ( .BOTH. , #1342 ) ;
#2276 = LINE ( 'NONE', #2220, #4966 ) ;
#2277 = FACE_OUTER_BOUND ( 'NONE', #4704, .T. ) ;
#2278 = CARTESIAN_POINT ( 'NONE',  ( -0.05222649730810375451, 0.2190000000000000002, 0.02277350269189626700 ) ) ;
#2279 = DIRECTION ( 'NONE',  ( -0.0000000000000000000, 1.000000000000000000, -0.0000000000000000000 ) ) ;
#2280 = CARTESIAN_POINT ( 'NONE',  ( -0.07500000000000002498, 0.07449999999999999678, 0.05749999999999998168 ) ) ;
#2281 = LINE ( 'NONE', #533, #764 ) ;
#2282 = PLANE ( 'NONE',  #3413 ) ;
#2283 = CARTESIAN_POINT ( 'NONE',  ( 0.007999999999999981085, 0.0000000000000000000, -0.03300000000000000155 ) ) ;
#2284 = EDGE_CURVE ( 'NONE', #2247, #5795, #3455, .T. ) ;
#2285 = VERTEX_POINT ( 'NONE', #4743 ) ;
#2286 = MECHANICAL_DESIGN_GEOMETRIC_PRESENTATION_REPRESENTATION (  '', ( #4480 ), #5754 ) ;
#2287 = ADVANCED_FACE ( 'NONE', ( #4530 ), #4794, .T. ) ;
#2288 = EDGE_CURVE ( 'NONE', #2178, #5336, #5787, .T. ) ;
#2289 = STYLED_ITEM ( 'NONE', ( #6180 ), #2141 ) ;
#2290 = PLANE ( 'NONE',  #3224 ) ;
#2291 = CARTESIAN_POINT ( 'NONE',  ( 0.07499999999999999722, 0.0000000000000000000, 0.06749999999999999056 ) ) ;
#2292 = PRESENTATION_LAYER_ASSIGNMENT (  '', '', ( #1133 ) ) ;
#2293 = DIRECTION ( 'NONE',  ( 1.000000000000000000, 0.0000000000000000000, 0.0000000000000000000 ) ) ;
#2294 = VERTEX_POINT ( 'NONE', #6268 ) ;
#2295 = DIRECTION ( 'NONE',  ( 1.000000000000000000, 0.0000000000000000000, 0.0000000000000000000 ) ) ;
#2296 = ORIENTED_EDGE ( 'NONE', *, *, #1279, .T. ) ;
#2297 = EDGE_CURVE ( 'NONE', #4184, #1264, #1755, .T. ) ;
#2298 = CARTESIAN_POINT ( 'NONE',  ( 0.007999999999999981085, 0.09900000000000000466, 0.01700000000000000122 ) ) ;
#2299 = ORIENTED_EDGE ( 'NONE', *, *, #1753, .F. ) ;
#2300 = DIRECTION ( 'NONE',  ( -0.0000000000000000000, 0.0000000000000000000, -1.000000000000000000 ) ) ;
#2301 = DIRECTION ( 'NONE',  ( -0.0000000000000000000, -0.0000000000000000000, -1.000000000000000000 ) ) ;
#2302 = DIRECTION ( 'NONE',  ( -0.2588190451025213501, 0.0000000000000000000, -0.9659258262890682012 ) ) ;
#2303 = ORIENTED_EDGE ( 'NONE', *, *, #3615, .T. ) ;
#2304 = PLANE ( 'NONE',  #5104 ) ;
#2305 = CARTESIAN_POINT ( 'NONE',  ( -0.008000000000000015779, 0.09900000000000000466, 0.03300000000000000155 ) ) ;
#2306 = EDGE_LOOP ( 'NONE', ( #183, #1213, #4237, #6131 ) ) ;
#2307 = ORIENTED_EDGE ( 'NONE', *, *, #2736, .T. ) ;
#2308 = ORIENTED_EDGE ( 'NONE', *, *, #994, .T. ) ;
#2309 = CARTESIAN_POINT ( 'NONE',  ( 0.07499999999999999722, 0.09900000000000000466, -0.06750000000000003220 ) ) ;
#2310 = DIMENSIONAL_EXPONENTS ( 1.000000000000000000, 0.0000000000000000000, 0.0000000000000000000, 0.0000000000000000000, 0.0000000000000000000, 0.0000000000000000000, 0.0000000000000000000 ) ;
#2311 = DIRECTION ( 'NONE',  ( 0.0000000000000000000, 0.0000000000000000000, -1.000000000000000000 ) ) ;
#2312 = DIRECTION ( 'NONE',  ( -0.0000000000000000000, -0.0000000000000000000, 1.000000000000000000 ) ) ;
#2313 = LINE ( 'NONE', #5695, #3786 ) ;
#2314 = ORIENTED_EDGE ( 'NONE', *, *, #1316, .F. ) ;
#2315 = LENGTH_MEASURE_WITH_UNIT ( LENGTH_MEASURE( 0.02539999999999999897 ), #5113 );
#2316 = ORIENTED_EDGE ( 'NONE', *, *, #579, .F. ) ;
#2317 = ORIENTED_EDGE ( 'NONE', *, *, #1879, .T. ) ;
#2318 = ORIENTED_EDGE ( 'NONE', *, *, #3703, .T. ) ;
#2319 = ADVANCED_FACE ( 'NONE', ( #4607 ), #1460, .F. ) ;
#2320 = CARTESIAN_POINT ( 'NONE',  ( -0.04000000000000000083, 0.02450000000000000441, -0.01580951894845298786 ) ) ;
#2321 = VECTOR ( 'NONE', #5200, 39.37007874015748143 ) ;
#2322 = CARTESIAN_POINT ( 'NONE',  ( 0.04199999999999998873, 0.09900000000000000466, 0.01700000000000000122 ) ) ;
#2323 = LINE ( 'NONE', #5857, #2385 ) ;
#2324 = ORIENTED_EDGE ( 'NONE', *, *, #5713, .T. ) ;
#2325 = EDGE_CURVE ( 'NONE', #5983, #4167, #387, .T. ) ;
#2326 = ORIENTED_EDGE ( 'NONE', *, *, #5, .T. ) ;
#2327 = AXIS2_PLACEMENT_3D ( 'NONE', #6296, #1443, #5288 ) ;
#2328 = VERTEX_POINT ( 'NONE', #4370 ) ;
#2329 = CARTESIAN_POINT ( 'NONE',  ( -0.002226497308103747401, 0.2190000000000000002, -0.02722649730810373578 ) ) ;
#2330 = AXIS2_PLACEMENT_3D ( 'NONE', #1322, #6227, #4742 ) ;
#2331 = SURFACE_STYLE_USAGE ( .BOTH. , #6182 ) ;
#2332 = DIRECTION ( 'NONE',  ( -1.000000000000000000, 0.0000000000000000000, 0.0000000000000000000 ) ) ;
#2333 = VECTOR ( 'NONE', #5788, 39.37007874015747433 ) ;
#2334 = EDGE_CURVE ( 'NONE', #5011, #4944, #2814, .T. ) ;
#2335 = VERTEX_POINT ( 'NONE', #6316 ) ;
#2336 = ORIENTED_EDGE ( 'NONE', *, *, #1356, .T. ) ;
#2337 = UNCERTAINTY_MEASURE_WITH_UNIT (LENGTH_MEASURE( 1.000000000000000082E-05 ), #2150, 'distance_accuracy_value', 'NONE');
#2338 = FILL_AREA_STYLE ('',( #3902 ) ) ;
#2339 = VECTOR ( 'NONE', #5046, 39.37007874015748143 ) ;
#2340 = DIRECTION ( 'NONE',  ( 1.000000000000000000, -0.0000000000000000000, -1.138269997360109674E-16 ) ) ;
#2341 = CARTESIAN_POINT ( 'NONE',  ( -0.05800000000000001682, -0.2026274169979695450, -0.03300000000000000155 ) ) ;
#2342 = AXIS2_PLACEMENT_3D ( 'NONE', #397, #4312, #1379 ) ;
#2343 = VECTOR ( 'NONE', #5466, 39.37007874015748143 ) ;
#2344 = FILL_AREA_STYLE_COLOUR ( '', #2097 ) ;
#2345 = VECTOR ( 'NONE', #4531, 39.37007874015748143 ) ;
#2346 = PLANE ( 'NONE',  #2410 ) ;
#2347 = LINE ( 'NONE', #1697, #4809 ) ;
#2348 = DIRECTION ( 'NONE',  ( 1.000000000000000000, 0.0000000000000000000, -0.0000000000000000000 ) ) ;
#2349 = DIMENSIONAL_EXPONENTS ( 1.000000000000000000, 0.0000000000000000000, 0.0000000000000000000, 0.0000000000000000000, 0.0000000000000000000, 0.0000000000000000000, 0.0000000000000000000 ) ;
#2350 = DIRECTION ( 'NONE',  ( 1.000000000000000000, -0.0000000000000000000, -0.0000000000000000000 ) ) ;
#2351 = VECTOR ( 'NONE', #4152, 39.37007874015748854 ) ;
#2352 = DIRECTION ( 'NONE',  ( -0.0000000000000000000, 1.000000000000000000, -0.0000000000000000000 ) ) ;
#2353 = CARTESIAN_POINT ( 'NONE',  ( -0.008000000000000015779, 0.09900000000000000466, 0.03300000000000000155 ) ) ;
#2354 = CARTESIAN_POINT ( 'NONE',  ( -0.06500000000000002998, 0.07449999999999999678, 0.04749999999999998668 ) ) ;
#2355 = FACE_OUTER_BOUND ( 'NONE', #1029, .T. ) ;
#2356 = ADVANCED_FACE ( 'NONE', ( #1540 ), #4882, .F. ) ;
#2357 = FACE_OUTER_BOUND ( 'NONE', #1136, .T. ) ;
#2358 = PLANE ( 'NONE',  #4488 ) ;
#2359 = DIRECTION ( 'NONE',  ( 0.0000000000000000000, 0.0000000000000000000, -1.000000000000000000 ) ) ;
#2360 = CARTESIAN_POINT ( 'NONE',  ( -0.01000000000000000368, 0.02450000000000000441, -0.04250000000000001693 ) ) ;
#2361 = STYLED_ITEM ( 'NONE', ( #1287 ), #5265 ) ;
#2362 = EDGE_CURVE ( 'NONE', #4027, #6105, #698, .T. ) ;
#2363 = EDGE_LOOP ( 'NONE', ( #3704, #2308, #5661, #2997, #3943, #766, #3547, #896, #5447, #876, #2694, #3233 ) ) ;
#2364 = UNCERTAINTY_MEASURE_WITH_UNIT (LENGTH_MEASURE( 1.000000000000000082E-05 ), #867, 'distance_accuracy_value', 'NONE');
#2365 = CARTESIAN_POINT ( 'NONE',  ( -0.05800000000000001682, 0.09900000000000000466, 0.01700000000000000122 ) ) ;
#2366 = CARTESIAN_POINT ( 'NONE',  ( -0.04200000000000002343, 0.0000000000000000000, 0.01700000000000000122 ) ) ;
#2367 = PLANE ( 'NONE',  #4410 ) ;
#2368 = EDGE_CURVE ( 'NONE', #1402, #4104, #3681, .T. ) ;
#2369 = ORIENTED_EDGE ( 'NONE', *, *, #3359, .F. ) ;
#2370 = AXIS2_PLACEMENT_3D ( 'NONE', #3238, #831, #279 ) ;
#2371 = SURFACE_STYLE_FILL_AREA ( #4574 ) ;
#2372 = CARTESIAN_POINT ( 'NONE',  ( 0.05678119784648295171, 0.2111110272542658373, 0.01821880215351704205 ) ) ;
#2373 =( NAMED_UNIT ( * ) PLANE_ANGLE_UNIT ( ) SI_UNIT ( $, .RADIAN. ) );
#2374 = MECHANICAL_DESIGN_GEOMETRIC_PRESENTATION_REPRESENTATION (  '', ( #2958 ), #1693 ) ;
#2375 = DIRECTION ( 'NONE',  ( 0.0000000000000000000, 1.000000000000000000, 0.0000000000000000000 ) ) ;
#2376 = DIRECTION ( 'NONE',  ( -0.2588190451025213501, 0.0000000000000000000, -0.9659258262890682012 ) ) ;
#2377 = EDGE_CURVE ( 'NONE', #5193, #1389, #238, .T. ) ;
#2378 = CLOSED_SHELL ( 'NONE', ( #1467, #5349, #5930, #5893, #4085, #6321 ) ) ;
#2379 = DIRECTION ( 'NONE',  ( -0.0000000000000000000, 1.000000000000000000, -0.0000000000000000000 ) ) ;
#2380 = ADVANCED_FACE ( 'NONE', ( #4980 ), #3281, .F. ) ;
#2381 = EDGE_LOOP ( 'NONE', ( #1041, #3385, #5580, #1547, #3329, #237, #1095, #1143, #787, #6132, #5136, #2251 ) ) ;
#2382 = ORIENTED_EDGE ( 'NONE', *, *, #5699, .F. ) ;
#2383 = DIRECTION ( 'NONE',  ( 0.0000000000000000000, 0.0000000000000000000, 1.000000000000000000 ) ) ;
#2384 = CARTESIAN_POINT ( 'NONE',  ( -0.03749999999999999861, 0.0000000000000000000, 0.06750000000000001832 ) ) ;
#2385 = VECTOR ( 'NONE', #2944, 39.37007874015748143 ) ;
#2386 = ORIENTED_EDGE ( 'NONE', *, *, #5561, .F. ) ;
#2387 =( LENGTH_UNIT ( ) NAMED_UNIT ( * ) SI_UNIT ( $, .METRE. ) );
#2388 = ORIENTED_EDGE ( 'NONE', *, *, #5663, .T. ) ;
#2389 = CARTESIAN_POINT ( 'NONE',  ( -0.008000000000000015779, 0.2190000000000000002, 0.03300000000000000155 ) ) ;
#2390 = EDGE_LOOP ( 'NONE', ( #4190, #2854, #3005, #4936 ) ) ;
#2391 = VERTEX_POINT ( 'NONE', #277 ) ;
#2392 = VECTOR ( 'NONE', #4368, 39.37007874015748143 ) ;
#2393 = DIRECTION ( 'NONE',  ( -0.0000000000000000000, 1.000000000000000000, -0.0000000000000000000 ) ) ;
#2394 = ORIENTED_EDGE ( 'NONE', *, *, #1972, .F. ) ;
#2395 = ORIENTED_EDGE ( 'NONE', *, *, #4276, .F. ) ;
#2396 = SURFACE_SIDE_STYLE ('',( #4781 ) ) ;
#2397 = VERTEX_POINT ( 'NONE', #1761 ) ;
#2398 = LINE ( 'NONE', #5458, #4251 ) ;
#2399 = VECTOR ( 'NONE', #5860, 39.37007874015747433 ) ;
#2400 = ORIENTED_EDGE ( 'NONE', *, *, #5127, .F. ) ;
#2401 = DIRECTION ( 'NONE',  ( -0.0000000000000000000, -0.0000000000000000000, -1.000000000000000000 ) ) ;
#2402 = VERTEX_POINT ( 'NONE', #297 ) ;
#2403 = ORIENTED_EDGE ( 'NONE', *, *, #5311, .F. ) ;
#2404 = PRODUCT_CONTEXT ( 'NONE', #1459, 'mechanical' ) ;
#2405 = DIRECTION ( 'NONE',  ( 1.000000000000000000, 0.0000000000000000000, -0.0000000000000000000 ) ) ;
#2406 = LINE ( 'NONE', #1986, #3658 ) ;
#2407 = LINE ( 'NONE', #2858, #665 ) ;
#2408 = EDGE_CURVE ( 'NONE', #1636, #4086, #1231, .T. ) ;
#2409 = CARTESIAN_POINT ( 'NONE',  ( 0.01250000000000000243, 0.0000000000000000000, 0.06750000000000001832 ) ) ;
#2410 = AXIS2_PLACEMENT_3D ( 'NONE', #4329, #5227, #3671 ) ;
#2411 = DIRECTION ( 'NONE',  ( 0.0000000000000000000, 0.0000000000000000000, 1.000000000000000000 ) ) ;
#2412 = EDGE_LOOP ( 'NONE', ( #2386, #1569, #3976, #2941 ) ) ;
#2413 = EDGE_CURVE ( 'NONE', #4845, #2812, #2517, .T. ) ;
#2414 = PRESENTATION_LAYER_ASSIGNMENT (  '', '', ( #6118 ) ) ;
#2415 = CARTESIAN_POINT ( 'NONE',  ( 0.009999999999999962044, 0.07449999999999999678, 0.05749999999999998168 ) ) ;
#2416 = CARTESIAN_POINT ( 'NONE',  ( 0.01250000000000000243, 0.0000000000000000000, 0.06750000000000001832 ) ) ;
#2417 = EDGE_CURVE ( 'NONE', #482, #646, #3364, .T. ) ;
#2418 = LINE ( 'NONE', #4247, #1145 ) ;
#2419 = SURFACE_STYLE_FILL_AREA ( #1974 ) ;
#2420 = MECHANICAL_DESIGN_GEOMETRIC_PRESENTATION_REPRESENTATION (  '', ( #13 ), #3833 ) ;
#2421 = ADVANCED_FACE ( 'NONE', ( #4452 ), #1822, .F. ) ;
#2422 = EDGE_CURVE ( 'NONE', #4240, #3227, #2743, .T. ) ;
#2423 = PLANE ( 'NONE',  #2987 ) ;
#2424 = CARTESIAN_POINT ( 'NONE',  ( -0.008000000000000015779, 0.2190000000000000002, -0.01700000000000000122 ) ) ;
#2425 = FACE_OUTER_BOUND ( 'NONE', #4535, .T. ) ;
#2426 = CARTESIAN_POINT ( 'NONE',  ( -0.05800000000000001682, -0.08999999999999999667, 0.01700000000000000122 ) ) ;
#2427 = AXIS2_PLACEMENT_3D ( 'NONE', #5399, #2457, #1512 ) ;
#2428 = LINE ( 'NONE', #3691, #3267 ) ;
#2429 = CARTESIAN_POINT ( 'NONE',  ( 0.04000000000000000083, 0.07449999999999999678, 0.01580951894845298786 ) ) ;
#2430 = LINE ( 'NONE', #6098, #6244 ) ;
#2431 = DIRECTION ( 'NONE',  ( 0.0000000000000000000, 0.0000000000000000000, 1.000000000000000000 ) ) ;
#2432 = VECTOR ( 'NONE', #2822, 39.37007874015748143 ) ;
#2433 = CARTESIAN_POINT ( 'NONE',  ( -0.05800000000000001682, -0.2026274169979695450, -0.03300000000000000155 ) ) ;
#2434 = DIRECTION ( 'NONE',  ( -0.2588190451025214611, 0.0000000000000000000, 0.9659258262890679791 ) ) ;
#2435 = CARTESIAN_POINT ( 'NONE',  ( -0.05800000000000001682, 0.0000000000000000000, 0.03300000000000000155 ) ) ;
#2436 = DIRECTION ( 'NONE',  ( -0.0000000000000000000, 0.0000000000000000000, 1.000000000000000000 ) ) ;
#2437 = LINE ( 'NONE', #1978, #3601 ) ;
#2438 = PLANE ( 'NONE',  #1600 ) ;
#2439 = DIRECTION ( 'NONE',  ( 1.000000000000000000, -0.0000000000000000000, -1.138269997360109674E-16 ) ) ;
#2440 = DIRECTION ( 'NONE',  ( -1.000000000000000000, 0.0000000000000000000, 0.0000000000000000000 ) ) ;
#2441 = ORIENTED_EDGE ( 'NONE', *, *, #4285, .F. ) ;
#2442 = CARTESIAN_POINT ( 'NONE',  ( -0.04200000000000002343, 0.2089999999999999358, -0.01700000000000000122 ) ) ;
#2443 = CARTESIAN_POINT ( 'NONE',  ( 0.03749999999999997780, 0.07449999999999999678, 0.06749999999999997669 ) ) ;
#2444 = VERTEX_POINT ( 'NONE', #3237 ) ;
#2445 = ADVANCED_FACE ( 'NONE', ( #3605 ), #1779, .F. ) ;
#2446 = AXIS2_PLACEMENT_3D ( 'NONE', #6144, #5207, #1833 ) ;
#2447 = ORIENTED_EDGE ( 'NONE', *, *, #412, .T. ) ;
#2448 = FACE_OUTER_BOUND ( 'NONE', #111, .T. ) ;
#2449 = APPLICATION_CONTEXT ( 'automotive_design' ) ;
#2450 = PRESENTATION_LAYER_ASSIGNMENT (  '', '', ( #4437 ) ) ;
#2451 = PRESENTATION_LAYER_ASSIGNMENT (  '', '', ( #3573 ) ) ;
#2452 = EDGE_CURVE ( 'NONE', #437, #3705, #5870, .T. ) ;
#2453 = DIRECTION ( 'NONE',  ( -1.000000000000000000, -1.707404996040164512E-16, 0.0000000000000000000 ) ) ;
#2454 = PLANE ( 'NONE',  #1237 ) ;
#2455 = ORIENTED_EDGE ( 'NONE', *, *, #3909, .T. ) ;
#2456 = VECTOR ( 'NONE', #3986, 39.37007874015748143 ) ;
#2457 = DIRECTION ( 'NONE',  ( 0.0000000000000000000, 1.000000000000000000, 0.0000000000000000000 ) ) ;
#2458 = MECHANICAL_DESIGN_GEOMETRIC_PRESENTATION_REPRESENTATION (  '', ( #5848 ), #2256 ) ;
#2459 = ORIENTED_EDGE ( 'NONE', *, *, #462, .F. ) ;
#2460 = ORIENTED_EDGE ( 'NONE', *, *, #3995, .T. ) ;
#2461 = LINE ( 'NONE', #5660, #1477 ) ;
#2462 = FILL_AREA_STYLE ('',( #3472 ) ) ;
#2463 = CARTESIAN_POINT ( 'NONE',  ( -0.07500000000000002498, 0.02450000000000000441, 0.05749999999999998168 ) ) ;
#2464 = AXIS2_PLACEMENT_3D ( 'NONE', #1383, #5777, #4377 ) ;
#2465 = PLANE ( 'NONE',  #5757 ) ;
#2466 = EDGE_CURVE ( 'NONE', #4552, #3213, #4294, .T. ) ;
#2467 = ORIENTED_EDGE ( 'NONE', *, *, #4803, .T. ) ;
#2468 = ORIENTED_EDGE ( 'NONE', *, *, #2959, .T. ) ;
#2469 = VERTEX_POINT ( 'NONE', #2778 ) ;
#2470 = CARTESIAN_POINT ( 'NONE',  ( 0.04000000000000000083, 0.07449999999999999678, -0.05749999999999998168 ) ) ;
#2471 = CARTESIAN_POINT ( 'NONE',  ( -0.03749999999999999861, 0.0000000000000000000, -0.06750000000000001832 ) ) ;
#2472 = CIRCLE ( 'NONE', #2896, 0.01000000000000000021 ) ;
#2473 = VECTOR ( 'NONE', #2553, 39.37007874015748143 ) ;
#2474 = VERTEX_POINT ( 'NONE', #5218 ) ;
#2475 = ORIENTED_EDGE ( 'NONE', *, *, #6010, .T. ) ;
#2476 = ORIENTED_EDGE ( 'NONE', *, *, #1845, .T. ) ;
#2477 = CARTESIAN_POINT ( 'NONE',  ( -0.008000000000000015779, -0.2026274169979695450, -0.01700000000000000122 ) ) ;
#2479 = CARTESIAN_POINT ( 'NONE',  ( 0.07499999999999999722, 0.09900000000000000466, -0.06750000000000003220 ) ) ;
#2478 = CARTESIAN_POINT ( 'NONE',  ( 0.03750000000000001249, 0.09900000000000000466, -0.06750000000000001832 ) ) ;
#2480 = COLOUR_RGB ( '',0.9686274509803921573, 0.8784313725490195957, 0.5999999999999999778 ) ;
#2481 = CARTESIAN_POINT ( 'NONE',  ( -0.03080127018922191803, 0.0000000000000000000, -0.04250000000000001693 ) ) ;
#2482 = COLOUR_RGB ( '',0.9686274509803921573, 0.8784313725490195957, 0.5999999999999999778 ) ;
#2483 = CLOSED_SHELL ( 'NONE', ( #955, #1339, #3288, #6066, #1504, #1997 ) ) ;
#2484 = VERTEX_POINT ( 'NONE', #3204 ) ;
#2485 = ADVANCED_FACE ( 'NONE', ( #3522 ), #361, .F. ) ;
#2486 = ORIENTED_EDGE ( 'NONE', *, *, #673, .F. ) ;
#2487 = PLANE ( 'NONE',  #6081 ) ;
#2488 = LINE ( 'NONE', #1529, #5159 ) ;
#2489 = VECTOR ( 'NONE', #2952, 39.37007874015748143 ) ;
#2490 = DIRECTION ( 'NONE',  ( -0.0000000000000000000, 1.000000000000000000, -0.0000000000000000000 ) ) ;
#2491 = LINE ( 'NONE', #1016, #4709 ) ;
#2492 = CARTESIAN_POINT ( 'NONE',  ( 0.05799999999999998906, 0.2089999999999999358, -0.01700000000000000122 ) ) ;
#2493 = EDGE_LOOP ( 'NONE', ( #5220, #2773, #809, #5827 ) ) ;
#2494 = LINE ( 'NONE', #5498, #2966 ) ;
#2495 = LINE ( 'NONE', #4191, #5759 ) ;
#2496 = DIRECTION ( 'NONE',  ( 0.0000000000000000000, 0.0000000000000000000, -1.000000000000000000 ) ) ;
#2497 = PLANE ( 'NONE',  #740 ) ;
#2498 = FACE_OUTER_BOUND ( 'NONE', #5228, .T. ) ;
#2499 = EDGE_CURVE ( 'NONE', #5868, #6281, #922, .T. ) ;
#2500 = DIRECTION ( 'NONE',  ( 0.0000000000000000000, 0.0000000000000000000, -1.000000000000000000 ) ) ;
#2501 = VECTOR ( 'NONE', #2817, 39.37007874015748143 ) ;
#2502 = DIRECTION ( 'NONE',  ( 0.0000000000000000000, -0.0000000000000000000, -1.000000000000000000 ) ) ;
#2503 = PRESENTATION_STYLE_ASSIGNMENT (( #233 ) ) ;
#2504 = EDGE_CURVE ( 'NONE', #482, #485, #2981, .T. ) ;
#2505 = DIRECTION ( 'NONE',  ( 1.000000000000000000, 0.0000000000000000000, 0.0000000000000000000 ) ) ;
#2506 = DIRECTION ( 'NONE',  ( 1.000000000000000000, 0.0000000000000000000, 0.0000000000000000000 ) ) ;
#2507 = VECTOR ( 'NONE', #3116, 39.37007874015748143 ) ;
#2508 = CYLINDRICAL_SURFACE ( 'NONE', #1609, 0.009999999999999995004 ) ;
#2509 = EDGE_CURVE ( 'NONE', #886, #4421, #5563, .T. ) ;
#2510 = CARTESIAN_POINT ( 'NONE',  ( -0.05800000000000001682, 0.0000000000000000000, 0.03300000000000000155 ) ) ;
#2511 = PRESENTATION_STYLE_ASSIGNMENT (( #1599 ) ) ;
#2512 =( LENGTH_UNIT ( ) NAMED_UNIT ( * ) SI_UNIT ( $, .METRE. ) );
#2513 = PLANE ( 'NONE',  #3699 ) ;
#2514 = CARTESIAN_POINT ( 'NONE',  ( -0.04200000000000002343, 0.09900000000000000466, -0.03300000000000000155 ) ) ;
#2515 = ADVANCED_FACE ( 'NONE', ( #2210 ), #1502, .F. ) ;
#2516 = DIRECTION ( 'NONE',  ( -1.000000000000000000, -0.0000000000000000000, -0.0000000000000000000 ) ) ;
#2517 = LINE ( 'NONE', #810, #5263 ) ;
#2519 = DIRECTION ( 'NONE',  ( -1.138269997360109674E-16, 0.0000000000000000000, -1.000000000000000000 ) ) ;
#2518 = DIRECTION ( 'NONE',  ( 0.0000000000000000000, -0.0000000000000000000, 1.000000000000000000 ) ) ;
#2520 = ORIENTED_EDGE ( 'NONE', *, *, #138, .F. ) ;
#2521 = CARTESIAN_POINT ( 'NONE',  ( -0.01000000000000000368, 0.07449999999999999678, -0.04250000000000001693 ) ) ;
#2522 = DIRECTION ( 'NONE',  ( -0.4472135954999568730, -0.7745966692414849586, 0.4472135954999564289 ) ) ;
#2523 = DIRECTION ( 'NONE',  ( 0.0000000000000000000, 0.4999999999999982792, 0.8660254037844397068 ) ) ;
#2524 = CARTESIAN_POINT ( 'NONE',  ( -0.07500000000000002498, 0.02450000000000000441, 0.06749999999999997669 ) ) ;
#2525 = VERTEX_POINT ( 'NONE', #3393 ) ;
#2526 = EDGE_CURVE ( 'NONE', #778, #2397, #4664, .T. ) ;
#2527 = CARTESIAN_POINT ( 'NONE',  ( 0.03080127018922192497, 0.07449999999999999678, -0.04250000000000001693 ) ) ;
#2528 =( CONVERSION_BASED_UNIT ( 'INCH', #1704 ) LENGTH_UNIT ( ) NAMED_UNIT ( #2310 ) );
#2529 = CLOSED_SHELL ( 'NONE', ( #2927, #4359, #3356, #1062, #1246, #65, #282, #6116, #3199, #3517 ) ) ;
#2530 = MECHANICAL_DESIGN_GEOMETRIC_PRESENTATION_REPRESENTATION (  '', ( #4640 ), #3200 ) ;
#2531 = EDGE_CURVE ( 'NONE', #5671, #1048, #5940, .T. ) ;
#2532 = DIRECTION ( 'NONE',  ( -0.0000000000000000000, -1.000000000000000000, -0.0000000000000000000 ) ) ;
#2533 = CARTESIAN_POINT ( 'NONE',  ( -0.04200000000000002343, 0.09900000000000000466, 0.03300000000000000155 ) ) ;
#2534 = DIRECTION ( 'NONE',  ( 1.000000000000000000, 0.0000000000000000000, 0.0000000000000000000 ) ) ;
#2535 = ORIENTED_EDGE ( 'NONE', *, *, #1684, .F. ) ;
#2536 = ORIENTED_EDGE ( 'NONE', *, *, #2734, .T. ) ;
#2537 = ADVANCED_FACE ( 'NONE', ( #4824 ), #493, .F. ) ;
#2538 =( GEOMETRIC_REPRESENTATION_CONTEXT ( 3 ) GLOBAL_UNCERTAINTY_ASSIGNED_CONTEXT ( ( #3922 ) ) GLOBAL_UNIT_ASSIGNED_CONTEXT ( ( #3854, #3335, #4287 ) ) REPRESENTATION_CONTEXT ( 'NONE', 'WORKASPACE' ) );
#2539 = LINE ( 'NONE', #5938, #1253 ) ;
#2540 = VERTEX_POINT ( 'NONE', #1957 ) ;
#2541 = CARTESIAN_POINT ( 'NONE',  ( -0.008000000000000015779, 0.2190000000000000002, -0.03300000000000000155 ) ) ;
#2542 = ORIENTED_EDGE ( 'NONE', *, *, #5477, .T. ) ;
#2543 = EDGE_LOOP ( 'NONE', ( #6123, #3316, #4777, #255 ) ) ;
#2544 = CARTESIAN_POINT ( 'NONE',  ( -0.03080127018922191803, 0.0000000000000000000, 0.04250000000000001693 ) ) ;
#2545 = ORIENTED_EDGE ( 'NONE', *, *, #5242, .F. ) ;
#2546 = PLANE ( 'NONE',  #5101 ) ;
#2547 = LENGTH_MEASURE_WITH_UNIT ( LENGTH_MEASURE( 0.02539999999999999897 ), #4817 );
#2548 = VECTOR ( 'NONE', #3743, 39.37007874015747433 ) ;
#2549 = LINE ( 'NONE', #6243, #958 ) ;
#2550 = EDGE_LOOP ( 'NONE', ( #191, #2593, #1241, #5459 ) ) ;
#2551 = CARTESIAN_POINT ( 'NONE',  ( 0.04199999999999998873, 0.09900000000000000466, -0.03300000000000000155 ) ) ;
#2552 = ORIENTED_EDGE ( 'NONE', *, *, #3667, .T. ) ;
#2553 = DIRECTION ( 'NONE',  ( 0.0000000000000000000, 0.0000000000000000000, -1.000000000000000000 ) ) ;
#2554 = VERTEX_POINT ( 'NONE', #2942 ) ;
#2555 = VECTOR ( 'NONE', #6188, 39.37007874015748143 ) ;
#2556 = LINE ( 'NONE', #1390, #127 ) ;
#2557 = CARTESIAN_POINT ( 'NONE',  ( -0.05000000000000000278, 0.2190000000000000002, 0.02722649730810373578 ) ) ;
#2558 = LINE ( 'NONE', #1605, #5830 ) ;
#2559 = ORIENTED_EDGE ( 'NONE', *, *, #2654, .F. ) ;
#2560 = DIRECTION ( 'NONE',  ( 1.000000000000000000, -0.0000000000000000000, 0.0000000000000000000 ) ) ;
#2561 = ORIENTED_EDGE ( 'NONE', *, *, #4038, .F. ) ;
#2563 =( LENGTH_UNIT ( ) NAMED_UNIT ( * ) SI_UNIT ( $, .METRE. ) );
#2562 =( LENGTH_UNIT ( ) NAMED_UNIT ( * ) SI_UNIT ( $, .METRE. ) );
#2564 = LINE ( 'NONE', #1394, #4576 ) ;
#2565 = VECTOR ( 'NONE', #2301, 39.37007874015748143 ) ;
#2566 = UNCERTAINTY_MEASURE_WITH_UNIT (LENGTH_MEASURE( 1.000000000000000082E-05 ), #608, 'distance_accuracy_value', 'NONE');
#2567 = ORIENTED_EDGE ( 'NONE', *, *, #2784, .T. ) ;
#2568 = CARTESIAN_POINT ( 'NONE',  ( 0.05799999999999998906, 0.09900000000000000466, 0.03300000000000000155 ) ) ;
#2569 = SURFACE_SIDE_STYLE ('',( #2041 ) ) ;
#2571 = PRESENTATION_STYLE_ASSIGNMENT (( #986 ) ) ;
#2570 = DIRECTION ( 'NONE',  ( -0.0000000000000000000, -1.000000000000000000, -0.0000000000000000000 ) ) ;
#2572 = LINE ( 'NONE', #5465, #3984 ) ;
#2573 = FACE_BOUND ( 'NONE', #393, .T. ) ;
#2574 = AXIS2_PLACEMENT_3D ( 'NONE', #3000, #511, #3937 ) ;
#2575 = AXIS2_PLACEMENT_3D ( 'NONE', #6094, #4830, #3355 ) ;
#2576 = EDGE_CURVE ( 'NONE', #3645, #4182, #304, .T. ) ;
#2577 = DIRECTION ( 'NONE',  ( -0.0000000000000000000, -0.0000000000000000000, -1.000000000000000000 ) ) ;
#2578 = VECTOR ( 'NONE', #3030, 39.37007874015748143 ) ;
#2579 =( CONVERSION_BASED_UNIT ( 'INCH', #4942 ) LENGTH_UNIT ( ) NAMED_UNIT ( #221 ) );
#2580 = CARTESIAN_POINT ( 'NONE',  ( 0.01919872981077808127, 0.0000000000000000000, -0.04250000000000002387 ) ) ;
#2581 = AXIS2_PLACEMENT_3D ( 'NONE', #5451, #5032, #5052 ) ;
#2583 = DIRECTION ( 'NONE',  ( 0.0000000000000000000, 0.0000000000000000000, -1.000000000000000000 ) ) ;
#2582 = DIRECTION ( 'NONE',  ( -1.000000000000000000, 0.0000000000000000000, 0.0000000000000000000 ) ) ;
#2584 = ADVANCED_FACE ( 'NONE', ( #4445 ), #2891, .T. ) ;
#2585 = AXIS2_PLACEMENT_3D ( 'NONE', #4958, #5911, #4407 ) ;
#2586 = EDGE_CURVE ( 'NONE', #2554, #2025, #3134, .T. ) ;
#2587 = DIRECTION ( 'NONE',  ( -0.0000000000000000000, 1.000000000000000000, -0.0000000000000000000 ) ) ;
#2588 = DIRECTION ( 'NONE',  ( 1.000000000000000000, -0.0000000000000000000, -0.0000000000000000000 ) ) ;
#2589 = PLANE ( 'NONE',  #2017 ) ;
#2590 = LINE ( 'NONE', #2780, #1901 ) ;
#2591 = CARTESIAN_POINT ( 'NONE',  ( -0.05800000000000001682, 0.09900000000000000466, -0.03300000000000000155 ) ) ;
#2592 = EDGE_LOOP ( 'NONE', ( #4175, #2920, #1245, #5471 ) ) ;
#2593 = ORIENTED_EDGE ( 'NONE', *, *, #1360, .T. ) ;
#2594 = EDGE_LOOP ( 'NONE', ( #1940, #1721, #5109, #2675 ) ) ;
#2595 = SURFACE_STYLE_USAGE ( .BOTH. , #1624 ) ;
#2596 = DIRECTION ( 'NONE',  ( -0.0000000000000000000, 1.000000000000000000, -0.0000000000000000000 ) ) ;
#2597 = EDGE_LOOP ( 'NONE', ( #278, #4606, #427, #4538 ) ) ;
#2598 = STYLED_ITEM ( 'NONE', ( #3312 ), #4731 ) ;
#2599 = UNCERTAINTY_MEASURE_WITH_UNIT (LENGTH_MEASURE( 1.000000000000000082E-05 ), #5686, 'distance_accuracy_value', 'NONE');
#2600 = LINE ( 'NONE', #2479, #4539 ) ;
#2601 = CARTESIAN_POINT ( 'NONE',  ( 0.04199999999999998873, -0.2026274169979695450, -0.01700000000000000122 ) ) ;
#2602 = DIRECTION ( 'NONE',  ( 0.0000000000000000000, 1.000000000000000000, 0.0000000000000000000 ) ) ;
#2603 = DIRECTION ( 'NONE',  ( -1.000000000000000000, 0.0000000000000000000, 1.138269997360109674E-16 ) ) ;
#2604 = CARTESIAN_POINT ( 'NONE',  ( -0.008000000000000015779, 0.2190000000000000002, 0.03300000000000000155 ) ) ;
#2605 = VERTEX_POINT ( 'NONE', #474 ) ;
#2606 = VERTEX_POINT ( 'NONE', #2443 ) ;
#2607 = LINE ( 'NONE', #3913, #2999 ) ;
#2608 = VERTEX_POINT ( 'NONE', #1995 ) ;
#2609 = EDGE_CURVE ( 'NONE', #4401, #1093, #2281, .T. ) ;
#2610 = EDGE_CURVE ( 'NONE', #5029, #5019, #5558, .T. ) ;
#2611 = CARTESIAN_POINT ( 'NONE',  ( -0.01000000000000000368, 0.02450000000000000441, -0.01580951894845298786 ) ) ;
#2612 = AXIS2_PLACEMENT_3D ( 'NONE', #5099, #5491, #3104 ) ;
#2613 = EDGE_CURVE ( 'NONE', #334, #6291, #2437, .T. ) ;
#2614 = PRESENTATION_STYLE_ASSIGNMENT (( #5728 ) ) ;
#2615 = ORIENTED_EDGE ( 'NONE', *, *, #5958, .F. ) ;
#2616 = VERTEX_POINT ( 'NONE', #47 ) ;
#2617 = ORIENTED_EDGE ( 'NONE', *, *, #2208, .T. ) ;
#2618 = ORIENTED_EDGE ( 'NONE', *, *, #4561, .F. ) ;
#2619 = AXIS2_PLACEMENT_3D ( 'NONE', #6177, #3268, #1817 ) ;
#2621 = CARTESIAN_POINT ( 'NONE',  ( 0.05799999999999998906, 0.09900000000000000466, 0.03300000000000000155 ) ) ;
#2620 = DIRECTION ( 'NONE',  ( 0.0000000000000000000, 0.0000000000000000000, 1.000000000000000000 ) ) ;
#2622 = EDGE_CURVE ( 'NONE', #2025, #5376, #1301, .T. ) ;
#2623 = FACE_OUTER_BOUND ( 'NONE', #5415, .T. ) ;
#2624 = ORIENTED_EDGE ( 'NONE', *, *, #3530, .T. ) ;
#2625 = VECTOR ( 'NONE', #3136, 39.37007874015748143 ) ;
#2626 = LINE ( 'NONE', #3051, #193 ) ;
#2627 = EDGE_LOOP ( 'NONE', ( #811, #5157, #1326, #2400 ) ) ;
#2628 = VERTEX_POINT ( 'NONE', #5804 ) ;
#2629 = CLOSED_SHELL ( 'NONE', ( #3664, #2673, #407, #5864, #6259, #5178 ) ) ;
#2630 = PLANE ( 'NONE',  #5348 ) ;
#2631 = PLANE ( 'NONE',  #583 ) ;
#2632 = SURFACE_STYLE_FILL_AREA ( #4543 ) ;
#2633 = DIRECTION ( 'NONE',  ( 0.2588190451025213501, 0.0000000000000000000, -0.9659258262890682012 ) ) ;
#2634 = FILL_AREA_STYLE_COLOUR ( '', #1368 ) ;
#2635 = EDGE_LOOP ( 'NONE', ( #1194, #350, #5571, #5655 ) ) ;
#2636 = EDGE_LOOP ( 'NONE', ( #5026, #2672, #410, #3626 ) ) ;
#2637 = ORIENTED_EDGE ( 'NONE', *, *, #2083, .T. ) ;
#2638 = LINE ( 'NONE', #3755, #2948 ) ;
#2639 = VECTOR ( 'NONE', #1916, 39.37007874015748143 ) ;
#2640 = ORIENTED_EDGE ( 'NONE', *, *, #6292, .F. ) ;
#2641 = LINE ( 'NONE', #4212, #6234 ) ;
#2642 = LINE ( 'NONE', #1293, #64 ) ;
#2643 = DIRECTION ( 'NONE',  ( -0.0000000000000000000, -1.000000000000000000, -0.0000000000000000000 ) ) ;
#2644 = ADVANCED_FACE ( 'NONE', ( #4146 ), #4454, .F. ) ;
#2645 = ORIENTED_EDGE ( 'NONE', *, *, #46, .F. ) ;
#2646 = LINE ( 'NONE', #1090, #1063 ) ;
#2647 = CARTESIAN_POINT ( 'NONE',  ( -0.05800000000000001682, 0.0000000000000000000, -0.01700000000000000122 ) ) ;
#2648 = LINE ( 'NONE', #3520, #5691 ) ;
#2649 =( NAMED_UNIT ( * ) SI_UNIT ( $, .STERADIAN. ) SOLID_ANGLE_UNIT ( ) );
#2650 = CARTESIAN_POINT ( 'NONE',  ( 0.04199999999999998873, 0.09900000000000000466, -0.03300000000000000155 ) ) ;
#2651 = LINE ( 'NONE', #3195, #3742 ) ;
#2652 = DIRECTION ( 'NONE',  ( -0.0000000000000000000, -1.000000000000000000, -0.0000000000000000000 ) ) ;
#2653 = DIRECTION ( 'NONE',  ( -1.000000000000000000, -0.0000000000000000000, -0.0000000000000000000 ) ) ;
#2654 = EDGE_CURVE ( 'NONE', #735, #107, #4289, .T. ) ;
#2655 = AXIS2_PLACEMENT_3D ( 'NONE', #5417, #3417, #4932 ) ;
#2656 = LINE ( 'NONE', #4632, #2044 ) ;
#2657 = EDGE_CURVE ( 'NONE', #4086, #2484, #2, .T. ) ;
#2658 = PLANE ( 'NONE',  #5620 ) ;
#2659 = LINE ( 'NONE', #5003, #1979 ) ;
#2660 =( LENGTH_UNIT ( ) NAMED_UNIT ( * ) SI_UNIT ( $, .METRE. ) );
#2661 = AXIS2_PLACEMENT_3D ( 'NONE', #2354, #5792, #4889 ) ;
#2662 = CARTESIAN_POINT ( 'NONE',  ( -0.04200000000000002343, 0.0000000000000000000, -0.03300000000000000155 ) ) ;
#2663 = STYLED_ITEM ( 'NONE', ( #356 ), #1723 ) ;
#2664 = ORIENTED_EDGE ( 'NONE', *, *, #4713, .T. ) ;
#2665 = DIMENSIONAL_EXPONENTS ( 1.000000000000000000, 0.0000000000000000000, 0.0000000000000000000, 0.0000000000000000000, 0.0000000000000000000, 0.0000000000000000000, 0.0000000000000000000 ) ;
#2666 = PRESENTATION_STYLE_ASSIGNMENT (( #1744 ) ) ;
#2667 = CARTESIAN_POINT ( 'NONE',  ( -0.07500000000000002498, 0.07449999999999999678, 0.06749999999999997669 ) ) ;
#2668 = SURFACE_STYLE_USAGE ( .BOTH. , #1275 ) ;
#2669 = DIRECTION ( 'NONE',  ( 1.000000000000000000, 0.0000000000000000000, 0.0000000000000000000 ) ) ;
#2670 = CARTESIAN_POINT ( 'NONE',  ( 0.04199999999999998873, -0.08999999999999999667, -0.03300000000000000155 ) ) ;
#2671 = DIRECTION ( 'NONE',  ( 1.000000000000000000, -0.0000000000000000000, 0.0000000000000000000 ) ) ;
#2672 = ORIENTED_EDGE ( 'NONE', *, *, #1290, .T. ) ;
#2673 = ADVANCED_FACE ( 'NONE', ( #383 ), #1120, .T. ) ;
#2674 = PLANE ( 'NONE',  #5119 ) ;
#2675 = ORIENTED_EDGE ( 'NONE', *, *, #2685, .F. ) ;
#2676 = DIRECTION ( 'NONE',  ( 0.0000000000000000000, 0.0000000000000000000, -1.000000000000000000 ) ) ;
#2677 = PLANE ( 'NONE',  #6255 ) ;
#2678 = ORIENTED_EDGE ( 'NONE', *, *, #5440, .F. ) ;
#2679 =( LENGTH_UNIT ( ) NAMED_UNIT ( * ) SI_UNIT ( $, .METRE. ) );
#2680 = ORIENTED_EDGE ( 'NONE', *, *, #1756, .T. ) ;
#2681 = CARTESIAN_POINT ( 'NONE',  ( 0.007999999999999981085, -0.2026274169979695450, -0.01700000000000000122 ) ) ;
#2682 = EDGE_LOOP ( 'NONE', ( #4399, #1718, #1401, #4626 ) ) ;
#2683 = VERTEX_POINT ( 'NONE', #2470 ) ;
#2684 =( CONVERSION_BASED_UNIT ( 'INCH', #3988 ) LENGTH_UNIT ( ) NAMED_UNIT ( #3744 ) );
#2685 = EDGE_CURVE ( 'NONE', #4938, #4184, #1002, .T. ) ;
#2686 = VECTOR ( 'NONE', #1060, 39.37007874015748143 ) ;
#2687 = ORIENTED_EDGE ( 'NONE', *, *, #2408, .T. ) ;
#2688 = VECTOR ( 'NONE', #5179, 39.37007874015748143 ) ;
#2689 = VERTEX_POINT ( 'NONE', #3053 ) ;
#2690 = EDGE_CURVE ( 'NONE', #4101, #3235, #4072, .T. ) ;
#2691 = ORIENTED_EDGE ( 'NONE', *, *, #2002, .T. ) ;
#2692 = CARTESIAN_POINT ( 'NONE',  ( -0.01249999999999999549, 0.09900000000000000466, -0.06750000000000001832 ) ) ;
#2693 = DIMENSIONAL_EXPONENTS ( 1.000000000000000000, 0.0000000000000000000, 0.0000000000000000000, 0.0000000000000000000, 0.0000000000000000000, 0.0000000000000000000, 0.0000000000000000000 ) ;
#2694 = ORIENTED_EDGE ( 'NONE', *, *, #6056, .F. ) ;
#2695 = DIRECTION ( 'NONE',  ( 1.000000000000000000, -0.0000000000000000000, -1.138269997360109674E-16 ) ) ;
#2696 = DIRECTION ( 'NONE',  ( 0.0000000000000000000, 0.0000000000000000000, -1.000000000000000000 ) ) ;
#2697 = LINE ( 'NONE', #1787, #2176 ) ;
#2698 = EDGE_LOOP ( 'NONE', ( #357, #1982, #510, #3112 ) ) ;
#2699 = FACE_OUTER_BOUND ( 'NONE', #4690, .T. ) ;
#2700 = ORIENTED_EDGE ( 'NONE', *, *, #1965, .F. ) ;
#2701 = ORIENTED_EDGE ( 'NONE', *, *, #5703, .F. ) ;
#2702 = ORIENTED_EDGE ( 'NONE', *, *, #3082, .T. ) ;
#2703 = PLANE ( 'NONE',  #2768 ) ;
#2704 = EDGE_CURVE ( 'NONE', #6279, #5193, #3280, .T. ) ;
#2705 = ADVANCED_FACE ( 'NONE', ( #5333 ), #157, .F. ) ;
#2706 = PRESENTATION_STYLE_ASSIGNMENT (( #5476 ) ) ;
#2707 = CIRCLE ( 'NONE', #137, 0.009999999999999995004 ) ;
#2708 = SURFACE_STYLE_FILL_AREA ( #1130 ) ;
#2709 = CARTESIAN_POINT ( 'NONE',  ( 0.05799999999999998906, 0.2089999999999999358, -0.01700000000000000122 ) ) ;
#2710 = ORIENTED_EDGE ( 'NONE', *, *, #5189, .F. ) ;
#2711 = DIRECTION ( 'NONE',  ( 0.0000000000000000000, 0.0000000000000000000, 1.000000000000000000 ) ) ;
#2712 = CARTESIAN_POINT ( 'NONE',  ( 0.04199999999999998873, -0.08999999999999999667, 0.03300000000000000155 ) ) ;
#2713 = FACE_OUTER_BOUND ( 'NONE', #4861, .T. ) ;
#2714 = CARTESIAN_POINT ( 'NONE',  ( 0.05799999999999998906, -0.08999999999999999667, 0.03300000000000000155 ) ) ;
#2715 = LINE ( 'NONE', #1526, #1428 ) ;
#2716 = VERTEX_POINT ( 'NONE', #2527 ) ;
#2717 = LINE ( 'NONE', #2159, #5034 ) ;
#2718 = CARTESIAN_POINT ( 'NONE',  ( -0.03080127018922191803, 0.02450000000000000441, -0.04250000000000002387 ) ) ;
#2719 = CARTESIAN_POINT ( 'NONE',  ( -0.05800000000000001682, -0.08999999999999999667, 0.03300000000000000155 ) ) ;
#2720 = LINE ( 'NONE', #3518, #904 ) ;
#2721 = DIRECTION ( 'NONE',  ( 0.2588190451025213501, 0.0000000000000000000, 0.9659258262890679791 ) ) ;
#2722 = UNCERTAINTY_MEASURE_WITH_UNIT (LENGTH_MEASURE( 1.000000000000000082E-05 ), #4801, 'distance_accuracy_value', 'NONE');
#2723 = FACE_OUTER_BOUND ( 'NONE', #2845, .T. ) ;
#2724 = CARTESIAN_POINT ( 'NONE',  ( -0.05800000000000001682, 0.09900000000000000466, -0.03300000000000000155 ) ) ;
#2725 = COLOUR_RGB ( '',0.9686274509803921573, 0.8784313725490195957, 0.5999999999999999778 ) ;
#2726 = CARTESIAN_POINT ( 'NONE',  ( 0.002226497308103713140, 0.2190000000000000002, 0.0000000000000000000 ) ) ;
#2727 = FILL_AREA_STYLE_COLOUR ( '', #5613 ) ;
#2728 =( LENGTH_UNIT ( ) NAMED_UNIT ( * ) SI_UNIT ( $, .METRE. ) );
#2729 = CARTESIAN_POINT ( 'NONE',  ( -0.04200000000000002343, -0.08999999999999999667, -0.03300000000000000155 ) ) ;
#2730 = CARTESIAN_POINT ( 'NONE',  ( 0.04199999999999998873, 0.2089999999999999358, 0.03300000000000000155 ) ) ;
#2731 = EDGE_CURVE ( 'NONE', #6281, #4993, #4367, .T. ) ;
#2732 = LINE ( 'NONE', #920, #2204 ) ;
#2733 = ADVANCED_FACE ( 'NONE', ( #2975 ), #1094, .F. ) ;
#2734 = EDGE_CURVE ( 'NONE', #3631, #6113, #5185, .T. ) ;
#2735 = AXIS2_PLACEMENT_3D ( 'NONE', #4444, #5411, #5461 ) ;
#2736 = EDGE_CURVE ( 'NONE', #1715, #4466, #6023, .T. ) ;
#2737 =( CONVERSION_BASED_UNIT ( 'INCH', #2230 ) LENGTH_UNIT ( ) NAMED_UNIT ( #1299 ) );
#2738 = DIRECTION ( 'NONE',  ( 0.0000000000000000000, 0.0000000000000000000, -1.000000000000000000 ) ) ;
#2739 = CARTESIAN_POINT ( 'NONE',  ( -0.01000000000000000368, 0.07449999999999999678, -0.01580951894845298786 ) ) ;
#2740 = EDGE_CURVE ( 'NONE', #5951, #2391, #4596, .T. ) ;
#2741 = ORIENTED_EDGE ( 'NONE', *, *, #1392, .T. ) ;
#2742 = AXIS2_PLACEMENT_3D ( 'NONE', #60, #2506, #1000 ) ;
#2743 = LINE ( 'NONE', #2719, #3286 ) ;
#2744 = DIRECTION ( 'NONE',  ( -0.0000000000000000000, 0.0000000000000000000, 1.000000000000000000 ) ) ;
#2745 = CARTESIAN_POINT ( 'NONE',  ( 0.007999999999999981085, -0.2026274169979695450, 0.01700000000000000122 ) ) ;
#2746 = ORIENTED_EDGE ( 'NONE', *, *, #777, .F. ) ;
#2747 = DIRECTION ( 'NONE',  ( 0.0000000000000000000, -0.0000000000000000000, 1.000000000000000000 ) ) ;
#2748 = CARTESIAN_POINT ( 'NONE',  ( -0.07500000000000002498, 0.07449999999999999678, 0.06749999999999997669 ) ) ;
#2749 = ADVANCED_BREP_SHAPE_REPRESENTATION ( 'FTSH-103-01-F-D', ( #2060, #4731, #1223, #5012, #6194, #663, #1863, #3276, #4157, #4542, #1482, #5095, #2147, #461 ), #3737 ) ;
#2750 = ORIENTED_EDGE ( 'NONE', *, *, #338, .T. ) ;
#2751 = FACE_OUTER_BOUND ( 'NONE', #1824, .T. ) ;
#2752 = DIRECTION ( 'NONE',  ( -1.000000000000000000, 0.0000000000000000000, 5.691349986800548372E-17 ) ) ;
#2753 = DIMENSIONAL_EXPONENTS ( 1.000000000000000000, 0.0000000000000000000, 0.0000000000000000000, 0.0000000000000000000, 0.0000000000000000000, 0.0000000000000000000, 0.0000000000000000000 ) ;
#2754 = CARTESIAN_POINT ( 'NONE',  ( 0.07499999999999999722, 0.0000000000000000000, -0.06750000000000003220 ) ) ;
#2755 = ORIENTED_EDGE ( 'NONE', *, *, #5342, .F. ) ;
#2756 = ORIENTED_EDGE ( 'NONE', *, *, #1440, .F. ) ;
#2757 = ORIENTED_EDGE ( 'NONE', *, *, #1649, .T. ) ;
#2758 = ADVANCED_FACE ( 'NONE', ( #159 ), #3577, .F. ) ;
#2759 = CARTESIAN_POINT ( 'NONE',  ( -0.01000000000000000368, 0.07449999999999999678, 0.04250000000000001693 ) ) ;
#2760 = VERTEX_POINT ( 'NONE', #4062 ) ;
#2761 = DIRECTION ( 'NONE',  ( -1.707404996040165005E-16, 1.000000000000000000, 0.0000000000000000000 ) ) ;
#2762 = ORIENTED_EDGE ( 'NONE', *, *, #5057, .F. ) ;
#2763 = EDGE_LOOP ( 'NONE', ( #1837, #1492, #2475, #6288 ) ) ;
#2764 = PLANE ( 'NONE',  #2619 ) ;
#2765 =( GEOMETRIC_REPRESENTATION_CONTEXT ( 3 ) GLOBAL_UNCERTAINTY_ASSIGNED_CONTEXT ( ( #110 ) ) GLOBAL_UNIT_ASSIGNED_CONTEXT ( ( #4612, #2189, #5640 ) ) REPRESENTATION_CONTEXT ( 'NONE', 'WORKASPACE' ) );
#2766 = VECTOR ( 'NONE', #3820, 39.37007874015748854 ) ;
#2767 =( GEOMETRIC_REPRESENTATION_CONTEXT ( 3 ) GLOBAL_UNCERTAINTY_ASSIGNED_CONTEXT ( ( #3977 ) ) GLOBAL_UNIT_ASSIGNED_CONTEXT ( ( #3903, #3918, #960 ) ) REPRESENTATION_CONTEXT ( 'NONE', 'WORKASPACE' ) );
#2768 = AXIS2_PLACEMENT_3D ( 'NONE', #2215, #5605, #4679 ) ;
#2769 = LINE ( 'NONE', #2692, #2548 ) ;
#2770 = LINE ( 'NONE', #4449, #4333 ) ;
#2771 = VERTEX_POINT ( 'NONE', #4562 ) ;
#2772 = EDGE_CURVE ( 'NONE', #3306, #4395, #2659, .T. ) ;
#2773 = ORIENTED_EDGE ( 'NONE', *, *, #2499, .F. ) ;
#2774 = VERTEX_POINT ( 'NONE', #3682 ) ;
#2775 = VECTOR ( 'NONE', #5861, 39.37007874015748143 ) ;
#2776 = ORIENTED_EDGE ( 'NONE', *, *, #4137, .T. ) ;
#2777 = ORIENTED_EDGE ( 'NONE', *, *, #2815, .T. ) ;
#2778 = CARTESIAN_POINT ( 'NONE',  ( 0.04000000000000000083, 0.02450000000000000441, -0.05749999999999998168 ) ) ;
#2779 = ORIENTED_EDGE ( 'NONE', *, *, #295, .F. ) ;
#2780 = CARTESIAN_POINT ( 'NONE',  ( 0.05799999999999998906, 0.2089999999999999358, 0.03300000000000000155 ) ) ;
#2781 = AXIS2_PLACEMENT_3D ( 'NONE', #1404, #4364, #2359 ) ;
#2782 = AXIS2_PLACEMENT_3D ( 'NONE', #4372, #3867, #2861 ) ;
#2783 = CARTESIAN_POINT ( 'NONE',  ( -0.03080127018922191803, 0.0000000000000000000, -0.04250000000000001693 ) ) ;
#2784 = EDGE_CURVE ( 'NONE', #1013, #1038, #1162, .T. ) ;
#2785 = VERTEX_POINT ( 'NONE', #5982 ) ;
#2786 = DIRECTION ( 'NONE',  ( -0.0000000000000000000, -0.0000000000000000000, 1.000000000000000000 ) ) ;
#2787 = COLOUR_RGB ( '',0.9686274509803921573, 0.8784313725490195957, 0.5999999999999999778 ) ;
#2788 = VECTOR ( 'NONE', #4583, 39.37007874015748143 ) ;
#2789 = CARTESIAN_POINT ( 'NONE',  ( 0.07499999999999999722, 0.09900000000000000466, -0.06750000000000003220 ) ) ;
#2790 = FACE_OUTER_BOUND ( 'NONE', #3483, .T. ) ;
#2791 = PLANE ( 'NONE',  #4975 ) ;
#2792 = VECTOR ( 'NONE', #4011, 39.37007874015748143 ) ;
#2793 = COLOUR_RGB ( '',0.9686274509803921573, 0.8784313725490195957, 0.5999999999999999778 ) ;
#2794 = LINE ( 'NONE', #3593, #366 ) ;
#2795 = VECTOR ( 'NONE', #154, 39.37007874015748143 ) ;
#2796 = ADVANCED_FACE ( 'NONE', ( #5258 ), #3510, .F. ) ;
#2797 = UNCERTAINTY_MEASURE_WITH_UNIT (LENGTH_MEASURE( 1.000000000000000082E-05 ), #501, 'distance_accuracy_value', 'NONE');
#2798 = LINE ( 'NONE', #2714, #1969 ) ;
#2799 = CARTESIAN_POINT ( 'NONE',  ( -0.03749999999999999861, 0.0000000000000000000, 0.06750000000000001832 ) ) ;
#2800 = DIRECTION ( 'NONE',  ( 0.0000000000000000000, -0.0000000000000000000, 1.000000000000000000 ) ) ;
#2801 =( LENGTH_UNIT ( ) NAMED_UNIT ( * ) SI_UNIT ( $, .METRE. ) );
#2802 = FACE_OUTER_BOUND ( 'NONE', #1485, .T. ) ;
#2803 = DIRECTION ( 'NONE',  ( -0.0000000000000000000, 0.0000000000000000000, 1.000000000000000000 ) ) ;
#2804 = DIRECTION ( 'NONE',  ( 0.0000000000000000000, 0.0000000000000000000, 1.000000000000000000 ) ) ;
#2805 = CARTESIAN_POINT ( 'NONE',  ( 0.01000000000000000021, 0.07449999999999999678, 0.04250000000000001693 ) ) ;
#2806 = VECTOR ( 'NONE', #2496, 39.37007874015748143 ) ;
#2807 = DIRECTION ( 'NONE',  ( 0.0000000000000000000, 1.000000000000000000, 0.0000000000000000000 ) ) ;
#2808 = CARTESIAN_POINT ( 'NONE',  ( -0.01000000000000000888, 0.07449999999999999678, -0.04250000000000001693 ) ) ;
#2809 = DIRECTION ( 'NONE',  ( -1.000000000000000000, 0.0000000000000000000, -0.0000000000000000000 ) ) ;
#2810 = CARTESIAN_POINT ( 'NONE',  ( -0.05800000000000001682, -0.2026274169979695450, 0.03300000000000000155 ) ) ;
#2811 = EDGE_CURVE ( 'NONE', #5595, #644, #692, .T. ) ;
#2812 = VERTEX_POINT ( 'NONE', #6104 ) ;
#2813 = AXIS2_PLACEMENT_3D ( 'NONE', #1653, #5072, #2137 ) ;
#2814 = LINE ( 'NONE', #2880, #6026 ) ;
#2815 = EDGE_CURVE ( 'NONE', #5887, #5815, #2590, .T. ) ;
#2816 =( GEOMETRIC_REPRESENTATION_CONTEXT ( 3 ) GLOBAL_UNCERTAINTY_ASSIGNED_CONTEXT ( ( #4349 ) ) GLOBAL_UNIT_ASSIGNED_CONTEXT ( ( #4385, #1914, #5329 ) ) REPRESENTATION_CONTEXT ( 'NONE', 'WORKASPACE' ) );
#2817 = DIRECTION ( 'NONE',  ( -0.0000000000000000000, 1.000000000000000000, -0.0000000000000000000 ) ) ;
#2818 = DIMENSIONAL_EXPONENTS ( 1.000000000000000000, 0.0000000000000000000, 0.0000000000000000000, 0.0000000000000000000, 0.0000000000000000000, 0.0000000000000000000, 0.0000000000000000000 ) ;
#2819 = MECHANICAL_DESIGN_GEOMETRIC_PRESENTATION_REPRESENTATION (  '', ( #3078 ), #5794 ) ;
#2820 = FILL_AREA_STYLE ('',( #1926 ) ) ;
#2821 = ORIENTED_EDGE ( 'NONE', *, *, #4963, .T. ) ;
#2822 = DIRECTION ( 'NONE',  ( -1.000000000000000000, -0.0000000000000000000, -0.0000000000000000000 ) ) ;
#2823 = EDGE_CURVE ( 'NONE', #6108, #3251, #2059, .T. ) ;
#2824 = CARTESIAN_POINT ( 'NONE',  ( 0.01000000000000000368, 0.02450000000000000441, -0.05749999999999998168 ) ) ;
#2825 = EDGE_LOOP ( 'NONE', ( #3936, #3250, #5808, #2316 ) ) ;
#2826 = ADVANCED_FACE ( 'NONE', ( #615 ), #2225, .F. ) ;
#2827 = PRESENTATION_STYLE_ASSIGNMENT (( #1608 ) ) ;
#2828 = CARTESIAN_POINT ( 'NONE',  ( 0.0000000000000000000, 0.09900000000000000466, 0.0000000000000000000 ) ) ;
#2829 = FILL_AREA_STYLE_COLOUR ( '', #5129 ) ;
#2830 = FILL_AREA_STYLE_COLOUR ( '', #3334 ) ;
#2831 = UNCERTAINTY_MEASURE_WITH_UNIT (LENGTH_MEASURE( 1.000000000000000082E-05 ), #4243, 'distance_accuracy_value', 'NONE');
#2832 = ORIENTED_EDGE ( 'NONE', *, *, #5556, .T. ) ;
#2833 = ORIENTED_EDGE ( 'NONE', *, *, #3736, .F. ) ;
#2834 = LINE ( 'NONE', #4224, #324 ) ;
#2835 =( NAMED_UNIT ( * ) SI_UNIT ( $, .STERADIAN. ) SOLID_ANGLE_UNIT ( ) );
#2836 = EDGE_LOOP ( 'NONE', ( #4772, #3243, #5533, #3646 ) ) ;
#2837 = ORIENTED_EDGE ( 'NONE', *, *, #711, .T. ) ;
#2838 =( LENGTH_UNIT ( ) NAMED_UNIT ( * ) SI_UNIT ( $, .METRE. ) );
#2839 = FILL_AREA_STYLE_COLOUR ( '', #2793 ) ;
#2840 = CARTESIAN_POINT ( 'NONE',  ( 0.07499999999999999722, 0.0000000000000000000, 0.06749999999999999056 ) ) ;
#2841 = EDGE_LOOP ( 'NONE', ( #552, #2934, #5582, #492 ) ) ;
#2842 = LINE ( 'NONE', #5626, #3010 ) ;
#2843 = EDGE_LOOP ( 'NONE', ( #4556, #5361, #386, #5375 ) ) ;
#2844 = EDGE_LOOP ( 'NONE', ( #5210, #248, #4844, #1027 ) ) ;
#2845 = EDGE_LOOP ( 'NONE', ( #5601, #2091, #5208, #1177 ) ) ;
#2846 = DIRECTION ( 'NONE',  ( 1.000000000000000000, 0.0000000000000000000, 0.0000000000000000000 ) ) ;
#2847 = VECTOR ( 'NONE', #3751, 39.37007874015748143 ) ;
#2848 = LINE ( 'NONE', #3428, #3171 ) ;
#2849 = DIRECTION ( 'NONE',  ( -0.2588190451025214611, -0.0000000000000000000, 0.9659258262890679791 ) ) ;
#2850 = LINE ( 'NONE', #2054, #5358 ) ;
#2851 = ORIENTED_EDGE ( 'NONE', *, *, #4492, .T. ) ;
#2852 = DIMENSIONAL_EXPONENTS ( 1.000000000000000000, 0.0000000000000000000, 0.0000000000000000000, 0.0000000000000000000, 0.0000000000000000000, 0.0000000000000000000, 0.0000000000000000000 ) ;
#2853 = EDGE_CURVE ( 'NONE', #4692, #2180, #5627, .T. ) ;
#2854 = ORIENTED_EDGE ( 'NONE', *, *, #1405, .T. ) ;
#2855 = CARTESIAN_POINT ( 'NONE',  ( -0.04200000000000002343, 0.0000000000000000000, 0.03300000000000000155 ) ) ;
#2856 = AXIS2_PLACEMENT_3D ( 'NONE', #2477, #2990, #4971 ) ;
#2857 = ORIENTED_EDGE ( 'NONE', *, *, #4764, .F. ) ;
#2858 = CARTESIAN_POINT ( 'NONE',  ( -0.05800000000000001682, 0.2089999999999999358, 0.01700000000000000122 ) ) ;
#2859 = EDGE_CURVE ( 'NONE', #2953, #2080, #3440, .T. ) ;
#2860 = MECHANICAL_DESIGN_GEOMETRIC_PRESENTATION_REPRESENTATION (  '', ( #998 ), #1528 ) ;
#2861 = DIRECTION ( 'NONE',  ( -0.2588190451025213501, 0.0000000000000000000, -0.9659258262890682012 ) ) ;
#2862 = FACE_OUTER_BOUND ( 'NONE', #2682, .T. ) ;
#2863 = FILL_AREA_STYLE ('',( #4340 ) ) ;
#2864 = EDGE_CURVE ( 'NONE', #6279, #5755, #1975, .T. ) ;
#2865 = SURFACE_STYLE_FILL_AREA ( #6251 ) ;
#2866 = ADVANCED_FACE ( 'NONE', ( #5485 ), #1780, .F. ) ;
#2867 = VERTEX_POINT ( 'NONE', #5198 ) ;
#2868 = DIRECTION ( 'NONE',  ( -0.4472135954999566509, 0.7745966692414848476, 0.4472135954999566509 ) ) ;
#2869 = LINE ( 'NONE', #4301, #3109 ) ;
#2870 = CARTESIAN_POINT ( 'NONE',  ( -0.008000000000000015779, 0.09900000000000000466, 0.03300000000000000155 ) ) ;
#2871 =( CONVERSION_BASED_UNIT ( 'INCH', #761 ) LENGTH_UNIT ( ) NAMED_UNIT ( #4106 ) );
#2872 = STYLED_ITEM ( 'NONE', ( #6305 ), #3889 ) ;
#2873 = LINE ( 'NONE', #2810, #6311 ) ;
#2874 = LINE ( 'NONE', #5866, #143 ) ;
#2875 = LINE ( 'NONE', #5527, #1221 ) ;
#2876 = FILL_AREA_STYLE_COLOUR ( '', #2191 ) ;
#2877 = FILL_AREA_STYLE ('',( #2344 ) ) ;
#2878 = VECTOR ( 'NONE', #3046, 39.37007874015748143 ) ;
#2879 = DIRECTION ( 'NONE',  ( 0.0000000000000000000, -0.0000000000000000000, 1.000000000000000000 ) ) ;
#2880 = CARTESIAN_POINT ( 'NONE',  ( -0.05800000000000001682, 0.2190000000000000002, 0.01700000000000000122 ) ) ;
#2881 =( NAMED_UNIT ( * ) SI_UNIT ( $, .STERADIAN. ) SOLID_ANGLE_UNIT ( ) );
#2882 = PRESENTATION_STYLE_ASSIGNMENT (( #2275 ) ) ;
#2883 = CARTESIAN_POINT ( 'NONE',  ( 0.04199999999999998873, -0.2026274169979695450, -0.01700000000000000122 ) ) ;
#2884 = DIRECTION ( 'NONE',  ( 0.0000000000000000000, 0.0000000000000000000, -1.000000000000000000 ) ) ;
#2885 = DIRECTION ( 'NONE',  ( -1.000000000000000000, 0.0000000000000000000, 0.0000000000000000000 ) ) ;
#2886 = FACE_OUTER_BOUND ( 'NONE', #3166, .T. ) ;
#2887 = CARTESIAN_POINT ( 'NONE',  ( 0.0000000000000000000, -0.08999999999999999667, 0.0000000000000000000 ) ) ;
#2888 = DIRECTION ( 'NONE',  ( 1.000000000000000000, -0.0000000000000000000, 0.0000000000000000000 ) ) ;
#2889 = LINE ( 'NONE', #848, #3360 ) ;
#2890 = DIRECTION ( 'NONE',  ( 0.9659258262890682012, 0.0000000000000000000, -0.2588190451025213501 ) ) ;
#2891 = PLANE ( 'NONE',  #4483 ) ;
#2892 = PLANE ( 'NONE',  #5588 ) ;
#2893 = ADVANCED_FACE ( 'NONE', ( #2277 ), #3725, .F. ) ;
#2894 =( GEOMETRIC_REPRESENTATION_CONTEXT ( 3 ) GLOBAL_UNCERTAINTY_ASSIGNED_CONTEXT ( ( #5680 ) ) GLOBAL_UNIT_ASSIGNED_CONTEXT ( ( #750, #4177, #5125 ) ) REPRESENTATION_CONTEXT ( 'NONE', 'WORKASPACE' ) );
#2895 = CARTESIAN_POINT ( 'NONE',  ( -0.05000000000000000278, -0.08999999999999999667, 0.0000000000000000000 ) ) ;
#2896 = AXIS2_PLACEMENT_3D ( 'NONE', #6283, #3855, #368 ) ;
#2897 = EDGE_CURVE ( 'NONE', #2285, #852, #4213, .T. ) ;
#2898 = DIRECTION ( 'NONE',  ( -0.2588190451025213501, 0.0000000000000000000, 0.9659258262890679791 ) ) ;
#2899 = VERTEX_POINT ( 'NONE', #4283 ) ;
#2900 = VECTOR ( 'NONE', #4819, 39.37007874015748143 ) ;
#2901 = CARTESIAN_POINT ( 'NONE',  ( 0.07499999999999999722, 0.09900000000000000466, -0.06750000000000003220 ) ) ;
#2902 = CARTESIAN_POINT ( 'NONE',  ( -0.07500000000000002498, 0.07450000000000002454, -0.04749999999999998668 ) ) ;
#2903 =( NAMED_UNIT ( * ) PLANE_ANGLE_UNIT ( ) SI_UNIT ( $, .RADIAN. ) );
#2904 = ORIENTED_EDGE ( 'NONE', *, *, #2325, .F. ) ;
#2905 = AXIS2_PLACEMENT_3D ( 'NONE', #1553, #4033, #6001 ) ;
#2906 = ORIENTED_EDGE ( 'NONE', *, *, #3748, .F. ) ;
#2907 = CARTESIAN_POINT ( 'NONE',  ( 0.03750000000000001249, 0.07450000000000002454, -0.06750000000000001832 ) ) ;
#2908 =( NAMED_UNIT ( * ) SI_UNIT ( $, .STERADIAN. ) SOLID_ANGLE_UNIT ( ) );
#2909 = AXIS2_PLACEMENT_3D ( 'NONE', #5081, #155, #1180 ) ;
#2910 = PLANE ( 'NONE',  #1285 ) ;
#2911 = EDGE_CURVE ( 'NONE', #1505, #793, #2889, .T. ) ;
#2912 = ORIENTED_EDGE ( 'NONE', *, *, #5958, .T. ) ;
#2913 = VECTOR ( 'NONE', #2006, 39.37007874015748143 ) ;
#2914 = DIRECTION ( 'NONE',  ( 0.0000000000000000000, 0.0000000000000000000, -1.000000000000000000 ) ) ;
#2915 = DIRECTION ( 'NONE',  ( 0.0000000000000000000, 0.0000000000000000000, -1.000000000000000000 ) ) ;
#2916 = UNCERTAINTY_MEASURE_WITH_UNIT (LENGTH_MEASURE( 1.000000000000000082E-05 ), #5290, 'distance_accuracy_value', 'NONE');
#2917 = ORIENTED_EDGE ( 'NONE', *, *, #1680, .T. ) ;
#2918 = ORIENTED_EDGE ( 'NONE', *, *, #6258, .F. ) ;
#2919 = LINE ( 'NONE', #979, #3935 ) ;
#2920 = ORIENTED_EDGE ( 'NONE', *, *, #5429, .T. ) ;
#2921 = CARTESIAN_POINT ( 'NONE',  ( 0.03080127018922192497, 0.09900000000000000466, -0.04250000000000001693 ) ) ;
#2922 = LINE ( 'NONE', #450, #1631 ) ;
#2923 = ORIENTED_EDGE ( 'NONE', *, *, #434, .F. ) ;
#2924 = DIRECTION ( 'NONE',  ( -0.0000000000000000000, 1.000000000000000000, -0.0000000000000000000 ) ) ;
#2925 = ORIENTED_EDGE ( 'NONE', *, *, #4515, .F. ) ;
#2926 = ORIENTED_EDGE ( 'NONE', *, *, #3363, .T. ) ;
#2927 = ADVANCED_FACE ( 'NONE', ( #2357 ), #5616, .F. ) ;
#2928 = DIRECTION ( 'NONE',  ( 1.000000000000000000, -0.0000000000000000000, -0.0000000000000000000 ) ) ;
#2929 = ORIENTED_EDGE ( 'NONE', *, *, #5021, .T. ) ;
#2930 = FACE_OUTER_BOUND ( 'NONE', #325, .T. ) ;
#2931 = LINE ( 'NONE', #1990, #270 ) ;
#2932 = VERTEX_POINT ( 'NONE', #6169 ) ;
#2933 =( LENGTH_UNIT ( ) NAMED_UNIT ( * ) SI_UNIT ( $, .METRE. ) );
#2934 = ORIENTED_EDGE ( 'NONE', *, *, #2576, .F. ) ;
#2935 =( NAMED_UNIT ( * ) PLANE_ANGLE_UNIT ( ) SI_UNIT ( $, .RADIAN. ) );
#2936 = ORIENTED_EDGE ( 'NONE', *, *, #2245, .T. ) ;
#2937 = DIRECTION ( 'NONE',  ( 0.0000000000000000000, 1.000000000000000000, 0.0000000000000000000 ) ) ;
#2938 = PRESENTATION_LAYER_ASSIGNMENT (  '', '', ( #2598 ) ) ;
#2939 = PRESENTATION_STYLE_ASSIGNMENT (( #790 ) ) ;
#2940 = VECTOR ( 'NONE', #5116, 39.37007874015748143 ) ;
#2941 = ORIENTED_EDGE ( 'NONE', *, *, #302, .F. ) ;
#2942 = CARTESIAN_POINT ( 'NONE',  ( -0.03749999999999999861, 0.07449999999999999678, 0.06749999999999997669 ) ) ;
#2943 = ORIENTED_EDGE ( 'NONE', *, *, #1314, .F. ) ;
#2944 = DIRECTION ( 'NONE',  ( -0.0000000000000000000, -1.000000000000000000, -0.0000000000000000000 ) ) ;
#2945 = ORIENTED_EDGE ( 'NONE', *, *, #4314, .F. ) ;
#2946 = EDGE_CURVE ( 'NONE', #439, #4086, #4735, .T. ) ;
#2947 = VECTOR ( 'NONE', #5941, 39.37007874015748143 ) ;
#2948 = VECTOR ( 'NONE', #4308, 39.37007874015748143 ) ;
#2949 = EDGE_CURVE ( 'NONE', #1288, #1567, #2135, .T. ) ;
#2950 = LINE ( 'NONE', #4970, #1803 ) ;
#2951 = PRODUCT_DEFINITION_FORMATION_WITH_SPECIFIED_SOURCE ( 'ANY', '', #927, .NOT_KNOWN. ) ;
#2952 = DIRECTION ( 'NONE',  ( 1.000000000000000000, 0.0000000000000000000, 0.0000000000000000000 ) ) ;
#2953 = VERTEX_POINT ( 'NONE', #3785 ) ;
#2954 = EDGE_CURVE ( 'NONE', #1309, #1013, #1603, .T. ) ;
#2955 = FILL_AREA_STYLE ('',( #4505 ) ) ;
#2956 = DIRECTION ( 'NONE',  ( 1.000000000000000000, 0.0000000000000000000, 0.0000000000000000000 ) ) ;
#2957 = LINE ( 'NONE', #5418, #5244 ) ;
#2958 = STYLED_ITEM ( 'NONE', ( #658 ), #1280 ) ;
#2959 = EDGE_CURVE ( 'NONE', #1028, #6105, #834, .T. ) ;
#2960 = CARTESIAN_POINT ( 'NONE',  ( 0.04000000000000000083, 0.02450000000000000441, 0.04250000000000001693 ) ) ;
#2961 = CARTESIAN_POINT ( 'NONE',  ( -0.05800000000000001682, 0.2190000000000000002, -0.02722649730810373578 ) ) ;
#2962 = CARTESIAN_POINT ( 'NONE',  ( -0.05800000000000001682, -0.2026274169979695450, -0.03300000000000000155 ) ) ;
#2963 = LINE ( 'NONE', #916, #1361 ) ;
#2965 = VECTOR ( 'NONE', #2800, 39.37007874015748143 ) ;
#2964 = CARTESIAN_POINT ( 'NONE',  ( -0.04000000000000000083, 0.02450000000000000441, -0.01580951894845298786 ) ) ;
#2966 = VECTOR ( 'NONE', #2669, 39.37007874015748143 ) ;
#2967 = VECTOR ( 'NONE', #4195, 39.37007874015748143 ) ;
#2968 = FILL_AREA_STYLE ('',( #2984 ) ) ;
#2969 = ADVANCED_FACE ( 'NONE', ( #3834 ), #6127, .T. ) ;
#2970 = VECTOR ( 'NONE', #1110, 39.37007874015748143 ) ;
#2971 = FACE_OUTER_BOUND ( 'NONE', #3476, .T. ) ;
#2972 = CARTESIAN_POINT ( 'NONE',  ( -0.07500000000000002498, 0.02450000000000000441, 0.06749999999999997669 ) ) ;
#2973 = CARTESIAN_POINT ( 'NONE',  ( 0.04678119784648300528, 0.2284315353299545825, 0.02178119784648302470 ) ) ;
#2974 = DIRECTION ( 'NONE',  ( -0.0000000000000000000, 1.000000000000000000, -0.0000000000000000000 ) ) ;
#2975 = FACE_OUTER_BOUND ( 'NONE', #1338, .T. ) ;
#2976 = SURFACE_STYLE_USAGE ( .BOTH. , #1989 ) ;
#2977 = DIRECTION ( 'NONE',  ( -0.0000000000000000000, -0.0000000000000000000, 1.000000000000000000 ) ) ;
#2978 = CARTESIAN_POINT ( 'NONE',  ( -0.01919872981077807780, 0.02450000000000000441, 0.04250000000000001693 ) ) ;
#2979 = ORIENTED_EDGE ( 'NONE', *, *, #3795, .T. ) ;
#2980 = DIRECTION ( 'NONE',  ( -0.4472135954999568730, -0.7745966692414849586, 0.4472135954999564289 ) ) ;
#2981 = LINE ( 'NONE', #4773, #1687 ) ;
#2982 = EDGE_CURVE ( 'NONE', #3021, #5595, #2732, .T. ) ;
#2983 =( CONVERSION_BASED_UNIT ( 'INCH', #3057 ) LENGTH_UNIT ( ) NAMED_UNIT ( #4645 ) );
#2984 = FILL_AREA_STYLE_COLOUR ( '', #882 ) ;
#2985 = EDGE_LOOP ( 'NONE', ( #5704, #3773, #3234, #3648 ) ) ;
#2986 = ORIENTED_EDGE ( 'NONE', *, *, #5002, .T. ) ;
#2987 = AXIS2_PLACEMENT_3D ( 'NONE', #4344, #4910, #3367 ) ;
#2988 = EDGE_CURVE ( 'NONE', #6029, #3451, #610, .T. ) ;
#2989 = CARTESIAN_POINT ( 'NONE',  ( 0.007999999999999981085, 0.0000000000000000000, 0.01700000000000000122 ) ) ;
#2990 = DIRECTION ( 'NONE',  ( 0.0000000000000000000, 0.0000000000000000000, 1.000000000000000000 ) ) ;
#2991 = ORIENTED_EDGE ( 'NONE', *, *, #1239, .T. ) ;
#2993 = SURFACE_SIDE_STYLE ('',( #5957 ) ) ;
#2992 = CARTESIAN_POINT ( 'NONE',  ( 0.007999999999999981085, 0.09900000000000000466, 0.01700000000000000122 ) ) ;
#2994 = ADVANCED_FACE ( 'NONE', ( #918 ), #5801, .F. ) ;
#2995 = CARTESIAN_POINT ( 'NONE',  ( -0.07500000000000002498, 0.07450000000000002454, -0.06749999999999997669 ) ) ;
#2996 =( GEOMETRIC_REPRESENTATION_CONTEXT ( 3 ) GLOBAL_UNCERTAINTY_ASSIGNED_CONTEXT ( ( #6323 ) ) GLOBAL_UNIT_ASSIGNED_CONTEXT ( ( #4823, #3914, #2835 ) ) REPRESENTATION_CONTEXT ( 'NONE', 'WORKASPACE' ) );
#2997 = ORIENTED_EDGE ( 'NONE', *, *, #3619, .F. ) ;
#2998 = EDGE_LOOP ( 'NONE', ( #1109, #2615, #5708, #2468 ) ) ;
#2999 = VECTOR ( 'NONE', #504, 39.37007874015748143 ) ;
#3000 = CARTESIAN_POINT ( 'NONE',  ( -0.05800000000000001682, 0.0000000000000000000, 0.03300000000000000155 ) ) ;
#3001 = PLANE ( 'NONE',  #710 ) ;
#3002 = CARTESIAN_POINT ( 'NONE',  ( 0.01250000000000000243, 0.07450000000000002454, -0.06750000000000001832 ) ) ;
#3003 = DIRECTION ( 'NONE',  ( -1.000000000000000000, -0.0000000000000000000, -0.0000000000000000000 ) ) ;
#3004 = UNCERTAINTY_MEASURE_WITH_UNIT (LENGTH_MEASURE( 1.000000000000000082E-05 ), #2871, 'distance_accuracy_value', 'NONE');
#3005 = ORIENTED_EDGE ( 'NONE', *, *, #2334, .T. ) ;
#3006 = ORIENTED_EDGE ( 'NONE', *, *, #1165, .T. ) ;
#3007 = CARTESIAN_POINT ( 'NONE',  ( -0.01000000000000000368, 0.07449999999999999678, 0.04250000000000001693 ) ) ;
#3008 = LINE ( 'NONE', #3980, #3324 ) ;
#3009 = ORIENTED_EDGE ( 'NONE', *, *, #2657, .F. ) ;
#3010 = VECTOR ( 'NONE', #4714, 39.37007874015748143 ) ;
#3011 = ORIENTED_EDGE ( 'NONE', *, *, #2731, .T. ) ;
#3012 = VERTEX_POINT ( 'NONE', #870 ) ;
#3013 = ORIENTED_EDGE ( 'NONE', *, *, #3523, .F. ) ;
#3014 = DIRECTION ( 'NONE',  ( 0.2588190451025213501, 0.0000000000000000000, 0.9659258262890679791 ) ) ;
#3016 = DIRECTION ( 'NONE',  ( -1.000000000000000000, 0.0000000000000000000, 1.138269997360109674E-16 ) ) ;
#3015 = CARTESIAN_POINT ( 'NONE',  ( -0.03749999999999999861, 0.0000000000000000000, 0.06750000000000001832 ) ) ;
#3017 = LENGTH_MEASURE_WITH_UNIT ( LENGTH_MEASURE( 0.02539999999999999897 ), #1289 );
#3018 = COLOUR_RGB ( '',0.7921568627450980005, 0.8196078431372548767, 0.9333333333333333481 ) ;
#3019 = FACE_OUTER_BOUND ( 'NONE', #5197, .T. ) ;
#3020 = ORIENTED_EDGE ( 'NONE', *, *, #5165, .T. ) ;
#3021 = VERTEX_POINT ( 'NONE', #1823 ) ;
#3022 = ORIENTED_EDGE ( 'NONE', *, *, #4197, .T. ) ;
#3023 = DIRECTION ( 'NONE',  ( 0.0000000000000000000, -0.4999999999999982792, 0.8660254037844397068 ) ) ;
#3024 = DIRECTION ( 'NONE',  ( 0.0000000000000000000, 1.000000000000000000, 0.0000000000000000000 ) ) ;
#3025 = SURFACE_STYLE_USAGE ( .BOTH. , #2569 ) ;
#3026 = LINE ( 'NONE', #2320, #2248 ) ;
#3027 = DIRECTION ( 'NONE',  ( -1.000000000000000000, 0.0000000000000000000, 0.0000000000000000000 ) ) ;
#3028 = CARTESIAN_POINT ( 'NONE',  ( -0.1000000000000000056, 0.09900000000000000466, 0.0000000000000000000 ) ) ;
#3029 = VECTOR ( 'NONE', #4502, 39.37007874015747433 ) ;
#3030 = DIRECTION ( 'NONE',  ( 0.4472135954999566509, 0.7745966692414848476, -0.4472135954999566509 ) ) ;
#3031 = PRESENTATION_LAYER_ASSIGNMENT (  '', '', ( #2361 ) ) ;
#3032 = ORIENTED_EDGE ( 'NONE', *, *, #5055, .F. ) ;
#3033 = LENGTH_MEASURE_WITH_UNIT ( LENGTH_MEASURE( 0.02539999999999999897 ), #2679 );
#3034 = EDGE_CURVE ( 'NONE', #556, #500, #5859, .T. ) ;
#3035 = CARTESIAN_POINT ( 'NONE',  ( -0.04000000000000000083, 0.02450000000000000441, 0.01580951894845298786 ) ) ;
#3036 = CARTESIAN_POINT ( 'NONE',  ( -0.07500000000000002498, 0.07450000000000002454, -0.06749999999999997669 ) ) ;
#3037 = VECTOR ( 'NONE', #5230, 39.37007874015748143 ) ;
#3038 = ADVANCED_FACE ( 'NONE', ( #4820 ), #3369, .F. ) ;
#3039 = EDGE_CURVE ( 'NONE', #793, #2018, #2051, .T. ) ;
#3040 = VECTOR ( 'NONE', #891, 39.37007874015748143 ) ;
#3041 = CARTESIAN_POINT ( 'NONE',  ( -0.05800000000000001682, 0.09900000000000000466, -0.03300000000000000155 ) ) ;
#3042 = VECTOR ( 'NONE', #1158, 39.37007874015748854 ) ;
#3043 = AXIS2_PLACEMENT_3D ( 'NONE', #4981, #2676, #1557 ) ;
#3044 = CARTESIAN_POINT ( 'NONE',  ( -0.07500000000000002498, 0.07449999999999999678, 0.06749999999999997669 ) ) ;
#3045 = LINE ( 'NONE', #4225, #4206 ) ;
#3046 = DIRECTION ( 'NONE',  ( -0.0000000000000000000, 1.000000000000000000, -0.0000000000000000000 ) ) ;
#3047 = EDGE_CURVE ( 'NONE', #1257, #3102, #4591, .T. ) ;
#3048 = CARTESIAN_POINT ( 'NONE',  ( 0.002226497308103713140, 0.2190000000000000002, -0.02722649730810373578 ) ) ;
#3049 = DIRECTION ( 'NONE',  ( 0.2588190451025213501, 0.0000000000000000000, 0.9659258262890679791 ) ) ;
#3050 = VECTOR ( 'NONE', #4014, 39.37007874015748143 ) ;
#3051 = CARTESIAN_POINT ( 'NONE',  ( 0.04000000000000000083, 0.02450000000000000441, -0.04250000000000001693 ) ) ;
#3052 = CARTESIAN_POINT ( 'NONE',  ( -0.07500000000000002498, 0.02450000000000000441, 0.06749999999999997669 ) ) ;
#3053 = CARTESIAN_POINT ( 'NONE',  ( 0.04000000000000000083, 0.02450000000000000441, -0.04250000000000001693 ) ) ;
#3054 = PRESENTATION_STYLE_ASSIGNMENT (( #5778 ) ) ;
#3055 = CARTESIAN_POINT ( 'NONE',  ( -0.03080127018922191803, 0.09900000000000000466, 0.04250000000000001693 ) ) ;
#3056 =( NAMED_UNIT ( * ) PLANE_ANGLE_UNIT ( ) SI_UNIT ( $, .RADIAN. ) );
#3057 = LENGTH_MEASURE_WITH_UNIT ( LENGTH_MEASURE( 0.02539999999999999897 ), #5892 );
#3059 =( NAMED_UNIT ( * ) SI_UNIT ( $, .STERADIAN. ) SOLID_ANGLE_UNIT ( ) );
#3058 = DIRECTION ( 'NONE',  ( 1.000000000000000000, -0.0000000000000000000, -0.0000000000000000000 ) ) ;
#3060 = ORIENTED_EDGE ( 'NONE', *, *, #871, .F. ) ;
#3061 = DIMENSIONAL_EXPONENTS ( 1.000000000000000000, 0.0000000000000000000, 0.0000000000000000000, 0.0000000000000000000, 0.0000000000000000000, 0.0000000000000000000, 0.0000000000000000000 ) ;
#3062 = COLOUR_RGB ( '',0.9686274509803921573, 0.8784313725490195957, 0.5999999999999999778 ) ;
#3063 = CARTESIAN_POINT ( 'NONE',  ( 0.01919872981077808821, 0.0000000000000000000, -0.04250000000000001693 ) ) ;
#3064 = CARTESIAN_POINT ( 'NONE',  ( -0.05321880215351700028, 0.2284315353299545825, 0.02178119784648302470 ) ) ;
#3065 = CARTESIAN_POINT ( 'NONE',  ( 0.07499999999999999722, 0.02449999999999998707, -0.06749999999999997669 ) ) ;
#3066 = CARTESIAN_POINT ( 'NONE',  ( 0.05799999999999998906, -0.2026274169979695450, -0.03300000000000000155 ) ) ;
#3067 = PLANE ( 'NONE',  #2909 ) ;
#3068 = PLANE ( 'NONE',  #1049 ) ;
#3069 = ORIENTED_EDGE ( 'NONE', *, *, #2134, .T. ) ;
#3070 = EDGE_CURVE ( 'NONE', #2474, #500, #3516, .T. ) ;
#3071 = DIRECTION ( 'NONE',  ( 0.0000000000000000000, 0.0000000000000000000, 1.000000000000000000 ) ) ;
#3072 = EDGE_LOOP ( 'NONE', ( #1319, #3879, #5898, #3302 ) ) ;
#3073 = EDGE_CURVE ( 'NONE', #2867, #1274, #5624, .T. ) ;
#3074 = AXIS2_PLACEMENT_3D ( 'NONE', #846, #4282, #1344 ) ;
#3075 = VECTOR ( 'NONE', #3449, 39.37007874015748143 ) ;
#3076 = EDGE_CURVE ( 'NONE', #852, #6262, #3273, .T. ) ;
#3077 = SURFACE_STYLE_USAGE ( .BOTH. , #5010 ) ;
#3078 = STYLED_ITEM ( 'NONE', ( #5313 ), #829 ) ;
#3079 = CARTESIAN_POINT ( 'NONE',  ( -0.04200000000000002343, 0.09900000000000000466, -0.01700000000000000122 ) ) ;
#3081 = CARTESIAN_POINT ( 'NONE',  ( 0.04199999999999998873, -0.08999999999999999667, -0.01700000000000000122 ) ) ;
#3080 = DIRECTION ( 'NONE',  ( 0.0000000000000000000, -1.000000000000000000, 0.0000000000000000000 ) ) ;
#3082 = EDGE_CURVE ( 'NONE', #3468, #1056, #3910, .T. ) ;
#3083 = ORIENTED_EDGE ( 'NONE', *, *, #1566, .T. ) ;
#3084 = VERTEX_POINT ( 'NONE', #1346 ) ;
#3085 = AXIS2_PLACEMENT_3D ( 'NONE', #4142, #2671, #3678 ) ;
#3086 = DIRECTION ( 'NONE',  ( 0.0000000000000000000, -1.000000000000000000, 0.0000000000000000000 ) ) ;
#3087 = VERTEX_POINT ( 'NONE', #1893 ) ;
#3088 = CARTESIAN_POINT ( 'NONE',  ( -0.07500000000000002498, 0.02449999999999998707, -0.06749999999999997669 ) ) ;
#3089 = ORIENTED_EDGE ( 'NONE', *, *, #5764, .T. ) ;
#3090 = ORIENTED_EDGE ( 'NONE', *, *, #2526, .T. ) ;
#3091 = PLANE ( 'NONE',  #4448 ) ;
#3092 = ORIENTED_EDGE ( 'NONE', *, *, #946, .T. ) ;
#3093 = CARTESIAN_POINT ( 'NONE',  ( -0.006781197846482980157, 0.2111110272542658373, -0.01821880215351704205 ) ) ;
#3094 = ORIENTED_EDGE ( 'NONE', *, *, #5165, .F. ) ;
#3095 = SURFACE_STYLE_FILL_AREA ( #2877 ) ;
#3096 = LINE ( 'NONE', #220, #6203 ) ;
#3097 = ORIENTED_EDGE ( 'NONE', *, *, #2504, .F. ) ;
#3098 = ORIENTED_EDGE ( 'NONE', *, *, #1928, .F. ) ;
#3099 = CARTESIAN_POINT ( 'NONE',  ( -0.008218802153516979389, 0.2370917893677989552, -0.03321880215351695476 ) ) ;
#3100 = ORIENTED_EDGE ( 'NONE', *, *, #5798, .F. ) ;
#3101 = LINE ( 'NONE', #5259, #1500 ) ;
#3102 = VERTEX_POINT ( 'NONE', #453 ) ;
#3103 = ORIENTED_EDGE ( 'NONE', *, *, #3661, .T. ) ;
#3104 = DIRECTION ( 'NONE',  ( 0.0000000000000000000, 0.0000000000000000000, -1.000000000000000000 ) ) ;
#3105 = ORIENTED_EDGE ( 'NONE', *, *, #1758, .F. ) ;
#3107 = CARTESIAN_POINT ( 'NONE',  ( -0.05800000000000001682, 0.09900000000000000466, -0.01700000000000000122 ) ) ;
#3106 = CARTESIAN_POINT ( 'NONE',  ( -0.04200000000000002343, -0.2026274169979695450, -0.03300000000000000155 ) ) ;
#3108 = ADVANCED_FACE ( 'NONE', ( #5330 ), #1872, .T. ) ;
#3109 = VECTOR ( 'NONE', #4790, 39.37007874015748143 ) ;
#3110 = VECTOR ( 'NONE', #4887, 39.37007874015748143 ) ;
#3111 = LINE ( 'NONE', #3445, #3809 ) ;
#3112 = ORIENTED_EDGE ( 'NONE', *, *, #3402, .T. ) ;
#3113 = DIRECTION ( 'NONE',  ( 1.000000000000000000, 0.0000000000000000000, 0.0000000000000000000 ) ) ;
#3114 = DIRECTION ( 'NONE',  ( 0.0000000000000000000, 1.000000000000000000, 0.0000000000000000000 ) ) ;
#3115 = LINE ( 'NONE', #2481, #3260 ) ;
#3117 = VECTOR ( 'NONE', #451, 39.37007874015748143 ) ;
#3116 = DIRECTION ( 'NONE',  ( -0.0000000000000000000, 1.000000000000000000, -0.0000000000000000000 ) ) ;
#3118 = LENGTH_MEASURE_WITH_UNIT ( LENGTH_MEASURE( 0.02539999999999999897 ), #3734 );
#3119 = PRESENTATION_LAYER_ASSIGNMENT (  '', '', ( #910 ) ) ;
#3120 = MECHANICAL_DESIGN_GEOMETRIC_PRESENTATION_REPRESENTATION (  '', ( #3573 ), #3941 ) ;
#3121 = EDGE_CURVE ( 'NONE', #1046, #4182, #1297, .T. ) ;
#3122 = CARTESIAN_POINT ( 'NONE',  ( 0.07499999999999999722, 0.07450000000000002454, -0.04749999999999998668 ) ) ;
#3123 = FACE_OUTER_BOUND ( 'NONE', #4952, .T. ) ;
#3124 = LINE ( 'NONE', #744, #524 ) ;
#3125 = FACE_OUTER_BOUND ( 'NONE', #3253, .T. ) ;
#3126 = VECTOR ( 'NONE', #6061, 39.37007874015748143 ) ;
#3127 = UNCERTAINTY_MEASURE_WITH_UNIT (LENGTH_MEASURE( 1.000000000000000082E-05 ), #5910, 'distance_accuracy_value', 'NONE');
#3129 =( NAMED_UNIT ( * ) SI_UNIT ( $, .STERADIAN. ) SOLID_ANGLE_UNIT ( ) );
#3128 =( NAMED_UNIT ( * ) PLANE_ANGLE_UNIT ( ) SI_UNIT ( $, .RADIAN. ) );
#3130 = DIRECTION ( 'NONE',  ( 0.0000000000000000000, 1.000000000000000000, 0.0000000000000000000 ) ) ;
#3131 = EDGE_CURVE ( 'NONE', #1475, #6143, #1156, .T. ) ;
#3132 = DIRECTION ( 'NONE',  ( -1.000000000000000000, 0.0000000000000000000, 0.0000000000000000000 ) ) ;
#3133 = CARTESIAN_POINT ( 'NONE',  ( 0.04199999999999998873, 0.0000000000000000000, 0.03300000000000000155 ) ) ;
#3134 = LINE ( 'NONE', #991, #4898 ) ;
#3135 = ADVANCED_FACE ( 'NONE', ( #3749 ), #2513, .F. ) ;
#3136 = DIRECTION ( 'NONE',  ( 0.0000000000000000000, 0.0000000000000000000, 1.000000000000000000 ) ) ;
#3137 = EDGE_LOOP ( 'NONE', ( #2923, #2777, #5217, #1047 ) ) ;
#3138 = DIRECTION ( 'NONE',  ( -0.0000000000000000000, -0.0000000000000000000, -1.000000000000000000 ) ) ;
#3139 = EDGE_LOOP ( 'NONE', ( #5833, #4852, #3392, #971 ) ) ;
#3140 = ORIENTED_EDGE ( 'NONE', *, *, #3416, .F. ) ;
#3141 = CARTESIAN_POINT ( 'NONE',  ( -0.008000000000000015779, -0.2026274169979695450, -0.01700000000000000122 ) ) ;
#3142 = ORIENTED_EDGE ( 'NONE', *, *, #4803, .F. ) ;
#3143 = STYLED_ITEM ( 'NONE', ( #2614 ), #5095 ) ;
#3144 = LINE ( 'NONE', #83, #3075 ) ;
#3145 = DIRECTION ( 'NONE',  ( 0.8660254037844397068, -0.4999999999999982792, 0.0000000000000000000 ) ) ;
#3146 = DIRECTION ( 'NONE',  ( 1.000000000000000000, 0.0000000000000000000, 0.0000000000000000000 ) ) ;
#3147 = CARTESIAN_POINT ( 'NONE',  ( 0.04000000000000000083, 0.07449999999999999678, 0.04250000000000001693 ) ) ;
#3148 = PLANE ( 'NONE',  #3750 ) ;
#3149 = ORIENTED_EDGE ( 'NONE', *, *, #3924, .F. ) ;
#3150 = ORIENTED_EDGE ( 'NONE', *, *, #5969, .T. ) ;
#3151 = VECTOR ( 'NONE', #3898, 39.37007874015748143 ) ;
#3152 = EDGE_CURVE ( 'NONE', #4421, #2018, #6087, .T. ) ;
#3153 = CARTESIAN_POINT ( 'NONE',  ( -0.05800000000000001682, 0.09900000000000000466, -0.03300000000000000155 ) ) ;
#3154 = EDGE_CURVE ( 'NONE', #2616, #653, #915, .T. ) ;
#3155 = PRESENTATION_LAYER_ASSIGNMENT (  '', '', ( #2289 ) ) ;
#3156 = ORIENTED_EDGE ( 'NONE', *, *, #1720, .F. ) ;
#3157 = ORIENTED_EDGE ( 'NONE', *, *, #1398, .T. ) ;
#3158 = ORIENTED_EDGE ( 'NONE', *, *, #3995, .F. ) ;
#3159 =( GEOMETRIC_REPRESENTATION_CONTEXT ( 3 ) GLOBAL_UNCERTAINTY_ASSIGNED_CONTEXT ( ( #4618 ) ) GLOBAL_UNIT_ASSIGNED_CONTEXT ( ( #1750, #1196, #231 ) ) REPRESENTATION_CONTEXT ( 'NONE', 'WORKASPACE' ) );
#3160 = DIRECTION ( 'NONE',  ( -0.0000000000000000000, 1.000000000000000000, -0.0000000000000000000 ) ) ;
#3161 = FILL_AREA_STYLE_COLOUR ( '', #3963 ) ;
#3162 = EDGE_CURVE ( 'NONE', #3217, #4148, #3993, .T. ) ;
#3163 = ADVANCED_FACE ( 'NONE', ( #2886 ), #2910, .F. ) ;
#3164 = ORIENTED_EDGE ( 'NONE', *, *, #3082, .F. ) ;
#3165 = LENGTH_MEASURE_WITH_UNIT ( LENGTH_MEASURE( 0.02539999999999999897 ), #5821 );
#3166 = EDGE_LOOP ( 'NONE', ( #4325, #804, #4093, #5303 ) ) ;
#3167 = VERTEX_POINT ( 'NONE', #3975 ) ;
#3168 = EDGE_LOOP ( 'NONE', ( #2702, #4620, #4456, #4015 ) ) ;
#3169 = DIRECTION ( 'NONE',  ( -0.0000000000000000000, 1.000000000000000000, -0.0000000000000000000 ) ) ;
#3170 = VECTOR ( 'NONE', #5493, 39.37007874015748143 ) ;
#3171 = VECTOR ( 'NONE', #1912, 39.37007874015748143 ) ;
#3172 = CARTESIAN_POINT ( 'NONE',  ( -0.05800000000000001682, 0.0000000000000000000, 0.01700000000000000122 ) ) ;
#3174 = DIRECTION ( 'NONE',  ( 0.0000000000000000000, -1.000000000000000000, 0.0000000000000000000 ) ) ;
#3173 = FACE_OUTER_BOUND ( 'NONE', #3072, .T. ) ;
#3175 = VERTEX_POINT ( 'NONE', #551 ) ;
#3176 = DIRECTION ( 'NONE',  ( 0.0000000000000000000, 0.0000000000000000000, 1.000000000000000000 ) ) ;
#3177 = EDGE_LOOP ( 'NONE', ( #121, #2459, #5672, #6266 ) ) ;
#3178 = ORIENTED_EDGE ( 'NONE', *, *, #6086, .F. ) ;
#3179 = LINE ( 'NONE', #2005, #2947 ) ;
#3180 = FACE_OUTER_BOUND ( 'NONE', #4837, .T. ) ;
#3181 = CARTESIAN_POINT ( 'NONE',  ( -0.06500000000000002998, 0.02450000000000000441, 0.05749999999999998168 ) ) ;
#3182 = FACE_OUTER_BOUND ( 'NONE', #4096, .T. ) ;
#3183 = VERTEX_POINT ( 'NONE', #3421 ) ;
#3184 = DIRECTION ( 'NONE',  ( -0.0000000000000000000, -1.000000000000000000, -0.0000000000000000000 ) ) ;
#3185 = SURFACE_STYLE_FILL_AREA ( #3225 ) ;
#3186 = LINE ( 'NONE', #4729, #5167 ) ;
#3187 = DIMENSIONAL_EXPONENTS ( 1.000000000000000000, 0.0000000000000000000, 0.0000000000000000000, 0.0000000000000000000, 0.0000000000000000000, 0.0000000000000000000, 0.0000000000000000000 ) ;
#3188 = VECTOR ( 'NONE', #700, 39.37007874015748143 ) ;
#3189 = DIRECTION ( 'NONE',  ( -1.000000000000000000, 0.0000000000000000000, 0.0000000000000000000 ) ) ;
#3190 = FACE_BOUND ( 'NONE', #725, .T. ) ;
#3191 = CARTESIAN_POINT ( 'NONE',  ( -0.04200000000000002343, 0.09900000000000000466, -0.03300000000000000155 ) ) ;
#3192 = PLANE ( 'NONE',  #821 ) ;
#3193 = FACE_BOUND ( 'NONE', #3168, .T. ) ;
#3194 = EDGE_CURVE ( 'NONE', #2019, #3874, #1291, .T. ) ;
#3195 = CARTESIAN_POINT ( 'NONE',  ( -0.008000000000000015779, 0.0000000000000000000, 0.01700000000000000122 ) ) ;
#3196 = EDGE_CURVE ( 'NONE', #5514, #5989, #3674, .T. ) ;
#3197 = PRESENTATION_LAYER_ASSIGNMENT (  '', '', ( #5156 ) ) ;
#3198 = VECTOR ( 'NONE', #745, 39.37007874015748143 ) ;
#3199 = ADVANCED_FACE ( 'NONE', ( #6246 ), #1953, .T. ) ;
#3200 =( GEOMETRIC_REPRESENTATION_CONTEXT ( 3 ) GLOBAL_UNCERTAINTY_ASSIGNED_CONTEXT ( ( #1019 ) ) GLOBAL_UNIT_ASSIGNED_CONTEXT ( ( #830, #6260, #4716 ) ) REPRESENTATION_CONTEXT ( 'NONE', 'WORKASPACE' ) );
#3201 = EDGE_CURVE ( 'NONE', #5270, #3645, #4209, .T. ) ;
#3202 = VECTOR ( 'NONE', #2937, 39.37007874015748143 ) ;
#3203 = DIRECTION ( 'NONE',  ( -0.2588190451025214611, 0.0000000000000000000, 0.9659258262890679791 ) ) ;
#3204 = CARTESIAN_POINT ( 'NONE',  ( 0.04199999999999998873, 0.09900000000000000466, -0.01700000000000000122 ) ) ;
#3205 = CARTESIAN_POINT ( 'NONE',  ( 0.04178119784648302859, 0.2370917893677989552, -0.03321880215351695476 ) ) ;
#3206 = UNCERTAINTY_MEASURE_WITH_UNIT (LENGTH_MEASURE( 1.000000000000000082E-05 ), #2983, 'distance_accuracy_value', 'NONE');
#3207 = VECTOR ( 'NONE', #5260, 39.37007874015748143 ) ;
#3208 = DIRECTION ( 'NONE',  ( -0.0000000000000000000, -1.000000000000000000, 0.0000000000000000000 ) ) ;
#3209 = DIRECTION ( 'NONE',  ( 0.4472135954999568730, -0.7745966692414849586, -0.4472135954999564289 ) ) ;
#3210 = SURFACE_STYLE_USAGE ( .BOTH. , #6111 ) ;
#3211 = CARTESIAN_POINT ( 'NONE',  ( 0.01250000000000000243, 0.02450000000000000441, 0.06750000000000001832 ) ) ;
#3212 = CARTESIAN_POINT ( 'NONE',  ( -0.01000000000000000368, 0.07449999999999999678, 0.01580951894845298786 ) ) ;
#3213 = VERTEX_POINT ( 'NONE', #1991 ) ;
#3214 = VECTOR ( 'NONE', #6197, 39.37007874015748143 ) ;
#3215 = CARTESIAN_POINT ( 'NONE',  ( -0.04000000000000000777, 0.07449999999999999678, -0.01580951894845298786 ) ) ;
#3216 = DIMENSIONAL_EXPONENTS ( 1.000000000000000000, 0.0000000000000000000, 0.0000000000000000000, 0.0000000000000000000, 0.0000000000000000000, 0.0000000000000000000, 0.0000000000000000000 ) ;
#3217 = VERTEX_POINT ( 'NONE', #2442 ) ;
#3218 = CARTESIAN_POINT ( 'NONE',  ( -0.03749999999999999861, 0.0000000000000000000, -0.06750000000000001832 ) ) ;
#3219 = ORIENTED_EDGE ( 'NONE', *, *, #5554, .F. ) ;
#3220 = ADVANCED_FACE ( 'NONE', ( #1742 ), #2465, .T. ) ;
#3221 = VECTOR ( 'NONE', #4990, 39.37007874015748143 ) ;
#3222 = DIRECTION ( 'NONE',  ( 1.000000000000000000, -0.0000000000000000000, 0.0000000000000000000 ) ) ;
#3223 = DIRECTION ( 'NONE',  ( 0.0000000000000000000, 0.0000000000000000000, 1.000000000000000000 ) ) ;
#3224 = AXIS2_PLACEMENT_3D ( 'NONE', #931, #4360, #381 ) ;
#3225 = FILL_AREA_STYLE ('',( #4166 ) ) ;
#3226 = ORIENTED_EDGE ( 'NONE', *, *, #2334, .F. ) ;
#3227 = VERTEX_POINT ( 'NONE', #2426 ) ;
#3228 = AXIS2_PLACEMENT_3D ( 'NONE', #2139, #1188, #4622 ) ;
#3229 = ORIENTED_EDGE ( 'NONE', *, *, #1235, .F. ) ;
#3230 = DIRECTION ( 'NONE',  ( 0.0000000000000000000, 0.0000000000000000000, 1.000000000000000000 ) ) ;
#3231 = DIRECTION ( 'NONE',  ( -1.000000000000000000, 0.0000000000000000000, 0.0000000000000000000 ) ) ;
#3232 = EDGE_CURVE ( 'NONE', #1715, #1389, #5693, .T. ) ;
#3233 = ORIENTED_EDGE ( 'NONE', *, *, #3924, .T. ) ;
#3234 = ORIENTED_EDGE ( 'NONE', *, *, #2417, .F. ) ;
#3235 = VERTEX_POINT ( 'NONE', #1454 ) ;
#3236 = EDGE_LOOP ( 'NONE', ( #2068, #2710, #1185, #3637 ) ) ;
#3237 = CARTESIAN_POINT ( 'NONE',  ( -0.008000000000000015779, 0.2089999999999999358, -0.03300000000000000155 ) ) ;
#3238 = CARTESIAN_POINT ( 'NONE',  ( 0.04199999999999998873, 0.0000000000000000000, 0.01700000000000000122 ) ) ;
#3239 = VECTOR ( 'NONE', #5183, 39.37007874015748143 ) ;
#3240 = LINE ( 'NONE', #3545, #5659 ) ;
#3241 = COLOUR_RGB ( '',0.9686274509803921573, 0.8784313725490195957, 0.5999999999999999778 ) ;
#3242 = ORIENTED_EDGE ( 'NONE', *, *, #5154, .T. ) ;
#3243 = ORIENTED_EDGE ( 'NONE', *, *, #5122, .F. ) ;
#3244 = ORIENTED_EDGE ( 'NONE', *, *, #2740, .F. ) ;
#3245 = DIRECTION ( 'NONE',  ( 0.0000000000000000000, -0.0000000000000000000, -1.000000000000000000 ) ) ;
#3246 = EDGE_CURVE ( 'NONE', #1111, #5951, #1597, .T. ) ;
#3247 = VECTOR ( 'NONE', #4147, 39.37007874015748143 ) ;
#3248 = DIRECTION ( 'NONE',  ( -1.000000000000000000, -0.0000000000000000000, -0.0000000000000000000 ) ) ;
#3249 = COLOUR_RGB ( '',0.9686274509803921573, 0.8784313725490195957, 0.5999999999999999778 ) ;
#3250 = ORIENTED_EDGE ( 'NONE', *, *, #4883, .T. ) ;
#3251 = VERTEX_POINT ( 'NONE', #2492 ) ;
#3252 = DIRECTION ( 'NONE',  ( 0.2588190451025213501, -0.0000000000000000000, -0.9659258262890682012 ) ) ;
#3253 = EDGE_LOOP ( 'NONE', ( #592, #2837, #717, #323 ) ) ;
#3254 =( NAMED_UNIT ( * ) PLANE_ANGLE_UNIT ( ) SI_UNIT ( $, .RADIAN. ) );
#3255 = CARTESIAN_POINT ( 'NONE',  ( -0.01250000000000000763, 0.07449999999999999678, 0.06749999999999997669 ) ) ;
#3256 = FACE_OUTER_BOUND ( 'NONE', #4748, .T. ) ;
#3257 = FACE_OUTER_BOUND ( 'NONE', #1281, .T. ) ;
#3258 = ADVANCED_FACE ( 'NONE', ( #2355 ), #1026, .F. ) ;
#3259 = ORIENTED_EDGE ( 'NONE', *, *, #1645, .T. ) ;
#3260 = VECTOR ( 'NONE', #2974, 39.37007874015748143 ) ;
#3261 = LINE ( 'NONE', #5776, #6312 ) ;
#3262 = DIRECTION ( 'NONE',  ( 0.0000000000000000000, 0.0000000000000000000, 1.000000000000000000 ) ) ;
#3263 = DIRECTION ( 'NONE',  ( -0.0000000000000000000, -1.000000000000000000, -0.0000000000000000000 ) ) ;
#3264 = PLANE ( 'NONE',  #2575 ) ;
#3265 = FACE_OUTER_BOUND ( 'NONE', #5733, .T. ) ;
#3266 = DIRECTION ( 'NONE',  ( -1.000000000000000000, -0.0000000000000000000, -0.0000000000000000000 ) ) ;
#3267 = VECTOR ( 'NONE', #4170, 39.37007874015748854 ) ;
#3268 = DIRECTION ( 'NONE',  ( 5.691349986800548372E-17, -0.0000000000000000000, 1.000000000000000000 ) ) ;
#3269 = CARTESIAN_POINT ( 'NONE',  ( 0.07499999999999999722, 0.09900000000000000466, -0.04749999999999998668 ) ) ;
#3270 = DIRECTION ( 'NONE',  ( -0.0000000000000000000, 0.0000000000000000000, 1.000000000000000000 ) ) ;
#3271 = DIRECTION ( 'NONE',  ( -0.0000000000000000000, -0.0000000000000000000, -1.000000000000000000 ) ) ;
#3272 = EDGE_CURVE ( 'NONE', #792, #2151, #4512, .T. ) ;
#3273 = LINE ( 'NONE', #934, #300 ) ;
#3274 = PRODUCT_DEFINITION ( 'UNKNOWN', '', #2951, #2010 ) ;
#3275 = EDGE_CURVE ( 'NONE', #4395, #5011, #1676, .T. ) ;
#3276 = MANIFOLD_SOLID_BREP ( 'LPattern5[3]', #6271 ) ;
#3277 = AXIS2_PLACEMENT_3D ( 'NONE', #3770, #347, #5267 ) ;
#3278 =( LENGTH_UNIT ( ) NAMED_UNIT ( * ) SI_UNIT ( $, .METRE. ) );
#3279 = DIMENSIONAL_EXPONENTS ( 1.000000000000000000, 0.0000000000000000000, 0.0000000000000000000, 0.0000000000000000000, 0.0000000000000000000, 0.0000000000000000000, 0.0000000000000000000 ) ;
#3280 = LINE ( 'NONE', #3007, #1457 ) ;
#3281 = PLANE ( 'NONE',  #2207 ) ;
#3282 = CARTESIAN_POINT ( 'NONE',  ( -0.008000000000000015779, 0.2190000000000000002, 0.01700000000000000122 ) ) ;
#3283 = EDGE_CURVE ( 'NONE', #2540, #2953, #4286, .T. ) ;
#3284 = ORIENTED_EDGE ( 'NONE', *, *, #5424, .F. ) ;
#3285 = CARTESIAN_POINT ( 'NONE',  ( 0.007999999999999981085, 0.2190000000000000002, 0.03300000000000000155 ) ) ;
#3286 = VECTOR ( 'NONE', #2738, 39.37007874015748143 ) ;
#3287 = CARTESIAN_POINT ( 'NONE',  ( 0.07499999999999999722, 0.0000000000000000000, 0.06749999999999999056 ) ) ;
#3288 = ADVANCED_FACE ( 'NONE', ( #5325 ), #2546, .T. ) ;
#3289 = CARTESIAN_POINT ( 'NONE',  ( 0.03750000000000001249, 0.0000000000000000000, -0.06750000000000001832 ) ) ;
#3290 = VERTEX_POINT ( 'NONE', #1496 ) ;
#3291 = EDGE_LOOP ( 'NONE', ( #3373, #5512, #4393, #2851 ) ) ;
#3292 = LINE ( 'NONE', #6231, #5944 ) ;
#3293 = CARTESIAN_POINT ( 'NONE',  ( -0.04200000000000002343, 0.09900000000000000466, -0.03300000000000000155 ) ) ;
#3294 = CARTESIAN_POINT ( 'NONE',  ( -0.04200000000000002343, -0.08999999999999999667, 0.03300000000000000155 ) ) ;
#3295 = CARTESIAN_POINT ( 'NONE',  ( 0.007999999999999981085, 0.09900000000000000466, -0.03300000000000000155 ) ) ;
#3296 = VERTEX_POINT ( 'NONE', #4585 ) ;
#3297 = CYLINDRICAL_SURFACE ( 'NONE', #2735, 0.009999999999999995004 ) ;
#3298 =( LENGTH_UNIT ( ) NAMED_UNIT ( * ) SI_UNIT ( $, .METRE. ) );
#3299 = CARTESIAN_POINT ( 'NONE',  ( -0.008000000000000015779, 0.0000000000000000000, 0.03300000000000000155 ) ) ;
#3300 = DIRECTION ( 'NONE',  ( 0.0000000000000000000, 0.0000000000000000000, 1.000000000000000000 ) ) ;
#3301 = ORIENTED_EDGE ( 'NONE', *, *, #3861, .F. ) ;
#3302 = ORIENTED_EDGE ( 'NONE', *, *, #3739, .F. ) ;
#3303 = LENGTH_MEASURE_WITH_UNIT ( LENGTH_MEASURE( 0.02539999999999999897 ), #5641 );
#3304 = FILL_AREA_STYLE_COLOUR ( '', #1782 ) ;
#3305 = CARTESIAN_POINT ( 'NONE',  ( -0.07500000000000002498, 0.02449999999999998707, -0.04749999999999998668 ) ) ;
#3306 = VERTEX_POINT ( 'NONE', #4060 ) ;
#3307 = CARTESIAN_POINT ( 'NONE',  ( 0.04199999999999998873, 0.0000000000000000000, -0.03300000000000000155 ) ) ;
#3308 = EDGE_LOOP ( 'NONE', ( #788, #1121, #1728, #1774 ) ) ;
#3309 = EDGE_CURVE ( 'NONE', #4681, #1867, #4506, .T. ) ;
#3310 = CARTESIAN_POINT ( 'NONE',  ( 0.03750000000000001249, 0.0000000000000000000, -0.06750000000000001832 ) ) ;
#3311 = AXIS2_PLACEMENT_3D ( 'NONE', #3088, #4594, #5078 ) ;
#3312 = PRESENTATION_STYLE_ASSIGNMENT (( #4982 ) ) ;
#3313 = AXIS2_PLACEMENT_3D ( 'NONE', #1550, #2523, #3027 ) ;
#3314 = VERTEX_POINT ( 'NONE', #2058 ) ;
#3315 = SURFACE_STYLE_FILL_AREA ( #6187 ) ;
#3316 = ORIENTED_EDGE ( 'NONE', *, *, #3741, .F. ) ;
#3317 = DIRECTION ( 'NONE',  ( 0.0000000000000000000, -0.0000000000000000000, 1.000000000000000000 ) ) ;
#3318 = EDGE_CURVE ( 'NONE', #4767, #2606, #3509, .T. ) ;
#3319 = ORIENTED_EDGE ( 'NONE', *, *, #1839, .T. ) ;
#3320 = EDGE_LOOP ( 'NONE', ( #2986, #4343, #1258, #4450 ) ) ;
#3321 = ADVANCED_FACE ( 'NONE', ( #3349 ), #5049, .F. ) ;
#3322 = LINE ( 'NONE', #3684, #5668 ) ;
#3323 = CARTESIAN_POINT ( 'NONE',  ( 0.04199999999999998873, 0.0000000000000000000, -0.01700000000000000122 ) ) ;
#3324 = VECTOR ( 'NONE', #1032, 39.37007874015748143 ) ;
#3325 = VECTOR ( 'NONE', #4470, 39.37007874015748143 ) ;
#3326 = VERTEX_POINT ( 'NONE', #105 ) ;
#3327 = ORIENTED_EDGE ( 'NONE', *, *, #2654, .T. ) ;
#3328 = DIRECTION ( 'NONE',  ( 0.0000000000000000000, 0.0000000000000000000, 1.000000000000000000 ) ) ;
#3329 = ORIENTED_EDGE ( 'NONE', *, *, #5477, .F. ) ;
#3330 = CARTESIAN_POINT ( 'NONE',  ( -0.002226497308103747401, 0.2190000000000000002, 0.0000000000000000000 ) ) ;
#3331 = MECHANICAL_DESIGN_GEOMETRIC_PRESENTATION_REPRESENTATION (  '', ( #4529 ), #5932 ) ;
#3332 = FACE_OUTER_BOUND ( 'NONE', #409, .T. ) ;
#3333 = LINE ( 'NONE', #6048, #199 ) ;
#3334 = COLOUR_RGB ( '',0.9686274509803921573, 0.8784313725490195957, 0.5999999999999999778 ) ;
#3335 =( NAMED_UNIT ( * ) PLANE_ANGLE_UNIT ( ) SI_UNIT ( $, .RADIAN. ) );
#3336 = CARTESIAN_POINT ( 'NONE',  ( 0.01919872981077808821, 0.0000000000000000000, 0.04250000000000001693 ) ) ;
#3337 = EDGE_LOOP ( 'NONE', ( #2637, #4547, #3693, #5408 ) ) ;
#3338 = SURFACE_STYLE_FILL_AREA ( #6282 ) ;
#3339 = PRESENTATION_STYLE_ASSIGNMENT (( #306 ) ) ;
#3340 = PLANE ( 'NONE',  #1970 ) ;
#3341 = VECTOR ( 'NONE', #4290, 39.37007874015748143 ) ;
#3342 = DIRECTION ( 'NONE',  ( -0.0000000000000000000, 0.0000000000000000000, -1.000000000000000000 ) ) ;
#3343 = CARTESIAN_POINT ( 'NONE',  ( 0.04000000000000000083, 0.07449999999999999678, -0.04250000000000001693 ) ) ;
#3344 = FILL_AREA_STYLE_COLOUR ( '', #517 ) ;
#3345 = VECTOR ( 'NONE', #2868, 39.37007874015748143 ) ;
#3346 = LINE ( 'NONE', #1005, #284 ) ;
#3347 = VECTOR ( 'NONE', #2148, 39.37007874015748143 ) ;
#3348 = LINE ( 'NONE', #2126, #5318 ) ;
#3349 = FACE_OUTER_BOUND ( 'NONE', #48, .T. ) ;
#3350 = DIRECTION ( 'NONE',  ( 0.4472135954999568730, 0.7745966692414849586, 0.4472135954999564289 ) ) ;
#3351 = DIMENSIONAL_EXPONENTS ( 1.000000000000000000, 0.0000000000000000000, 0.0000000000000000000, 0.0000000000000000000, 0.0000000000000000000, 0.0000000000000000000, 0.0000000000000000000 ) ;
#3352 = DIRECTION ( 'NONE',  ( 0.0000000000000000000, -0.0000000000000000000, 1.000000000000000000 ) ) ;
#3353 = CARTESIAN_POINT ( 'NONE',  ( -0.05800000000000001682, -0.08999999999999999667, 0.03300000000000000155 ) ) ;
#3354 = CARTESIAN_POINT ( 'NONE',  ( 0.07499999999999999722, 0.0000000000000000000, -0.06750000000000003220 ) ) ;
#3355 = DIRECTION ( 'NONE',  ( -1.000000000000000000, 0.0000000000000000000, 0.0000000000000000000 ) ) ;
#3356 = ADVANCED_FACE ( 'NONE', ( #3125 ), #5484, .F. ) ;
#3357 = AXIS2_PLACEMENT_3D ( 'NONE', #109, #2026, #1558 ) ;
#3358 =( LENGTH_UNIT ( ) NAMED_UNIT ( * ) SI_UNIT ( $, .METRE. ) );
#3359 = EDGE_CURVE ( 'NONE', #3167, #3084, #1152, .T. ) ;
#3360 = VECTOR ( 'NONE', #5675, 39.37007874015748143 ) ;
#3361 = SURFACE_SIDE_STYLE ('',( #2865 ) ) ;
#3362 = CARTESIAN_POINT ( 'NONE',  ( 0.04199999999999998873, 0.09900000000000000466, 0.03300000000000000155 ) ) ;
#3363 = EDGE_CURVE ( 'NONE', #2328, #4528, #3595, .T. ) ;
#3364 = LINE ( 'NONE', #3723, #4003 ) ;
#3365 = AXIS2_PLACEMENT_3D ( 'NONE', #3330, #402, #3836 ) ;
#3366 = PLANE ( 'NONE',  #5741 ) ;
#3367 = DIRECTION ( 'NONE',  ( 0.0000000000000000000, 0.0000000000000000000, 1.000000000000000000 ) ) ;
#3368 = ORIENTED_EDGE ( 'NONE', *, *, #389, .F. ) ;
#3369 = PLANE ( 'NONE',  #1730 ) ;
#3370 = EDGE_CURVE ( 'NONE', #3638, #1320, #5855, .T. ) ;
#3371 = DIRECTION ( 'NONE',  ( 0.0000000000000000000, 0.0000000000000000000, -1.000000000000000000 ) ) ;
#3372 = ORIENTED_EDGE ( 'NONE', *, *, #1119, .F. ) ;
#3373 = ORIENTED_EDGE ( 'NONE', *, *, #5474, .T. ) ;
#3374 = SURFACE_STYLE_FILL_AREA ( #162 ) ;
#3375 = DIRECTION ( 'NONE',  ( 0.0000000000000000000, -0.0000000000000000000, 1.000000000000000000 ) ) ;
#3376 = DIRECTION ( 'NONE',  ( 0.0000000000000000000, 0.0000000000000000000, 1.000000000000000000 ) ) ;
#3377 = DIRECTION ( 'NONE',  ( -0.9659258262890680902, 0.0000000000000000000, -0.2588190451025215166 ) ) ;
#3378 = ORIENTED_EDGE ( 'NONE', *, *, #2657, .T. ) ;
#3379 = LENGTH_MEASURE_WITH_UNIT ( LENGTH_MEASURE( 0.02539999999999999897 ), #4050 );
#3380 = CARTESIAN_POINT ( 'NONE',  ( 0.03080127018922192497, 0.02450000000000000441, -0.04250000000000001693 ) ) ;
#3381 = DIRECTION ( 'NONE',  ( 0.0000000000000000000, -1.000000000000000000, 0.0000000000000000000 ) ) ;
#3382 = ADVANCED_FACE ( 'NONE', ( #4727 ), #3068, .F. ) ;
#3383 = ORIENTED_EDGE ( 'NONE', *, *, #2704, .F. ) ;
#3384 = ORIENTED_EDGE ( 'NONE', *, *, #4357, .F. ) ;
#3385 = ORIENTED_EDGE ( 'NONE', *, *, #2169, .T. ) ;
#3386 = DIRECTION ( 'NONE',  ( 1.000000000000000000, -0.0000000000000000000, -0.0000000000000000000 ) ) ;
#3387 = SURFACE_SIDE_STYLE ('',( #2419 ) ) ;
#3388 =( NAMED_UNIT ( * ) SI_UNIT ( $, .STERADIAN. ) SOLID_ANGLE_UNIT ( ) );
#3389 = EDGE_LOOP ( 'NONE', ( #5843, #5650, #4831, #4696 ) ) ;
#3390 = ORIENTED_EDGE ( 'NONE', *, *, #1139, .T. ) ;
#3391 = ORIENTED_EDGE ( 'NONE', *, *, #2325, .T. ) ;
#3392 = ORIENTED_EDGE ( 'NONE', *, *, #2417, .T. ) ;
#3393 = CARTESIAN_POINT ( 'NONE',  ( 0.05799999999999998906, 0.09900000000000000466, 0.01700000000000000122 ) ) ;
#3394 = CARTESIAN_POINT ( 'NONE',  ( -0.05800000000000001682, -0.08999999999999999667, -0.01700000000000000122 ) ) ;
#3395 = UNCERTAINTY_MEASURE_WITH_UNIT (LENGTH_MEASURE( 1.000000000000000082E-05 ), #2579, 'distance_accuracy_value', 'NONE');
#3396 = LINE ( 'NONE', #5681, #6129 ) ;
#3397 = CARTESIAN_POINT ( 'NONE',  ( -0.03749999999999999861, 0.0000000000000000000, 0.06750000000000001832 ) ) ;
#3398 = ORIENTED_EDGE ( 'NONE', *, *, #749, .F. ) ;
#3399 = LINE ( 'NONE', #4123, #5016 ) ;
#3400 = FACE_OUTER_BOUND ( 'NONE', #314, .T. ) ;
#3401 = ORIENTED_EDGE ( 'NONE', *, *, #539, .T. ) ;
#3402 = EDGE_CURVE ( 'NONE', #2932, #5019, #604, .T. ) ;
#3403 = ORIENTED_EDGE ( 'NONE', *, *, #5633, .F. ) ;
#3404 = CARTESIAN_POINT ( 'NONE',  ( 0.07499999999999999722, 0.09900000000000000466, -0.06750000000000003220 ) ) ;
#3405 = ORIENTED_EDGE ( 'NONE', *, *, #5158, .F. ) ;
#3406 = DIRECTION ( 'NONE',  ( -0.0000000000000000000, -0.0000000000000000000, 1.000000000000000000 ) ) ;
#3407 = EDGE_CURVE ( 'NONE', #3326, #1402, #2196, .T. ) ;
#3408 =( GEOMETRIC_REPRESENTATION_CONTEXT ( 3 ) GLOBAL_UNCERTAINTY_ASSIGNED_CONTEXT ( ( #1781 ) ) GLOBAL_UNIT_ASSIGNED_CONTEXT ( ( #6155, #337, #5628 ) ) REPRESENTATION_CONTEXT ( 'NONE', 'WORKASPACE' ) );
#3409 = DIRECTION ( 'NONE',  ( 0.0000000000000000000, -0.0000000000000000000, 1.000000000000000000 ) ) ;
#3410 = DIRECTION ( 'NONE',  ( 0.0000000000000000000, -0.0000000000000000000, -1.000000000000000000 ) ) ;
#3411 = EDGE_CURVE ( 'NONE', #1257, #6045, #2347, .T. ) ;
#3412 = ORIENTED_EDGE ( 'NONE', *, *, #4115, .F. ) ;
#3413 = AXIS2_PLACEMENT_3D ( 'NONE', #4799, #5175, #4745 ) ;
#3414 = ORIENTED_EDGE ( 'NONE', *, *, #3121, .F. ) ;
#3415 = EDGE_LOOP ( 'NONE', ( #6025, #2640, #113, #3089 ) ) ;
#3416 = EDGE_CURVE ( 'NONE', #4395, #5878, #1068, .T. ) ;
#3417 = DIRECTION ( 'NONE',  ( 0.0000000000000000000, 0.4999999999999982792, 0.8660254037844397068 ) ) ;
#3418 = LINE ( 'NONE', #4829, #5677 ) ;
#3419 = VECTOR ( 'NONE', #1294, 39.37007874015748143 ) ;
#3420 = DIRECTION ( 'NONE',  ( -0.2588190451025213501, 0.0000000000000000000, -0.9659258262890679791 ) ) ;
#3421 = CARTESIAN_POINT ( 'NONE',  ( -0.01249999999999999549, 0.09900000000000000466, -0.06750000000000001832 ) ) ;
#3422 = AXIS2_PLACEMENT_3D ( 'NONE', #3212, #5584, #4659 ) ;
#3423 = ORIENTED_EDGE ( 'NONE', *, *, #4896, .F. ) ;
#3424 = COLOUR_RGB ( '',0.9686274509803921573, 0.8784313725490195957, 0.5999999999999999778 ) ;
#3425 = DIRECTION ( 'NONE',  ( 0.0000000000000000000, 0.0000000000000000000, -1.000000000000000000 ) ) ;
#3426 = CARTESIAN_POINT ( 'NONE',  ( -0.03080127018922191803, 0.09900000000000000466, -0.04250000000000001693 ) ) ;
#3427 = ADVANCED_FACE ( 'NONE', ( #527 ), #1679, .F. ) ;
#3428 = CARTESIAN_POINT ( 'NONE',  ( 0.04777350269189625798, 0.2190000000000000002, -0.01700000000000000122 ) ) ;
#3429 = DIRECTION ( 'NONE',  ( -1.000000000000000000, 0.0000000000000000000, 0.0000000000000000000 ) ) ;
#3430 = LINE ( 'NONE', #1549, #364 ) ;
#3431 = LINE ( 'NONE', #4847, #2125 ) ;
#3432 = DIRECTION ( 'NONE',  ( 0.0000000000000000000, 0.0000000000000000000, -1.000000000000000000 ) ) ;
#3433 = VECTOR ( 'NONE', #2602, 39.37007874015748143 ) ;
#3434 = PLANE ( 'NONE',  #626 ) ;
#3435 = VECTOR ( 'NONE', #6022, 39.37007874015748143 ) ;
#3436 = LINE ( 'NONE', #1233, #4284 ) ;
#3437 = PLANE ( 'NONE',  #4751 ) ;
#3438 = VECTOR ( 'NONE', #1763, 39.37007874015748143 ) ;
#3439 = DIRECTION ( 'NONE',  ( 1.707404996040164758E-16, -1.000000000000000000, 0.0000000000000000000 ) ) ;
#3440 = LINE ( 'NONE', #1729, #3679 ) ;
#3441 =( LENGTH_UNIT ( ) NAMED_UNIT ( * ) SI_UNIT ( $, .METRE. ) );
#3442 =( CONVERSION_BASED_UNIT ( 'INCH', #6214 ) LENGTH_UNIT ( ) NAMED_UNIT ( #816 ) );
#3443 = PRESENTATION_LAYER_ASSIGNMENT (  '', '', ( #1276 ) ) ;
#3444 = EDGE_CURVE ( 'NONE', #3765, #5990, #5549, .T. ) ;
#3445 = CARTESIAN_POINT ( 'NONE',  ( -0.008000000000000015779, 0.09900000000000000466, 0.03300000000000000155 ) ) ;
#3446 = ORIENTED_EDGE ( 'NONE', *, *, #1235, .T. ) ;
#3447 = VECTOR ( 'NONE', #3697, 39.37007874015748143 ) ;
#3448 = CARTESIAN_POINT ( 'NONE',  ( 0.04199999999999998873, 0.0000000000000000000, -0.03300000000000000155 ) ) ;
#3449 = DIRECTION ( 'NONE',  ( -1.000000000000000000, -0.0000000000000000000, -0.0000000000000000000 ) ) ;
#3450 = SURFACE_SIDE_STYLE ('',( #133 ) ) ;
#3451 = VERTEX_POINT ( 'NONE', #2164 ) ;
#3452 = ADVANCED_FACE ( 'NONE', ( #5400 ), #272, .F. ) ;
#3453 = ORIENTED_EDGE ( 'NONE', *, *, #423, .F. ) ;
#3454 =( GEOMETRIC_REPRESENTATION_CONTEXT ( 3 ) GLOBAL_UNCERTAINTY_ASSIGNED_CONTEXT ( ( #3206 ) ) GLOBAL_UNIT_ASSIGNED_CONTEXT ( ( #2983, #1933, #5363 ) ) REPRESENTATION_CONTEXT ( 'NONE', 'WORKASPACE' ) );
#3455 = LINE ( 'NONE', #838, #2214 ) ;
#3456 = CARTESIAN_POINT ( 'NONE',  ( -0.07500000000000002498, 0.07449999999999999678, 0.06749999999999997669 ) ) ;
#3457 = DIRECTION ( 'NONE',  ( 1.000000000000000000, 0.0000000000000000000, -5.691349986800548372E-17 ) ) ;
#3458 = DIRECTION ( 'NONE',  ( 0.0000000000000000000, 0.0000000000000000000, -1.000000000000000000 ) ) ;
#3459 = EDGE_CURVE ( 'NONE', #6190, #4619, #2428, .T. ) ;
#3460 = ORIENTED_EDGE ( 'NONE', *, *, #5676, .T. ) ;
#3461 = VECTOR ( 'NONE', #4509, 39.37007874015748143 ) ;
#3462 = DIRECTION ( 'NONE',  ( -0.0000000000000000000, 1.000000000000000000, -0.0000000000000000000 ) ) ;
#3463 = CARTESIAN_POINT ( 'NONE',  ( 0.05799999999999998906, 0.2190000000000000002, 0.03300000000000000155 ) ) ;
#3464 = ORIENTED_EDGE ( 'NONE', *, *, #5472, .T. ) ;
#3465 = ORIENTED_EDGE ( 'NONE', *, *, #2949, .F. ) ;
#3466 = PLANE ( 'NONE',  #6012 ) ;
#3467 = CARTESIAN_POINT ( 'NONE',  ( 0.002226497308103713140, 0.2190000000000000002, -0.02277350269189626700 ) ) ;
#3468 = VERTEX_POINT ( 'NONE', #3716 ) ;
#3469 = DIRECTION ( 'NONE',  ( -1.000000000000000000, 0.0000000000000000000, 0.0000000000000000000 ) ) ;
#3470 = ORIENTED_EDGE ( 'NONE', *, *, #3131, .T. ) ;
#3471 = LINE ( 'NONE', #4414, #5005 ) ;
#3472 = FILL_AREA_STYLE_COLOUR ( '', #1887 ) ;
#3473 = ORIENTED_EDGE ( 'NONE', *, *, #2911, .F. ) ;
#3474 = ORIENTED_EDGE ( 'NONE', *, *, #6095, .F. ) ;
#3475 = PLANE ( 'NONE',  #3313 ) ;
#3476 = EDGE_LOOP ( 'NONE', ( #2078, #5953, #2246, #4599 ) ) ;
#3477 = ORIENTED_EDGE ( 'NONE', *, *, #4398, .T. ) ;
#3478 = FILL_AREA_STYLE_COLOUR ( '', #2725 ) ;
#3479 = STYLED_ITEM ( 'NONE', ( #4028 ), #5012 ) ;
#3480 = UNCERTAINTY_MEASURE_WITH_UNIT (LENGTH_MEASURE( 1.000000000000000082E-05 ), #1951, 'distance_accuracy_value', 'NONE');
#3481 = VECTOR ( 'NONE', #768, 39.37007874015748143 ) ;
#3482 = SURFACE_STYLE_FILL_AREA ( #2820 ) ;
#3483 = EDGE_LOOP ( 'NONE', ( #1710, #4155, #22, #1929 ) ) ;
#3484 = DIRECTION ( 'NONE',  ( 0.2588190451025214611, 0.0000000000000000000, -0.9659258262890679791 ) ) ;
#3485 = ORIENTED_EDGE ( 'NONE', *, *, #3370, .T. ) ;
#3486 = ADVANCED_FACE ( 'NONE', ( #990 ), #1234, .F. ) ;
#3487 = ORIENTED_EDGE ( 'NONE', *, *, #2096, .T. ) ;
#3488 = PRESENTATION_STYLE_ASSIGNMENT (( #4589 ) ) ;
#3489 = EDGE_CURVE ( 'NONE', #5647, #4845, #2651, .T. ) ;
#3490 = DIRECTION ( 'NONE',  ( 1.000000000000000000, 0.0000000000000000000, 0.0000000000000000000 ) ) ;
#3491 = VECTOR ( 'NONE', #4884, 39.37007874015748143 ) ;
#3492 = DIRECTION ( 'NONE',  ( 0.0000000000000000000, 0.0000000000000000000, -1.000000000000000000 ) ) ;
#3493 = VERTEX_POINT ( 'NONE', #1203 ) ;
#3494 = EDGE_CURVE ( 'NONE', #4182, #4184, #1365, .T. ) ;
#3495 = AXIS2_PLACEMENT_3D ( 'NONE', #5196, #6168, #3262 ) ;
#3497 = DIRECTION ( 'NONE',  ( 0.0000000000000000000, -0.0000000000000000000, 1.000000000000000000 ) ) ;
#3496 = PLANE ( 'NONE',  #616 ) ;
#3498 =( CONVERSION_BASED_UNIT ( 'INCH', #1278 ) LENGTH_UNIT ( ) NAMED_UNIT ( #4728 ) );
#3499 = VECTOR ( 'NONE', #5307, 39.37007874015748143 ) ;
#3500 = LINE ( 'NONE', #5610, #5385 ) ;
#3501 = PRESENTATION_LAYER_ASSIGNMENT (  '', '', ( #3745 ) ) ;
#3502 = VECTOR ( 'NONE', #6110, 39.37007874015748143 ) ;
#3503 = EDGE_CURVE ( 'NONE', #5878, #2605, #5770, .T. ) ;
#3504 = CARTESIAN_POINT ( 'NONE',  ( 0.009999999999999995004, 0.07449999999999999678, -0.01580951894845298786 ) ) ;
#3505 = DIRECTION ( 'NONE',  ( -1.000000000000000000, -0.0000000000000000000, -0.0000000000000000000 ) ) ;
#3507 = LINE ( 'NONE', #4534, #2195 ) ;
#3506 = DIRECTION ( 'NONE',  ( 0.0000000000000000000, 0.4999999999999980016, -0.8660254037844398178 ) ) ;
#3508 = VECTOR ( 'NONE', #4054, 39.37007874015748143 ) ;
#3509 = LINE ( 'NONE', #156, #76 ) ;
#3510 = PLANE ( 'NONE',  #95 ) ;
#3511 = CARTESIAN_POINT ( 'NONE',  ( 0.01000000000000000368, 0.02450000000000000441, -0.04250000000000001693 ) ) ;
#3512 = PRESENTATION_STYLE_ASSIGNMENT (( #20 ) ) ;
#3513 = DIRECTION ( 'NONE',  ( 0.0000000000000000000, 0.0000000000000000000, 1.000000000000000000 ) ) ;
#3514 = DIRECTION ( 'NONE',  ( 0.0000000000000000000, 0.0000000000000000000, 1.000000000000000000 ) ) ;
#3515 = CARTESIAN_POINT ( 'NONE',  ( -0.008000000000000015779, 0.09900000000000000466, -0.03300000000000000155 ) ) ;
#3516 = LINE ( 'NONE', #2341, #5937 ) ;
#3517 = ADVANCED_FACE ( 'NONE', ( #1815 ), #3148, .T. ) ;
#3518 = CARTESIAN_POINT ( 'NONE',  ( -0.05800000000000001682, 0.0000000000000000000, 0.01700000000000000122 ) ) ;
#3519 = FILL_AREA_STYLE ('',( #5483 ) ) ;
#3520 = CARTESIAN_POINT ( 'NONE',  ( -0.01249999999999999549, 0.0000000000000000000, -0.06750000000000001832 ) ) ;
#3521 = CARTESIAN_POINT ( 'NONE',  ( 0.03749999999999997780, 0.02449999999999998707, -0.06749999999999997669 ) ) ;
#3522 = FACE_OUTER_BOUND ( 'NONE', #1708, .T. ) ;
#3523 = EDGE_CURVE ( 'NONE', #4677, #6276, #2798, .T. ) ;
#3524 = DIRECTION ( 'NONE',  ( -1.000000000000000000, -1.707404996040164512E-16, 0.0000000000000000000 ) ) ;
#3525 = DIRECTION ( 'NONE',  ( 0.4472135954999566509, -0.7745966692414848476, 0.4472135954999566509 ) ) ;
#3526 = ORIENTED_EDGE ( 'NONE', *, *, #4357, .T. ) ;
#3527 = AXIS2_PLACEMENT_3D ( 'NONE', #2901, #4420, #948 ) ;
#3528 = AXIS2_PLACEMENT_3D ( 'NONE', #4783, #1842, #4376 ) ;
#3529 = STYLED_ITEM ( 'NONE', ( #1168 ), #2537 ) ;
#3530 = EDGE_CURVE ( 'NONE', #6291, #1046, #6241, .T. ) ;
#3531 = DIRECTION ( 'NONE',  ( -0.0000000000000000000, -0.0000000000000000000, 1.000000000000000000 ) ) ;
#3532 = PLANE ( 'NONE',  #5187 ) ;
#3533 = ORIENTED_EDGE ( 'NONE', *, *, #3999, .F. ) ;
#3535 =( NAMED_UNIT ( * ) PLANE_ANGLE_UNIT ( ) SI_UNIT ( $, .RADIAN. ) );
#3534 = SURFACE_SIDE_STYLE ('',( #3972 ) ) ;
#3536 = FILL_AREA_STYLE_COLOUR ( '', #4878 ) ;
#3537 = ORIENTED_EDGE ( 'NONE', *, *, #5090, .T. ) ;
#3538 = LINE ( 'NONE', #4021, #5881 ) ;
#3539 = DIRECTION ( 'NONE',  ( 1.000000000000000000, 0.0000000000000000000, -0.0000000000000000000 ) ) ;
#3540 = CARTESIAN_POINT ( 'NONE',  ( -0.04200000000000002343, -0.08999999999999999667, 0.03300000000000000155 ) ) ;
#3541 = DIRECTION ( 'NONE',  ( 0.0000000000000000000, 0.0000000000000000000, 1.000000000000000000 ) ) ;
#3542 =( NAMED_UNIT ( * ) PLANE_ANGLE_UNIT ( ) SI_UNIT ( $, .RADIAN. ) );
#3543 = EDGE_LOOP ( 'NONE', ( #5721, #2307, #786, #5746, #6310, #3628, #4019, #4233, #2009, #4232, #484, #4625, #4702, #3871, #2227, #2929, #4242, #2617, #3544, #2857 ) ) ;
#3544 = ORIENTED_EDGE ( 'NONE', *, *, #3909, .F. ) ;
#3545 = CARTESIAN_POINT ( 'NONE',  ( -0.008000000000000015779, 0.2089999999999999358, 0.01700000000000000122 ) ) ;
#3546 = ADVANCED_FACE ( 'NONE', ( #5929, #1225, #4962, #687, #3670, #4657, #3193 ), #5153, .F. ) ;
#3547 = ORIENTED_EDGE ( 'NONE', *, *, #4352, .T. ) ;
#3548 = VECTOR ( 'NONE', #6215, 39.37007874015748143 ) ;
#3549 = ORIENTED_EDGE ( 'NONE', *, *, #5703, .T. ) ;
#3550 = EDGE_LOOP ( 'NONE', ( #2460, #4384, #5825, #5822 ) ) ;
#3551 = DIRECTION ( 'NONE',  ( 1.000000000000000000, 0.0000000000000000000, 0.0000000000000000000 ) ) ;
#3552 = VERTEX_POINT ( 'NONE', #4275 ) ;
#3553 = CARTESIAN_POINT ( 'NONE',  ( 0.009999999999999995004, 0.07449999999999999678, -0.04250000000000001693 ) ) ;
#3555 = DIRECTION ( 'NONE',  ( 0.0000000000000000000, 0.0000000000000000000, -1.000000000000000000 ) ) ;
#3554 = DIRECTION ( 'NONE',  ( -0.4472135954999568730, 0.7745966692414849586, -0.4472135954999564289 ) ) ;
#3556 = LINE ( 'NONE', #1388, #2766 ) ;
#3557 = EDGE_LOOP ( 'NONE', ( #5009, #3537, #5576, #4300 ) ) ;
#3558 = LINE ( 'NONE', #4056, #3461 ) ;
#3559 = FACE_OUTER_BOUND ( 'NONE', #581, .T. ) ;
#3560 = ORIENTED_EDGE ( 'NONE', *, *, #5591, .F. ) ;
#3561 = ORIENTED_EDGE ( 'NONE', *, *, #94, .T. ) ;
#3562 = EDGE_LOOP ( 'NONE', ( #4560, #2741, #1263, #4032 ) ) ;
#3563 = CARTESIAN_POINT ( 'NONE',  ( 0.05799999999999998906, 0.0000000000000000000, 0.01700000000000000122 ) ) ;
#3564 = PLANE ( 'NONE',  #1560 ) ;
#3565 =( NAMED_UNIT ( * ) SI_UNIT ( $, .STERADIAN. ) SOLID_ANGLE_UNIT ( ) );
#3566 = LINE ( 'NONE', #5560, #3170 ) ;
#3567 = LINE ( 'NONE', #176, #346 ) ;
#3568 = FILL_AREA_STYLE ('',( #128 ) ) ;
#3569 = EDGE_LOOP ( 'NONE', ( #727, #2691, #58, #578 ) ) ;
#3570 = ORIENTED_EDGE ( 'NONE', *, *, #5161, .T. ) ;
#3571 = ORIENTED_EDGE ( 'NONE', *, *, #87, .F. ) ;
#3572 =( GEOMETRIC_REPRESENTATION_CONTEXT ( 3 ) GLOBAL_UNCERTAINTY_ASSIGNED_CONTEXT ( ( #3127 ) ) GLOBAL_UNIT_ASSIGNED_CONTEXT ( ( #5910, #5401, #4957 ) ) REPRESENTATION_CONTEXT ( 'NONE', 'WORKASPACE' ) );
#3573 = STYLED_ITEM ( 'NONE', ( #4631 ), #4672 ) ;
#3574 = VECTOR ( 'NONE', #3371, 39.37007874015748143 ) ;
#3575 = LINE ( 'NONE', #6236, #892 ) ;
#3576 = EDGE_CURVE ( 'NONE', #29, #5532, #1738, .T. ) ;
#3577 = PLANE ( 'NONE',  #424 ) ;
#3578 = LINE ( 'NONE', #320, #1430 ) ;
#3579 = ORIENTED_EDGE ( 'NONE', *, *, #3318, .F. ) ;
#3580 = VECTOR ( 'NONE', #2436, 39.37007874015748143 ) ;
#3581 = FACE_OUTER_BOUND ( 'NONE', #2841, .T. ) ;
#3582 = CARTESIAN_POINT ( 'NONE',  ( 0.04000000000000000083, 0.02450000000000000441, 0.05749999999999998168 ) ) ;
#3583 = AXIS2_PLACEMENT_3D ( 'NONE', #2429, #518, #1031 ) ;
#3585 = FILL_AREA_STYLE_COLOUR ( '', #930 ) ;
#3584 = SURFACE_SIDE_STYLE ('',( #2632 ) ) ;
#3586 = MECHANICAL_DESIGN_GEOMETRIC_PRESENTATION_REPRESENTATION (  '', ( #5710 ), #6170 ) ;
#3587 = DIMENSIONAL_EXPONENTS ( 1.000000000000000000, 0.0000000000000000000, 0.0000000000000000000, 0.0000000000000000000, 0.0000000000000000000, 0.0000000000000000000, 0.0000000000000000000 ) ;
#3588 = LINE ( 'NONE', #152, #2270 ) ;
#3589 = VECTOR ( 'NONE', #3938, 39.37007874015748143 ) ;
#3590 = DIRECTION ( 'NONE',  ( 0.0000000000000000000, 0.0000000000000000000, -1.000000000000000000 ) ) ;
#3591 = FACE_OUTER_BOUND ( 'NONE', #2543, .T. ) ;
#3592 = EDGE_CURVE ( 'NONE', #3235, #2172, #3045, .T. ) ;
#3593 = CARTESIAN_POINT ( 'NONE',  ( -0.002226497308103747401, 0.2190000000000000002, 0.0000000000000000000 ) ) ;
#3594 = DIRECTION ( 'NONE',  ( 0.4472135954999568730, -0.7745966692414849586, -0.4472135954999564289 ) ) ;
#3595 = LINE ( 'NONE', #635, #4280 ) ;
#3596 = DIRECTION ( 'NONE',  ( 0.0000000000000000000, 1.000000000000000000, 0.0000000000000000000 ) ) ;
#3597 = CARTESIAN_POINT ( 'NONE',  ( 0.07499999999999999722, 0.09900000000000000466, 0.06749999999999999056 ) ) ;
#3598 = LINE ( 'NONE', #2712, #528 ) ;
#3599 = ADVANCED_FACE ( 'NONE', ( #4616 ), #1296, .F. ) ;
#3600 = VECTOR ( 'NONE', #1431, 39.37007874015748143 ) ;
#3601 = VECTOR ( 'NONE', #3946, 39.37007874015748143 ) ;
#3602 = CARTESIAN_POINT ( 'NONE',  ( 0.01919872981077808821, 0.09900000000000000466, 0.04250000000000001693 ) ) ;
#3603 = DIRECTION ( 'NONE',  ( -1.000000000000000000, 0.0000000000000000000, -0.0000000000000000000 ) ) ;
#3604 = ORIENTED_EDGE ( 'NONE', *, *, #2690, .F. ) ;
#3605 = FACE_OUTER_BOUND ( 'NONE', #4711, .T. ) ;
#3606 =( CONVERSION_BASED_UNIT ( 'INCH', #5768 ) LENGTH_UNIT ( ) NAMED_UNIT ( #3061 ) );
#3607 = AXIS2_PLACEMENT_3D ( 'NONE', #88, #5426, #136 ) ;
#3608 = CARTESIAN_POINT ( 'NONE',  ( -0.03080127018922191803, 0.0000000000000000000, 0.04250000000000001693 ) ) ;
#3609 = CARTESIAN_POINT ( 'NONE',  ( -0.07500000000000002498, 0.02450000000000000441, 0.06749999999999997669 ) ) ;
#3610 =( LENGTH_UNIT ( ) NAMED_UNIT ( * ) SI_UNIT ( $, .METRE. ) );
#3611 = SURFACE_SIDE_STYLE ('',( #2042 ) ) ;
#3612 = ORIENTED_EDGE ( 'NONE', *, *, #5122, .T. ) ;
#3613 = ORIENTED_EDGE ( 'NONE', *, *, #5669, .F. ) ;
#3614 = LINE ( 'NONE', #1656, #6106 ) ;
#3615 = EDGE_CURVE ( 'NONE', #332, #439, #2156, .T. ) ;
#3616 = DIMENSIONAL_EXPONENTS ( 1.000000000000000000, 0.0000000000000000000, 0.0000000000000000000, 0.0000000000000000000, 0.0000000000000000000, 0.0000000000000000000, 0.0000000000000000000 ) ;
#3617 = AXIS2_PLACEMENT_3D ( 'NONE', #1606, #5060, #1688 ) ;
#3618 = EDGE_LOOP ( 'NONE', ( #4571, #6124, #6141, #4476 ) ) ;
#3619 = EDGE_CURVE ( 'NONE', #1939, #1632, #3997, .T. ) ;
#3620 = MECHANICAL_DESIGN_GEOMETRIC_PRESENTATION_REPRESENTATION (  '', ( #5056 ), #5473 ) ;
#3621 = SURFACE_STYLE_FILL_AREA ( #1067 ) ;
#3622 = AXIS2_PLACEMENT_3D ( 'NONE', #3895, #4863, #2383 ) ;
#3623 = CARTESIAN_POINT ( 'NONE',  ( 0.007999999999999981085, 0.09900000000000000466, -0.01700000000000000122 ) ) ;
#3624 = DIRECTION ( 'NONE',  ( 0.0000000000000000000, 0.0000000000000000000, 1.000000000000000000 ) ) ;
#3625 = EDGE_CURVE ( 'NONE', #1341, #3290, #6093, .T. ) ;
#3626 = ORIENTED_EDGE ( 'NONE', *, *, #997, .T. ) ;
#3627 = ADVANCED_FACE ( 'NONE', ( #4974 ), #4707, .F. ) ;
#3628 = ORIENTED_EDGE ( 'NONE', *, *, #6122, .T. ) ;
#3629 = VECTOR ( 'NONE', #1311, 39.37007874015748143 ) ;
#3630 =( LENGTH_UNIT ( ) NAMED_UNIT ( * ) SI_UNIT ( $, .METRE. ) );
#3631 = VERTEX_POINT ( 'NONE', #5688 ) ;
#3632 =( LENGTH_UNIT ( ) NAMED_UNIT ( * ) SI_UNIT ( $, .METRE. ) );
#3633 = ORIENTED_EDGE ( 'NONE', *, *, #2784, .F. ) ;
#3634 = DIRECTION ( 'NONE',  ( 1.000000000000000000, 0.0000000000000000000, 0.0000000000000000000 ) ) ;
#3635 = CARTESIAN_POINT ( 'NONE',  ( -0.008000000000000015779, 0.0000000000000000000, -0.03300000000000000155 ) ) ;
#3636 = SURFACE_STYLE_FILL_AREA ( #4433 ) ;
#3637 = ORIENTED_EDGE ( 'NONE', *, *, #1994, .F. ) ;
#3638 = VERTEX_POINT ( 'NONE', #2244 ) ;
#3639 = VERTEX_POINT ( 'NONE', #1835 ) ;
#3640 = PLANE ( 'NONE',  #4913 ) ;
#3641 = ORIENTED_EDGE ( 'NONE', *, *, #2413, .T. ) ;
#3642 = PRESENTATION_STYLE_ASSIGNMENT (( #478 ) ) ;
#3643 = FACE_OUTER_BOUND ( 'NONE', #3557, .T. ) ;
#3644 = VECTOR ( 'NONE', #470, 39.37007874015748143 ) ;
#3645 = VERTEX_POINT ( 'NONE', #2730 ) ;
#3646 = ORIENTED_EDGE ( 'NONE', *, *, #5350, .T. ) ;
#3647 = DIRECTION ( 'NONE',  ( -1.000000000000000000, 0.0000000000000000000, 0.0000000000000000000 ) ) ;
#3648 = ORIENTED_EDGE ( 'NONE', *, *, #2504, .T. ) ;
#3649 = FILL_AREA_STYLE_COLOUR ( '', #6223 ) ;
#3650 = FACE_OUTER_BOUND ( 'NONE', #2073, .T. ) ;
#3651 = ORIENTED_EDGE ( 'NONE', *, *, #4963, .F. ) ;
#3652 = LINE ( 'NONE', #4045, #2117 ) ;
#3653 = LINE ( 'NONE', #4369, #425 ) ;
#3654 = DIRECTION ( 'NONE',  ( 0.0000000000000000000, 0.0000000000000000000, -1.000000000000000000 ) ) ;
#3655 = ORIENTED_EDGE ( 'NONE', *, *, #5021, .F. ) ;
#3656 = CARTESIAN_POINT ( 'NONE',  ( -0.06500000000000002998, 0.07450000000000002454, -0.04749999999999998668 ) ) ;
#3657 = DIRECTION ( 'NONE',  ( 1.000000000000000000, -0.0000000000000000000, -0.0000000000000000000 ) ) ;
#3658 = VECTOR ( 'NONE', #1531, 39.37007874015748143 ) ;
#3659 = CARTESIAN_POINT ( 'NONE',  ( 0.0000000000000000000, 0.2190000000000000002, -0.02722649730810373578 ) ) ;
#3660 = LINE ( 'NONE', #4629, #6075 ) ;
#3661 = EDGE_CURVE ( 'NONE', #1575, #3638, #449, .T. ) ;
#3662 = LINE ( 'NONE', #4665, #900 ) ;
#3663 =( GEOMETRIC_REPRESENTATION_CONTEXT ( 3 ) GLOBAL_UNCERTAINTY_ASSIGNED_CONTEXT ( ( #4008 ) ) GLOBAL_UNIT_ASSIGNED_CONTEXT ( ( #4138, #5564, #2649 ) ) REPRESENTATION_CONTEXT ( 'NONE', 'WORKASPACE' ) );
#3664 = ADVANCED_FACE ( 'NONE', ( #4536 ), #2791, .T. ) ;
#3665 = MECHANICAL_DESIGN_GEOMETRIC_PRESENTATION_REPRESENTATION (  '', ( #4437 ), #2767 ) ;
#3666 = MECHANICAL_DESIGN_GEOMETRIC_PRESENTATION_REPRESENTATION (  '', ( #172 ), #290 ) ;
#3667 = EDGE_CURVE ( 'NONE', #5336, #4491, #379, .T. ) ;
#3668 = LINE ( 'NONE', #5849, #4959 ) ;
#3669 = LINE ( 'NONE', #6192, #751 ) ;
#3670 = FACE_BOUND ( 'NONE', #1132, .T. ) ;
#3671 = DIRECTION ( 'NONE',  ( -0.2588190451025213501, 0.0000000000000000000, -0.9659258262890682012 ) ) ;
#3672 = PRESENTATION_LAYER_ASSIGNMENT (  '', '', ( #714 ) ) ;
#3673 =( LENGTH_UNIT ( ) NAMED_UNIT ( * ) SI_UNIT ( $, .METRE. ) );
#3674 = LINE ( 'NONE', #6327, #3202 ) ;
#3675 = CARTESIAN_POINT ( 'NONE',  ( -0.05800000000000001682, 0.2089999999999999358, -0.03300000000000000155 ) ) ;
#3676 = CARTESIAN_POINT ( 'NONE',  ( -0.05821880215351698390, 0.2370917893677989552, -0.03321880215351695476 ) ) ;
#3677 = DIRECTION ( 'NONE',  ( 0.4472135954999566509, 0.7745966692414848476, -0.4472135954999566509 ) ) ;
#3678 = DIRECTION ( 'NONE',  ( 0.0000000000000000000, 0.0000000000000000000, -1.000000000000000000 ) ) ;
#3679 = VECTOR ( 'NONE', #2295, 39.37007874015748143 ) ;
#3680 = DIMENSIONAL_EXPONENTS ( 1.000000000000000000, 0.0000000000000000000, 0.0000000000000000000, 0.0000000000000000000, 0.0000000000000000000, 0.0000000000000000000, 0.0000000000000000000 ) ;
#3681 = LINE ( 'NONE', #3397, #5409 ) ;
#3682 = CARTESIAN_POINT ( 'NONE',  ( 0.007999999999999981085, -0.08999999999999999667, -0.03300000000000000155 ) ) ;
#3683 = ORIENTED_EDGE ( 'NONE', *, *, #4453, .T. ) ;
#3684 = CARTESIAN_POINT ( 'NONE',  ( -0.07500000000000002498, 0.09900000000000000466, -0.04749999999999998668 ) ) ;
#3685 = ADVANCED_FACE ( 'NONE', ( #2971 ), #5191, .F. ) ;
#3686 = ORIENTED_EDGE ( 'NONE', *, *, #1353, .T. ) ;
#3687 = MECHANICAL_DESIGN_GEOMETRIC_PRESENTATION_REPRESENTATION (  '', ( #2361 ), #4034 ) ;
#3688 = COLOUR_RGB ( '',0.7921568627450980005, 0.8196078431372548767, 0.9333333333333333481 ) ;
#3689 = DIRECTION ( 'NONE',  ( 0.0000000000000000000, 0.0000000000000000000, 1.000000000000000000 ) ) ;
#3690 = CARTESIAN_POINT ( 'NONE',  ( -0.008000000000000015779, -0.08999999999999999667, 0.03300000000000000155 ) ) ;
#3691 = CARTESIAN_POINT ( 'NONE',  ( 0.03750000000000001249, 0.02450000000000000441, 0.06750000000000001832 ) ) ;
#3692 = EDGE_CURVE ( 'NONE', #1018, #774, #1890, .T. ) ;
#3693 = ORIENTED_EDGE ( 'NONE', *, *, #5954, .T. ) ;
#3694 = SURFACE_STYLE_FILL_AREA ( #912 ) ;
#3695 = EDGE_CURVE ( 'NONE', #3087, #6063, #2418, .T. ) ;
#3696 = DIRECTION ( 'NONE',  ( -0.9659258262890682012, 0.0000000000000000000, 0.2588190451025213501 ) ) ;
#3697 = DIRECTION ( 'NONE',  ( 1.000000000000000000, 0.0000000000000000000, 0.0000000000000000000 ) ) ;
#3698 = CARTESIAN_POINT ( 'NONE',  ( 0.04199999999999998873, 0.0000000000000000000, -0.01700000000000000122 ) ) ;
#3699 = AXIS2_PLACEMENT_3D ( 'NONE', #5403, #5828, #5869 ) ;
#3700 = VERTEX_POINT ( 'NONE', #6183 ) ;
#3701 = ORIENTED_EDGE ( 'NONE', *, *, #3615, .F. ) ;
#3702 = CARTESIAN_POINT ( 'NONE',  ( -0.008000000000000015779, 0.09900000000000000466, 0.03300000000000000155 ) ) ;
#3703 = EDGE_CURVE ( 'NONE', #3953, #1341, #5384, .T. ) ;
#3704 = ORIENTED_EDGE ( 'NONE', *, *, #1318, .T. ) ;
#3705 = VERTEX_POINT ( 'NONE', #5642 ) ;
#3706 = DIRECTION ( 'NONE',  ( 0.0000000000000000000, 1.000000000000000000, 0.0000000000000000000 ) ) ;
#3707 = VERTEX_POINT ( 'NONE', #6206 ) ;
#3708 = DIMENSIONAL_EXPONENTS ( 1.000000000000000000, 0.0000000000000000000, 0.0000000000000000000, 0.0000000000000000000, 0.0000000000000000000, 0.0000000000000000000, 0.0000000000000000000 ) ;
#3709 = ORIENTED_EDGE ( 'NONE', *, *, #2083, .F. ) ;
#3710 = CARTESIAN_POINT ( 'NONE',  ( -0.008000000000000015779, -0.08999999999999999667, -0.01700000000000000122 ) ) ;
#3711 = VECTOR ( 'NONE', #5712, 39.37007874015748143 ) ;
#3712 = ORIENTED_EDGE ( 'NONE', *, *, #1734, .T. ) ;
#3713 = DIRECTION ( 'NONE',  ( 1.707404996040164758E-16, -1.000000000000000000, 0.0000000000000000000 ) ) ;
#3714 = FACE_OUTER_BOUND ( 'NONE', #1204, .T. ) ;
#3715 = EDGE_LOOP ( 'NONE', ( #6064, #4023, #3150, #6229 ) ) ;
#3716 = CARTESIAN_POINT ( 'NONE',  ( -0.05800000000000001682, 0.0000000000000000000, -0.03300000000000000155 ) ) ;
#3717 = VERTEX_POINT ( 'NONE', #354 ) ;
#3718 = VERTEX_POINT ( 'NONE', #3779 ) ;
#3719 = UNCERTAINTY_MEASURE_WITH_UNIT (LENGTH_MEASURE( 1.000000000000000082E-05 ), #648, 'distance_accuracy_value', 'NONE');
#3720 = CARTESIAN_POINT ( 'NONE',  ( -0.05800000000000001682, 0.2089999999999999358, 0.01700000000000000122 ) ) ;
#3721 = ORIENTED_EDGE ( 'NONE', *, *, #5404, .F. ) ;
#3722 = ORIENTED_EDGE ( 'NONE', *, *, #4580, .T. ) ;
#3723 = CARTESIAN_POINT ( 'NONE',  ( 0.04199999999999998873, 0.0000000000000000000, 0.01700000000000000122 ) ) ;
#3724 = ORIENTED_EDGE ( 'NONE', *, *, #3402, .F. ) ;
#3725 = PLANE ( 'NONE',  #5013 ) ;
#3726 = FACE_OUTER_BOUND ( 'NONE', #318, .T. ) ;
#3727 = VECTOR ( 'NONE', #2807, 39.37007874015748143 ) ;
#3728 = DIRECTION ( 'NONE',  ( 1.000000000000000000, 0.0000000000000000000, 0.0000000000000000000 ) ) ;
#3729 = EDGE_LOOP ( 'NONE', ( #3032, #4234, #1471, #15 ) ) ;
#3730 =( LENGTH_UNIT ( ) NAMED_UNIT ( * ) SI_UNIT ( $, .METRE. ) );
#3731 = LINE ( 'NONE', #980, #3580 ) ;
#3732 = DIRECTION ( 'NONE',  ( 1.000000000000000000, -0.0000000000000000000, 0.0000000000000000000 ) ) ;
#3733 = LINE ( 'NONE', #5464, #3042 ) ;
#3734 =( LENGTH_UNIT ( ) NAMED_UNIT ( * ) SI_UNIT ( $, .METRE. ) );
#3735 = DIRECTION ( 'NONE',  ( -1.000000000000000000, -0.0000000000000000000, -0.0000000000000000000 ) ) ;
#3736 = EDGE_CURVE ( 'NONE', #5133, #5983, #1432, .T. ) ;
#3737 =( GEOMETRIC_REPRESENTATION_CONTEXT ( 3 ) GLOBAL_UNCERTAINTY_ASSIGNED_CONTEXT ( ( #1629 ) ) GLOBAL_UNIT_ASSIGNED_CONTEXT ( ( #974, #458, #4915 ) ) REPRESENTATION_CONTEXT ( 'NONE', 'WORKASPACE' ) );
#3738 = VECTOR ( 'NONE', #3386, 39.37007874015748143 ) ;
#3739 = EDGE_CURVE ( 'NONE', #4240, #4334, #2873, .T. ) ;
#3740 = AXIS2_PLACEMENT_3D ( 'NONE', #5883, #4925, #3497 ) ;
#3741 = EDGE_CURVE ( 'NONE', #2444, #1416, #142, .T. ) ;
#3742 = VECTOR ( 'NONE', #2653, 39.37007874015748143 ) ;
#3743 = DIRECTION ( 'NONE',  ( 0.2588190451025213501, -0.0000000000000000000, -0.9659258262890682012 ) ) ;
#3744 = DIMENSIONAL_EXPONENTS ( 1.000000000000000000, 0.0000000000000000000, 0.0000000000000000000, 0.0000000000000000000, 0.0000000000000000000, 0.0000000000000000000, 0.0000000000000000000 ) ;
#3745 = STYLED_ITEM ( 'NONE', ( #2250 ), #1157 ) ;
#3746 = DIRECTION ( 'NONE',  ( -0.0000000000000000000, -0.0000000000000000000, 1.000000000000000000 ) ) ;
#3747 = LINE ( 'NONE', #1739, #2197 ) ;
#3748 = EDGE_CURVE ( 'NONE', #3102, #3021, #3899, .T. ) ;
#3749 = FACE_OUTER_BOUND ( 'NONE', #4850, .T. ) ;
#3750 = AXIS2_PLACEMENT_3D ( 'NONE', #3659, #1740, #2202 ) ;
#3751 = DIRECTION ( 'NONE',  ( -0.0000000000000000000, 1.000000000000000000, -0.0000000000000000000 ) ) ;
#3752 = ADVANCED_FACE ( 'NONE', ( #6152 ), #5292, .F. ) ;
#3753 = DIRECTION ( 'NONE',  ( -0.0000000000000000000, 0.0000000000000000000, -1.000000000000000000 ) ) ;
#3754 = PLANE ( 'NONE',  #4080 ) ;
#3755 = CARTESIAN_POINT ( 'NONE',  ( -0.04200000000000002343, 0.09900000000000000466, 0.03300000000000000155 ) ) ;
#3756 = CARTESIAN_POINT ( 'NONE',  ( 0.04199999999999998873, 0.2190000000000000002, 0.03300000000000000155 ) ) ;
#3757 = DIRECTION ( 'NONE',  ( 0.0000000000000000000, 0.0000000000000000000, -1.000000000000000000 ) ) ;
#3758 = ORIENTED_EDGE ( 'NONE', *, *, #2823, .F. ) ;
#3759 = SURFACE_STYLE_FILL_AREA ( #5673 ) ;
#3760 = CARTESIAN_POINT ( 'NONE',  ( 0.01919872981077808821, 0.0000000000000000000, 0.04250000000000001693 ) ) ;
#3761 = CARTESIAN_POINT ( 'NONE',  ( 0.003218802153516964106, 0.2284315353299545825, -0.02178119784648302470 ) ) ;
#3762 = CARTESIAN_POINT ( 'NONE',  ( -0.05222649730810375451, 0.2190000000000000002, -0.01700000000000000122 ) ) ;
#3763 = ORIENTED_EDGE ( 'NONE', *, *, #3954, .F. ) ;
#3764 = CARTESIAN_POINT ( 'NONE',  ( -0.04200000000000002343, 0.0000000000000000000, -0.01700000000000000122 ) ) ;
#3765 = VERTEX_POINT ( 'NONE', #1943 ) ;
#3766 = LINE ( 'NONE', #1292, #316 ) ;
#3767 = PLANE ( 'NONE',  #2330 ) ;
#3768 = ORIENTED_EDGE ( 'NONE', *, *, #779, .T. ) ;
#3769 = DIRECTION ( 'NONE',  ( -1.000000000000000000, 0.0000000000000000000, -0.0000000000000000000 ) ) ;
#3770 = CARTESIAN_POINT ( 'NONE',  ( -0.01249999999999999549, 0.0000000000000000000, -0.06750000000000001832 ) ) ;
#3771 =( NAMED_UNIT ( * ) SI_UNIT ( $, .STERADIAN. ) SOLID_ANGLE_UNIT ( ) );
#3772 =( GEOMETRIC_REPRESENTATION_CONTEXT ( 3 ) GLOBAL_UNCERTAINTY_ASSIGNED_CONTEXT ( ( #2831 ) ) GLOBAL_UNIT_ASSIGNED_CONTEXT ( ( #4243, #3254, #5272 ) ) REPRESENTATION_CONTEXT ( 'NONE', 'WORKASPACE' ) );
#3773 = ORIENTED_EDGE ( 'NONE', *, *, #5340, .F. ) ;
#3774 = ORIENTED_EDGE ( 'NONE', *, *, #5433, .T. ) ;
#3775 = PRESENTATION_LAYER_ASSIGNMENT (  '', '', ( #4640 ) ) ;
#3776 = MECHANICAL_DESIGN_GEOMETRIC_PRESENTATION_REPRESENTATION (  '', ( #1276 ), #4000 ) ;
#3777 = VECTOR ( 'NONE', #6145, 39.37007874015748143 ) ;
#3778 = EDGE_LOOP ( 'NONE', ( #4220, #5965, #4408, #2821 ) ) ;
#3779 = CARTESIAN_POINT ( 'NONE',  ( 0.03080127018922192497, 0.0000000000000000000, -0.04250000000000001693 ) ) ;
#3780 = EDGE_CURVE ( 'NONE', #5815, #3645, #1586, .T. ) ;
#3781 = ADVANCED_FACE ( 'NONE', ( #283 ), #2367, .F. ) ;
#3782 = ORIENTED_EDGE ( 'NONE', *, *, #2509, .T. ) ;
#3783 = ORIENTED_EDGE ( 'NONE', *, *, #3795, .F. ) ;
#3784 = CARTESIAN_POINT ( 'NONE',  ( 0.01000000000000000368, 0.02450000000000000441, -0.01580951894845298786 ) ) ;
#3785 = CARTESIAN_POINT ( 'NONE',  ( -0.002226497308103747401, 0.2190000000000000002, -0.02277350269189626700 ) ) ;
#3786 = VECTOR ( 'NONE', #6193, 39.37007874015748143 ) ;
#3787 = ORIENTED_EDGE ( 'NONE', *, *, #4365, .F. ) ;
#3788 = LINE ( 'NONE', #640, #2473 ) ;
#3789 = ORIENTED_EDGE ( 'NONE', *, *, #621, .F. ) ;
#3790 = STYLED_ITEM ( 'NONE', ( #883 ), #1304 ) ;
#3791 = ORIENTED_EDGE ( 'NONE', *, *, #4439, .F. ) ;
#3792 = VERTEX_POINT ( 'NONE', #3827 ) ;
#3793 = CARTESIAN_POINT ( 'NONE',  ( 0.05799999999999998906, 0.0000000000000000000, 0.03300000000000000155 ) ) ;
#3794 = DIRECTION ( 'NONE',  ( 0.0000000000000000000, 0.0000000000000000000, 1.000000000000000000 ) ) ;
#3795 = EDGE_CURVE ( 'NONE', #1056, #4027, #6000, .T. ) ;
#3796 = CARTESIAN_POINT ( 'NONE',  ( 0.05799999999999998906, 0.0000000000000000000, 0.03300000000000000155 ) ) ;
#3797 = LINE ( 'NONE', #3141, #880 ) ;
#3798 = LENGTH_MEASURE_WITH_UNIT ( LENGTH_MEASURE( 0.02539999999999999897 ), #6286 );
#3799 = DIRECTION ( 'NONE',  ( -1.000000000000000000, 0.0000000000000000000, 0.0000000000000000000 ) ) ;
#3800 = LINE ( 'NONE', #1870, #1269 ) ;
#3801 = EDGE_LOOP ( 'NONE', ( #4113, #5450, #978, #1992 ) ) ;
#3802 = ORIENTED_EDGE ( 'NONE', *, *, #621, .T. ) ;
#3803 = CARTESIAN_POINT ( 'NONE',  ( -0.07500000000000002498, 0.07450000000000002454, -0.06749999999999997669 ) ) ;
#3804 = VERTEX_POINT ( 'NONE', #1885 ) ;
#3805 = DIRECTION ( 'NONE',  ( 0.9659258262890682012, 0.0000000000000000000, -0.2588190451025213501 ) ) ;
#3806 = LINE ( 'NONE', #506, #2555 ) ;
#3807 = DIRECTION ( 'NONE',  ( -0.0000000000000000000, -0.0000000000000000000, -1.000000000000000000 ) ) ;
#3808 = LINE ( 'NONE', #4865, #5236 ) ;
#3809 = VECTOR ( 'NONE', #3490, 39.37007874015748143 ) ;
#3810 = VECTOR ( 'NONE', #4818, 39.37007874015748143 ) ;
#3811 = ORIENTED_EDGE ( 'NONE', *, *, #4969, .F. ) ;
#3812 = DIRECTION ( 'NONE',  ( -0.0000000000000000000, -0.0000000000000000000, -1.000000000000000000 ) ) ;
#3813 = DIMENSIONAL_EXPONENTS ( 1.000000000000000000, 0.0000000000000000000, 0.0000000000000000000, 0.0000000000000000000, 0.0000000000000000000, 0.0000000000000000000, 0.0000000000000000000 ) ;
#3814 = FACE_OUTER_BOUND ( 'NONE', #99, .T. ) ;
#3815 = FACE_OUTER_BOUND ( 'NONE', #3550, .T. ) ;
#3816 = DIRECTION ( 'NONE',  ( -1.000000000000000000, -0.0000000000000000000, -0.0000000000000000000 ) ) ;
#3817 = CARTESIAN_POINT ( 'NONE',  ( 0.07499999999999999722, 0.0000000000000000000, 0.06749999999999999056 ) ) ;
#3818 = LINE ( 'NONE', #2055, #2343 ) ;
#3819 = DIRECTION ( 'NONE',  ( 1.000000000000000000, -0.0000000000000000000, 0.0000000000000000000 ) ) ;
#3820 = DIRECTION ( 'NONE',  ( 0.2588190451025214611, 0.0000000000000000000, -0.9659258262890679791 ) ) ;
#3821 = VECTOR ( 'NONE', #4826, 39.37007874015748143 ) ;
#3822 = ADVANCED_FACE ( 'NONE', ( #4202 ), #1859, .T. ) ;
#3823 = CARTESIAN_POINT ( 'NONE',  ( 0.007999999999999981085, -0.08999999999999999667, 0.01700000000000000122 ) ) ;
#3824 = CARTESIAN_POINT ( 'NONE',  ( -0.05800000000000001682, 0.09900000000000000466, -0.01700000000000000122 ) ) ;
#3825 = SURFACE_STYLE_FILL_AREA ( #5583 ) ;
#3826 = SURFACE_STYLE_USAGE ( .BOTH. , #4705 ) ;
#3827 = CARTESIAN_POINT ( 'NONE',  ( 0.04199999999999998873, 0.09900000000000000466, 0.03300000000000000155 ) ) ;
#3828 = EDGE_CURVE ( 'NONE', #6272, #2019, #3731, .T. ) ;
#3829 = SURFACE_STYLE_FILL_AREA ( #4092 ) ;
#3830 = AXIS2_PLACEMENT_3D ( 'NONE', #5559, #4621, #2120 ) ;
#3831 = EDGE_CURVE ( 'NONE', #1778, #5735, #817, .T. ) ;
#3832 = DIRECTION ( 'NONE',  ( -1.000000000000000000, 0.0000000000000000000, -0.0000000000000000000 ) ) ;
#3833 =( GEOMETRIC_REPRESENTATION_CONTEXT ( 3 ) GLOBAL_UNCERTAINTY_ASSIGNED_CONTEXT ( ( #4082 ) ) GLOBAL_UNIT_ASSIGNED_CONTEXT ( ( #4812, #5800, #3388 ) ) REPRESENTATION_CONTEXT ( 'NONE', 'WORKASPACE' ) );
#3834 = FACE_OUTER_BOUND ( 'NONE', #3801, .T. ) ;
#3835 = CARTESIAN_POINT ( 'NONE',  ( 0.0000000000000000000, 0.2190000000000000002, 0.0000000000000000000 ) ) ;
#3836 = DIRECTION ( 'NONE',  ( 0.0000000000000000000, 0.0000000000000000000, -1.000000000000000000 ) ) ;
#3837 = EDGE_CURVE ( 'NONE', #4162, #4565, #3115, .T. ) ;
#3838 = DIRECTION ( 'NONE',  ( 0.0000000000000000000, 0.0000000000000000000, -1.000000000000000000 ) ) ;
#3839 = DIRECTION ( 'NONE',  ( -0.0000000000000000000, 1.000000000000000000, -0.0000000000000000000 ) ) ;
#3840 = FILL_AREA_STYLE ('',( #5717 ) ) ;
#3841 = DIRECTION ( 'NONE',  ( -1.000000000000000000, -0.0000000000000000000, -0.0000000000000000000 ) ) ;
#3842 = DIMENSIONAL_EXPONENTS ( 1.000000000000000000, 0.0000000000000000000, 0.0000000000000000000, 0.0000000000000000000, 0.0000000000000000000, 0.0000000000000000000, 0.0000000000000000000 ) ;
#3843 = DIRECTION ( 'NONE',  ( 0.0000000000000000000, 1.000000000000000000, -0.0000000000000000000 ) ) ;
#3844 = EDGE_LOOP ( 'NONE', ( #4634, #2027, #1628, #1548 ) ) ;
#3845 = CARTESIAN_POINT ( 'NONE',  ( -0.05800000000000001682, -0.08999999999999999667, -0.03300000000000000155 ) ) ;
#3846 = PLANE ( 'NONE',  #6308 ) ;
#3847 = ORIENTED_EDGE ( 'NONE', *, *, #1725, .T. ) ;
#3848 = ADVANCED_FACE ( 'NONE', ( #5685 ), #5884, .F. ) ;
#3849 =( NAMED_UNIT ( * ) SI_UNIT ( $, .STERADIAN. ) SOLID_ANGLE_UNIT ( ) );
#3850 =( CONVERSION_BASED_UNIT ( 'INCH', #3983 ) LENGTH_UNIT ( ) NAMED_UNIT ( #3616 ) );
#3851 = SURFACE_STYLE_USAGE ( .BOTH. , #2396 ) ;
#3852 = DIRECTION ( 'NONE',  ( 0.0000000000000000000, 1.000000000000000000, 0.0000000000000000000 ) ) ;
#3853 = ORIENTED_EDGE ( 'NONE', *, *, #3523, .T. ) ;
#3854 =( CONVERSION_BASED_UNIT ( 'INCH', #1057 ) LENGTH_UNIT ( ) NAMED_UNIT ( #885 ) );
#3855 = DIRECTION ( 'NONE',  ( -0.0000000000000000000, -1.000000000000000000, -0.0000000000000000000 ) ) ;
#3856 = DIRECTION ( 'NONE',  ( -0.0000000000000000000, 1.000000000000000000, -0.0000000000000000000 ) ) ;
#3857 = ORIENTED_EDGE ( 'NONE', *, *, #6039, .F. ) ;
#3858 = VERTEX_POINT ( 'NONE', #2416 ) ;
#3859 = DIRECTION ( 'NONE',  ( 0.0000000000000000000, 1.000000000000000000, 0.0000000000000000000 ) ) ;
#3860 = EDGE_LOOP ( 'NONE', ( #37, #5091, #5139, #584 ) ) ;
#3861 = EDGE_CURVE ( 'NONE', #2484, #332, #1666, .T. ) ;
#3862 = DIRECTION ( 'NONE',  ( 1.000000000000000000, 0.0000000000000000000, 0.0000000000000000000 ) ) ;
#3863 = LINE ( 'NONE', #1011, #6275 ) ;
#3864 = EDGE_CURVE ( 'NONE', #5001, #243, #4499, .T. ) ;
#3865 = MECHANICAL_DESIGN_GEOMETRIC_PRESENTATION_REPRESENTATION (  '', ( #4839 ), #1646 ) ;
#3866 = ORIENTED_EDGE ( 'NONE', *, *, #389, .T. ) ;
#3867 = DIRECTION ( 'NONE',  ( 0.9659258262890682012, 0.0000000000000000000, -0.2588190451025213501 ) ) ;
#3868 = EDGE_LOOP ( 'NONE', ( #3477, #2063, #415, #3847 ) ) ;
#3869 = CARTESIAN_POINT ( 'NONE',  ( 0.04199999999999998873, 0.2089999999999999358, 0.03300000000000000155 ) ) ;
#3870 = EDGE_CURVE ( 'NONE', #1625, #1948, #4416, .T. ) ;
#3871 = ORIENTED_EDGE ( 'NONE', *, *, #4673, .F. ) ;
#3872 = ORIENTED_EDGE ( 'NONE', *, *, #2002, .F. ) ;
#3873 = VECTOR ( 'NONE', #6247, 39.37007874015748143 ) ;
#3874 = VERTEX_POINT ( 'NONE', #2008 ) ;
#3875 = SURFACE_SIDE_STYLE ('',( #5734 ) ) ;
#3876 = EDGE_LOOP ( 'NONE', ( #4042, #4746, #1792, #2007 ) ) ;
#3877 = LINE ( 'NONE', #1161, #5903 ) ;
#3878 = EDGE_LOOP ( 'NONE', ( #6198, #4404, #1260, #1642 ) ) ;
#3879 = ORIENTED_EDGE ( 'NONE', *, *, #3196, .T. ) ;
#3880 = CARTESIAN_POINT ( 'NONE',  ( 0.01249999999999996947, 0.02450000000000000441, 0.06749999999999997669 ) ) ;
#3881 = ORIENTED_EDGE ( 'NONE', *, *, #5789, .T. ) ;
#3882 = CARTESIAN_POINT ( 'NONE',  ( 0.03821880215351704940, 0.2024507732164214646, 0.01321880215351707057 ) ) ;
#3883 = AXIS2_PLACEMENT_3D ( 'NONE', #5779, #367, #5225 ) ;
#3884 = FACE_OUTER_BOUND ( 'NONE', #2592, .T. ) ;
#3885 = LINE ( 'NONE', #6261, #3644 ) ;
#3886 = ORIENTED_EDGE ( 'NONE', *, *, #863, .T. ) ;
#3887 = CARTESIAN_POINT ( 'NONE',  ( 0.05799999999999998906, 0.09900000000000000466, -0.01700000000000000122 ) ) ;
#3888 = SURFACE_STYLE_USAGE ( .BOTH. , #6313 ) ;
#3889 = ADVANCED_FACE ( 'NONE', ( #664 ), #5412, .T. ) ;
#3890 = ORIENTED_EDGE ( 'NONE', *, *, #4597, .T. ) ;
#3891 = UNCERTAINTY_MEASURE_WITH_UNIT (LENGTH_MEASURE( 1.000000000000000082E-05 ), #3606, 'distance_accuracy_value', 'NONE');
#3892 = FILL_AREA_STYLE_COLOUR ( '', #5598 ) ;
#3893 = CARTESIAN_POINT ( 'NONE',  ( -0.07500000000000002498, 0.07449999999999999678, 0.05749999999999998168 ) ) ;
#3894 = COLOUR_RGB ( '',0.9686274509803921573, 0.8784313725490195957, 0.5999999999999999778 ) ;
#3895 = CARTESIAN_POINT ( 'NONE',  ( -0.04200000000000002343, 0.2190000000000000002, 0.03300000000000000155 ) ) ;
#3896 = DIRECTION ( 'NONE',  ( -0.0000000000000000000, -1.000000000000000000, -0.0000000000000000000 ) ) ;
#3897 = ORIENTED_EDGE ( 'NONE', *, *, #3283, .F. ) ;
#3898 = DIRECTION ( 'NONE',  ( -0.0000000000000000000, -0.0000000000000000000, 1.000000000000000000 ) ) ;
#3899 = LINE ( 'NONE', #4802, #1735 ) ;
#3900 = PRESENTATION_STYLE_ASSIGNMENT (( #4935 ) ) ;
#3901 = LINE ( 'NONE', #2647, #1147 ) ;
#3902 = FILL_AREA_STYLE_COLOUR ( '', #5813 ) ;
#3903 =( CONVERSION_BASED_UNIT ( 'INCH', #5539 ) LENGTH_UNIT ( ) NAMED_UNIT ( #5542 ) );
#3904 = DIRECTION ( 'NONE',  ( 0.0000000000000000000, -0.0000000000000000000, 1.000000000000000000 ) ) ;
#3905 = CARTESIAN_POINT ( 'NONE',  ( 0.03750000000000001249, 0.0000000000000000000, 0.06750000000000001832 ) ) ;
#3906 = MECHANICAL_DESIGN_GEOMETRIC_PRESENTATION_REPRESENTATION (  '', ( #1910 ), #2894 ) ;
#3907 = AXIS2_PLACEMENT_3D ( 'NONE', #541, #4484, #1591 ) ;
#3908 = DIRECTION ( 'NONE',  ( -0.0000000000000000000, -1.000000000000000000, -0.0000000000000000000 ) ) ;
#3909 = EDGE_CURVE ( 'NONE', #5376, #2785, #2406, .T. ) ;
#3910 = LINE ( 'NONE', #6221, #85 ) ;
#3911 = CARTESIAN_POINT ( 'NONE',  ( -0.003218802153516998367, 0.2284315353299545825, 0.02178119784648302470 ) ) ;
#3912 = CARTESIAN_POINT ( 'NONE',  ( -0.05222649730810375451, 0.2190000000000000002, 0.02722649730810373578 ) ) ;
#3913 = CARTESIAN_POINT ( 'NONE',  ( 0.01919872981077808821, 0.0000000000000000000, -0.04250000000000001693 ) ) ;
#3914 =( NAMED_UNIT ( * ) PLANE_ANGLE_UNIT ( ) SI_UNIT ( $, .RADIAN. ) );
#3915 = ADVANCED_FACE ( 'NONE', ( #1427 ), #4954, .F. ) ;
#3916 = AXIS2_PLACEMENT_3D ( 'NONE', #1456, #1472, #2914 ) ;
#3917 = DIRECTION ( 'NONE',  ( -0.2588190451025213501, 0.0000000000000000000, 0.9659258262890679791 ) ) ;
#3918 =( NAMED_UNIT ( * ) PLANE_ANGLE_UNIT ( ) SI_UNIT ( $, .RADIAN. ) );
#3919 = PRESENTATION_LAYER_ASSIGNMENT (  '', '', ( #961 ) ) ;
#3920 = DIRECTION ( 'NONE',  ( 0.0000000000000000000, 0.0000000000000000000, -1.000000000000000000 ) ) ;
#3921 = VERTEX_POINT ( 'NONE', #3987 ) ;
#3922 = UNCERTAINTY_MEASURE_WITH_UNIT (LENGTH_MEASURE( 1.000000000000000082E-05 ), #3854, 'distance_accuracy_value', 'NONE');
#3923 = VECTOR ( 'NONE', #2401, 39.37007874015748143 ) ;
#3924 = EDGE_CURVE ( 'NONE', #4473, #4828, #1731, .T. ) ;
#3925 = DIRECTION ( 'NONE',  ( 1.000000000000000000, -0.0000000000000000000, 0.0000000000000000000 ) ) ;
#3926 = SURFACE_SIDE_STYLE ('',( #565 ) ) ;
#3927 = ORIENTED_EDGE ( 'NONE', *, *, #3459, .F. ) ;
#3928 = VERTEX_POINT ( 'NONE', #3887 ) ;
#3929 = CARTESIAN_POINT ( 'NONE',  ( -0.01919872981077807780, 0.09900000000000000466, -0.04250000000000001693 ) ) ;
#3930 = ORIENTED_EDGE ( 'NONE', *, *, #5083, .T. ) ;
#3931 = LINE ( 'NONE', #2032, #4304 ) ;
#3932 = CARTESIAN_POINT ( 'NONE',  ( 0.07499999999999999722, 0.02450000000000000441, 0.06749999999999997669 ) ) ;
#3933 = FILL_AREA_STYLE_COLOUR ( '', #3894 ) ;
#3934 = ORIENTED_EDGE ( 'NONE', *, *, #378, .T. ) ;
#3935 = VECTOR ( 'NONE', #463, 39.37007874015748143 ) ;
#3936 = ORIENTED_EDGE ( 'NONE', *, *, #2531, .T. ) ;
#3937 = DIRECTION ( 'NONE',  ( 1.000000000000000000, 0.0000000000000000000, 0.0000000000000000000 ) ) ;
#3938 = DIRECTION ( 'NONE',  ( -0.0000000000000000000, 1.000000000000000000, -0.0000000000000000000 ) ) ;
#3939 = DIRECTION ( 'NONE',  ( -1.000000000000000000, 0.0000000000000000000, -0.0000000000000000000 ) ) ;
#3940 =( NAMED_UNIT ( * ) SI_UNIT ( $, .STERADIAN. ) SOLID_ANGLE_UNIT ( ) );
#3941 =( GEOMETRIC_REPRESENTATION_CONTEXT ( 3 ) GLOBAL_UNCERTAINTY_ASSIGNED_CONTEXT ( ( #1442 ) ) GLOBAL_UNIT_ASSIGNED_CONTEXT ( ( #2528, #158, #5054 ) ) REPRESENTATION_CONTEXT ( 'NONE', 'WORKASPACE' ) );
#3942 = LENGTH_MEASURE_WITH_UNIT ( LENGTH_MEASURE( 0.02539999999999999897 ), #2838 );
#3943 = ORIENTED_EDGE ( 'NONE', *, *, #2173, .T. ) ;
#3944 = ORIENTED_EDGE ( 'NONE', *, *, #1392, .F. ) ;
#3945 = ORIENTED_EDGE ( 'NONE', *, *, #1373, .T. ) ;
#3946 = DIRECTION ( 'NONE',  ( 0.0000000000000000000, 0.0000000000000000000, -1.000000000000000000 ) ) ;
#3947 = CARTESIAN_POINT ( 'NONE',  ( -0.03749999999999999861, 0.02450000000000000441, 0.06749999999999997669 ) ) ;
#3948 = ADVANCED_FACE ( 'NONE', ( #441 ), #1848, .F. ) ;
#3949 = DIRECTION ( 'NONE',  ( 1.000000000000000000, 0.0000000000000000000, 0.0000000000000000000 ) ) ;
#3950 = ORIENTED_EDGE ( 'NONE', *, *, #5885, .F. ) ;
#3951 = SURFACE_STYLE_FILL_AREA ( #4097 ) ;
#3952 = VECTOR ( 'NONE', #5446, 39.37007874015747433 ) ;
#3953 = VERTEX_POINT ( 'NONE', #1434 ) ;
#3954 = EDGE_CURVE ( 'NONE', #2222, #5222, #5462, .T. ) ;
#3955 = VERTEX_POINT ( 'NONE', #2783 ) ;
#3956 = DIRECTION ( 'NONE',  ( -1.000000000000000000, 0.0000000000000000000, 0.0000000000000000000 ) ) ;
#3957 = STYLED_ITEM ( 'NONE', ( #5023 ), #6194 ) ;
#3958 = EDGE_LOOP ( 'NONE', ( #3378, #5592, #2303, #1538 ) ) ;
#3959 = CARTESIAN_POINT ( 'NONE',  ( 0.05799999999999998906, -0.08999999999999999667, -0.03300000000000000155 ) ) ;
#3960 = EDGE_CURVE ( 'NONE', #3955, #197, #3418, .T. ) ;
#3961 = MECHANICAL_DESIGN_GEOMETRIC_PRESENTATION_REPRESENTATION (  '', ( #10 ), #2816 ) ;
#3962 = CARTESIAN_POINT ( 'NONE',  ( 0.007999999999999981085, -0.08999999999999999667, 0.03300000000000000155 ) ) ;
#3963 = COLOUR_RGB ( '',0.9686274509803921573, 0.8784313725490195957, 0.5999999999999999778 ) ;
#3964 = CARTESIAN_POINT ( 'NONE',  ( 0.04199999999999998873, 0.09900000000000000466, -0.01700000000000000122 ) ) ;
#3965 = LENGTH_MEASURE_WITH_UNIT ( LENGTH_MEASURE( 0.02539999999999999897 ), #2801 );
#3966 = ORIENTED_EDGE ( 'NONE', *, *, #1176, .F. ) ;
#3967 = AXIS2_PLACEMENT_3D ( 'NONE', #2433, #3429, #3376 ) ;
#3968 = VERTEX_POINT ( 'NONE', #2360 ) ;
#3969 = ORIENTED_EDGE ( 'NONE', *, *, #4079, .T. ) ;
#3970 = EDGE_CURVE ( 'NONE', #2212, #6108, #898, .T. ) ;
#3971 = CARTESIAN_POINT ( 'NONE',  ( -0.01919872981077807780, 0.07449999999999999678, 0.04250000000000001693 ) ) ;
#3972 = SURFACE_STYLE_FILL_AREA ( #2048 ) ;
#3973 = FACE_OUTER_BOUND ( 'NONE', #271, .T. ) ;
#3974 = LINE ( 'NONE', #5328, #575 ) ;
#3975 = CARTESIAN_POINT ( 'NONE',  ( 0.07499999999999999722, 0.09900000000000000466, 0.06749999999999999056 ) ) ;
#3976 = ORIENTED_EDGE ( 'NONE', *, *, #2284, .F. ) ;
#3977 = UNCERTAINTY_MEASURE_WITH_UNIT (LENGTH_MEASURE( 1.000000000000000082E-05 ), #3903, 'distance_accuracy_value', 'NONE');
#3978 = VECTOR ( 'NONE', #375, 39.37007874015748143 ) ;
#3979 = CARTESIAN_POINT ( 'NONE',  ( -0.008000000000000015779, -0.08999999999999999667, -0.03300000000000000155 ) ) ;
#3980 = CARTESIAN_POINT ( 'NONE',  ( 0.009999999999999995004, 0.07449999999999999678, 0.01580951894845298786 ) ) ;
#3981 = COLOUR_RGB ( '',0.9686274509803921573, 0.8784313725490195957, 0.5999999999999999778 ) ;
#3982 = FACE_OUTER_BOUND ( 'NONE', #4646, .T. ) ;
#3983 = LENGTH_MEASURE_WITH_UNIT ( LENGTH_MEASURE( 0.02539999999999999897 ), #469 );
#3984 = VECTOR ( 'NONE', #4532, 39.37007874015748143 ) ;
#3985 = VECTOR ( 'NONE', #4192, 39.37007874015748143 ) ;
#3986 = DIRECTION ( 'NONE',  ( -1.000000000000000000, 0.0000000000000000000, 0.0000000000000000000 ) ) ;
#3987 = CARTESIAN_POINT ( 'NONE',  ( 0.05799999999999998906, 0.09900000000000000466, 0.03300000000000000155 ) ) ;
#3988 = LENGTH_MEASURE_WITH_UNIT ( LENGTH_MEASURE( 0.02539999999999999897 ), #5448 );
#3989 = ADVANCED_FACE ( 'NONE', ( #6073 ), #937, .T. ) ;
#3990 = LINE ( 'NONE', #186, #2970 ) ;
#3991 = DIRECTION ( 'NONE',  ( 0.0000000000000000000, 0.0000000000000000000, -1.000000000000000000 ) ) ;
#3992 =( LENGTH_UNIT ( ) NAMED_UNIT ( * ) SI_UNIT ( $, .METRE. ) );
#3993 = LINE ( 'NONE', #573, #4358 ) ;
#3994 = CARTESIAN_POINT ( 'NONE',  ( -0.07500000000000002498, 0.02449999999999998707, -0.05749999999999998168 ) ) ;
#3995 = EDGE_CURVE ( 'NONE', #3705, #1288, #2869, .T. ) ;
#3996 = DIRECTION ( 'NONE',  ( -1.000000000000000000, -0.0000000000000000000, -0.0000000000000000000 ) ) ;
#3997 = LINE ( 'NONE', #398, #6017 ) ;
#3998 = AXIS2_PLACEMENT_3D ( 'NONE', #2384, #3377, #2434 ) ;
#3999 = EDGE_CURVE ( 'NONE', #6045, #3718, #1799, .T. ) ;
#4000 =( GEOMETRIC_REPRESENTATION_CONTEXT ( 3 ) GLOBAL_UNCERTAINTY_ASSIGNED_CONTEXT ( ( #3719 ) ) GLOBAL_UNIT_ASSIGNED_CONTEXT ( ( #648, #3128, #5517 ) ) REPRESENTATION_CONTEXT ( 'NONE', 'WORKASPACE' ) );
#4001 = EDGE_CURVE ( 'NONE', #3251, #178, #1582, .T. ) ;
#4002 = ORIENTED_EDGE ( 'NONE', *, *, #6095, .T. ) ;
#4003 = VECTOR ( 'NONE', #4757, 39.37007874015748143 ) ;
#4004 = CARTESIAN_POINT ( 'NONE',  ( -0.06500000000000002998, 0.07449999999999999678, 0.05749999999999998168 ) ) ;
#4005 = CARTESIAN_POINT ( 'NONE',  ( 0.07499999999999999722, 0.09900000000000000466, 0.06749999999999999056 ) ) ;
#4006 = DIRECTION ( 'NONE',  ( 0.0000000000000000000, 0.0000000000000000000, -1.000000000000000000 ) ) ;
#4007 = ORIENTED_EDGE ( 'NONE', *, *, #1764, .F. ) ;
#4008 = UNCERTAINTY_MEASURE_WITH_UNIT (LENGTH_MEASURE( 1.000000000000000082E-05 ), #4138, 'distance_accuracy_value', 'NONE');
#4009 = AXIS2_PLACEMENT_3D ( 'NONE', #3133, #4114, #1227 ) ;
#4010 = PRESENTATION_STYLE_ASSIGNMENT (( #906 ) ) ;
#4011 = DIRECTION ( 'NONE',  ( 0.0000000000000000000, 0.0000000000000000000, -1.000000000000000000 ) ) ;
#4012 = FILL_AREA_STYLE ('',( #1536 ) ) ;
#4013 = CARTESIAN_POINT ( 'NONE',  ( -0.008000000000000015779, 0.09900000000000000466, 0.03300000000000000155 ) ) ;
#4014 = DIRECTION ( 'NONE',  ( -1.000000000000000000, 0.0000000000000000000, 0.0000000000000000000 ) ) ;
#4015 = ORIENTED_EDGE ( 'NONE', *, *, #4601, .T. ) ;
#4016 = DIRECTION ( 'NONE',  ( -0.0000000000000000000, 0.0000000000000000000, -1.000000000000000000 ) ) ;
#4017 = DIRECTION ( 'NONE',  ( -1.707404996040164512E-16, 1.000000000000000000, -0.0000000000000000000 ) ) ;
#4018 = ADVANCED_FACE ( 'NONE', ( #6232 ), #878, .F. ) ;
#4019 = ORIENTED_EDGE ( 'NONE', *, *, #4285, .T. ) ;
#4021 = CARTESIAN_POINT ( 'NONE',  ( 0.04199999999999998873, 0.0000000000000000000, 0.03300000000000000155 ) ) ;
#4020 = DIRECTION ( 'NONE',  ( 0.0000000000000000000, -0.0000000000000000000, -1.000000000000000000 ) ) ;
#4022 = ORIENTED_EDGE ( 'NONE', *, *, #617, .F. ) ;
#4023 = ORIENTED_EDGE ( 'NONE', *, *, #5424, .T. ) ;
#4024 = EDGE_LOOP ( 'NONE', ( #5530, #1012, #5443, #2680 ) ) ;
#4025 = CARTESIAN_POINT ( 'NONE',  ( 0.05799999999999998906, 0.09900000000000000466, 0.03300000000000000155 ) ) ;
#4026 = FACE_OUTER_BOUND ( 'NONE', #2306, .T. ) ;
#4027 = VERTEX_POINT ( 'NONE', #850 ) ;
#4028 = PRESENTATION_STYLE_ASSIGNMENT (( #4214 ) ) ;
#4029 = DIRECTION ( 'NONE',  ( 0.8660254037844397068, -0.4999999999999982792, 0.0000000000000000000 ) ) ;
#4030 = CLOSED_SHELL ( 'NONE', ( #2584, #4457, #6089, #4900, #4118, #1875 ) ) ;
#4031 = ORIENTED_EDGE ( 'NONE', *, *, #412, .F. ) ;
#4032 = ORIENTED_EDGE ( 'NONE', *, *, #1444, .T. ) ;
#4033 = DIRECTION ( 'NONE',  ( 0.0000000000000000000, 0.0000000000000000000, -1.000000000000000000 ) ) ;
#4034 =( GEOMETRIC_REPRESENTATION_CONTEXT ( 3 ) GLOBAL_UNCERTAINTY_ASSIGNED_CONTEXT ( ( #1364 ) ) GLOBAL_UNIT_ASSIGNED_CONTEXT ( ( #4400, #4976, #2036 ) ) REPRESENTATION_CONTEXT ( 'NONE', 'WORKASPACE' ) );
#4035 = CLOSED_SHELL ( 'NONE', ( #5414, #1304, #2445, #2319, #2287, #1692, #5265, #2114, #3108, #344 ) ) ;
#4036 = FACE_OUTER_BOUND ( 'NONE', #6065, .T. ) ;
#4037 = ORIENTED_EDGE ( 'NONE', *, *, #5008, .F. ) ;
#4038 = EDGE_CURVE ( 'NONE', #1575, #1107, #746, .T. ) ;
#4039 = CARTESIAN_POINT ( 'NONE',  ( 0.04199999999999998873, 0.0000000000000000000, -0.03300000000000000155 ) ) ;
#4040 = ORIENTED_EDGE ( 'NONE', *, *, #1535, .F. ) ;
#4041 = CARTESIAN_POINT ( 'NONE',  ( -0.04777350269189629267, 0.2190000000000000002, 0.0000000000000000000 ) ) ;
#4042 = ORIENTED_EDGE ( 'NONE', *, *, #5474, .F. ) ;
#4043 = LINE ( 'NONE', #3553, #2028 ) ;
#4044 = EDGE_CURVE ( 'NONE', #2151, #1636, #4796, .T. ) ;
#4045 = CARTESIAN_POINT ( 'NONE',  ( 0.05799999999999998906, 0.0000000000000000000, 0.03300000000000000155 ) ) ;
#4046 = LINE ( 'NONE', #2840, #200 ) ;
#4047 = DIRECTION ( 'NONE',  ( 1.000000000000000000, -0.0000000000000000000, -0.0000000000000000000 ) ) ;
#4048 = EDGE_LOOP ( 'NONE', ( #4178, #3934, #4854, #5017 ) ) ;
#4049 = AXIS2_PLACEMENT_3D ( 'NONE', #4378, #4471, #2020 ) ;
#4050 =( LENGTH_UNIT ( ) NAMED_UNIT ( * ) SI_UNIT ( $, .METRE. ) );
#4051 = LINE ( 'NONE', #481, #2489 ) ;
#4052 = LENGTH_MEASURE_WITH_UNIT ( LENGTH_MEASURE( 0.02539999999999999897 ), #5206 );
#4053 = ADVANCED_FACE ( 'NONE', ( #2713 ), #4326, .F. ) ;
#4054 = DIRECTION ( 'NONE',  ( -0.0000000000000000000, 1.000000000000000000, -0.0000000000000000000 ) ) ;
#4055 = EDGE_CURVE ( 'NONE', #4182, #5887, #3806, .T. ) ;
#4056 = CARTESIAN_POINT ( 'NONE',  ( 0.04199999999999998873, 0.0000000000000000000, 0.01700000000000000122 ) ) ;
#4057 = DIRECTION ( 'NONE',  ( -1.000000000000000000, -0.0000000000000000000, -0.0000000000000000000 ) ) ;
#4058 = DIRECTION ( 'NONE',  ( 0.0000000000000000000, 0.0000000000000000000, 1.000000000000000000 ) ) ;
#4059 = CARTESIAN_POINT ( 'NONE',  ( 0.007999999999999981085, 0.2089999999999999358, -0.03300000000000000155 ) ) ;
#4060 = CARTESIAN_POINT ( 'NONE',  ( -0.04777350269189629267, 0.2190000000000000002, 0.02277350269189626700 ) ) ;
#4061 = FACE_OUTER_BOUND ( 'NONE', #3543, .T. ) ;
#4062 = CARTESIAN_POINT ( 'NONE',  ( -0.07500000000000002498, 0.07449999999999999678, 0.06749999999999997669 ) ) ;
#4063 = DIRECTION ( 'NONE',  ( -1.000000000000000000, -0.0000000000000000000, -0.0000000000000000000 ) ) ;
#4065 = DIRECTION ( 'NONE',  ( 0.0000000000000000000, 0.4999999999999982792, 0.8660254037844397068 ) ) ;
#4064 = CARTESIAN_POINT ( 'NONE',  ( 0.04199999999999998873, 0.09900000000000000466, 0.01700000000000000122 ) ) ;
#4066 = CARTESIAN_POINT ( 'NONE',  ( -0.04200000000000002343, 0.09900000000000000466, -0.03300000000000000155 ) ) ;
#4067 = DIRECTION ( 'NONE',  ( 0.0000000000000000000, 1.000000000000000000, 0.0000000000000000000 ) ) ;
#4068 = DIRECTION ( 'NONE',  ( 0.0000000000000000000, 0.0000000000000000000, 1.000000000000000000 ) ) ;
#4069 = CARTESIAN_POINT ( 'NONE',  ( -0.07500000000000002498, 0.07450000000000002454, -0.06749999999999997669 ) ) ;
#4070 = DIRECTION ( 'NONE',  ( -1.000000000000000000, 0.0000000000000000000, 0.0000000000000000000 ) ) ;
#4071 = CARTESIAN_POINT ( 'NONE',  ( -0.05800000000000001682, 0.0000000000000000000, 0.01700000000000000122 ) ) ;
#4072 = LINE ( 'NONE', #4074, #1533 ) ;
#4073 = EDGE_CURVE ( 'NONE', #4100, #3858, #1578, .T. ) ;
#4074 = CARTESIAN_POINT ( 'NONE',  ( -0.008000000000000015779, 0.09900000000000000466, -0.01700000000000000122 ) ) ;
#4075 = DIRECTION ( 'NONE',  ( -0.8660254037844397068, -0.4999999999999982792, -0.0000000000000000000 ) ) ;
#4076 = EDGE_LOOP ( 'NONE', ( #5521, #4868, #3474, #5087 ) ) ;
#4077 = FACE_OUTER_BOUND ( 'NONE', #2836, .T. ) ;
#4078 = EDGE_CURVE ( 'NONE', #5815, #334, #4186, .T. ) ;
#4079 = EDGE_CURVE ( 'NONE', #1775, #3451, #353, .T. ) ;
#4080 = AXIS2_PLACEMENT_3D ( 'NONE', #2235, #4769, #1768 ) ;
#4081 = ORIENTED_EDGE ( 'NONE', *, *, #1839, .F. ) ;
#4082 = UNCERTAINTY_MEASURE_WITH_UNIT (LENGTH_MEASURE( 1.000000000000000082E-05 ), #4812, 'distance_accuracy_value', 'NONE');
#4083 =( CONVERSION_BASED_UNIT ( 'INCH', #244 ) LENGTH_UNIT ( ) NAMED_UNIT ( #2136 ) );
#4084 = EDGE_CURVE ( 'NONE', #403, #483, #1266, .T. ) ;
#4085 = ADVANCED_FACE ( 'NONE', ( #2862 ), #3496, .T. ) ;
#4086 = VERTEX_POINT ( 'NONE', #5927 ) ;
#4087 = PRESENTATION_STYLE_ASSIGNMENT (( #118 ) ) ;
#4088 =( LENGTH_UNIT ( ) NAMED_UNIT ( * ) SI_UNIT ( $, .METRE. ) );
#4089 = CARTESIAN_POINT ( 'NONE',  ( 0.05799999999999998906, 0.09900000000000000466, -0.01700000000000000122 ) ) ;
#4090 = ORIENTED_EDGE ( 'NONE', *, *, #907, .T. ) ;
#4091 = PLANE ( 'NONE',  #5851 ) ;
#4092 = FILL_AREA_STYLE ('',( #660 ) ) ;
#4093 = ORIENTED_EDGE ( 'NONE', *, *, #4923, .T. ) ;
#4094 = EDGE_LOOP ( 'NONE', ( #4946, #945, #2455, #365 ) ) ;
#4095 = LINE ( 'NONE', #861, #3629 ) ;
#4096 = EDGE_LOOP ( 'NONE', ( #6179, #516, #202, #6273 ) ) ;
#4097 = FILL_AREA_STYLE ('',( #1210 ) ) ;
#4098 = ORIENTED_EDGE ( 'NONE', *, *, #4643, .F. ) ;
#4099 = FACE_OUTER_BOUND ( 'NONE', #3562, .T. ) ;
#4100 = VERTEX_POINT ( 'NONE', #96 ) ;
#4101 = VERTEX_POINT ( 'NONE', #5901 ) ;
#4102 = ORIENTED_EDGE ( 'NONE', *, *, #588, .F. ) ;
#4103 = DIRECTION ( 'NONE',  ( 0.0000000000000000000, 1.000000000000000000, 0.0000000000000000000 ) ) ;
#4104 = VERTEX_POINT ( 'NONE', #3015 ) ;
#4105 = VERTEX_POINT ( 'NONE', #3515 ) ;
#4106 = DIMENSIONAL_EXPONENTS ( 1.000000000000000000, 0.0000000000000000000, 0.0000000000000000000, 0.0000000000000000000, 0.0000000000000000000, 0.0000000000000000000, 0.0000000000000000000 ) ;
#4107 = ORIENTED_EDGE ( 'NONE', *, *, #1360, .F. ) ;
#4108 = CARTESIAN_POINT ( 'NONE',  ( -0.1000000000000000056, 0.2190000000000000002, 0.02277350269189626700 ) ) ;
#4109 = LINE ( 'NONE', #6031, #505 ) ;
#4110 = VECTOR ( 'NONE', #116, 39.37007874015748143 ) ;
#4111 = CARTESIAN_POINT ( 'NONE',  ( 0.04000000000000000083, 0.02450000000000000441, 0.04250000000000001693 ) ) ;
#4112 = VECTOR ( 'NONE', #2500, 39.37007874015748143 ) ;
#4113 = ORIENTED_EDGE ( 'NONE', *, *, #1645, .F. ) ;
#4114 = DIRECTION ( 'NONE',  ( -1.000000000000000000, 0.0000000000000000000, -0.0000000000000000000 ) ) ;
#4115 = EDGE_CURVE ( 'NONE', #1509, #875, #3179, .T. ) ;
#4116 = VERTEX_POINT ( 'NONE', #2992 ) ;
#4117 = ORIENTED_EDGE ( 'NONE', *, *, #5124, .F. ) ;
#4118 = ADVANCED_FACE ( 'NONE', ( #4787 ), #82, .F. ) ;
#4119 = EDGE_CURVE ( 'NONE', #3227, #5795, #1506, .T. ) ;
#4120 = AXIS2_PLACEMENT_3D ( 'NONE', #5398, #5014, #4020 ) ;
#4121 = VECTOR ( 'NONE', #3554, 39.37007874015748143 ) ;
#4122 = EDGE_CURVE ( 'NONE', #5807, #4266, #5102, .T. ) ;
#4123 = CARTESIAN_POINT ( 'NONE',  ( -0.04200000000000002343, 0.0000000000000000000, 0.01700000000000000122 ) ) ;
#4124 = EDGE_LOOP ( 'NONE', ( #2113, #1409, #5897, #2170 ) ) ;
#4125 = SURFACE_STYLE_FILL_AREA ( #464 ) ;
#4126 = FACE_OUTER_BOUND ( 'NONE', #3618, .T. ) ;
#4127 = SURFACE_STYLE_FILL_AREA ( #1224 ) ;
#4128 = FACE_OUTER_BOUND ( 'NONE', #2188, .T. ) ;
#4129 = MECHANICAL_DESIGN_GEOMETRIC_PRESENTATION_REPRESENTATION (  '', ( #5516 ), #1081 ) ;
#4130 = CARTESIAN_POINT ( 'NONE',  ( 0.007999999999999981085, 0.09900000000000000466, 0.03300000000000000155 ) ) ;
#4131 = MECHANICAL_DESIGN_GEOMETRIC_PRESENTATION_REPRESENTATION (  '', ( #2663 ), #2050 ) ;
#4132 = LINE ( 'NONE', #3456, #4804 ) ;
#4133 = ORIENTED_EDGE ( 'NONE', *, *, #5057, .T. ) ;
#4134 = VECTOR ( 'NONE', #1664, 39.37007874015748143 ) ;
#4135 = DIRECTION ( 'NONE',  ( 0.0000000000000000000, 1.000000000000000000, 0.0000000000000000000 ) ) ;
#4136 = VECTOR ( 'NONE', #3594, 39.37007874015748143 ) ;
#4137 = EDGE_CURVE ( 'NONE', #3493, #5336, #2488, .T. ) ;
#4138 =( CONVERSION_BASED_UNIT ( 'INCH', #5037 ) LENGTH_UNIT ( ) NAMED_UNIT ( #3813 ) );
#4139 = CARTESIAN_POINT ( 'NONE',  ( -0.05000000000000000278, 0.2190000000000000002, -0.02722649730810373578 ) ) ;
#4140 = PRESENTATION_STYLE_ASSIGNMENT (( #689 ) ) ;
#4141 =( NAMED_UNIT ( * ) SI_UNIT ( $, .STERADIAN. ) SOLID_ANGLE_UNIT ( ) );
#4142 = CARTESIAN_POINT ( 'NONE',  ( 0.04199999999999998873, 0.2190000000000000002, 0.03300000000000000155 ) ) ;
#4143 = LINE ( 'NONE', #726, #6014 ) ;
#4144 = PLANE ( 'NONE',  #5308 ) ;
#4145 = DIMENSIONAL_EXPONENTS ( 1.000000000000000000, 0.0000000000000000000, 0.0000000000000000000, 0.0000000000000000000, 0.0000000000000000000, 0.0000000000000000000, 0.0000000000000000000 ) ;
#4146 = FACE_OUTER_BOUND ( 'NONE', #322, .T. ) ;
#4147 = DIRECTION ( 'NONE',  ( -0.0000000000000000000, -1.000000000000000000, -0.0000000000000000000 ) ) ;
#4148 = VERTEX_POINT ( 'NONE', #593 ) ;
#4149 = VECTOR ( 'NONE', #2652, 39.37007874015748143 ) ;
#4150 = CARTESIAN_POINT ( 'NONE',  ( 0.007999999999999981085, 0.0000000000000000000, -0.03300000000000000155 ) ) ;
#4151 = AXIS2_PLACEMENT_3D ( 'NONE', #5453, #4564, #5555 ) ;
#4152 = DIRECTION ( 'NONE',  ( -0.2588190451025214611, 0.0000000000000000000, 0.9659258262890679791 ) ) ;
#4153 = ORIENTED_EDGE ( 'NONE', *, *, #2362, .F. ) ;
#4154 = EDGE_CURVE ( 'NONE', #2606, #3084, #5750, .T. ) ;
#4155 = ORIENTED_EDGE ( 'NONE', *, *, #3503, .T. ) ;
#4156 = EDGE_CURVE ( 'NONE', #5991, #3631, #206, .T. ) ;
#4157 = MANIFOLD_SOLID_BREP ( 'LPattern5[4]', #6280 ) ;
#4158 = AXIS2_PLACEMENT_3D ( 'NONE', #3052, #1073, #1112 ) ;
#4159 = LINE ( 'NONE', #2621, #170 ) ;
#4160 = DIRECTION ( 'NONE',  ( 0.0000000000000000000, -1.000000000000000000, 0.0000000000000000000 ) ) ;
#4161 = EDGE_CURVE ( 'NONE', #2525, #1576, #1127, .T. ) ;
#4162 = VERTEX_POINT ( 'NONE', #147 ) ;
#4163 = LINE ( 'NONE', #5211, #860 ) ;
#4164 = ADVANCED_FACE ( 'NONE', ( #3332 ), #4525, .T. ) ;
#4165 = DIRECTION ( 'NONE',  ( 0.0000000000000000000, 1.000000000000000000, 0.0000000000000000000 ) ) ;
#4166 = FILL_AREA_STYLE_COLOUR ( '', #3424 ) ;
#4167 = VERTEX_POINT ( 'NONE', #1099 ) ;
#4168 = PLANE ( 'NONE',  #171 ) ;
#4169 = CLOSED_SHELL ( 'NONE', ( #2485, #5769, #3038, #5834, #311, #3135, #6159, #992, #564, #762, #1437, #189, #2705, #6185, #2758, #923, #2064, #853, #380, #4228, #2102, #6033, #448, #5069, #5203, #3915, #3781, #5035, #2644, #5796, #637, #3546, #2216, #3848, #2198, #2893, #4018, #1773, #3452, #2826, #2421, #4614, #3948, #1747, #4736, #1902, #1814, #4295, #4590, #4490, #4965, #1838, #4832, #4991, #2260, #2356, #681, #5666, #4929, #6228, #5725, #1228, #3321, #2223, #3599, #1399, #1374, #2866, #5388, #3627, #1085, #6284, #5994, #627, #2796, #4328, #709, #477, #5240, #791, #2515, #1022, #2994, #3163, #3486, #2733, #1534, #2035, #4558, #509 ) ) ;
#4170 = DIRECTION ( 'NONE',  ( -0.2588190451025213501, 0.0000000000000000000, -0.9659258262890679791 ) ) ;
#4171 = ADVANCED_FACE ( 'NONE', ( #3650 ), #694, .F. ) ;
#4172 = LINE ( 'NONE', #5508, #2686 ) ;
#4173 = ORIENTED_EDGE ( 'NONE', *, *, #2297, .T. ) ;
#4174 = LINE ( 'NONE', #4296, #1105 ) ;
#4175 = ORIENTED_EDGE ( 'NONE', *, *, #460, .F. ) ;
#4176 = ORIENTED_EDGE ( 'NONE', *, *, #4643, .T. ) ;
#4177 =( NAMED_UNIT ( * ) PLANE_ANGLE_UNIT ( ) SI_UNIT ( $, .RADIAN. ) );
#4178 = ORIENTED_EDGE ( 'NONE', *, *, #1556, .F. ) ;
#4179 = ORIENTED_EDGE ( 'NONE', *, *, #2609, .F. ) ;
#4180 = VECTOR ( 'NONE', #5871, 39.37007874015748143 ) ;
#4181 = VECTOR ( 'NONE', #19, 39.37007874015748143 ) ;
#4182 = VERTEX_POINT ( 'NONE', #1655 ) ;
#4183 = ORIENTED_EDGE ( 'NONE', *, *, #2499, .T. ) ;
#4184 = VERTEX_POINT ( 'NONE', #4064 ) ;
#4185 = CARTESIAN_POINT ( 'NONE',  ( 0.07499999999999999722, 0.09900000000000000466, 0.06749999999999999056 ) ) ;
#4186 = LINE ( 'NONE', #2973, #4121 ) ;
#4187 = COLOUR_RGB ( '',0.7921568627450980005, 0.8196078431372548767, 0.9333333333333333481 ) ;
#4188 = VECTOR ( 'NONE', #3956, 39.37007874015748143 ) ;
#4189 = CARTESIAN_POINT ( 'NONE',  ( -0.03080127018922191803, 0.02450000000000000441, 0.04250000000000001693 ) ) ;
#4190 = ORIENTED_EDGE ( 'NONE', *, *, #3131, .F. ) ;
#4191 = CARTESIAN_POINT ( 'NONE',  ( -0.05800000000000001682, -0.08999999999999999667, 0.01700000000000000122 ) ) ;
#4192 = DIRECTION ( 'NONE',  ( 0.0000000000000000000, 0.0000000000000000000, -1.000000000000000000 ) ) ;
#4193 = DIRECTION ( 'NONE',  ( 0.0000000000000000000, -0.0000000000000000000, -1.000000000000000000 ) ) ;
#4194 = VECTOR ( 'NONE', #2846, 39.37007874015748143 ) ;
#4195 = DIRECTION ( 'NONE',  ( 0.0000000000000000000, 0.0000000000000000000, 1.000000000000000000 ) ) ;
#4196 = VECTOR ( 'NONE', #1310, 39.37007874015748143 ) ;
#4197 = EDGE_CURVE ( 'NONE', #4104, #4563, #5742, .T. ) ;
#4198 = LINE ( 'NONE', #4150, #2034 ) ;
#4199 = AXIS2_PLACEMENT_3D ( 'NONE', #2972, #92, #4442 ) ;
#4200 = EDGE_CURVE ( 'NONE', #2080, #5502, #3566, .T. ) ;
#4201 = DIRECTION ( 'NONE',  ( -0.0000000000000000000, 1.000000000000000000, -0.0000000000000000000 ) ) ;
#4202 = FACE_OUTER_BOUND ( 'NONE', #3389, .T. ) ;
#4203 = CARTESIAN_POINT ( 'NONE',  ( 0.04199999999999998873, -0.2026274169979695450, -0.03300000000000000155 ) ) ;
#4204 = FACE_OUTER_BOUND ( 'NONE', #641, .T. ) ;
#4205 = CARTESIAN_POINT ( 'NONE',  ( -0.05800000000000001682, 0.09900000000000000466, -0.03300000000000000155 ) ) ;
#4206 = VECTOR ( 'NONE', #3271, 39.37007874015748143 ) ;
#4207 = SURFACE_STYLE_FILL_AREA ( #1300 ) ;
#4208 = ADVANCED_FACE ( 'NONE', ( #2175 ), #6077, .T. ) ;
#4209 = LINE ( 'NONE', #514, #5774 ) ;
#4210 = DIRECTION ( 'NONE',  ( -1.000000000000000000, 0.0000000000000000000, 0.0000000000000000000 ) ) ;
#4211 = DIRECTION ( 'NONE',  ( 0.2588190451025213501, 0.0000000000000000000, 0.9659258262890682012 ) ) ;
#4212 = CARTESIAN_POINT ( 'NONE',  ( -0.05800000000000001682, 0.2089999999999999358, 0.03300000000000000155 ) ) ;
#4213 = LINE ( 'NONE', #2754, #5478 ) ;
#4214 = SURFACE_STYLE_USAGE ( .BOTH. , #4756 ) ;
#4215 = CARTESIAN_POINT ( 'NONE',  ( -0.05800000000000001682, 0.09900000000000000466, -0.01700000000000000122 ) ) ;
#4216 = DIRECTION ( 'NONE',  ( 1.000000000000000000, 0.0000000000000000000, -0.0000000000000000000 ) ) ;
#4217 = ORIENTED_EDGE ( 'NONE', *, *, #3870, .T. ) ;
#4218 = SURFACE_STYLE_FILL_AREA ( #1325 ) ;
#4219 = CARTESIAN_POINT ( 'NONE',  ( -0.04200000000000002343, 0.09900000000000000466, -0.01700000000000000122 ) ) ;
#4220 = ORIENTED_EDGE ( 'NONE', *, *, #6300, .T. ) ;
#4221 = MECHANICAL_DESIGN_GEOMETRIC_PRESENTATION_REPRESENTATION (  '', ( #5700 ), #3663 ) ;
#4222 = CARTESIAN_POINT ( 'NONE',  ( -0.04000000000000000777, 0.07450000000000001066, 0.05749999999999998168 ) ) ;
#4223 = STYLED_ITEM ( 'NONE', ( #2503 ), #344 ) ;
#4224 = CARTESIAN_POINT ( 'NONE',  ( -0.008000000000000015779, 0.0000000000000000000, 0.03300000000000000155 ) ) ;
#4225 = CARTESIAN_POINT ( 'NONE',  ( 0.007999999999999981085, 0.09900000000000000466, -0.03300000000000000155 ) ) ;
#4226 = EDGE_CURVE ( 'NONE', #259, #556, #574, .T. ) ;
#4227 = ORIENTED_EDGE ( 'NONE', *, *, #2864, .F. ) ;
#4228 = ADVANCED_FACE ( 'NONE', ( #43 ), #4573, .F. ) ;
#4229 = DIRECTION ( 'NONE',  ( -0.0000000000000000000, 1.000000000000000000, -0.0000000000000000000 ) ) ;
#4230 = FILL_AREA_STYLE_COLOUR ( '', #6172 ) ;
#4231 = DIRECTION ( 'NONE',  ( 1.000000000000000000, 0.0000000000000000000, 0.0000000000000000000 ) ) ;
#4232 = ORIENTED_EDGE ( 'NONE', *, *, #1613, .F. ) ;
#4233 = ORIENTED_EDGE ( 'NONE', *, *, #5268, .T. ) ;
#4234 = ORIENTED_EDGE ( 'NONE', *, *, #1479, .T. ) ;
#4235 = EDGE_CURVE ( 'NONE', #5537, #28, #4109, .T. ) ;
#4236 = CARTESIAN_POINT ( 'NONE',  ( -0.03080127018922191803, 0.0000000000000000000, 0.04250000000000001693 ) ) ;
#4237 = ORIENTED_EDGE ( 'NONE', *, *, #5324, .F. ) ;
#4238 = ORIENTED_EDGE ( 'NONE', *, *, #6122, .F. ) ;
#4239 = CARTESIAN_POINT ( 'NONE',  ( -0.04200000000000002343, 0.0000000000000000000, -0.03300000000000000155 ) ) ;
#4240 = VERTEX_POINT ( 'NONE', #2094 ) ;
#4241 = ORIENTED_EDGE ( 'NONE', *, *, #5875, .F. ) ;
#4242 = ORIENTED_EDGE ( 'NONE', *, *, #3619, .T. ) ;
#4243 =( CONVERSION_BASED_UNIT ( 'INCH', #3118 ) LENGTH_UNIT ( ) NAMED_UNIT ( #6109 ) );
#4244 = LINE ( 'NONE', #4724, #5820 ) ;
#4245 = DIRECTION ( 'NONE',  ( 1.000000000000000000, 0.0000000000000000000, 0.0000000000000000000 ) ) ;
#4246 = VERTEX_POINT ( 'NONE', #161 ) ;
#4247 = CARTESIAN_POINT ( 'NONE',  ( -0.008000000000000015779, 0.09900000000000000466, -0.01700000000000000122 ) ) ;
#4248 = ORIENTED_EDGE ( 'NONE', *, *, #219, .T. ) ;
#4249 = ORIENTED_EDGE ( 'NONE', *, *, #3999, .T. ) ;
#4250 = LINE ( 'NONE', #4130, #3481 ) ;
#4251 = VECTOR ( 'NONE', #2066, 39.37007874015748143 ) ;
#4252 = DIRECTION ( 'NONE',  ( -0.9659258262890680902, 0.0000000000000000000, -0.2588190451025215166 ) ) ;
#4253 = VECTOR ( 'NONE', #2106, 39.37007874015748143 ) ;
#4254 = ORIENTED_EDGE ( 'NONE', *, *, #1398, .F. ) ;
#4255 = CARTESIAN_POINT ( 'NONE',  ( 0.06499999999999997446, 0.02449999999999998707, -0.05749999999999998168 ) ) ;
#4256 = VERTEX_POINT ( 'NONE', #5061 ) ;
#4257 = DIRECTION ( 'NONE',  ( 0.0000000000000000000, 1.000000000000000000, 0.0000000000000000000 ) ) ;
#4258 = ORIENTED_EDGE ( 'NONE', *, *, #4834, .F. ) ;
#4259 = DIRECTION ( 'NONE',  ( 0.0000000000000000000, 0.0000000000000000000, -1.000000000000000000 ) ) ;
#4260 = VECTOR ( 'NONE', #4972, 39.37007874015748143 ) ;
#4261 = LINE ( 'NONE', #1963, #4788 ) ;
#4262 = VECTOR ( 'NONE', #5923, 39.37007874015748143 ) ;
#4263 = DIRECTION ( 'NONE',  ( 1.000000000000000000, 0.0000000000000000000, 0.0000000000000000000 ) ) ;
#4264 = ADVANCED_FACE ( 'NONE', ( #4940 ), #204, .F. ) ;
#4265 =( GEOMETRIC_REPRESENTATION_CONTEXT ( 3 ) GLOBAL_UNCERTAINTY_ASSIGNED_CONTEXT ( ( #2104 ) ) GLOBAL_UNIT_ASSIGNED_CONTEXT ( ( #5917, #582, #5004 ) ) REPRESENTATION_CONTEXT ( 'NONE', 'WORKASPACE' ) );
#4266 = VERTEX_POINT ( 'NONE', #1675 ) ;
#4267 =( NAMED_UNIT ( * ) PLANE_ANGLE_UNIT ( ) SI_UNIT ( $, .RADIAN. ) );
#4268 =( CONVERSION_BASED_UNIT ( 'INCH', #6100 ) LENGTH_UNIT ( ) NAMED_UNIT ( #4145 ) );
#4269 = LINE ( 'NONE', #1004, #5908 ) ;
#4270 = LINE ( 'NONE', #633, #2339 ) ;
#4271 = SURFACE_STYLE_USAGE ( .BOTH. , #887 ) ;
#4272 = VECTOR ( 'NONE', #628, 39.37007874015748143 ) ;
#4273 = UNCERTAINTY_MEASURE_WITH_UNIT (LENGTH_MEASURE( 1.000000000000000082E-05 ), #3850, 'distance_accuracy_value', 'NONE');
#4274 = DIRECTION ( 'NONE',  ( 0.0000000000000000000, 1.000000000000000000, 0.0000000000000000000 ) ) ;
#4275 = CARTESIAN_POINT ( 'NONE',  ( 0.01000000000000000368, 0.02450000000000000441, -0.04250000000000001693 ) ) ;
#4276 = EDGE_CURVE ( 'NONE', #403, #4692, #1864, .T. ) ;
#4277 = AXIS2_PLACEMENT_3D ( 'NONE', #2895, #4901, #2879 ) ;
#4278 = VECTOR ( 'NONE', #2522, 39.37007874015748143 ) ;
#4279 = EDGE_CURVE ( 'NONE', #3290, #4256, #4250, .T. ) ;
#4280 = VECTOR ( 'NONE', #5977, 39.37007874015748143 ) ;
#4281 = AXIS2_PLACEMENT_3D ( 'NONE', #2072, #3590, #6019 ) ;
#4282 = DIRECTION ( 'NONE',  ( 0.9659258262890682012, 0.0000000000000000000, 0.2588190451025213501 ) ) ;
#4284 = VECTOR ( 'NONE', #3657, 39.37007874015748143 ) ;
#4283 = CARTESIAN_POINT ( 'NONE',  ( 0.05799999999999998906, 0.09900000000000000466, -0.03300000000000000155 ) ) ;
#4285 = EDGE_CURVE ( 'NONE', #3167, #5299, #5096, .T. ) ;
#4286 = LINE ( 'NONE', #3093, #2578 ) ;
#4287 =( NAMED_UNIT ( * ) SI_UNIT ( $, .STERADIAN. ) SOLID_ANGLE_UNIT ( ) );
#4288 = SURFACE_SIDE_STYLE ('',( #4218 ) ) ;
#4289 = LINE ( 'NONE', #3979, #2806 ) ;
#4290 = DIRECTION ( 'NONE',  ( 1.000000000000000000, -0.0000000000000000000, -0.0000000000000000000 ) ) ;
#4291 =( CONVERSION_BASED_UNIT ( 'INCH', #1801 ) LENGTH_UNIT ( ) NAMED_UNIT ( #4795 ) );
#4292 = DIRECTION ( 'NONE',  ( 0.0000000000000000000, 0.0000000000000000000, 1.000000000000000000 ) ) ;
#4293 = EDGE_LOOP ( 'NONE', ( #3284, #2687, #6047, #1654 ) ) ;
#4294 = LINE ( 'NONE', #3784, #1079 ) ;
#4295 = ADVANCED_FACE ( 'NONE', ( #1498 ), #5649, .F. ) ;
#4296 = CARTESIAN_POINT ( 'NONE',  ( 0.03080127018922192497, 0.0000000000000000000, -0.04250000000000001693 ) ) ;
#4297 = FILL_AREA_STYLE ('',( #5322 ) ) ;
#4298 = ORIENTED_EDGE ( 'NONE', *, *, #1088, .T. ) ;
#4299 = CARTESIAN_POINT ( 'NONE',  ( -0.07500000000000002498, 0.02450000000000000441, 0.06749999999999997669 ) ) ;
#4300 = ORIENTED_EDGE ( 'NONE', *, *, #756, .F. ) ;
#4301 = CARTESIAN_POINT ( 'NONE',  ( -0.01178119784648295337, 0.2024507732164214646, 0.01321880215351707057 ) ) ;
#4302 = PLANE ( 'NONE',  #586 ) ;
#4303 = ORIENTED_EDGE ( 'NONE', *, *, #3275, .F. ) ;
#4304 = VECTOR ( 'NONE', #5370, 39.37007874015748143 ) ;
#4305 = EDGE_CURVE ( 'NONE', #735, #4101, #3797, .T. ) ;
#4306 =( NAMED_UNIT ( * ) PLANE_ANGLE_UNIT ( ) SI_UNIT ( $, .RADIAN. ) );
#4307 = PRESENTATION_LAYER_ASSIGNMENT (  '', '', ( #1033 ) ) ;
#4308 = DIRECTION ( 'NONE',  ( 0.0000000000000000000, 0.0000000000000000000, -1.000000000000000000 ) ) ;
#4309 = VERTEX_POINT ( 'NONE', #3702 ) ;
#4310 = EDGE_LOOP ( 'NONE', ( #4639, #2324, #190, #240, #2234, #5510, #5089, #491, #5643, #3881, #924, #112, #4249, #5394, #3651, #5906, #5964, #4615, #2567, #4413 ) ) ;
#4311 = VECTOR ( 'NONE', #2268, 39.37007874015748143 ) ;
#4312 = DIRECTION ( 'NONE',  ( 1.000000000000000000, 0.0000000000000000000, -0.0000000000000000000 ) ) ;
#4313 = DIRECTION ( 'NONE',  ( -0.0000000000000000000, 1.000000000000000000, -0.0000000000000000000 ) ) ;
#4314 = EDGE_CURVE ( 'NONE', #1663, #799, #1199, .T. ) ;
#4315 = ORIENTED_EDGE ( 'NONE', *, *, #5154, .F. ) ;
#4316 = ORIENTED_EDGE ( 'NONE', *, *, #2408, .F. ) ;
#4317 = ORIENTED_EDGE ( 'NONE', *, *, #140, .T. ) ;
#4318 =( CONVERSION_BASED_UNIT ( 'INCH', #3942 ) LENGTH_UNIT ( ) NAMED_UNIT ( #1868 ) );
#4319 = DIRECTION ( 'NONE',  ( -1.000000000000000000, 0.0000000000000000000, 0.0000000000000000000 ) ) ;
#4320 =( NAMED_UNIT ( * ) SI_UNIT ( $, .STERADIAN. ) SOLID_ANGLE_UNIT ( ) );
#4321 = VECTOR ( 'NONE', #3, 39.37007874015748143 ) ;
#4322 = ORIENTED_EDGE ( 'NONE', *, *, #4305, .F. ) ;
#4323 = ORIENTED_EDGE ( 'NONE', *, *, #5008, .T. ) ;
#4324 = ORIENTED_EDGE ( 'NONE', *, *, #5161, .F. ) ;
#4325 = ORIENTED_EDGE ( 'NONE', *, *, #6166, .F. ) ;
#4326 = PLANE ( 'NONE',  #3883 ) ;
#4327 = DIRECTION ( 'NONE',  ( -0.0000000000000000000, 0.0000000000000000000, 1.000000000000000000 ) ) ;
#4328 = ADVANCED_FACE ( 'NONE', ( #5597 ), #1746, .F. ) ;
#4329 = CARTESIAN_POINT ( 'NONE',  ( 0.03750000000000001249, 0.0000000000000000000, 0.06750000000000001832 ) ) ;
#4330 = PLANE ( 'NONE',  #1966 ) ;
#4331 = ORIENTED_EDGE ( 'NONE', *, *, #4754, .T. ) ;
#4332 = FACE_OUTER_BOUND ( 'NONE', #5301, .T. ) ;
#4333 = VECTOR ( 'NONE', #2440, 39.37007874015748143 ) ;
#4334 = VERTEX_POINT ( 'NONE', #6173 ) ;
#4335 = EDGE_LOOP ( 'NONE', ( #5261, #4475, #5899, #4153 ) ) ;
#4336 = DIRECTION ( 'NONE',  ( -0.2588190451025214611, 0.0000000000000000000, 0.9659258262890679791 ) ) ;
#4337 = ORIENTED_EDGE ( 'NONE', *, *, #5470, .F. ) ;
#4338 = CARTESIAN_POINT ( 'NONE',  ( -0.01249999999999999549, 0.0000000000000000000, -0.06750000000000001832 ) ) ;
#4339 = PLANE ( 'NONE',  #1286 ) ;
#4340 = FILL_AREA_STYLE_COLOUR ( '', #2787 ) ;
#4341 = VECTOR ( 'NONE', #1589, 39.37007874015748143 ) ;
#4342 = FACE_OUTER_BOUND ( 'NONE', #5202, .T. ) ;
#4343 = ORIENTED_EDGE ( 'NONE', *, *, #3661, .F. ) ;
#4344 = CARTESIAN_POINT ( 'NONE',  ( -0.04200000000000002343, 0.2190000000000000002, -0.03300000000000000155 ) ) ;
#4345 = CARTESIAN_POINT ( 'NONE',  ( -0.008000000000000015779, 0.2089999999999999358, 0.01700000000000000122 ) ) ;
#4346 = SURFACE_STYLE_FILL_AREA ( #819 ) ;
#4347 = LINE ( 'NONE', #1595, #1520 ) ;
#4348 = DIRECTION ( 'NONE',  ( -0.0000000000000000000, -0.0000000000000000000, 1.000000000000000000 ) ) ;
#4349 = UNCERTAINTY_MEASURE_WITH_UNIT (LENGTH_MEASURE( 1.000000000000000082E-05 ), #4385, 'distance_accuracy_value', 'NONE');
#4350 = VECTOR ( 'NONE', #6237, 39.37007874015748143 ) ;
#4351 = SURFACE_SIDE_STYLE ('',( #1691 ) ) ;
#4352 = EDGE_CURVE ( 'NONE', #1867, #6202, #3322, .T. ) ;
#4353 = DIRECTION ( 'NONE',  ( 0.0000000000000000000, 0.0000000000000000000, 1.000000000000000000 ) ) ;
#4354 = ORIENTED_EDGE ( 'NONE', *, *, #2169, .F. ) ;
#4355 = PLANE ( 'NONE',  #4879 ) ;
#4356 = DIRECTION ( 'NONE',  ( 1.000000000000000000, -0.0000000000000000000, 0.0000000000000000000 ) ) ;
#4357 = EDGE_CURVE ( 'NONE', #2540, #2178, #656, .T. ) ;
#4358 = VECTOR ( 'NONE', #42, 39.37007874015748143 ) ;
#4359 = ADVANCED_FACE ( 'NONE', ( #1713 ), #2703, .F. ) ;
#4360 = DIRECTION ( 'NONE',  ( 0.0000000000000000000, 0.0000000000000000000, -1.000000000000000000 ) ) ;
#4361 = CARTESIAN_POINT ( 'NONE',  ( -0.06500000000000002998, 0.07450000000000002454, -0.05749999999999998168 ) ) ;
#4362 = VECTOR ( 'NONE', #4848, 39.37007874015748143 ) ;
#4363 =( NAMED_UNIT ( * ) SI_UNIT ( $, .STERADIAN. ) SOLID_ANGLE_UNIT ( ) );
#4364 = DIRECTION ( 'NONE',  ( 1.000000000000000000, -0.0000000000000000000, 0.0000000000000000000 ) ) ;
#4365 = EDGE_CURVE ( 'NONE', #1257, #5595, #6213, .T. ) ;
#4366 = CARTESIAN_POINT ( 'NONE',  ( 0.05799999999999998906, 0.2190000000000000002, -0.02277350269189626700 ) ) ;
#4367 = LINE ( 'NONE', #1583, #5863 ) ;
#4368 = DIRECTION ( 'NONE',  ( 1.000000000000000000, 0.0000000000000000000, 0.0000000000000000000 ) ) ;
#4369 = CARTESIAN_POINT ( 'NONE',  ( 0.03750000000000001249, 0.0000000000000000000, -0.06750000000000001832 ) ) ;
#4370 = CARTESIAN_POINT ( 'NONE',  ( 0.007999999999999981085, 0.2089999999999999358, 0.01700000000000000122 ) ) ;
#4371 = ORIENTED_EDGE ( 'NONE', *, *, #3201, .T. ) ;
#4372 = CARTESIAN_POINT ( 'NONE',  ( 0.03750000000000001249, 0.0000000000000000000, 0.06750000000000001832 ) ) ;
#4373 =( NAMED_UNIT ( * ) SI_UNIT ( $, .STERADIAN. ) SOLID_ANGLE_UNIT ( ) );
#4374 = ORIENTED_EDGE ( 'NONE', *, *, #2045, .T. ) ;
#4375 = DIRECTION ( 'NONE',  ( 0.0000000000000000000, 1.000000000000000000, 0.0000000000000000000 ) ) ;
#4376 = DIRECTION ( 'NONE',  ( 0.0000000000000000000, -0.0000000000000000000, -1.000000000000000000 ) ) ;
#4377 = DIRECTION ( 'NONE',  ( 0.0000000000000000000, 0.0000000000000000000, -1.000000000000000000 ) ) ;
#4378 = CARTESIAN_POINT ( 'NONE',  ( 0.04777350269189625798, 0.2190000000000000002, 0.0000000000000000000 ) ) ;
#4379 = ORIENTED_EDGE ( 'NONE', *, *, #4432, .F. ) ;
#4380 = FACE_OUTER_BOUND ( 'NONE', #888, .T. ) ;
#4381 = DIRECTION ( 'NONE',  ( -0.0000000000000000000, 1.000000000000000000, -0.0000000000000000000 ) ) ;
#4382 = DIRECTION ( 'NONE',  ( 0.0000000000000000000, 0.0000000000000000000, -1.000000000000000000 ) ) ;
#4383 = ADVANCED_FACE ( 'NONE', ( #1043 ), #2677, .T. ) ;
#4384 = ORIENTED_EDGE ( 'NONE', *, *, #4609, .F. ) ;
#4385 =( CONVERSION_BASED_UNIT ( 'INCH', #1086 ) LENGTH_UNIT ( ) NAMED_UNIT ( #757 ) );
#4386 = ORIENTED_EDGE ( 'NONE', *, *, #5793, .F. ) ;
#4387 = EDGE_CURVE ( 'NONE', #1093, #4692, #5657, .T. ) ;
#4388 = CARTESIAN_POINT ( 'NONE',  ( -0.008000000000000015779, 0.2089999999999999358, -0.01700000000000000122 ) ) ;
#4389 = EDGE_CURVE ( 'NONE', #2335, #654, #4771, .T. ) ;
#4390 = MECHANICAL_DESIGN_GEOMETRIC_PRESENTATION_REPRESENTATION (  '', ( #2289 ), #2174 ) ;
#4391 = ORIENTED_EDGE ( 'NONE', *, *, #5798, .T. ) ;
#4392 = CARTESIAN_POINT ( 'NONE',  ( 0.0000000000000000000, 0.09900000000000000466, 0.0000000000000000000 ) ) ;
#4393 = ORIENTED_EDGE ( 'NONE', *, *, #6207, .F. ) ;
#4394 = EDGE_CURVE ( 'NONE', #3968, #1384, #1637, .T. ) ;
#4395 = VERTEX_POINT ( 'NONE', #2278 ) ;
#4396 = ORIENTED_EDGE ( 'NONE', *, *, #98, .T. ) ;
#4397 = MECHANICAL_DESIGN_GEOMETRIC_PRESENTATION_REPRESENTATION (  '', ( #1760 ), #5760 ) ;
#4398 = EDGE_CURVE ( 'NONE', #619, #3087, #4244, .T. ) ;
#4399 = ORIENTED_EDGE ( 'NONE', *, *, #4482, .T. ) ;
#4400 =( CONVERSION_BASED_UNIT ( 'INCH', #4885 ) LENGTH_UNIT ( ) NAMED_UNIT ( #5287 ) );
#4401 = VERTEX_POINT ( 'NONE', #1303 ) ;
#4402 = LINE ( 'NONE', #3055, #1333 ) ;
#4403 = LENGTH_MEASURE_WITH_UNIT ( LENGTH_MEASURE( 0.02539999999999999897 ), #899 );
#4404 = ORIENTED_EDGE ( 'NONE', *, *, #6091, .F. ) ;
#4405 = SURFACE_STYLE_USAGE ( .BOTH. , #428 ) ;
#4406 = ORIENTED_EDGE ( 'NONE', *, *, #1601, .F. ) ;
#4407 = DIRECTION ( 'NONE',  ( 0.0000000000000000000, 0.0000000000000000000, 1.000000000000000000 ) ) ;
#4408 = ORIENTED_EDGE ( 'NONE', *, *, #3039, .T. ) ;
#4409 = CARTESIAN_POINT ( 'NONE',  ( -0.1000000000000000056, 0.2190000000000000002, -0.02722649730810373578 ) ) ;
#4410 = AXIS2_PLACEMENT_3D ( 'NONE', #5751, #4356, #4841 ) ;
#4411 = ORIENTED_EDGE ( 'NONE', *, *, #4279, .F. ) ;
#4412 = CARTESIAN_POINT ( 'NONE',  ( -0.05800000000000001682, 0.09900000000000000466, 0.01700000000000000122 ) ) ;
#4413 = ORIENTED_EDGE ( 'NONE', *, *, #5699, .T. ) ;
#4414 = CARTESIAN_POINT ( 'NONE',  ( -0.05800000000000001682, 0.09900000000000000466, -0.01700000000000000122 ) ) ;
#4415 = ORIENTED_EDGE ( 'NONE', *, *, #468, .T. ) ;
#4416 = LINE ( 'NONE', #1044, #1140 ) ;
#4417 = LINE ( 'NONE', #3845, #1050 ) ;
#4418 = CARTESIAN_POINT ( 'NONE',  ( -0.03749999999999999861, 0.09900000000000000466, -0.06750000000000001832 ) ) ;
#4419 = VECTOR ( 'NONE', #2516, 39.37007874015748143 ) ;
#4420 = DIRECTION ( 'NONE',  ( 5.691349986800548372E-17, -0.0000000000000000000, 1.000000000000000000 ) ) ;
#4421 = VERTEX_POINT ( 'NONE', #3287 ) ;
#4422 = CARTESIAN_POINT ( 'NONE',  ( 0.05799999999999998906, -0.2026274169979695450, -0.03300000000000000155 ) ) ;
#4423 =( NAMED_UNIT ( * ) SI_UNIT ( $, .STERADIAN. ) SOLID_ANGLE_UNIT ( ) );
#4424 = LINE ( 'NONE', #4447, #6078 ) ;
#4425 = ADVANCED_FACE ( 'NONE', ( #956 ), #3264, .F. ) ;
#4426 = DIRECTION ( 'NONE',  ( -0.0000000000000000000, -0.0000000000000000000, 1.000000000000000000 ) ) ;
#4427 = CARTESIAN_POINT ( 'NONE',  ( -0.04200000000000002343, 0.2190000000000000002, 0.03300000000000000155 ) ) ;
#4428 = LINE ( 'NONE', #4446, #4722 ) ;
#4430 = VECTOR ( 'NONE', #382, 39.37007874015748143 ) ;
#4429 = DIRECTION ( 'NONE',  ( 1.000000000000000000, 0.0000000000000000000, 0.0000000000000000000 ) ) ;
#4431 = LINE ( 'NONE', #4069, #223 ) ;
#4432 = EDGE_CURVE ( 'NONE', #5019, #5966, #1190, .T. ) ;
#4433 = FILL_AREA_STYLE ('',( #3304 ) ) ;
#4434 = AXIS2_PLACEMENT_3D ( 'NONE', #840, #3805, #858 ) ;
#4435 = FACE_OUTER_BOUND ( 'NONE', #261, .T. ) ;
#4436 = SURFACE_SIDE_STYLE ('',( #5296 ) ) ;
#4437 = STYLED_ITEM ( 'NONE', ( #2571 ), #123 ) ;
#4438 = MECHANICAL_DESIGN_GEOMETRIC_PRESENTATION_REPRESENTATION (  '', ( #52 ), #496 ) ;
#4439 = EDGE_CURVE ( 'NONE', #3718, #1909, #3396, .T. ) ;
#4440 = VECTOR ( 'NONE', #1818, 39.37007874015748143 ) ;
#4441 = DIRECTION ( 'NONE',  ( -0.0000000000000000000, -0.0000000000000000000, 1.000000000000000000 ) ) ;
#4442 = DIRECTION ( 'NONE',  ( 0.0000000000000000000, 0.0000000000000000000, -1.000000000000000000 ) ) ;
#4444 = CARTESIAN_POINT ( 'NONE',  ( -0.06500000000000002998, 0.09900000000000000466, -0.04749999999999998668 ) ) ;
#4443 = DIRECTION ( 'NONE',  ( 0.2588190451025213501, -0.0000000000000000000, -0.9659258262890682012 ) ) ;
#4445 = FACE_OUTER_BOUND ( 'NONE', #5413, .T. ) ;
#4446 = CARTESIAN_POINT ( 'NONE',  ( -0.07500000000000002498, 0.07450000000000002454, -0.06749999999999997669 ) ) ;
#4447 = CARTESIAN_POINT ( 'NONE',  ( -0.008000000000000015779, 0.2190000000000000002, -0.03300000000000000155 ) ) ;
#4448 = AXIS2_PLACEMENT_3D ( 'NONE', #3028, #3596, #600 ) ;
#4449 = CARTESIAN_POINT ( 'NONE',  ( 0.04199999999999998873, 0.2089999999999999358, -0.01700000000000000122 ) ) ;
#4450 = ORIENTED_EDGE ( 'NONE', *, *, #293, .F. ) ;
#4451 = SURFACE_SIDE_STYLE ('',( #1819 ) ) ;
#4452 = FACE_OUTER_BOUND ( 'NONE', #3291, .T. ) ;
#4453 = EDGE_CURVE ( 'NONE', #5369, #4828, #2472, .T. ) ;
#4454 = PLANE ( 'NONE',  #6092 ) ;
#4455 = CARTESIAN_POINT ( 'NONE',  ( 0.01000000000000000888, 0.02450000000000000441, 0.04250000000000001693 ) ) ;
#4456 = ORIENTED_EDGE ( 'NONE', *, *, #6115, .T. ) ;
#4457 = ADVANCED_FACE ( 'NONE', ( #2623 ), #4302, .T. ) ;
#4458 = ORIENTED_EDGE ( 'NONE', *, *, #673, .T. ) ;
#4459 = LINE ( 'NONE', #881, #3214 ) ;
#4460 = CARTESIAN_POINT ( 'NONE',  ( 0.04199999999999998873, 0.2190000000000000002, -0.03300000000000000155 ) ) ;
#4461 = DIRECTION ( 'NONE',  ( 1.707404996040164758E-16, -1.000000000000000000, 0.0000000000000000000 ) ) ;
#4462 = EDGE_LOOP ( 'NONE', ( #6119, #1483, #185, #3446 ) ) ;
#4463 = VECTOR ( 'NONE', #5435, 39.37007874015748143 ) ;
#4464 = PLANE ( 'NONE',  #3740 ) ;
#4465 = FILL_AREA_STYLE ('',( #3933 ) ) ;
#4466 = VERTEX_POINT ( 'NONE', #1372 ) ;
#4467 = FACE_OUTER_BOUND ( 'NONE', #1478, .T. ) ;
#4468 =( LENGTH_UNIT ( ) NAMED_UNIT ( * ) SI_UNIT ( $, .METRE. ) );
#4469 = PLANE ( 'NONE',  #51 ) ;
#4470 = DIRECTION ( 'NONE',  ( 0.0000000000000000000, 1.000000000000000000, 0.0000000000000000000 ) ) ;
#4471 = DIRECTION ( 'NONE',  ( -0.8660254037844397068, 0.4999999999999982792, 0.0000000000000000000 ) ) ;
#4472 = EDGE_LOOP ( 'NONE', ( #1705, #108, #5970, #5501 ) ) ;
#4473 = VERTEX_POINT ( 'NONE', #4791 ) ;
#4474 = CARTESIAN_POINT ( 'NONE',  ( -0.01000000000000000368, 0.07449999999999999678, 0.01580951894845298786 ) ) ;
#4475 = ORIENTED_EDGE ( 'NONE', *, *, #1239, .F. ) ;
#4476 = ORIENTED_EDGE ( 'NONE', *, *, #780, .F. ) ;
#4477 = EDGE_CURVE ( 'NONE', #2771, #5589, #3556, .T. ) ;
#4478 = ORIENTED_EDGE ( 'NONE', *, *, #3625, .T. ) ;
#4479 = DIRECTION ( 'NONE',  ( 1.000000000000000000, 0.0000000000000000000, -0.0000000000000000000 ) ) ;
#4480 = STYLED_ITEM ( 'NONE', ( #3642 ), #2749 ) ;
#4481 = ORIENTED_EDGE ( 'NONE', *, *, #4314, .T. ) ;
#4482 = EDGE_CURVE ( 'NONE', #4105, #4101, #266, .T. ) ;
#4483 = AXIS2_PLACEMENT_3D ( 'NONE', #5326, #3925, #3425 ) ;
#4485 = DIRECTION ( 'NONE',  ( -1.000000000000000000, 0.0000000000000000000, 0.0000000000000000000 ) ) ;
#4484 = DIRECTION ( 'NONE',  ( 0.0000000000000000000, 0.0000000000000000000, -1.000000000000000000 ) ) ;
#4486 = FACE_OUTER_BOUND ( 'NONE', #724, .T. ) ;
#4487 = ORIENTED_EDGE ( 'NONE', *, *, #4156, .F. ) ;
#4488 = AXIS2_PLACEMENT_3D ( 'NONE', #3835, #2375, #452 ) ;
#4489 = ORIENTED_EDGE ( 'NONE', *, *, #4680, .F. ) ;
#4490 = ADVANCED_FACE ( 'NONE', ( #6201 ), #5781, .F. ) ;
#4491 = VERTEX_POINT ( 'NONE', #388 ) ;
#4492 = EDGE_CURVE ( 'NONE', #3707, #6028, #5978, .T. ) ;
#4493 = PLANE ( 'NONE',  #2655 ) ;
#4494 = VECTOR ( 'NONE', #647, 39.37007874015748143 ) ;
#4495 = CARTESIAN_POINT ( 'NONE',  ( -0.04000000000000000083, 0.02450000000000000441, -0.04250000000000001693 ) ) ;
#4496 = DIRECTION ( 'NONE',  ( -1.000000000000000000, 0.0000000000000000000, -0.0000000000000000000 ) ) ;
#4497 =( NAMED_UNIT ( * ) SI_UNIT ( $, .STERADIAN. ) SOLID_ANGLE_UNIT ( ) );
#4498 = ORIENTED_EDGE ( 'NONE', *, *, #5969, .F. ) ;
#4499 = LINE ( 'NONE', #5332, #5838 ) ;
#4500 = PLANE ( 'NONE',  #6285 ) ;
#4501 = LINE ( 'NONE', #3289, #362 ) ;
#4502 = DIRECTION ( 'NONE',  ( 0.2588190451025213501, 0.0000000000000000000, 0.9659258262890682012 ) ) ;
#4503 = FACE_OUTER_BOUND ( 'NONE', #4076, .T. ) ;
#4505 = FILL_AREA_STYLE_COLOUR ( '', #936 ) ;
#4504 = CARTESIAN_POINT ( 'NONE',  ( 0.05799999999999998906, 0.2089999999999999358, -0.03300000000000000155 ) ) ;
#4506 = LINE ( 'NONE', #2040, #226 ) ;
#4507 = VECTOR ( 'NONE', #2077, 39.37007874015748143 ) ;
#4508 = DIRECTION ( 'NONE',  ( -1.000000000000000000, -0.0000000000000000000, -0.0000000000000000000 ) ) ;
#4509 = DIRECTION ( 'NONE',  ( -0.0000000000000000000, 1.000000000000000000, -0.0000000000000000000 ) ) ;
#4510 = DIRECTION ( 'NONE',  ( 0.0000000000000000000, 0.0000000000000000000, -1.000000000000000000 ) ) ;
#4511 = CARTESIAN_POINT ( 'NONE',  ( -0.05000000000000000278, 0.2190000000000000002, 0.02722649730810373578 ) ) ;
#4512 = LINE ( 'NONE', #5467, #4661 ) ;
#4513 = DIRECTION ( 'NONE',  ( 0.0000000000000000000, 0.0000000000000000000, 1.000000000000000000 ) ) ;
#4514 = SURFACE_SIDE_STYLE ('',( #3829 ) ) ;
#4515 = EDGE_CURVE ( 'NONE', #5589, #6053, #1488, .T. ) ;
#4516 = CARTESIAN_POINT ( 'NONE',  ( 0.04199999999999998873, 0.09900000000000000466, 0.01700000000000000122 ) ) ;
#4517 = VECTOR ( 'NONE', #3263, 39.37007874015748143 ) ;
#4518 = FILL_AREA_STYLE ('',( #554 ) ) ;
#4519 = ADVANCED_FACE ( 'NONE', ( #5520 ), #3767, .F. ) ;
#4520 = EDGE_CURVE ( 'NONE', #2605, #3306, #2313, .T. ) ;
#4521 = AXIS2_PLACEMENT_3D ( 'NONE', #2071, #2123, #3603 ) ;
#4522 = EDGE_CURVE ( 'NONE', #5755, #2098, #1935, .T. ) ;
#4523 = CARTESIAN_POINT ( 'NONE',  ( 0.04199999999999998873, -0.08999999999999999667, 0.03300000000000000155 ) ) ;
#4524 = VECTOR ( 'NONE', #2721, 39.37007874015748854 ) ;
#4526 = DIRECTION ( 'NONE',  ( -0.0000000000000000000, -0.0000000000000000000, 1.000000000000000000 ) ) ;
#4525 = PLANE ( 'NONE',  #3907 ) ;
#4527 = EDGE_CURVE ( 'NONE', #1328, #5513, #2238, .T. ) ;
#4528 = VERTEX_POINT ( 'NONE', #2298 ) ;
#4529 = STYLED_ITEM ( 'NONE', ( #601 ), #3822 ) ;
#4530 = FACE_OUTER_BOUND ( 'NONE', #3308, .T. ) ;
#4531 = DIRECTION ( 'NONE',  ( 0.0000000000000000000, 1.000000000000000000, 0.0000000000000000000 ) ) ;
#4532 = DIRECTION ( 'NONE',  ( -0.0000000000000000000, -0.0000000000000000000, 1.000000000000000000 ) ) ;
#4533 =( NAMED_UNIT ( * ) PLANE_ANGLE_UNIT ( ) SI_UNIT ( $, .RADIAN. ) );
#4534 = CARTESIAN_POINT ( 'NONE',  ( -0.008000000000000015779, 0.09900000000000000466, 0.01700000000000000122 ) ) ;
#4535 = EDGE_LOOP ( 'NONE', ( #3853, #3259, #2476, #2467 ) ) ;
#4536 = FACE_OUTER_BOUND ( 'NONE', #1988, .T. ) ;
#4537 =( LENGTH_UNIT ( ) NAMED_UNIT ( * ) SI_UNIT ( $, .METRE. ) );
#4538 = ORIENTED_EDGE ( 'NONE', *, *, #5561, .T. ) ;
#4539 = VECTOR ( 'NONE', #4905, 39.37007874015748143 ) ;
#4540 = PLANE ( 'NONE',  #4717 ) ;
#4541 = PLANE ( 'NONE',  #3617 ) ;
#4542 = MANIFOLD_SOLID_BREP ( 'LPattern6[1]', #2378 ) ;
#4544 =( LENGTH_UNIT ( ) NAMED_UNIT ( * ) SI_UNIT ( $, .METRE. ) );
#4543 = FILL_AREA_STYLE ('',( #3161 ) ) ;
#4545 = ORIENTED_EDGE ( 'NONE', *, *, #5875, .T. ) ;
#4546 = ORIENTED_EDGE ( 'NONE', *, *, #3246, .F. ) ;
#4547 = ORIENTED_EDGE ( 'NONE', *, *, #4161, .T. ) ;
#4548 = DIMENSIONAL_EXPONENTS ( 1.000000000000000000, 0.0000000000000000000, 0.0000000000000000000, 0.0000000000000000000, 0.0000000000000000000, 0.0000000000000000000, 0.0000000000000000000 ) ;
#4549 = CARTESIAN_POINT ( 'NONE',  ( 0.03080127018922192497, 0.09900000000000000466, 0.04250000000000001693 ) ) ;
#4550 = VERTEX_POINT ( 'NONE', #1908 ) ;
#4551 = FACE_OUTER_BOUND ( 'NONE', #2261, .T. ) ;
#4552 = VERTEX_POINT ( 'NONE', #4455 ) ;
#4553 = PLANE ( 'NONE',  #5920 ) ;
#4554 = ORIENTED_EDGE ( 'NONE', *, *, #2823, .T. ) ;
#4555 = CARTESIAN_POINT ( 'NONE',  ( -0.008000000000000015779, -0.2026274169979695450, -0.03300000000000000155 ) ) ;
#4556 = ORIENTED_EDGE ( 'NONE', *, *, #1208, .T. ) ;
#4557 = FILL_AREA_STYLE_COLOUR ( '', #4890 ) ;
#4558 = ADVANCED_FACE ( 'NONE', ( #5732 ), #2022, .T. ) ;
#4559 = MECHANICAL_DESIGN_GEOMETRIC_PRESENTATION_REPRESENTATION (  '', ( #4223 ), #6042 ) ;
#4560 = ORIENTED_EDGE ( 'NONE', *, *, #547, .F. ) ;
#4561 = EDGE_CURVE ( 'NONE', #1663, #1313, #1113, .T. ) ;
#4562 = CARTESIAN_POINT ( 'NONE',  ( 0.01249999999999999029, 0.07449999999999999678, 0.06749999999999997669 ) ) ;
#4563 = VERTEX_POINT ( 'NONE', #3947 ) ;
#4564 = DIRECTION ( 'NONE',  ( 0.0000000000000000000, -1.000000000000000000, 0.0000000000000000000 ) ) ;
#4565 = VERTEX_POINT ( 'NONE', #3426 ) ;
#4566 = FACE_OUTER_BOUND ( 'NONE', #4934, .T. ) ;
#4567 = VECTOR ( 'NONE', #4874, 39.37007874015748143 ) ;
#4568 = VERTEX_POINT ( 'NONE', #4856 ) ;
#4569 = EDGE_LOOP ( 'NONE', ( #3319, #5819, #2168, #2520 ) ) ;
#4570 = DIRECTION ( 'NONE',  ( 0.0000000000000000000, 0.0000000000000000000, 1.000000000000000000 ) ) ;
#4571 = ORIENTED_EDGE ( 'NONE', *, *, #4439, .T. ) ;
#4572 = AXIS2_PLACEMENT_3D ( 'NONE', #5164, #4231, #4259 ) ;
#4574 = FILL_AREA_STYLE ('',( #1155 ) ) ;
#4573 = PLANE ( 'NONE',  #2239 ) ;
#4575 = VECTOR ( 'NONE', #6226, 39.37007874015748143 ) ;
#4576 = VECTOR ( 'NONE', #3406, 39.37007874015748143 ) ;
#4577 = MECHANICAL_DESIGN_GEOMETRIC_PRESENTATION_REPRESENTATION (  '', ( #3790 ), #1174 ) ;
#4578 = VECTOR ( 'NONE', #2350, 39.37007874015748143 ) ;
#4579 =( NAMED_UNIT ( * ) SI_UNIT ( $, .STERADIAN. ) SOLID_ANGLE_UNIT ( ) );
#4580 = EDGE_CURVE ( 'NONE', #2285, #5577, #2012, .T. ) ;
#4581 = ORIENTED_EDGE ( 'NONE', *, *, #2362, .T. ) ;
#4582 = CARTESIAN_POINT ( 'NONE',  ( 0.04777350269189625798, 0.2190000000000000002, 0.0000000000000000000 ) ) ;
#4583 = DIRECTION ( 'NONE',  ( 0.0000000000000000000, 1.000000000000000000, 0.0000000000000000000 ) ) ;
#4584 = VECTOR ( 'NONE', #2924, 39.37007874015748143 ) ;
#4586 = LINE ( 'NONE', #5444, #4876 ) ;
#4585 = CARTESIAN_POINT ( 'NONE',  ( 0.04199999999999998873, 0.09900000000000000466, -0.03300000000000000155 ) ) ;
#4587 = DIRECTION ( 'NONE',  ( -1.000000000000000000, 0.0000000000000000000, -0.0000000000000000000 ) ) ;
#4588 = LINE ( 'NONE', #1891, #6007 ) ;
#4589 = SURFACE_STYLE_USAGE ( .BOTH. , #1154 ) ;
#4590 = ADVANCED_FACE ( 'NONE', ( #3643 ), #2892, .F. ) ;
#4591 = LINE ( 'NONE', #3354, #3600 ) ;
#4592 = SURFACE_STYLE_USAGE ( .BOTH. , #5481 ) ;
#4593 = AXIS2_PLACEMENT_3D ( 'NONE', #3760, #4674, #5644 ) ;
#4594 = DIRECTION ( 'NONE',  ( 0.0000000000000000000, -1.000000000000000000, 0.0000000000000000000 ) ) ;
#4595 = SURFACE_SIDE_STYLE ('',( #79 ) ) ;
#4596 = LINE ( 'NONE', #4039, #5780 ) ;
#4597 = EDGE_CURVE ( 'NONE', #2606, #1853, #5141, .T. ) ;
#4598 = DIRECTION ( 'NONE',  ( -0.0000000000000000000, -0.0000000000000000000, -1.000000000000000000 ) ) ;
#4599 = ORIENTED_EDGE ( 'NONE', *, *, #2815, .F. ) ;
#4600 = AXIS2_PLACEMENT_3D ( 'NONE', #4236, #408, #3769 ) ;
#4601 = EDGE_CURVE ( 'NONE', #2167, #3468, #5449, .T. ) ;
#4602 = PRESENTATION_LAYER_ASSIGNMENT (  '', '', ( #998 ) ) ;
#4603 = MECHANICAL_DESIGN_GEOMETRIC_PRESENTATION_REPRESENTATION (  '', ( #1133 ), #3159 ) ;
#4604 = CARTESIAN_POINT ( 'NONE',  ( 0.06500000000000000222, 0.07449999999999999678, 0.04749999999999998668 ) ) ;
#4605 = ORIENTED_EDGE ( 'NONE', *, *, #2853, .T. ) ;
#4606 = ORIENTED_EDGE ( 'NONE', *, *, #1214, .T. ) ;
#4607 = FACE_OUTER_BOUND ( 'NONE', #4024, .T. ) ;
#4608 = SURFACE_STYLE_USAGE ( .BOTH. , #3584 ) ;
#4609 = EDGE_CURVE ( 'NONE', #3638, #1288, #3863, .T. ) ;
#4610 = ORIENTED_EDGE ( 'NONE', *, *, #1312, .F. ) ;
#4611 = FACE_OUTER_BOUND ( 'NONE', #953, .T. ) ;
#4612 =( CONVERSION_BASED_UNIT ( 'INCH', #3033 ) LENGTH_UNIT ( ) NAMED_UNIT ( #2818 ) );
#4613 = ORIENTED_EDGE ( 'NONE', *, *, #4055, .F. ) ;
#4614 = ADVANCED_FACE ( 'NONE', ( #5599 ), #5805, .F. ) ;
#4615 = ORIENTED_EDGE ( 'NONE', *, *, #2954, .T. ) ;
#4616 = FACE_OUTER_BOUND ( 'NONE', #210, .T. ) ;
#4617 = SURFACE_SIDE_STYLE ('',( #3951 ) ) ;
#4618 = UNCERTAINTY_MEASURE_WITH_UNIT (LENGTH_MEASURE( 1.000000000000000082E-05 ), #1750, 'distance_accuracy_value', 'NONE');
#4619 = VERTEX_POINT ( 'NONE', #4877 ) ;
#4620 = ORIENTED_EDGE ( 'NONE', *, *, #629, .T. ) ;
#4621 = DIRECTION ( 'NONE',  ( 0.0000000000000000000, 0.0000000000000000000, 1.000000000000000000 ) ) ;
#4622 = DIRECTION ( 'NONE',  ( -1.000000000000000000, 0.0000000000000000000, -0.0000000000000000000 ) ) ;
#4623 = EDGE_LOOP ( 'NONE', ( #4133, #716, #5690, #2936 ) ) ;
#4624 = LINE ( 'NONE', #1282, #874 ) ;
#4625 = ORIENTED_EDGE ( 'NONE', *, *, #1994, .T. ) ;
#4626 = ORIENTED_EDGE ( 'NONE', *, *, #5783, .T. ) ;
#4627 = ORIENTED_EDGE ( 'NONE', *, *, #94, .F. ) ;
#4628 = PLANE ( 'NONE',  #676 ) ;
#4629 = CARTESIAN_POINT ( 'NONE',  ( -0.002226497308103747401, 0.2190000000000000002, -0.01700000000000000122 ) ) ;
#4630 = FILL_AREA_STYLE_COLOUR ( '', #1672 ) ;
#4632 = CARTESIAN_POINT ( 'NONE',  ( 0.01000000000000000368, 0.02450000000000000441, 0.04250000000000001693 ) ) ;
#4631 = PRESENTATION_STYLE_ASSIGNMENT (( #4964 ) ) ;
#4633 = LINE ( 'NONE', #3994, #1117 ) ;
#4634 = ORIENTED_EDGE ( 'NONE', *, *, #1813, .F. ) ;
#4635 = DIRECTION ( 'NONE',  ( -0.0000000000000000000, -1.000000000000000000, -0.0000000000000000000 ) ) ;
#4636 = EDGE_CURVE ( 'NONE', #1416, #4491, #2323, .T. ) ;
#4637 = EDGE_LOOP ( 'NONE', ( #4907, #3401, #195, #3613 ) ) ;
#4638 = AXIS2_PLACEMENT_3D ( 'NONE', #3656, #245, #2711 ) ;
#4639 = ORIENTED_EDGE ( 'NONE', *, *, #4073, .F. ) ;
#4640 = STYLED_ITEM ( 'NONE', ( #2882 ), #26 ) ;
#4641 = LENGTH_MEASURE_WITH_UNIT ( LENGTH_MEASURE( 0.02539999999999999897 ), #3673 );
#4642 = VECTOR ( 'NONE', #693, 39.37007874015748143 ) ;
#4643 = EDGE_CURVE ( 'NONE', #2608, #799, #3471, .T. ) ;
#4644 = LENGTH_MEASURE_WITH_UNIT ( LENGTH_MEASURE( 0.02539999999999999897 ), #5841 );
#4645 = DIMENSIONAL_EXPONENTS ( 1.000000000000000000, 0.0000000000000000000, 0.0000000000000000000, 0.0000000000000000000, 0.0000000000000000000, 0.0000000000000000000, 0.0000000000000000000 ) ;
#4646 = EDGE_LOOP ( 'NONE', ( #3897, #4685, #630, #422 ) ) ;
#4647 = LINE ( 'NONE', #3191, #1513 ) ;
#4648 = LINE ( 'NONE', #3803, #3341 ) ;
#4649 = DIRECTION ( 'NONE',  ( 0.0000000000000000000, 0.0000000000000000000, -1.000000000000000000 ) ) ;
#4650 = ADVANCED_FACE ( 'NONE', ( #2165 ), #1473, .F. ) ;
#4651 = LINE ( 'NONE', #2372, #3345 ) ;
#4652 = LINE ( 'NONE', #3608, #3347 ) ;
#4653 = DIRECTION ( 'NONE',  ( 0.0000000000000000000, 0.0000000000000000000, -1.000000000000000000 ) ) ;
#4654 = FACE_BOUND ( 'NONE', #1486, .T. ) ;
#4655 = PLANE ( 'NONE',  #1795 ) ;
#4656 = CARTESIAN_POINT ( 'NONE',  ( 0.03080127018922192497, 0.0000000000000000000, 0.04250000000000001693 ) ) ;
#4657 = FACE_BOUND ( 'NONE', #1551, .T. ) ;
#4658 = CARTESIAN_POINT ( 'NONE',  ( -0.04000000000000000777, 0.07449999999999999678, -0.04250000000000001693 ) ) ;
#4659 = DIRECTION ( 'NONE',  ( -0.0000000000000000000, 0.0000000000000000000, -1.000000000000000000 ) ) ;
#4660 = UNCERTAINTY_MEASURE_WITH_UNIT (LENGTH_MEASURE( 1.000000000000000082E-05 ), #1219, 'distance_accuracy_value', 'NONE');
#4661 = VECTOR ( 'NONE', #131, 39.37007874015748143 ) ;
#4662 = DIRECTION ( 'NONE',  ( 0.0000000000000000000, 0.0000000000000000000, -1.000000000000000000 ) ) ;
#4663 = DIRECTION ( 'NONE',  ( -0.2588190451025213501, 0.0000000000000000000, -0.9659258262890682012 ) ) ;
#4664 = LINE ( 'NONE', #4855, #5194 ) ;
#4665 = CARTESIAN_POINT ( 'NONE',  ( -0.05321880215351700028, 0.2284315353299545825, -0.02178119784648302470 ) ) ;
#4666 = PRESENTATION_LAYER_ASSIGNMENT (  '', '', ( #1197 ) ) ;
#4667 = CARTESIAN_POINT ( 'NONE',  ( -0.05000000000000000278, 0.09900000000000000466, 0.0000000000000000000 ) ) ;
#4668 = DIRECTION ( 'NONE',  ( -0.0000000000000000000, 0.0000000000000000000, 1.000000000000000000 ) ) ;
#4669 = EDGE_CURVE ( 'NONE', #1205, #5222, #3008, .T. ) ;
#4670 = ORIENTED_EDGE ( 'NONE', *, *, #4119, .F. ) ;
#4671 = VECTOR ( 'NONE', #3248, 39.37007874015748143 ) ;
#4672 = ADVANCED_FACE ( 'NONE', ( #4026 ), #2497, .F. ) ;
#4673 = EDGE_CURVE ( 'NONE', #4565, #5735, #4172, .T. ) ;
#4674 = DIRECTION ( 'NONE',  ( 0.0000000000000000000, 0.0000000000000000000, -1.000000000000000000 ) ) ;
#4675 = DIRECTION ( 'NONE',  ( -1.000000000000000000, 0.0000000000000000000, 0.0000000000000000000 ) ) ;
#4676 = ORIENTED_EDGE ( 'NONE', *, *, #4492, .F. ) ;
#4677 = VERTEX_POINT ( 'NONE', #5033 ) ;
#4678 =( GEOMETRIC_REPRESENTATION_CONTEXT ( 3 ) GLOBAL_UNCERTAINTY_ASSIGNED_CONTEXT ( ( #929 ) ) GLOBAL_UNIT_ASSIGNED_CONTEXT ( ( #1927, #1539, #3940 ) ) REPRESENTATION_CONTEXT ( 'NONE', 'WORKASPACE' ) );
#4679 = DIRECTION ( 'NONE',  ( -1.000000000000000000, 0.0000000000000000000, -0.0000000000000000000 ) ) ;
#4680 = EDGE_CURVE ( 'NONE', #5991, #3296, #2539, .T. ) ;
#4681 = VERTEX_POINT ( 'NONE', #3036 ) ;
#4682 = DIRECTION ( 'NONE',  ( 0.0000000000000000000, -1.000000000000000000, 0.0000000000000000000 ) ) ;
#4683 = ORIENTED_EDGE ( 'NONE', *, *, #2613, .T. ) ;
#4684 = ORIENTED_EDGE ( 'NONE', *, *, #6174, .F. ) ;
#4685 = ORIENTED_EDGE ( 'NONE', *, *, #1003, .F. ) ;
#4686 = CARTESIAN_POINT ( 'NONE',  ( -0.04200000000000002343, 0.2089999999999999358, 0.03300000000000000155 ) ) ;
#4687 = ORIENTED_EDGE ( 'NONE', *, *, #5854, .T. ) ;
#4688 = PRESENTATION_STYLE_ASSIGNMENT (( #4810 ) ) ;
#4689 = ORIENTED_EDGE ( 'NONE', *, *, #1601, .T. ) ;
#4690 = EDGE_LOOP ( 'NONE', ( #695, #1251, #3158, #411 ) ) ;
#4691 = CARTESIAN_POINT ( 'NONE',  ( 0.007999999999999981085, -0.08999999999999999667, -0.03300000000000000155 ) ) ;
#4692 = VERTEX_POINT ( 'NONE', #2591 ) ;
#4693 = CARTESIAN_POINT ( 'NONE',  ( -0.01919872981077807780, 0.0000000000000000000, 0.04250000000000001693 ) ) ;
#4694 = CARTESIAN_POINT ( 'NONE',  ( 0.04199999999999998873, 0.09900000000000000466, -0.03300000000000000155 ) ) ;
#4695 = LENGTH_MEASURE_WITH_UNIT ( LENGTH_MEASURE( 0.02539999999999999897 ), #4537 );
#4696 = ORIENTED_EDGE ( 'NONE', *, *, #1088, .F. ) ;
#4697 = ORIENTED_EDGE ( 'NONE', *, *, #4744, .T. ) ;
#4698 = ORIENTED_EDGE ( 'NONE', *, *, #515, .T. ) ;
#4699 = ADVANCED_FACE ( 'NONE', ( #3173 ), #6006, .T. ) ;
#4700 = VECTOR ( 'NONE', #1135, 39.37007874015748143 ) ;
#4701 =( LENGTH_UNIT ( ) NAMED_UNIT ( * ) SI_UNIT ( $, .METRE. ) );
#4702 = ORIENTED_EDGE ( 'NONE', *, *, #4919, .F. ) ;
#4703 = ORIENTED_EDGE ( 'NONE', *, *, #1657, .F. ) ;
#4704 = EDGE_LOOP ( 'NONE', ( #4689, #1494, #645, #6184 ) ) ;
#4705 = SURFACE_SIDE_STYLE ('',( #4948 ) ) ;
#4706 = FILL_AREA_STYLE_COLOUR ( '', #3981 ) ;
#4707 = PLANE ( 'NONE',  #684 ) ;
#4708 = EDGE_CURVE ( 'NONE', #3552, #1205, #1866, .T. ) ;
#4709 = VECTOR ( 'NONE', #589, 39.37007874015748143 ) ;
#4710 = AXIS2_PLACEMENT_3D ( 'NONE', #2828, #4766, #5683 ) ;
#4711 = EDGE_LOOP ( 'NONE', ( #336, #5213, #2776, #2552 ) ) ;
#4712 = EDGE_CURVE ( 'NONE', #2080, #3493, #5894, .T. ) ;
#4713 = EDGE_CURVE ( 'NONE', #28, #942, #1201, .T. ) ;
#4714 = DIRECTION ( 'NONE',  ( -0.4472135954999568730, -0.7745966692414849586, 0.4472135954999564289 ) ) ;
#4715 = COLOUR_RGB ( '',0.9686274509803921573, 0.8784313725490195957, 0.5999999999999999778 ) ;
#4716 =( NAMED_UNIT ( * ) SI_UNIT ( $, .STERADIAN. ) SOLID_ANGLE_UNIT ( ) );
#4717 = AXIS2_PLACEMENT_3D ( 'NONE', #2557, #141, #3551 ) ;
#4718 = SURFACE_SIDE_STYLE ('',( #3759 ) ) ;
#4719 = FACE_BOUND ( 'NONE', #4335, .T. ) ;
#4720 = DIRECTION ( 'NONE',  ( 0.0000000000000000000, 0.0000000000000000000, 1.000000000000000000 ) ) ;
#4721 = EDGE_CURVE ( 'NONE', #6105, #5674, #4941, .T. ) ;
#4722 = VECTOR ( 'NONE', #566, 39.37007874015748143 ) ;
#4723 = LINE ( 'NONE', #868, #72 ) ;
#4724 = CARTESIAN_POINT ( 'NONE',  ( -0.008000000000000015779, 0.09900000000000000466, -0.03300000000000000155 ) ) ;
#4725 = SURFACE_STYLE_FILL_AREA ( #6060 ) ;
#4726 = SURFACE_STYLE_USAGE ( .BOTH. , #2181 ) ;
#4727 = FACE_OUTER_BOUND ( 'NONE', #490, .T. ) ;
#4728 = DIMENSIONAL_EXPONENTS ( 1.000000000000000000, 0.0000000000000000000, 0.0000000000000000000, 0.0000000000000000000, 0.0000000000000000000, 0.0000000000000000000, 0.0000000000000000000 ) ;
#4729 = CARTESIAN_POINT ( 'NONE',  ( -0.04678119784648303997, 0.2284315353299545825, -0.02178119784648302470 ) ) ;
#4730 = PRESENTATION_STYLE_ASSIGNMENT (( #5048 ) ) ;
#4731 = MANIFOLD_SOLID_BREP ( 'Chamfer1', #1938 ) ;
#4732 = DIRECTION ( 'NONE',  ( -0.0000000000000000000, -0.0000000000000000000, -1.000000000000000000 ) ) ;
#4733 = CARTESIAN_POINT ( 'NONE',  ( 0.04199999999999998873, 0.0000000000000000000, 0.03300000000000000155 ) ) ;
#4734 = DIRECTION ( 'NONE',  ( 1.000000000000000000, 0.0000000000000000000, 0.0000000000000000000 ) ) ;
#4735 = LINE ( 'NONE', #4694, #3438 ) ;
#4736 = ADVANCED_FACE ( 'NONE', ( #1572 ), #4500, .F. ) ;
#4737 = CARTESIAN_POINT ( 'NONE',  ( 0.01250000000000000243, 0.0000000000000000000, -0.06750000000000001832 ) ) ;
#4738 = VECTOR ( 'NONE', #5425, 39.37007874015748143 ) ;
#4739 = CARTESIAN_POINT ( 'NONE',  ( 0.0000000000000000000, 0.2190000000000000002, 0.02722649730810373578 ) ) ;
#4740 = EDGE_LOOP ( 'NONE', ( #3384, #4697, #1776, #1413 ) ) ;
#4741 = VECTOR ( 'NONE', #6126, 39.37007874015748143 ) ;
#4742 = DIRECTION ( 'NONE',  ( 1.000000000000000000, 0.0000000000000000000, -0.0000000000000000000 ) ) ;
#4743 = CARTESIAN_POINT ( 'NONE',  ( -0.03749999999999999861, 0.0000000000000000000, -0.06750000000000001832 ) ) ;
#4744 = EDGE_CURVE ( 'NONE', #2540, #2444, #3788, .T. ) ;
#4745 = DIRECTION ( 'NONE',  ( 0.0000000000000000000, 0.0000000000000000000, -1.000000000000000000 ) ) ;
#4746 = ORIENTED_EDGE ( 'NONE', *, *, #1030, .F. ) ;
#4747 = MECHANICAL_DESIGN_GEOMETRIC_PRESENTATION_REPRESENTATION (  '', ( #5156 ), #6252 ) ;
#4748 = EDGE_LOOP ( 'NONE', ( #2542, #4698, #5488, #2118 ) ) ;
#4749 = LINE ( 'NONE', #3107, #5276 ) ;
#4750 = CARTESIAN_POINT ( 'NONE',  ( -0.07500000000000002498, 0.07449999999999999678, 0.05749999999999998168 ) ) ;
#4751 = AXIS2_PLACEMENT_3D ( 'NONE', #1924, #1950, #3352 ) ;
#4752 =( NAMED_UNIT ( * ) PLANE_ANGLE_UNIT ( ) SI_UNIT ( $, .RADIAN. ) );
#4753 = DIRECTION ( 'NONE',  ( -0.0000000000000000000, -0.0000000000000000000, 1.000000000000000000 ) ) ;
#4754 = EDGE_CURVE ( 'NONE', #1288, #2328, #3240, .T. ) ;
#4755 = EDGE_LOOP ( 'NONE', ( #5367, #5682, #1999, #4173 ) ) ;
#4756 = SURFACE_SIDE_STYLE ('',( #3315 ) ) ;
#4757 = DIRECTION ( 'NONE',  ( -1.000000000000000000, -0.0000000000000000000, -0.0000000000000000000 ) ) ;
#4758 = CARTESIAN_POINT ( 'NONE',  ( -0.05800000000000001682, 0.2190000000000000002, 0.03300000000000000155 ) ) ;
#4759 = EDGE_LOOP ( 'NONE', ( #3561, #1831, #5445, #1772 ) ) ;
#4760 = ORIENTED_EDGE ( 'NONE', *, *, #134, .F. ) ;
#4761 = LINE ( 'NONE', #3932, #6043 ) ;
#4762 = MECHANICAL_DESIGN_GEOMETRIC_PRESENTATION_REPRESENTATION (  '', ( #5018 ), #1732 ) ;
#4763 = DIRECTION ( 'NONE',  ( 1.000000000000000000, 0.0000000000000000000, 0.0000000000000000000 ) ) ;
#4764 = EDGE_CURVE ( 'NONE', #1389, #5376, #4402, .T. ) ;
#4765 = ADVANCED_FACE ( 'NONE', ( #2930 ), #1150, .F. ) ;
#4766 = DIRECTION ( 'NONE',  ( 0.0000000000000000000, 1.000000000000000000, 0.0000000000000000000 ) ) ;
#4767 = VERTEX_POINT ( 'NONE', #1122 ) ;
#4768 = ORIENTED_EDGE ( 'NONE', *, *, #4843, .T. ) ;
#4769 = DIRECTION ( 'NONE',  ( -1.000000000000000000, -1.707404996040164758E-16, 0.0000000000000000000 ) ) ;
#4770 = PLANE ( 'NONE',  #2446 ) ;
#4771 = LINE ( 'NONE', #3218, #2847 ) ;
#4772 = ORIENTED_EDGE ( 'NONE', *, *, #6039, .T. ) ;
#4773 = CARTESIAN_POINT ( 'NONE',  ( 0.05799999999999998906, 0.0000000000000000000, 0.01700000000000000122 ) ) ;
#4774 = VERTEX_POINT ( 'NONE', #3122 ) ;
#4775 = DIRECTION ( 'NONE',  ( 0.0000000000000000000, 1.000000000000000000, 0.0000000000000000000 ) ) ;
#4776 = ORIENTED_EDGE ( 'NONE', *, *, #420, .T. ) ;
#4777 = ORIENTED_EDGE ( 'NONE', *, *, #9, .T. ) ;
#4778 = VECTOR ( 'NONE', #5073, 39.37007874015748143 ) ;
#4779 = ORIENTED_EDGE ( 'NONE', *, *, #3039, .F. ) ;
#4780 = CARTESIAN_POINT ( 'NONE',  ( -0.07500000000000002498, 0.07450000000000002454, -0.05749999999999998168 ) ) ;
#4781 = SURFACE_STYLE_FILL_AREA ( #4297 ) ;
#4782 = EDGE_LOOP ( 'NONE', ( #1871, #5280, #2318, #4478 ) ) ;
#4783 = CARTESIAN_POINT ( 'NONE',  ( -0.05000000000000000278, 0.2190000000000000002, 0.0000000000000000000 ) ) ;
#4784 = ORIENTED_EDGE ( 'NONE', *, *, #1802, .F. ) ;
#4785 = EDGE_LOOP ( 'NONE', ( #2015, #1115, #3100, #4670 ) ) ;
#4786 = DIRECTION ( 'NONE',  ( 1.000000000000000000, 0.0000000000000000000, -0.0000000000000000000 ) ) ;
#4787 = FACE_OUTER_BOUND ( 'NONE', #4782, .T. ) ;
#4788 = VECTOR ( 'NONE', #3014, 39.37007874015748854 ) ;
#4789 = FACE_OUTER_BOUND ( 'NONE', #1565, .T. ) ;
#4790 = DIRECTION ( 'NONE',  ( -0.4472135954999566509, -0.7745966692414848476, -0.4472135954999566509 ) ) ;
#4791 = CARTESIAN_POINT ( 'NONE',  ( -0.07500000000000002498, 0.02450000000000000441, 0.06749999999999997669 ) ) ;
#4792 = ORIENTED_EDGE ( 'NONE', *, *, #5922, .T. ) ;
#4793 = DIRECTION ( 'NONE',  ( 0.0000000000000000000, -0.0000000000000000000, -1.000000000000000000 ) ) ;
#4794 = PLANE ( 'NONE',  #864 ) ;
#4795 = DIMENSIONAL_EXPONENTS ( 1.000000000000000000, 0.0000000000000000000, 0.0000000000000000000, 0.0000000000000000000, 0.0000000000000000000, 0.0000000000000000000, 0.0000000000000000000 ) ;
#4796 = LINE ( 'NONE', #5739, #3499 ) ;
#4797 = VECTOR ( 'NONE', #5973, 39.37007874015748143 ) ;
#4798 = FACE_OUTER_BOUND ( 'NONE', #4124, .T. ) ;
#4799 = CARTESIAN_POINT ( 'NONE',  ( -0.05800000000000001682, 0.2190000000000000002, 0.03300000000000000155 ) ) ;
#4800 = FACE_OUTER_BOUND ( 'NONE', #4569, .T. ) ;
#4801 =( CONVERSION_BASED_UNIT ( 'INCH', #3303 ) LENGTH_UNIT ( ) NAMED_UNIT ( #3680 ) );
#4802 = CARTESIAN_POINT ( 'NONE',  ( -0.01249999999999999549, 0.0000000000000000000, -0.06750000000000001832 ) ) ;
#4803 = EDGE_CURVE ( 'NONE', #4246, #4677, #1116, .T. ) ;
#4804 = VECTOR ( 'NONE', #2928, 39.37007874015748143 ) ;
#4805 = LINE ( 'NONE', #4996, #6239 ) ;
#4806 = FACE_OUTER_BOUND ( 'NONE', #2412, .T. ) ;
#4807 = ADVANCED_FACE ( 'NONE', ( #1937 ), #4144, .T. ) ;
#4808 = EDGE_CURVE ( 'NONE', #1954, #5029, #3399, .T. ) ;
#4809 = VECTOR ( 'NONE', #6114, 39.37007874015747433 ) ;
#4810 = SURFACE_STYLE_USAGE ( .BOTH. , #3875 ) ;
#4811 = PRESENTATION_LAYER_ASSIGNMENT (  '', '', ( #2958 ) ) ;
#4812 =( CONVERSION_BASED_UNIT ( 'INCH', #3965 ) LENGTH_UNIT ( ) NAMED_UNIT ( #669 ) );
#4814 = VECTOR ( 'NONE', #3114, 39.37007874015748143 ) ;
#4813 = DIRECTION ( 'NONE',  ( 0.0000000000000000000, 0.0000000000000000000, 1.000000000000000000 ) ) ;
#4815 = EDGE_CURVE ( 'NONE', #4983, #4027, #2240, .T. ) ;
#4816 = VECTOR ( 'NONE', #2111, 39.37007874015748143 ) ;
#4817 =( LENGTH_UNIT ( ) NAMED_UNIT ( * ) SI_UNIT ( $, .METRE. ) );
#4818 = DIRECTION ( 'NONE',  ( 0.0000000000000000000, 0.0000000000000000000, -1.000000000000000000 ) ) ;
#4819 = DIRECTION ( 'NONE',  ( -0.0000000000000000000, -0.0000000000000000000, 1.000000000000000000 ) ) ;
#4820 = FACE_OUTER_BOUND ( 'NONE', #3878, .T. ) ;
#4821 = CARTESIAN_POINT ( 'NONE',  ( 0.05799999999999998906, 0.2089999999999999358, 0.03300000000000000155 ) ) ;
#4822 = DIRECTION ( 'NONE',  ( 0.0000000000000000000, 1.000000000000000000, 0.0000000000000000000 ) ) ;
#4823 =( CONVERSION_BASED_UNIT ( 'INCH', #5614 ) LENGTH_UNIT ( ) NAMED_UNIT ( #1327 ) );
#4824 = FACE_OUTER_BOUND ( 'NONE', #2843, .T. ) ;
#4825 = DIRECTION ( 'NONE',  ( -0.0000000000000000000, 0.0000000000000000000, 1.000000000000000000 ) ) ;
#4826 = DIRECTION ( 'NONE',  ( 0.0000000000000000000, 1.000000000000000000, 0.0000000000000000000 ) ) ;
#4827 = PLANE ( 'NONE',  #2464 ) ;
#4828 = VERTEX_POINT ( 'NONE', #1240 ) ;
#4829 = CARTESIAN_POINT ( 'NONE',  ( -0.03080127018922191803, 0.0000000000000000000, -0.04250000000000001693 ) ) ;
#4830 = DIRECTION ( 'NONE',  ( 0.0000000000000000000, -0.4999999999999982792, 0.8660254037844397068 ) ) ;
#4831 = ORIENTED_EDGE ( 'NONE', *, *, #1055, .F. ) ;
#4832 = ADVANCED_FACE ( 'NONE', ( #651 ), #3640, .F. ) ;
#4833 = CARTESIAN_POINT ( 'NONE',  ( -0.008000000000000015779, 0.2190000000000000002, -0.03300000000000000155 ) ) ;
#4834 = EDGE_CURVE ( 'NONE', #178, #6113, #3096, .T. ) ;
#4835 = CARTESIAN_POINT ( 'NONE',  ( 0.07499999999999999722, 0.02450000000000000441, 0.06749999999999997669 ) ) ;
#4836 = DIRECTION ( 'NONE',  ( -0.0000000000000000000, 1.000000000000000000, -0.0000000000000000000 ) ) ;
#4837 = EDGE_LOOP ( 'NONE', ( #4554, #1040, #3368, #5905 ) ) ;
#4838 = MECHANICAL_DESIGN_GEOMETRIC_PRESENTATION_REPRESENTATION (  '', ( #4880 ), #3572 ) ;
#4839 = STYLED_ITEM ( 'NONE', ( #1911 ), #2147 ) ;
#4840 = SURFACE_STYLE_USAGE ( .BOTH. , #5814 ) ;
#4841 = DIRECTION ( 'NONE',  ( 0.0000000000000000000, 0.0000000000000000000, -1.000000000000000000 ) ) ;
#4842 = EDGE_CURVE ( 'NONE', #2019, #3290, #1638, .T. ) ;
#4843 = EDGE_CURVE ( 'NONE', #5513, #2098, #497, .T. ) ;
#4844 = ORIENTED_EDGE ( 'NONE', *, *, #1125, .T. ) ;
#4845 = VERTEX_POINT ( 'NONE', #1229 ) ;
#4846 = PLANE ( 'NONE',  #2236 ) ;
#4847 = CARTESIAN_POINT ( 'NONE',  ( -0.003218802153516998367, 0.2284315353299545825, -0.02178119784648302470 ) ) ;
#4848 = DIRECTION ( 'NONE',  ( 1.000000000000000000, -0.0000000000000000000, -0.0000000000000000000 ) ) ;
#4849 = PRESENTATION_LAYER_ASSIGNMENT (  '', '', ( #4529 ) ) ;
#4850 = EDGE_LOOP ( 'NONE', ( #256, #3098, #814, #5286 ) ) ;
#4851 = LINE ( 'NONE', #1759, #2014 ) ;
#4852 = ORIENTED_EDGE ( 'NONE', *, *, #1074, .T. ) ;
#4853 = ORIENTED_EDGE ( 'NONE', *, *, #1915, .T. ) ;
#4854 = ORIENTED_EDGE ( 'NONE', *, *, #4580, .F. ) ;
#4855 = CARTESIAN_POINT ( 'NONE',  ( -0.04200000000000002343, 0.0000000000000000000, 0.03300000000000000155 ) ) ;
#4856 = CARTESIAN_POINT ( 'NONE',  ( -0.01919872981077807780, 0.02450000000000000441, -0.04250000000000001693 ) ) ;
#4857 =( NAMED_UNIT ( * ) SI_UNIT ( $, .STERADIAN. ) SOLID_ANGLE_UNIT ( ) );
#4858 = ORIENTED_EDGE ( 'NONE', *, *, #1447, .F. ) ;
#4859 = LINE ( 'NONE', #3215, #957 ) ;
#4860 = SURFACE_STYLE_FILL_AREA ( #69 ) ;
#4861 = EDGE_LOOP ( 'NONE', ( #1686, #808, #89, #4605 ) ) ;
#4862 = ORIENTED_EDGE ( 'NONE', *, *, #140, .F. ) ;
#4863 = DIRECTION ( 'NONE',  ( -1.000000000000000000, 0.0000000000000000000, 0.0000000000000000000 ) ) ;
#4864 = ORIENTED_EDGE ( 'NONE', *, *, #5789, .F. ) ;
#4865 = CARTESIAN_POINT ( 'NONE',  ( 0.07499999999999999722, 0.09900000000000000466, -0.06750000000000003220 ) ) ;
#4866 = LINE ( 'NONE', #538, #1648 ) ;
#4867 = LINE ( 'NONE', #3299, #4567 ) ;
#4868 = ORIENTED_EDGE ( 'NONE', *, *, #666, .F. ) ;
#4869 = ORIENTED_EDGE ( 'NONE', *, *, #756, .T. ) ;
#4870 = ADVANCED_FACE ( 'NONE', ( #2699 ), #2658, .F. ) ;
#4871 = VERTEX_POINT ( 'NONE', #2171 ) ;
#4872 = VECTOR ( 'NONE', #321, 39.37007874015748143 ) ;
#4873 = FILL_AREA_STYLE_COLOUR ( '', #6002 ) ;
#4874 = DIRECTION ( 'NONE',  ( -0.0000000000000000000, -0.0000000000000000000, 1.000000000000000000 ) ) ;
#4875 = ORIENTED_EDGE ( 'NONE', *, *, #5324, .T. ) ;
#4876 = VECTOR ( 'NONE', #2016, 39.37007874015748143 ) ;
#4877 = CARTESIAN_POINT ( 'NONE',  ( 0.03080127018922192497, 0.02450000000000000441, 0.04250000000000001693 ) ) ;
#4878 = COLOUR_RGB ( '',0.9686274509803921573, 0.8784313725490195957, 0.5999999999999999778 ) ;
#4879 = AXIS2_PLACEMENT_3D ( 'NONE', #2883, #2411, #6318 ) ;
#4880 = STYLED_ITEM ( 'NONE', ( #3900 ), #228 ) ;
#4881 = MECHANICAL_DESIGN_GEOMETRIC_PRESENTATION_REPRESENTATION (  '', ( #5086 ), #943 ) ;
#4882 = PLANE ( 'NONE',  #5557 ) ;
#4883 = EDGE_CURVE ( 'NONE', #1048, #1384, #192, .T. ) ;
#4884 = DIRECTION ( 'NONE',  ( -0.0000000000000000000, -0.0000000000000000000, -1.000000000000000000 ) ) ;
#4885 = LENGTH_MEASURE_WITH_UNIT ( LENGTH_MEASURE( 0.02539999999999999897 ), #4468 );
#4886 = LINE ( 'NONE', #1451, #1441 ) ;
#4887 = DIRECTION ( 'NONE',  ( 0.0000000000000000000, 0.0000000000000000000, 1.000000000000000000 ) ) ;
#4888 = PLANE ( 'NONE',  #2782 ) ;
#4889 = DIRECTION ( 'NONE',  ( 0.0000000000000000000, 0.0000000000000000000, 1.000000000000000000 ) ) ;
#4890 = COLOUR_RGB ( '',0.9686274509803921573, 0.8784313725490195957, 0.5999999999999999778 ) ;
#4891 = VECTOR ( 'NONE', #1092, 39.37007874015748143 ) ;
#4892 = AXIS2_PLACEMENT_3D ( 'NONE', #298, #4813, #4786 ) ;
#4893 = DIRECTION ( 'NONE',  ( -1.000000000000000000, 0.0000000000000000000, 0.0000000000000000000 ) ) ;
#4894 = MECHANICAL_DESIGN_GEOMETRIC_PRESENTATION_REPRESENTATION (  '', ( #961 ), #5522 ) ;
#4895 = CARTESIAN_POINT ( 'NONE',  ( -0.01249999999999999549, 0.02449999999999998707, -0.06750000000000001832 ) ) ;
#4896 = EDGE_CURVE ( 'NONE', #2628, #5492, #5297, .T. ) ;
#4897 = DIRECTION ( 'NONE',  ( -0.0000000000000000000, -0.0000000000000000000, -1.000000000000000000 ) ) ;
#4898 = VECTOR ( 'NONE', #3484, 39.37007874015748854 ) ;
#4899 = DIRECTION ( 'NONE',  ( -1.000000000000000000, 0.0000000000000000000, 0.0000000000000000000 ) ) ;
#4900 = ADVANCED_FACE ( 'NONE', ( #4036 ), #2674, .T. ) ;
#4901 = DIRECTION ( 'NONE',  ( 0.0000000000000000000, 1.000000000000000000, 0.0000000000000000000 ) ) ;
#4902 = CARTESIAN_POINT ( 'NONE',  ( 0.01919872981077808821, 0.0000000000000000000, 0.04250000000000001693 ) ) ;
#4903 = ORIENTED_EDGE ( 'NONE', *, *, #251, .T. ) ;
#4904 = CARTESIAN_POINT ( 'NONE',  ( 0.04199999999999998873, 0.09900000000000000466, -0.03300000000000000155 ) ) ;
#4905 = DIRECTION ( 'NONE',  ( -1.000000000000000000, 0.0000000000000000000, 5.691349986800548372E-17 ) ) ;
#4906 = ORIENTED_EDGE ( 'NONE', *, *, #2731, .F. ) ;
#4907 = ORIENTED_EDGE ( 'NONE', *, *, #1845, .F. ) ;
#4908 = COLOUR_RGB ( '',0.9686274509803921573, 0.8784313725490195957, 0.5999999999999999778 ) ;
#4909 = CARTESIAN_POINT ( 'NONE',  ( -0.06500000000000002998, 0.02449999999999998707, -0.05749999999999998168 ) ) ;
#4910 = DIRECTION ( 'NONE',  ( -1.000000000000000000, 0.0000000000000000000, 0.0000000000000000000 ) ) ;
#4911 = DIRECTION ( 'NONE',  ( 0.0000000000000000000, 0.0000000000000000000, 1.000000000000000000 ) ) ;
#4912 = ORIENTED_EDGE ( 'NONE', *, *, #1077, .T. ) ;
#4913 = AXIS2_PLACEMENT_3D ( 'NONE', #1643, #5092, #667 ) ;
#4914 = LINE ( 'NONE', #609, #3221 ) ;
#4915 =( NAMED_UNIT ( * ) SI_UNIT ( $, .STERADIAN. ) SOLID_ANGLE_UNIT ( ) );
#4916 = VERTEX_POINT ( 'NONE', #2194 ) ;
#4917 = ORIENTED_EDGE ( 'NONE', *, *, #748, .T. ) ;
#4918 = LINE ( 'NONE', #3756, #3777 ) ;
#4919 = EDGE_CURVE ( 'NONE', #5735, #3183, #2769, .T. ) ;
#4920 = CARTESIAN_POINT ( 'NONE',  ( -0.07500000000000002498, 0.07449999999999999678, 0.06749999999999997669 ) ) ;
#4921 = AXIS2_PLACEMENT_3D ( 'NONE', #1877, #1828, #5573 ) ;
#4922 = CARTESIAN_POINT ( 'NONE',  ( -0.008000000000000015779, 0.0000000000000000000, -0.01700000000000000122 ) ) ;
#4923 = EDGE_CURVE ( 'NONE', #3717, #4167, #4859, .T. ) ;
#4924 = PRESENTATION_LAYER_ASSIGNMENT (  '', '', ( #4839 ) ) ;
#4925 = DIRECTION ( 'NONE',  ( 0.0000000000000000000, 1.000000000000000000, 0.0000000000000000000 ) ) ;
#4926 = ORIENTED_EDGE ( 'NONE', *, *, #914, .F. ) ;
#4927 = ORIENTED_EDGE ( 'NONE', *, *, #952, .T. ) ;
#4928 = VERTEX_POINT ( 'NONE', #2224 ) ;
#4929 = ADVANCED_FACE ( 'NONE', ( #120 ), #2209, .F. ) ;
#4930 = EDGE_CURVE ( 'NONE', #1519, #4162, #5149, .T. ) ;
#4931 = VECTOR ( 'NONE', #3839, 39.37007874015748143 ) ;
#4932 = DIRECTION ( 'NONE',  ( -1.000000000000000000, 0.0000000000000000000, 0.0000000000000000000 ) ) ;
#4933 = ORIENTED_EDGE ( 'NONE', *, *, #3576, .F. ) ;
#4934 = EDGE_LOOP ( 'NONE', ( #2762, #5075, #5818, #3927, #2750, #1862, #5436 ) ) ;
#4935 = SURFACE_STYLE_USAGE ( .BOTH. , #5948 ) ;
#4936 = ORIENTED_EDGE ( 'NONE', *, *, #1055, .T. ) ;
#4937 = CARTESIAN_POINT ( 'NONE',  ( -0.05800000000000001682, -0.08999999999999999667, -0.01700000000000000122 ) ) ;
#4938 = VERTEX_POINT ( 'NONE', #1340 ) ;
#4939 = CARTESIAN_POINT ( 'NONE',  ( 0.04199999999999998873, 0.0000000000000000000, -0.03300000000000000155 ) ) ;
#4940 = FACE_OUTER_BOUND ( 'NONE', #1707, .T. ) ;
#4941 = LINE ( 'NONE', #2514, #872 ) ;
#4942 = LENGTH_MEASURE_WITH_UNIT ( LENGTH_MEASURE( 0.02539999999999999897 ), #2090 );
#4943 = ORIENTED_EDGE ( 'NONE', *, *, #5745, .F. ) ;
#4944 = VERTEX_POINT ( 'NONE', #5692 ) ;
#4945 = CARTESIAN_POINT ( 'NONE',  ( 0.03750000000000001249, 0.0000000000000000000, -0.06750000000000001832 ) ) ;
#4946 = ORIENTED_EDGE ( 'NONE', *, *, #2586, .T. ) ;
#4947 = VECTOR ( 'NONE', #4989, 39.37007874015748143 ) ;
#4948 = SURFACE_STYLE_FILL_AREA ( #396 ) ;
#4949 = ORIENTED_EDGE ( 'NONE', *, *, #3363, .F. ) ;
#4950 = VECTOR ( 'NONE', #1323, 39.37007874015748143 ) ;
#4951 = CARTESIAN_POINT ( 'NONE',  ( 0.05799999999999998906, 0.2089999999999999358, 0.01700000000000000122 ) ) ;
#4952 = EDGE_LOOP ( 'NONE', ( #6191, #5665, #3069, #5215 ) ) ;
#4953 = CARTESIAN_POINT ( 'NONE',  ( -0.008000000000000015779, -0.2026274169979695450, -0.03300000000000000155 ) ) ;
#4954 = PLANE ( 'NONE',  #2742 ) ;
#4955 = VECTOR ( 'NONE', #5694, 39.37007874015748143 ) ;
#4956 = VECTOR ( 'NONE', #3189, 39.37007874015748143 ) ;
#4957 =( NAMED_UNIT ( * ) SI_UNIT ( $, .STERADIAN. ) SOLID_ANGLE_UNIT ( ) );
#4958 = CARTESIAN_POINT ( 'NONE',  ( -0.07500000000000002498, 0.07450000000000002454, -0.06749999999999997669 ) ) ;
#4959 = VECTOR ( 'NONE', #1070, 39.37007874015748143 ) ;
#4960 = PRESENTATION_STYLE_ASSIGNMENT (( #3025 ) ) ;
#4961 = FACE_OUTER_BOUND ( 'NONE', #5654, .T. ) ;
#4962 = FACE_BOUND ( 'NONE', #4462, .T. ) ;
#4963 = EDGE_CURVE ( 'NONE', #2018, #1771, #6289, .T. ) ;
#4964 = SURFACE_STYLE_USAGE ( .BOTH. , #3926 ) ;
#4965 = ADVANCED_FACE ( 'NONE', ( #4099 ), #276, .F. ) ;
#4966 = VECTOR ( 'NONE', #6037, 39.37007874015748143 ) ;
#4967 =( GEOMETRIC_REPRESENTATION_CONTEXT ( 3 ) GLOBAL_UNCERTAINTY_ASSIGNED_CONTEXT ( ( #4273 ) ) GLOBAL_UNIT_ASSIGNED_CONTEXT ( ( #3850, #2373, #2908 ) ) REPRESENTATION_CONTEXT ( 'NONE', 'WORKASPACE' ) );
#4968 = PRESENTATION_LAYER_ASSIGNMENT (  '', '', ( #5086 ) ) ;
#4969 = EDGE_CURVE ( 'NONE', #197, #4568, #4624, .T. ) ;
#4970 = CARTESIAN_POINT ( 'NONE',  ( -0.01249999999999999549, 0.02450000000000000441, 0.06750000000000001832 ) ) ;
#4971 = DIRECTION ( 'NONE',  ( 1.000000000000000000, 0.0000000000000000000, -0.0000000000000000000 ) ) ;
#4973 = CARTESIAN_POINT ( 'NONE',  ( -0.03080127018922191803, 0.07449999999999999678, 0.04250000000000001693 ) ) ;
#4972 = DIRECTION ( 'NONE',  ( -0.0000000000000000000, -1.000000000000000000, -0.0000000000000000000 ) ) ;
#4974 = FACE_OUTER_BOUND ( 'NONE', #5241, .T. ) ;
#4975 = AXIS2_PLACEMENT_3D ( 'NONE', #5212, #2332, #5235 ) ;
#4976 =( NAMED_UNIT ( * ) PLANE_ANGLE_UNIT ( ) SI_UNIT ( $, .RADIAN. ) );
#4977 = CARTESIAN_POINT ( 'NONE',  ( 0.05799999999999998906, 0.09900000000000000466, -0.01700000000000000122 ) ) ;
#4978 = CARTESIAN_POINT ( 'NONE',  ( -0.01919872981077807780, 0.09900000000000000466, 0.04250000000000001693 ) ) ;
#4979 = DIRECTION ( 'NONE',  ( 0.0000000000000000000, 0.0000000000000000000, -1.000000000000000000 ) ) ;
#4980 = FACE_OUTER_BOUND ( 'NONE', #1785, .T. ) ;
#4981 = CARTESIAN_POINT ( 'NONE',  ( 0.04199999999999998873, -0.2026274169979695450, -0.03300000000000000155 ) ) ;
#4982 = SURFACE_STYLE_USAGE ( .BOTH. , #1542 ) ;
#4983 = VERTEX_POINT ( 'NONE', #844 ) ;
#4984 = LINE ( 'NONE', #5743, #5569 ) ;
#4985 = PLANE ( 'NONE',  #1651 ) ;
#4986 = CARTESIAN_POINT ( 'NONE',  ( -0.1000000000000000056, 0.09900000000000000466, 0.0000000000000000000 ) ) ;
#4987 = ORIENTED_EDGE ( 'NONE', *, *, #91, .F. ) ;
#4988 = LINE ( 'NONE', #205, #5797 ) ;
#4990 = DIRECTION ( 'NONE',  ( -1.000000000000000000, -0.0000000000000000000, -0.0000000000000000000 ) ) ;
#4989 = DIRECTION ( 'NONE',  ( 0.0000000000000000000, 1.000000000000000000, 0.0000000000000000000 ) ) ;
#4991 = ADVANCED_FACE ( 'NONE', ( #4551 ), #1298, .F. ) ;
#4992 = DIRECTION ( 'NONE',  ( 0.0000000000000000000, 0.0000000000000000000, 1.000000000000000000 ) ) ;
#4993 = VERTEX_POINT ( 'NONE', #1743 ) ;
#4994 = LINE ( 'NONE', #3294, #1699 ) ;
#4995 = CARTESIAN_POINT ( 'NONE',  ( -0.008000000000000015779, 0.09900000000000000466, 0.03300000000000000155 ) ) ;
#4996 = CARTESIAN_POINT ( 'NONE',  ( -0.06500000000000002998, 0.07450000000000002454, -0.05749999999999998168 ) ) ;
#4997 = DIRECTION ( 'NONE',  ( 1.000000000000000000, 0.0000000000000000000, 0.0000000000000000000 ) ) ;
#4998 = DIRECTION ( 'NONE',  ( 0.0000000000000000000, 0.0000000000000000000, 1.000000000000000000 ) ) ;
#4999 = MECHANICAL_DESIGN_GEOMETRIC_PRESENTATION_REPRESENTATION (  '', ( #2598 ), #4265 ) ;
#5000 = ORIENTED_EDGE ( 'NONE', *, *, #3748, .T. ) ;
#5001 = VERTEX_POINT ( 'NONE', #2718 ) ;
#5002 = EDGE_CURVE ( 'NONE', #2089, #3638, #2842, .T. ) ;
#5003 = CARTESIAN_POINT ( 'NONE',  ( -0.1000000000000000056, 0.2190000000000000002, 0.02277350269189626700 ) ) ;
#5004 =( NAMED_UNIT ( * ) SI_UNIT ( $, .STERADIAN. ) SOLID_ANGLE_UNIT ( ) );
#5005 = VECTOR ( 'NONE', #1980, 39.37007874015748143 ) ;
#5006 = ORIENTED_EDGE ( 'NONE', *, *, #2610, .T. ) ;
#5007 = ORIENTED_EDGE ( 'NONE', *, *, #1566, .F. ) ;
#5008 = EDGE_CURVE ( 'NONE', #792, #332, #4851, .T. ) ;
#5009 = ORIENTED_EDGE ( 'NONE', *, *, #5246, .T. ) ;
#5010 = SURFACE_SIDE_STYLE ('',( #2708 ) ) ;
#5011 = VERTEX_POINT ( 'NONE', #3720 ) ;
#5012 = MANIFOLD_SOLID_BREP ( 'Boss-Extrude3[1]', #6035 ) ;
#5013 = AXIS2_PLACEMENT_3D ( 'NONE', #3698, #1259, #315 ) ;
#5015 = CARTESIAN_POINT ( 'NONE',  ( -0.002226497308103747401, 0.2190000000000000002, 0.02722649730810373578 ) ) ;
#5014 = DIRECTION ( 'NONE',  ( 0.0000000000000000000, -1.000000000000000000, 0.0000000000000000000 ) ) ;
#5016 = VECTOR ( 'NONE', #6101, 39.37007874015748143 ) ;
#5017 = ORIENTED_EDGE ( 'NONE', *, *, #2897, .T. ) ;
#5018 = STYLED_ITEM ( 'NONE', ( #1069 ), #1692 ) ;
#5019 = VERTEX_POINT ( 'NONE', #335 ) ;
#5020 = ORIENTED_EDGE ( 'NONE', *, *, #4235, .F. ) ;
#5021 = EDGE_CURVE ( 'NONE', #654, #1939, #5143, .T. ) ;
#5022 = CARTESIAN_POINT ( 'NONE',  ( -0.04200000000000002343, 0.2190000000000000002, -0.03300000000000000155 ) ) ;
#5023 = PRESENTATION_STYLE_ASSIGNMENT (( #4726 ) ) ;
#5024 = DIRECTION ( 'NONE',  ( 1.000000000000000000, 0.0000000000000000000, -0.0000000000000000000 ) ) ;
#5025 = CARTESIAN_POINT ( 'NONE',  ( -0.008000000000000015779, 0.2190000000000000002, -0.02722649730810373578 ) ) ;
#5026 = ORIENTED_EDGE ( 'NONE', *, *, #3837, .F. ) ;
#5027 = DIRECTION ( 'NONE',  ( 0.0000000000000000000, 0.0000000000000000000, 1.000000000000000000 ) ) ;
#5028 = ORIENTED_EDGE ( 'NONE', *, *, #3073, .T. ) ;
#5029 = VERTEX_POINT ( 'NONE', #312 ) ;
#5030 = LINE ( 'NONE', #6162, #4872 ) ;
#5031 = ORIENTED_EDGE ( 'NONE', *, *, #2864, .T. ) ;
#5032 = DIRECTION ( 'NONE',  ( -1.138269997360109674E-16, 0.0000000000000000000, -1.000000000000000000 ) ) ;
#5033 = CARTESIAN_POINT ( 'NONE',  ( 0.05799999999999998906, -0.08999999999999999667, 0.01700000000000000122 ) ) ;
#5034 = VECTOR ( 'NONE', #6034, 39.37007874015748143 ) ;
#5035 = ADVANCED_FACE ( 'NONE', ( #489 ), #5216, .F. ) ;
#5036 = ORIENTED_EDGE ( 'NONE', *, *, #4522, .F. ) ;
#5037 = LENGTH_MEASURE_WITH_UNIT ( LENGTH_MEASURE( 0.02539999999999999897 ), #3630 );
#5038 = LINE ( 'NONE', #5065, #4272 ) ;
#5040 = PLANE ( 'NONE',  #1315 ) ;
#5039 = DIRECTION ( 'NONE',  ( 1.000000000000000000, 0.0000000000000000000, -0.0000000000000000000 ) ) ;
#5041 = ADVANCED_FACE ( 'NONE', ( #5896 ), #2290, .F. ) ;
#5042 = SURFACE_STYLE_FILL_AREA ( #2462 ) ;
#5043 = LENGTH_MEASURE_WITH_UNIT ( LENGTH_MEASURE( 0.02539999999999999897 ), #3298 );
#5044 = CARTESIAN_POINT ( 'NONE',  ( 0.04199999999999998873, -0.2026274169979695450, 0.03300000000000000155 ) ) ;
#5045 = DIRECTION ( 'NONE',  ( 0.0000000000000000000, 0.0000000000000000000, 1.000000000000000000 ) ) ;
#5046 = DIRECTION ( 'NONE',  ( 1.000000000000000000, -0.0000000000000000000, -0.0000000000000000000 ) ) ;
#5047 = VECTOR ( 'NONE', #2570, 39.37007874015748143 ) ;
#5048 = SURFACE_STYLE_USAGE ( .BOTH. , #4595 ) ;
#5049 = PLANE ( 'NONE',  #4158 ) ;
#5050 = LINE ( 'NONE', #4658, #3198 ) ;
#5051 = EDGE_CURVE ( 'NONE', #2391, #3012, #5971, .T. ) ;
#5052 = DIRECTION ( 'NONE',  ( -1.000000000000000000, 0.0000000000000000000, 1.138269997360109674E-16 ) ) ;
#5053 = VECTOR ( 'NONE', #433, 39.37007874015748143 ) ;
#5054 =( NAMED_UNIT ( * ) SI_UNIT ( $, .STERADIAN. ) SOLID_ANGLE_UNIT ( ) );
#5055 = EDGE_CURVE ( 'NONE', #2774, #3639, #5442, .T. ) ;
#5056 = STYLED_ITEM ( 'NONE', ( #4010 ), #2287 ) ;
#5057 = EDGE_CURVE ( 'NONE', #6046, #653, #6120, .T. ) ;
#5058 = AXIS2_PLACEMENT_3D ( 'NONE', #4460, #1525, #4479 ) ;
#5059 = VECTOR ( 'NONE', #5181, 39.37007874015748143 ) ;
#5060 = DIRECTION ( 'NONE',  ( -1.000000000000000000, 0.0000000000000000000, 0.0000000000000000000 ) ) ;
#5061 = CARTESIAN_POINT ( 'NONE',  ( 0.007999999999999981085, 0.09900000000000000466, 0.01700000000000000122 ) ) ;
#5062 = EDGE_CURVE ( 'NONE', #5991, #875, #2086, .T. ) ;
#5063 = ORIENTED_EDGE ( 'NONE', *, *, #4930, .T. ) ;
#5064 = DIMENSIONAL_EXPONENTS ( 1.000000000000000000, 0.0000000000000000000, 0.0000000000000000000, 0.0000000000000000000, 0.0000000000000000000, 0.0000000000000000000, 0.0000000000000000000 ) ;
#5065 = CARTESIAN_POINT ( 'NONE',  ( 0.007999999999999981085, 0.09900000000000000466, 0.03300000000000000155 ) ) ;
#5066 = DIRECTION ( 'NONE',  ( 0.0000000000000000000, 0.4999999999999980016, -0.8660254037844398178 ) ) ;
#5067 = ORIENTED_EDGE ( 'NONE', *, *, #6211, .F. ) ;
#5068 = EDGE_LOOP ( 'NONE', ( #5714, #4396, #4183, #3011 ) ) ;
#5069 = ADVANCED_FACE ( 'NONE', ( #5511 ), #4846, .F. ) ;
#5070 = DIRECTION ( 'NONE',  ( 1.000000000000000000, -0.0000000000000000000, 0.0000000000000000000 ) ) ;
#5071 = ORIENTED_EDGE ( 'NONE', *, *, #6044, .F. ) ;
#5072 = DIRECTION ( 'NONE',  ( 0.8660254037844397068, 0.4999999999999982792, 0.0000000000000000000 ) ) ;
#5074 = CARTESIAN_POINT ( 'NONE',  ( -0.01000000000000000368, 0.02450000000000000441, 0.05749999999999998168 ) ) ;
#5073 = DIRECTION ( 'NONE',  ( -0.0000000000000000000, 1.000000000000000000, -0.0000000000000000000 ) ) ;
#5075 = ORIENTED_EDGE ( 'NONE', *, *, #5347, .F. ) ;
#5076 = ORIENTED_EDGE ( 'NONE', *, *, #588, .T. ) ;
#5077 = ORIENTED_EDGE ( 'NONE', *, *, #4808, .T. ) ;
#5078 = DIRECTION ( 'NONE',  ( 0.0000000000000000000, -0.0000000000000000000, -1.000000000000000000 ) ) ;
#5079 = EDGE_LOOP ( 'NONE', ( #5658, #4102, #2394, #1337 ) ) ;
#5080 = ORIENTED_EDGE ( 'NONE', *, *, #3530, .F. ) ;
#5081 = CARTESIAN_POINT ( 'NONE',  ( -0.07500000000000002498, 0.02450000000000000441, 0.06749999999999997669 ) ) ;
#5082 = CARTESIAN_POINT ( 'NONE',  ( -0.03080127018922191803, 0.0000000000000000000, 0.04250000000000001693 ) ) ;
#5083 = EDGE_CURVE ( 'NONE', #243, #843, #2922, .T. ) ;
#5084 = STYLED_ITEM ( 'NONE', ( #2192 ), #5553 ) ;
#5085 = VECTOR ( 'NONE', #6135, 39.37007874015748143 ) ;
#5086 = STYLED_ITEM ( 'NONE', ( #2706 ), #4157 ) ;
#5087 = ORIENTED_EDGE ( 'NONE', *, *, #671, .F. ) ;
#5088 = FACE_OUTER_BOUND ( 'NONE', #6049, .T. ) ;
#5089 = ORIENTED_EDGE ( 'NONE', *, *, #2897, .F. ) ;
#5090 = EDGE_CURVE ( 'NONE', #2716, #5807, #4174, .T. ) ;
#5091 = ORIENTED_EDGE ( 'NONE', *, *, #5470, .T. ) ;
#5092 = DIRECTION ( 'NONE',  ( -0.9659258262890680902, 0.0000000000000000000, -0.2588190451025215166 ) ) ;
#5093 = DIMENSIONAL_EXPONENTS ( 1.000000000000000000, 0.0000000000000000000, 0.0000000000000000000, 0.0000000000000000000, 0.0000000000000000000, 0.0000000000000000000, 0.0000000000000000000 ) ;
#5094 = EDGE_LOOP ( 'NONE', ( #1202, #805, #3403, #4906 ) ) ;
#5095 = MANIFOLD_SOLID_BREP ( 'LPattern6[3]', #4030 ) ;
#5096 = LINE ( 'NONE', #4185, #5371 ) ;
#5097 = ORIENTED_EDGE ( 'NONE', *, *, #1649, .F. ) ;
#5098 = ORIENTED_EDGE ( 'NONE', *, *, #6005, .F. ) ;
#5099 = CARTESIAN_POINT ( 'NONE',  ( -0.06500000000000002998, 0.02449999999999998707, -0.04749999999999998668 ) ) ;
#5100 = ORIENTED_EDGE ( 'NONE', *, *, #3828, .F. ) ;
#5101 = AXIS2_PLACEMENT_3D ( 'NONE', #2130, #168, #4979 ) ;
#5102 = LINE ( 'NONE', #2478, #1658 ) ;
#5103 = VECTOR ( 'NONE', #1941, 39.37007874015748143 ) ;
#5104 = AXIS2_PLACEMENT_3D ( 'NONE', #5723, #5190, #2809 ) ;
#5105 = LINE ( 'NONE', #6269, #4578 ) ;
#5106 = LINE ( 'NONE', #3796, #6059 ) ;
#5107 = CARTESIAN_POINT ( 'NONE',  ( 0.0000000000000000000, 0.09900000000000000466, 0.0000000000000000000 ) ) ;
#5108 = EDGE_CURVE ( 'NONE', #243, #1519, #522, .T. ) ;
#5109 = ORIENTED_EDGE ( 'NONE', *, *, #2297, .F. ) ;
#5110 = CARTESIAN_POINT ( 'NONE',  ( 0.05222649730810371982, 0.2190000000000000002, 0.02722649730810373578 ) ) ;
#5111 = DIRECTION ( 'NONE',  ( 1.000000000000000000, -0.0000000000000000000, -0.0000000000000000000 ) ) ;
#5112 = LINE ( 'NONE', #3310, #3037 ) ;
#5113 =( LENGTH_UNIT ( ) NAMED_UNIT ( * ) SI_UNIT ( $, .METRE. ) );
#5114 = VECTOR ( 'NONE', #153, 39.37007874015748143 ) ;
#5115 = LINE ( 'NONE', #752, #3821 ) ;
#5116 = DIRECTION ( 'NONE',  ( 0.0000000000000000000, -0.0000000000000000000, 1.000000000000000000 ) ) ;
#5117 = DIMENSIONAL_EXPONENTS ( 1.000000000000000000, 0.0000000000000000000, 0.0000000000000000000, 0.0000000000000000000, 0.0000000000000000000, 0.0000000000000000000, 0.0000000000000000000 ) ;
#5118 = DIRECTION ( 'NONE',  ( 1.000000000000000000, 0.0000000000000000000, 0.0000000000000000000 ) ) ;
#5119 = AXIS2_PLACEMENT_3D ( 'NONE', #5137, #6088, #4587 ) ;
#5120 = DIRECTION ( 'NONE',  ( 0.0000000000000000000, 0.0000000000000000000, -1.000000000000000000 ) ) ;
#5121 = DIRECTION ( 'NONE',  ( -0.0000000000000000000, -1.000000000000000000, -0.0000000000000000000 ) ) ;
#5122 = EDGE_CURVE ( 'NONE', #1111, #2899, #4588, .T. ) ;
#5123 = UNCERTAINTY_MEASURE_WITH_UNIT (LENGTH_MEASURE( 1.000000000000000082E-05 ), #2127, 'distance_accuracy_value', 'NONE');
#5124 = EDGE_CURVE ( 'NONE', #3858, #1274, #5765, .T. ) ;
#5125 =( NAMED_UNIT ( * ) SI_UNIT ( $, .STERADIAN. ) SOLID_ANGLE_UNIT ( ) );
#5126 = PRESENTATION_LAYER_ASSIGNMENT (  '', '', ( #4480 ) ) ;
#5127 = EDGE_CURVE ( 'NONE', #4993, #849, #2963, .T. ) ;
#5128 = ORIENTED_EDGE ( 'NONE', *, *, #2146, .F. ) ;
#5129 = COLOUR_RGB ( '',0.9686274509803921573, 0.8784313725490195957, 0.5999999999999999778 ) ;
#5130 = DIRECTION ( 'NONE',  ( 0.0000000000000000000, -0.0000000000000000000, 1.000000000000000000 ) ) ;
#5131 = EDGE_CURVE ( 'NONE', #5887, #6291, #4651, .T. ) ;
#5132 = DIRECTION ( 'NONE',  ( 0.0000000000000000000, -0.0000000000000000000, 1.000000000000000000 ) ) ;
#5133 = VERTEX_POINT ( 'NONE', #5319 ) ;
#5134 = CARTESIAN_POINT ( 'NONE',  ( 0.002226497308103713140, 0.2190000000000000002, 0.02277350269189626700 ) ) ;
#5135 = CARTESIAN_POINT ( 'NONE',  ( -0.04200000000000002343, -0.08999999999999999667, -0.01700000000000000122 ) ) ;
#5136 = ORIENTED_EDGE ( 'NONE', *, *, #2377, .T. ) ;
#5137 = CARTESIAN_POINT ( 'NONE',  ( -0.008000000000000015779, -0.2026274169979695450, 0.01700000000000000122 ) ) ;
#5138 = ORIENTED_EDGE ( 'NONE', *, *, #6222, .T. ) ;
#5139 = ORIENTED_EDGE ( 'NONE', *, *, #3576, .T. ) ;
#5140 = ADVANCED_FACE ( 'NONE', ( #2425 ), #3366, .F. ) ;
#5141 = LINE ( 'NONE', #3905, #4180 ) ;
#5142 = ORIENTED_EDGE ( 'NONE', *, *, #6292, .T. ) ;
#5143 = LINE ( 'NONE', #2309, #2688 ) ;
#5144 = EDGE_LOOP ( 'NONE', ( #5162, #1495, #5338, #3090 ) ) ;
#5145 = ORIENTED_EDGE ( 'NONE', *, *, #4305, .T. ) ;
#5146 = VERTEX_POINT ( 'NONE', #4909 ) ;
#5147 =( LENGTH_UNIT ( ) NAMED_UNIT ( * ) SI_UNIT ( $, .METRE. ) );
#5148 = CARTESIAN_POINT ( 'NONE',  ( -0.01000000000000000368, 0.02450000000000000441, 0.04250000000000001693 ) ) ;
#5150 = CARTESIAN_POINT ( 'NONE',  ( 0.0000000000000000000, 0.09900000000000000466, 0.0000000000000000000 ) ) ;
#5149 = LINE ( 'NONE', #296, #1261 ) ;
#5151 = VECTOR ( 'NONE', #6326, 39.37007874015748854 ) ;
#5152 = ORIENTED_EDGE ( 'NONE', *, *, #2526, .F. ) ;
#5153 = PLANE ( 'NONE',  #66 ) ;
#5154 = EDGE_CURVE ( 'NONE', #1048, #5222, #826, .T. ) ;
#5155 = ORIENTED_EDGE ( 'NONE', *, *, #4154, .T. ) ;
#5156 = STYLED_ITEM ( 'NONE', ( #5379 ), #5696 ) ;
#5157 = ORIENTED_EDGE ( 'NONE', *, *, #12, .F. ) ;
#5158 = EDGE_CURVE ( 'NONE', #6205, #1856, #2039, .T. ) ;
#5159 = VECTOR ( 'NONE', #1082, 39.37007874015748143 ) ;
#5160 = VECTOR ( 'NONE', #4047, 39.37007874015748143 ) ;
#5161 = EDGE_CURVE ( 'NONE', #5878, #1475, #5543, .T. ) ;
#5162 = ORIENTED_EDGE ( 'NONE', *, *, #5242, .T. ) ;
#5163 = ORIENTED_EDGE ( 'NONE', *, *, #4527, .F. ) ;
#5164 = CARTESIAN_POINT ( 'NONE',  ( 0.04199999999999998873, 0.2190000000000000002, -0.03300000000000000155 ) ) ;
#5165 = EDGE_CURVE ( 'NONE', #2760, #2554, #4132, .T. ) ;
#5166 = VECTOR ( 'NONE', #4732, 39.37007874015748143 ) ;
#5167 = VECTOR ( 'NONE', #2265, 39.37007874015748143 ) ;
#5168 = AXIS2_PLACEMENT_3D ( 'NONE', #5662, #5724, #3757 ) ;
#5169 =( NAMED_UNIT ( * ) SI_UNIT ( $, .STERADIAN. ) SOLID_ANGLE_UNIT ( ) );
#5170 = CARTESIAN_POINT ( 'NONE',  ( -0.1000000000000000056, 0.2190000000000000002, -0.02277350269189626700 ) ) ;
#5171 = DIMENSIONAL_EXPONENTS ( 1.000000000000000000, 0.0000000000000000000, 0.0000000000000000000, 0.0000000000000000000, 0.0000000000000000000, 0.0000000000000000000, 0.0000000000000000000 ) ;
#5172 = SURFACE_STYLE_FILL_AREA ( #2863 ) ;
#5173 = LINE ( 'NONE', #549, #6153 ) ;
#5174 = LINE ( 'NONE', #5947, #3188 ) ;
#5175 = DIRECTION ( 'NONE',  ( 1.000000000000000000, -0.0000000000000000000, 0.0000000000000000000 ) ) ;
#5176 = PRESENTATION_STYLE_ASSIGNMENT (( #4592 ) ) ;
#5177 = CARTESIAN_POINT ( 'NONE',  ( -0.04200000000000002343, 0.2089999999999999358, 0.01700000000000000122 ) ) ;
#5178 = ADVANCED_FACE ( 'NONE', ( #6156 ), #2438, .F. ) ;
#5179 = DIRECTION ( 'NONE',  ( -1.000000000000000000, 0.0000000000000000000, 5.691349986800548372E-17 ) ) ;
#5180 =( LENGTH_UNIT ( ) NAMED_UNIT ( * ) SI_UNIT ( $, .METRE. ) );
#5181 = DIRECTION ( 'NONE',  ( 0.4472135954999566509, -0.7745966692414848476, 0.4472135954999566509 ) ) ;
#5182 = VECTOR ( 'NONE', #784, 39.37007874015748143 ) ;
#5183 = DIRECTION ( 'NONE',  ( -0.0000000000000000000, -0.0000000000000000000, -1.000000000000000000 ) ) ;
#5184 = DIRECTION ( 'NONE',  ( 0.0000000000000000000, 0.0000000000000000000, 1.000000000000000000 ) ) ;
#5185 = LINE ( 'NONE', #6090, #467 ) ;
#5186 = CARTESIAN_POINT ( 'NONE',  ( 0.04000000000000000083, 0.02450000000000000441, 0.01580951894845298786 ) ) ;
#5187 = AXIS2_PLACEMENT_3D ( 'NONE', #4986, #1017, #2502 ) ;
#5188 =( NAMED_UNIT ( * ) SI_UNIT ( $, .STERADIAN. ) SOLID_ANGLE_UNIT ( ) );
#5189 = EDGE_CURVE ( 'NONE', #2143, #2402, #4428, .T. ) ;
#5190 = DIRECTION ( 'NONE',  ( 0.0000000000000000000, 0.0000000000000000000, -1.000000000000000000 ) ) ;
#5191 = PLANE ( 'NONE',  #5168 ) ;
#5192 = EDGE_CURVE ( 'NONE', #1564, #1625, #6238, .T. ) ;
#5193 = VERTEX_POINT ( 'NONE', #3971 ) ;
#5194 = VECTOR ( 'NONE', #4381, 39.37007874015748143 ) ;
#5195 = FILL_AREA_STYLE_COLOUR ( '', #1706 ) ;
#5196 = CARTESIAN_POINT ( 'NONE',  ( 0.007999999999999981085, 0.2190000000000000002, -0.03300000000000000155 ) ) ;
#5197 = EDGE_LOOP ( 'NONE', ( #4933, #399, #2218, #6099, #476, #1932, #4545 ) ) ;
#5198 = CARTESIAN_POINT ( 'NONE',  ( -0.01250000000000001978, 0.02450000000000000441, 0.06749999999999997669 ) ) ;
#5199 = ORIENTED_EDGE ( 'NONE', *, *, #3275, .T. ) ;
#5200 = DIRECTION ( 'NONE',  ( -0.0000000000000000000, 1.000000000000000000, -0.0000000000000000000 ) ) ;
#5201 = EDGE_CURVE ( 'NONE', #3968, #4568, #3668, .T. ) ;
#5202 = EDGE_LOOP ( 'NONE', ( #4386, #2157, #731, #41 ) ) ;
#5203 = ADVANCED_FACE ( 'NONE', ( #682 ), #529, .F. ) ;
#5204 = VECTOR ( 'NONE', #3231, 39.37007874015748143 ) ;
#5205 = PLANE ( 'NONE',  #4600 ) ;
#5206 =( LENGTH_UNIT ( ) NAMED_UNIT ( * ) SI_UNIT ( $, .METRE. ) );
#5207 = DIRECTION ( 'NONE',  ( 0.0000000000000000000, -0.4999999999999980016, -0.8660254037844398178 ) ) ;
#5208 = ORIENTED_EDGE ( 'NONE', *, *, #2949, .T. ) ;
#5209 = ORIENTED_EDGE ( 'NONE', *, *, #1353, .F. ) ;
#5210 = ORIENTED_EDGE ( 'NONE', *, *, #5433, .F. ) ;
#5211 = CARTESIAN_POINT ( 'NONE',  ( -0.008000000000000015779, 0.09900000000000000466, -0.03300000000000000155 ) ) ;
#5212 = CARTESIAN_POINT ( 'NONE',  ( 0.04199999999999998873, -0.2026274169979695450, -0.03300000000000000155 ) ) ;
#5213 = ORIENTED_EDGE ( 'NONE', *, *, #6044, .T. ) ;
#5214 = ORIENTED_EDGE ( 'NONE', *, *, #4477, .T. ) ;
#5215 = ORIENTED_EDGE ( 'NONE', *, *, #2452, .T. ) ;
#5216 = PLANE ( 'NONE',  #532 ) ;
#5217 = ORIENTED_EDGE ( 'NONE', *, *, #16, .T. ) ;
#5218 = CARTESIAN_POINT ( 'NONE',  ( -0.05800000000000001682, -0.08999999999999999667, -0.03300000000000000155 ) ) ;
#5219 = PRESENTATION_STYLE_ASSIGNMENT (( #903 ) ) ;
#5220 = ORIENTED_EDGE ( 'NONE', *, *, #54, .T. ) ;
#5221 = VECTOR ( 'NONE', #1665, 39.37007874015747433 ) ;
#5222 = VERTEX_POINT ( 'NONE', #985 ) ;
#5223 = ORIENTED_EDGE ( 'NONE', *, *, #4561, .T. ) ;
#5224 = EDGE_LOOP ( 'NONE', ( #3886, #5664, #1331, #2779 ) ) ;
#5225 = DIRECTION ( 'NONE',  ( 0.0000000000000000000, 0.0000000000000000000, -1.000000000000000000 ) ) ;
#5226 = PRESENTATION_LAYER_ASSIGNMENT (  '', '', ( #3479 ) ) ;
#5227 = DIRECTION ( 'NONE',  ( 0.9659258262890682012, 0.0000000000000000000, -0.2588190451025213501 ) ) ;
#5228 = EDGE_LOOP ( 'NONE', ( #1574, #734, #4869, #1415 ) ) ;
#5229 = ORIENTED_EDGE ( 'NONE', *, *, #2088, .T. ) ;
#5230 = DIRECTION ( 'NONE',  ( -0.0000000000000000000, 1.000000000000000000, -0.0000000000000000000 ) ) ;
#5231 = ORIENTED_EDGE ( 'NONE', *, *, #1886, .T. ) ;
#5232 = CARTESIAN_POINT ( 'NONE',  ( 0.007999999999999981085, 0.0000000000000000000, 0.01700000000000000122 ) ) ;
#5233 = CARTESIAN_POINT ( 'NONE',  ( -0.05000000000000000278, 0.09900000000000000466, 0.0000000000000000000 ) ) ;
#5234 = COLOUR_RGB ( '',0.7921568627450980005, 0.8196078431372548767, 0.9333333333333333481 ) ;
#5235 = DIRECTION ( 'NONE',  ( 0.0000000000000000000, 0.0000000000000000000, 1.000000000000000000 ) ) ;
#5236 = VECTOR ( 'NONE', #3896, 39.37007874015748143 ) ;
#5237 = EDGE_CURVE ( 'NONE', #843, #5532, #3430, .T. ) ;
#5238 = LINE ( 'NONE', #3911, #4262 ) ;
#5239 = PRODUCT_RELATED_PRODUCT_CATEGORY ( 'part', '', ( #927 ) ) ;
#5240 = ADVANCED_FACE ( 'NONE', ( #1518 ), #2487, .F. ) ;
#5241 = EDGE_LOOP ( 'NONE', ( #4315, #1770, #4040, #2079, #1722, #3944, #3398, #5366 ) ) ;
#5242 = EDGE_CURVE ( 'NONE', #2397, #5029, #2124, .T. ) ;
#5243 = AXIS2_PLACEMENT_3D ( 'NONE', #6249, #2348, #2300 ) ;
#5244 = VECTOR ( 'NONE', #3541, 39.37007874015748143 ) ;
#5245 = DIRECTION ( 'NONE',  ( 0.0000000000000000000, 0.0000000000000000000, 1.000000000000000000 ) ) ;
#5246 = EDGE_CURVE ( 'NONE', #4928, #2716, #5924, .T. ) ;
#5247 = VECTOR ( 'NONE', #3917, 39.37007874015748854 ) ;
#5248 = LINE ( 'NONE', #5022, #1363 ) ;
#5249 = DIRECTION ( 'NONE',  ( -0.0000000000000000000, -1.000000000000000000, -0.0000000000000000000 ) ) ;
#5250 = LINE ( 'NONE', #3690, #3985 ) ;
#5251 = CARTESIAN_POINT ( 'NONE',  ( -0.04200000000000002343, 0.09900000000000000466, 0.01700000000000000122 ) ) ;
#5252 = CARTESIAN_POINT ( 'NONE',  ( -0.04000000000000000083, 0.02450000000000000441, -0.05749999999999998168 ) ) ;
#5253 = VECTOR ( 'NONE', #5111, 39.37007874015748143 ) ;
#5254 = PLANE ( 'NONE',  #1355 ) ;
#5255 = CARTESIAN_POINT ( 'NONE',  ( -0.1000000000000000056, 0.2190000000000000002, 0.0000000000000000000 ) ) ;
#5256 = DIRECTION ( 'NONE',  ( 0.0000000000000000000, 1.000000000000000000, -0.0000000000000000000 ) ) ;
#5257 = VECTOR ( 'NONE', #3003, 39.37007874015748143 ) ;
#5258 = FACE_OUTER_BOUND ( 'NONE', #4623, .T. ) ;
#5259 = CARTESIAN_POINT ( 'NONE',  ( -0.008000000000000015779, 0.09900000000000000466, 0.01700000000000000122 ) ) ;
#5260 = DIRECTION ( 'NONE',  ( -0.0000000000000000000, -1.000000000000000000, -0.0000000000000000000 ) ) ;
#5261 = ORIENTED_EDGE ( 'NONE', *, *, #4815, .F. ) ;
#5262 = SURFACE_STYLE_USAGE ( .BOTH. , #456 ) ;
#5263 = VECTOR ( 'NONE', #783, 39.37007874015748143 ) ;
#5264 = CARTESIAN_POINT ( 'NONE',  ( 0.007999999999999981085, 0.0000000000000000000, 0.03300000000000000155 ) ) ;
#5265 = ADVANCED_FACE ( 'NONE', ( #3982 ), #4493, .T. ) ;
#5266 = UNCERTAINTY_MEASURE_WITH_UNIT (LENGTH_MEASURE( 1.000000000000000082E-05 ), #4268, 'distance_accuracy_value', 'NONE');
#5267 = DIRECTION ( 'NONE',  ( 0.2588190451025213501, 0.0000000000000000000, -0.9659258262890682012 ) ) ;
#5268 = EDGE_CURVE ( 'NONE', #5299, #4266, #5689, .T. ) ;
#5269 = DIRECTION ( 'NONE',  ( 5.691349986800548372E-17, -0.0000000000000000000, 1.000000000000000000 ) ) ;
#5270 = VERTEX_POINT ( 'NONE', #5354 ) ;
#5271 = FACE_OUTER_BOUND ( 'NONE', #6055, .T. ) ;
#5272 =( NAMED_UNIT ( * ) SI_UNIT ( $, .STERADIAN. ) SOLID_ANGLE_UNIT ( ) );
#5273 = AXIS2_PLACEMENT_3D ( 'NONE', #5387, #1458, #972 ) ;
#5274 = EDGE_CURVE ( 'NONE', #1264, #3921, #4269, .T. ) ;
#5275 = ORIENTED_EDGE ( 'NONE', *, *, #5526, .F. ) ;
#5276 = VECTOR ( 'NONE', #5635, 39.37007874015748143 ) ;
#5277 =( NAMED_UNIT ( * ) SI_UNIT ( $, .STERADIAN. ) SOLID_ANGLE_UNIT ( ) );
#5278 = CARTESIAN_POINT ( 'NONE',  ( -0.04200000000000002343, 0.2089999999999999358, -0.01700000000000000122 ) ) ;
#5279 = DIRECTION ( 'NONE',  ( 0.0000000000000000000, 1.000000000000000000, 0.0000000000000000000 ) ) ;
#5280 = ORIENTED_EDGE ( 'NONE', *, *, #5391, .T. ) ;
#5281 = VECTOR ( 'NONE', #823, 39.37007874015748143 ) ;
#5282 = DIRECTION ( 'NONE',  ( 0.0000000000000000000, 0.0000000000000000000, -1.000000000000000000 ) ) ;
#5283 = ORIENTED_EDGE ( 'NONE', *, *, #4156, .T. ) ;
#5284 = ORIENTED_EDGE ( 'NONE', *, *, #1318, .F. ) ;
#5285 = DIRECTION ( 'NONE',  ( 1.000000000000000000, 0.0000000000000000000, 0.0000000000000000000 ) ) ;
#5286 = ORIENTED_EDGE ( 'NONE', *, *, #4365, .T. ) ;
#5287 = DIMENSIONAL_EXPONENTS ( 1.000000000000000000, 0.0000000000000000000, 0.0000000000000000000, 0.0000000000000000000, 0.0000000000000000000, 0.0000000000000000000, 0.0000000000000000000 ) ;
#5288 = DIRECTION ( 'NONE',  ( 0.2588190451025213501, 0.0000000000000000000, 0.9659258262890682012 ) ) ;
#5289 = EDGE_LOOP ( 'NONE', ( #30, #2535, #873, #507 ) ) ;
#5290 =( CONVERSION_BASED_UNIT ( 'INCH', #100 ) LENGTH_UNIT ( ) NAMED_UNIT ( #2158 ) );
#5291 = ORIENTED_EDGE ( 'NONE', *, *, #3831, .F. ) ;
#5292 = PLANE ( 'NONE',  #384 ) ;
#5293 = VERTEX_POINT ( 'NONE', #1594 ) ;
#5294 = VERTEX_POINT ( 'NONE', #2568 ) ;
#5295 = ADVANCED_FACE ( 'NONE', ( #2177 ), #1614, .F. ) ;
#5296 = SURFACE_STYLE_FILL_AREA ( #6315 ) ;
#5297 = LINE ( 'NONE', #5593, #5979 ) ;
#5298 = LINE ( 'NONE', #4895, #5151 ) ;
#5299 = VERTEX_POINT ( 'NONE', #597 ) ;
#5300 = CARTESIAN_POINT ( 'NONE',  ( -0.008000000000000015779, 0.2190000000000000002, 0.03300000000000000155 ) ) ;
#5301 = EDGE_LOOP ( 'NONE', ( #5362, #1581, #5824, #6112 ) ) ;
#5302 = CARTESIAN_POINT ( 'NONE',  ( 0.04199999999999998873, -0.2026274169979695450, 0.03300000000000000155 ) ) ;
#5303 = ORIENTED_EDGE ( 'NONE', *, *, #5663, .F. ) ;
#5304 = CARTESIAN_POINT ( 'NONE',  ( 0.07499999999999999722, 0.09900000000000000466, -0.06750000000000003220 ) ) ;
#5305 = UNCERTAINTY_MEASURE_WITH_UNIT (LENGTH_MEASURE( 1.000000000000000082E-05 ), #3442, 'distance_accuracy_value', 'NONE');
#5306 = VECTOR ( 'NONE', #3514, 39.37007874015748143 ) ;
#5307 = DIRECTION ( 'NONE',  ( 0.0000000000000000000, 0.0000000000000000000, -1.000000000000000000 ) ) ;
#5308 = AXIS2_PLACEMENT_3D ( 'NONE', #5535, #5070, #4662 ) ;
#5309 = ORIENTED_EDGE ( 'NONE', *, *, #2959, .F. ) ;
#5310 = LINE ( 'NONE', #798, #3419 ) ;
#5311 = EDGE_CURVE ( 'NONE', #1489, #4309, #2850, .T. ) ;
#5312 = CARTESIAN_POINT ( 'NONE',  ( 0.007999999999999981085, 0.09900000000000000466, -0.03300000000000000155 ) ) ;
#5313 = PRESENTATION_STYLE_ASSIGNMENT (( #4271 ) ) ;
#5314 = CARTESIAN_POINT ( 'NONE',  ( -0.07500000000000002498, 0.09900000000000000466, -0.06750000000000001832 ) ) ;
#5315 = CARTESIAN_POINT ( 'NONE',  ( -0.1000000000000000056, 0.09900000000000000466, 0.0000000000000000000 ) ) ;
#5316 = EDGE_CURVE ( 'NONE', #6276, #5294, #3588, .T. ) ;
#5317 = SURFACE_STYLE_FILL_AREA ( #6097 ) ;
#5318 = VECTOR ( 'NONE', #2596, 39.37007874015748143 ) ;
#5319 = CARTESIAN_POINT ( 'NONE',  ( -0.07500000000000002498, 0.07449999999999999678, 0.04749999999999998668 ) ) ;
#5320 = FILL_AREA_STYLE_COLOUR ( '', #683 ) ;
#5321 = PRESENTATION_LAYER_ASSIGNMENT (  '', '', ( #5967 ) ) ;
#5322 = FILL_AREA_STYLE_COLOUR ( '', #6301 ) ;
#5323 = FILL_AREA_STYLE ('',( #1906 ) ) ;
#5324 = EDGE_CURVE ( 'NONE', #1671, #2605, #5538, .T. ) ;
#5325 = FACE_OUTER_BOUND ( 'NONE', #5943, .T. ) ;
#5326 = CARTESIAN_POINT ( 'NONE',  ( 0.007999999999999981085, -0.2026274169979695450, 0.03300000000000000155 ) ) ;
#5327 = ADVANCED_FACE ( 'NONE', ( #4332 ), #3564, .F. ) ;
#5328 = CARTESIAN_POINT ( 'NONE',  ( 0.007999999999999981085, 0.0000000000000000000, -0.01700000000000000122 ) ) ;
#5329 =( NAMED_UNIT ( * ) SI_UNIT ( $, .STERADIAN. ) SOLID_ANGLE_UNIT ( ) );
#5330 = FACE_OUTER_BOUND ( 'NONE', #6219, .T. ) ;
#5331 = CARTESIAN_POINT ( 'NONE',  ( -0.05222649730810375451, 0.2190000000000000002, -0.02722649730810373578 ) ) ;
#5332 = CARTESIAN_POINT ( 'NONE',  ( -0.01000000000000000368, 0.02450000000000000441, -0.04250000000000001693 ) ) ;
#5333 = FACE_OUTER_BOUND ( 'NONE', #1265, .T. ) ;
#5334 = CARTESIAN_POINT ( 'NONE',  ( -0.04000000000000000083, 0.02450000000000000441, -0.04250000000000001693 ) ) ;
#5335 = DIRECTION ( 'NONE',  ( -1.000000000000000000, 0.0000000000000000000, 0.0000000000000000000 ) ) ;
#5336 = VERTEX_POINT ( 'NONE', #5946 ) ;
#5337 = DIRECTION ( 'NONE',  ( -0.0000000000000000000, 1.000000000000000000, -0.0000000000000000000 ) ) ;
#5338 = ORIENTED_EDGE ( 'NONE', *, *, #907, .F. ) ;
#5339 = LENGTH_MEASURE_WITH_UNIT ( LENGTH_MEASURE( 0.02539999999999999897 ), #3730 );
#5340 = EDGE_CURVE ( 'NONE', #646, #33, #3558, .T. ) ;
#5341 = EDGE_LOOP ( 'NONE', ( #4489, #5283, #2536, #2447 ) ) ;
#5342 = EDGE_CURVE ( 'NONE', #1320, #1107, #119, .T. ) ;
#5343 = AXIS2_PLACEMENT_3D ( 'NONE', #4833, #1895, #2405 ) ;
#5344 = LENGTH_MEASURE_WITH_UNIT ( LENGTH_MEASURE( 0.02539999999999999897 ), #1100 );
#5345 = DIRECTION ( 'NONE',  ( -1.000000000000000000, 0.0000000000000000000, -0.0000000000000000000 ) ) ;
#5346 = SURFACE_STYLE_USAGE ( .BOTH. , #913 ) ;
#5347 = EDGE_CURVE ( 'NONE', #1564, #6046, #2572, .T. ) ;
#5348 = AXIS2_PLACEMENT_3D ( 'NONE', #2667, #4165, #1677 ) ;
#5349 = ADVANCED_FACE ( 'NONE', ( #73 ), #1103, .T. ) ;
#5350 = EDGE_CURVE ( 'NONE', #3700, #3928, #3669, .T. ) ;
#5351 = ORIENTED_EDGE ( 'NONE', *, *, #2982, .F. ) ;
#5352 = ORIENTED_EDGE ( 'NONE', *, *, #1641, .T. ) ;
#5353 = EDGE_LOOP ( 'NONE', ( #6103, #2226, #4391, #3460 ) ) ;
#5354 = CARTESIAN_POINT ( 'NONE',  ( 0.04777350269189625798, 0.2190000000000000002, 0.02722649730810373578 ) ) ;
#5355 = DIRECTION ( 'NONE',  ( 0.4472135954999566509, 0.7745966692414848476, -0.4472135954999566509 ) ) ;
#5356 = SURFACE_SIDE_STYLE ('',( #4860 ) ) ;
#5357 = AXIS2_PLACEMENT_3D ( 'NONE', #5315, #3381, #3410 ) ;
#5358 = VECTOR ( 'NONE', #2587, 39.37007874015748143 ) ;
#5359 = ORIENTED_EDGE ( 'NONE', *, *, #333, .T. ) ;
#5360 = ORIENTED_EDGE ( 'NONE', *, *, #4044, .F. ) ;
#5361 = ORIENTED_EDGE ( 'NONE', *, *, #2134, .F. ) ;
#5362 = ORIENTED_EDGE ( 'NONE', *, *, #3494, .F. ) ;
#5363 =( NAMED_UNIT ( * ) SI_UNIT ( $, .STERADIAN. ) SOLID_ANGLE_UNIT ( ) );
#5364 = DIRECTION ( 'NONE',  ( 0.9659258262890682012, 0.0000000000000000000, 0.2588190451025213501 ) ) ;
#5365 = VECTOR ( 'NONE', #4911, 39.37007874015748143 ) ;
#5366 = ORIENTED_EDGE ( 'NONE', *, *, #4669, .T. ) ;
#5367 = ORIENTED_EDGE ( 'NONE', *, *, #1734, .F. ) ;
#5368 = FILL_AREA_STYLE_COLOUR ( '', #3249 ) ;
#5369 = VERTEX_POINT ( 'NONE', #3181 ) ;
#5370 = DIRECTION ( 'NONE',  ( -0.0000000000000000000, 1.000000000000000000, -0.0000000000000000000 ) ) ;
#5371 = VECTOR ( 'NONE', #4649, 39.37007874015748143 ) ;
#5372 =( NAMED_UNIT ( * ) PLANE_ANGLE_UNIT ( ) SI_UNIT ( $, .RADIAN. ) );
#5373 = LINE ( 'NONE', #4922, #5528 ) ;
#5374 = LINE ( 'NONE', #1585, #4253 ) ;
#5375 = ORIENTED_EDGE ( 'NONE', *, *, #836, .F. ) ;
#5376 = VERTEX_POINT ( 'NONE', #5548 ) ;
#5377 = EDGE_LOOP ( 'NONE', ( #652, #3060, #1490, #5352, #950, #1134, #3950 ) ) ;
#5378 = LENGTH_MEASURE_WITH_UNIT ( LENGTH_MEASURE( 0.02539999999999999897 ), #2562 );
#5379 = PRESENTATION_STYLE_ASSIGNMENT (( #3826 ) ) ;
#5380 = PLANE ( 'NONE',  #5587 ) ;
#5381 = DIRECTION ( 'NONE',  ( -0.2588190451025213501, 0.0000000000000000000, -0.9659258262890679791 ) ) ;
#5382 = CARTESIAN_POINT ( 'NONE',  ( -0.01249999999999999549, 0.09900000000000000466, 0.06750000000000001832 ) ) ;
#5383 = ORIENTED_EDGE ( 'NONE', *, *, #1613, .T. ) ;
#5384 = LINE ( 'NONE', #1800, #981 ) ;
#5385 = VECTOR ( 'NONE', #3132, 39.37007874015748143 ) ;
#5386 = EDGE_CURVE ( 'NONE', #3705, #2089, #2794, .T. ) ;
#5387 = CARTESIAN_POINT ( 'NONE',  ( -0.008000000000000015779, 0.0000000000000000000, 0.03300000000000000155 ) ) ;
#5388 = ADVANCED_FACE ( 'NONE', ( #1888 ), #611, .F. ) ;
#5389 = AXIS2_PLACEMENT_3D ( 'NONE', #2541, #2075, #1106 ) ;
#5390 =( GEOMETRIC_REPRESENTATION_CONTEXT ( 3 ) GLOBAL_UNCERTAINTY_ASSIGNED_CONTEXT ( ( #4660 ) ) GLOBAL_UNIT_ASSIGNED_CONTEXT ( ( #1219, #1623, #2183 ) ) REPRESENTATION_CONTEXT ( 'NONE', 'WORKASPACE' ) );
#5391 = EDGE_CURVE ( 'NONE', #4256, #3953, #4347, .T. ) ;
#5392 = CARTESIAN_POINT ( 'NONE',  ( -0.04000000000000000083, 0.02450000000000000441, 0.04250000000000001693 ) ) ;
#5393 = VECTOR ( 'NONE', #1469, 39.37007874015748143 ) ;
#5394 = ORIENTED_EDGE ( 'NONE', *, *, #780, .T. ) ;
#5395 = LENGTH_MEASURE_WITH_UNIT ( LENGTH_MEASURE( 0.02539999999999999897 ), #4088 );
#5396 = CARTESIAN_POINT ( 'NONE',  ( 0.04199999999999998873, 0.2089999999999999358, -0.03300000000000000155 ) ) ;
#5397 = VECTOR ( 'NONE', #1144, 39.37007874015748143 ) ;
#5398 = CARTESIAN_POINT ( 'NONE',  ( -0.05000000000000000278, 0.09900000000000000466, 0.0000000000000000000 ) ) ;
#5399 = CARTESIAN_POINT ( 'NONE',  ( -0.1000000000000000056, 0.2190000000000000002, 0.0000000000000000000 ) ) ;
#5400 = FACE_OUTER_BOUND ( 'NONE', #5079, .T. ) ;
#5401 =( NAMED_UNIT ( * ) PLANE_ANGLE_UNIT ( ) SI_UNIT ( $, .RADIAN. ) );
#5402 = CARTESIAN_POINT ( 'NONE',  ( -0.01000000000000002102, 0.02449999999999998707, -0.05749999999999998168 ) ) ;
#5403 = CARTESIAN_POINT ( 'NONE',  ( 0.01250000000000000243, 0.0000000000000000000, -0.06750000000000001832 ) ) ;
#5404 = EDGE_CURVE ( 'NONE', #2151, #2484, #2264, .T. ) ;
#5405 = DIRECTION ( 'NONE',  ( -1.000000000000000000, 0.0000000000000000000, 0.0000000000000000000 ) ) ;
#5406 = VECTOR ( 'NONE', #5486, 39.37007874015748143 ) ;
#5407 = CARTESIAN_POINT ( 'NONE',  ( -0.04200000000000002343, 0.09900000000000000466, -0.03300000000000000155 ) ) ;
#5408 = ORIENTED_EDGE ( 'NONE', *, *, #6117, .T. ) ;
#5409 = VECTOR ( 'NONE', #2849, 39.37007874015748143 ) ;
#5410 = PLANE ( 'NONE',  #4199 ) ;
#5411 = DIRECTION ( 'NONE',  ( -0.0000000000000000000, -1.000000000000000000, 0.0000000000000000000 ) ) ;
#5412 = PLANE ( 'NONE',  #2427 ) ;
#5413 = EDGE_LOOP ( 'NONE', ( #5100, #1181, #4411, #2031 ) ) ;
#5414 = ADVANCED_FACE ( 'NONE', ( #5615 ), #1178, .F. ) ;
#5415 = EDGE_LOOP ( 'NONE', ( #418, #5895, #6208, #6072 ) ) ;
#5416 = LINE ( 'NONE', #5698, #310 ) ;
#5417 = CARTESIAN_POINT ( 'NONE',  ( -0.05000000000000000278, 0.2190000000000000002, -0.02277350269189626700 ) ) ;
#5418 = CARTESIAN_POINT ( 'NONE',  ( -0.008000000000000015779, 0.09900000000000000466, -0.03300000000000000155 ) ) ;
#5419 = PLANE ( 'NONE',  #2585 ) ;
#5420 = DIRECTION ( 'NONE',  ( -1.000000000000000000, -1.707404996040164758E-16, 0.0000000000000000000 ) ) ;
#5421 = ORIENTED_EDGE ( 'NONE', *, *, #1968, .T. ) ;
#5422 =( GEOMETRIC_REPRESENTATION_CONTEXT ( 3 ) GLOBAL_UNCERTAINTY_ASSIGNED_CONTEXT ( ( #2364 ) ) GLOBAL_UNIT_ASSIGNED_CONTEXT ( ( #867, #1841, #5277 ) ) REPRESENTATION_CONTEXT ( 'NONE', 'WORKASPACE' ) );
#5423 = LINE ( 'NONE', #926, #2456 ) ;
#5424 = EDGE_CURVE ( 'NONE', #1636, #5293, #144, .T. ) ;
#5425 = DIRECTION ( 'NONE',  ( -1.000000000000000000, -0.0000000000000000000, -0.0000000000000000000 ) ) ;
#5426 = DIRECTION ( 'NONE',  ( 0.0000000000000000000, -1.000000000000000000, 0.0000000000000000000 ) ) ;
#5427 = ORIENTED_EDGE ( 'NONE', *, *, #5404, .T. ) ;
#5428 = LINE ( 'NONE', #2353, #3151 ) ;
#5429 = EDGE_CURVE ( 'NONE', #3874, #1341, #2646, .T. ) ;
#5430 = DIRECTION ( 'NONE',  ( -0.2588190451025213501, 0.0000000000000000000, -0.9659258262890679791 ) ) ;
#5431 = AXIS2_PLACEMENT_3D ( 'NONE', #1375, #905, #4793 ) ;
#5432 = CARTESIAN_POINT ( 'NONE',  ( -0.04200000000000002343, 0.0000000000000000000, -0.03300000000000000155 ) ) ;
#5433 = EDGE_CURVE ( 'NONE', #483, #1093, #5248, .T. ) ;
#5435 = DIRECTION ( 'NONE',  ( -0.2588190451025214611, -0.0000000000000000000, 0.9659258262890679791 ) ) ;
#5434 = CARTESIAN_POINT ( 'NONE',  ( -0.05000000000000000278, 0.09900000000000000466, 0.0000000000000000000 ) ) ;
#5436 = ORIENTED_EDGE ( 'NONE', *, *, #3154, .T. ) ;
#5437 = ORIENTED_EDGE ( 'NONE', *, *, #3695, .F. ) ;
#5438 = ORIENTED_EDGE ( 'NONE', *, *, #617, .T. ) ;
#5439 = CARTESIAN_POINT ( 'NONE',  ( -0.01249999999999999549, 0.0000000000000000000, 0.06750000000000001832 ) ) ;
#5440 = EDGE_CURVE ( 'NONE', #942, #793, #6079, .T. ) ;
#5441 = ORIENTED_EDGE ( 'NONE', *, *, #2509, .F. ) ;
#5442 = LINE ( 'NONE', #4691, #6277 ) ;
#5443 = ORIENTED_EDGE ( 'NONE', *, *, #4636, .T. ) ;
#5444 = CARTESIAN_POINT ( 'NONE',  ( 0.03750000000000001249, 0.0000000000000000000, 0.06750000000000001832 ) ) ;
#5445 = ORIENTED_EDGE ( 'NONE', *, *, #779, .F. ) ;
#5446 = DIRECTION ( 'NONE',  ( 0.2588190451025213501, 0.0000000000000000000, 0.9659258262890682012 ) ) ;
#5447 = ORIENTED_EDGE ( 'NONE', *, *, #1556, .T. ) ;
#5448 =( LENGTH_UNIT ( ) NAMED_UNIT ( * ) SI_UNIT ( $, .METRE. ) );
#5449 = LINE ( 'NONE', #1996, #732 ) ;
#5450 = ORIENTED_EDGE ( 'NONE', *, *, #5316, .T. ) ;
#5451 = CARTESIAN_POINT ( 'NONE',  ( 0.07499999999999999722, 0.09900000000000000466, 0.06749999999999999056 ) ) ;
#5452 = ORIENTED_EDGE ( 'NONE', *, *, #2736, .F. ) ;
#5453 = CARTESIAN_POINT ( 'NONE',  ( 0.0000000000000000000, 0.2190000000000000002, 0.0000000000000000000 ) ) ;
#5454 = ADVANCED_FACE ( 'NONE', ( #3581 ), #2631, .F. ) ;
#5455 = ORIENTED_EDGE ( 'NONE', *, *, #1125, .F. ) ;
#5456 = LINE ( 'NONE', #591, #5160 ) ;
#5457 = CARTESIAN_POINT ( 'NONE',  ( -0.04200000000000002343, 0.2190000000000000002, -0.01700000000000000122 ) ) ;
#5458 = CARTESIAN_POINT ( 'NONE',  ( 0.04199999999999998873, 0.09900000000000000466, 0.03300000000000000155 ) ) ;
#5459 = ORIENTED_EDGE ( 'NONE', *, *, #914, .T. ) ;
#5460 = UNCERTAINTY_MEASURE_WITH_UNIT (LENGTH_MEASURE( 1.000000000000000082E-05 ), #5494, 'distance_accuracy_value', 'NONE');
#5461 = DIRECTION ( 'NONE',  ( 0.0000000000000000000, 0.0000000000000000000, -1.000000000000000000 ) ) ;
#5462 = LINE ( 'NONE', #2824, #4575 ) ;
#5463 = LINE ( 'NONE', #4222, #4196 ) ;
#5464 = CARTESIAN_POINT ( 'NONE',  ( -0.03749999999999999861, 0.02450000000000000441, 0.06750000000000001832 ) ) ;
#5465 = CARTESIAN_POINT ( 'NONE',  ( 0.04000000000000000083, 0.02450000000000000441, -0.01580951894845298786 ) ) ;
#5466 = DIRECTION ( 'NONE',  ( 1.000000000000000000, 0.0000000000000000000, 0.0000000000000000000 ) ) ;
#5467 = CARTESIAN_POINT ( 'NONE',  ( 0.04199999999999998873, -0.08999999999999999667, -0.01700000000000000122 ) ) ;
#5468 = LINE ( 'NONE', #5439, #2878 ) ;
#5469 = VECTOR ( 'NONE', #308, 39.37007874015748143 ) ;
#5470 = EDGE_CURVE ( 'NONE', #5146, #29, #4805, .T. ) ;
#5471 = ORIENTED_EDGE ( 'NONE', *, *, #333, .F. ) ;
#5472 = EDGE_CURVE ( 'NONE', #2391, #3700, #3818, .T. ) ;
#5473 =( GEOMETRIC_REPRESENTATION_CONTEXT ( 3 ) GLOBAL_UNCERTAINTY_ASSIGNED_CONTEXT ( ( #5266 ) ) GLOBAL_UNIT_ASSIGNED_CONTEXT ( ( #4268, #1352, #4857 ) ) REPRESENTATION_CONTEXT ( 'NONE', 'WORKASPACE' ) );
#5474 = EDGE_CURVE ( 'NONE', #6028, #4116, #2875, .T. ) ;
#5475 = DIRECTION ( 'NONE',  ( -0.0000000000000000000, 1.000000000000000000, -0.0000000000000000000 ) ) ;
#5476 = SURFACE_STYLE_USAGE ( .BOTH. , #3534 ) ;
#5477 = EDGE_CURVE ( 'NONE', #1402, #774, #4652, .T. ) ;
#5478 = VECTOR ( 'NONE', #765, 39.37007874015748143 ) ;
#5479 = DIMENSIONAL_EXPONENTS ( 1.000000000000000000, 0.0000000000000000000, 0.0000000000000000000, 0.0000000000000000000, 0.0000000000000000000, 0.0000000000000000000, 0.0000000000000000000 ) ;
#5480 = MECHANICAL_DESIGN_GEOMETRIC_PRESENTATION_REPRESENTATION (  '', ( #714 ), #2011 ) ;
#5481 = SURFACE_SIDE_STYLE ('',( #1284 ) ) ;
#5482 = DIRECTION ( 'NONE',  ( 1.000000000000000000, 0.0000000000000000000, 0.0000000000000000000 ) ) ;
#5483 = FILL_AREA_STYLE_COLOUR ( '', #5766 ) ;
#5484 = PLANE ( 'NONE',  #6018 ) ;
#5485 = FACE_OUTER_BOUND ( 'NONE', #3860, .T. ) ;
#5486 = DIRECTION ( 'NONE',  ( 1.000000000000000000, -0.0000000000000000000, -1.138269997360109674E-16 ) ) ;
#5487 = DIRECTION ( 'NONE',  ( 0.0000000000000000000, 0.0000000000000000000, -1.000000000000000000 ) ) ;
#5488 = ORIENTED_EDGE ( 'NONE', *, *, #4197, .F. ) ;
#5489 = FACE_OUTER_BOUND ( 'NONE', #771, .T. ) ;
#5490 = DIRECTION ( 'NONE',  ( 1.000000000000000000, 0.0000000000000000000, 0.0000000000000000000 ) ) ;
#5491 = DIRECTION ( 'NONE',  ( 0.0000000000000000000, -1.000000000000000000, 0.0000000000000000000 ) ) ;
#5492 = VERTEX_POINT ( 'NONE', #182 ) ;
#5494 =( CONVERSION_BASED_UNIT ( 'INCH', #6030 ) LENGTH_UNIT ( ) NAMED_UNIT ( #5093 ) );
#5493 = DIRECTION ( 'NONE',  ( 0.0000000000000000000, 0.0000000000000000000, -1.000000000000000000 ) ) ;
#5495 = EDGE_LOOP ( 'NONE', ( #5421, #1784, #4546, #3612 ) ) ;
#5496 = DIRECTION ( 'NONE',  ( -1.000000000000000000, 0.0000000000000000000, 5.691349986800548372E-17 ) ) ;
#5497 = DIRECTION ( 'NONE',  ( -0.0000000000000000000, 1.000000000000000000, -0.0000000000000000000 ) ) ;
#5498 = CARTESIAN_POINT ( 'NONE',  ( 0.04000000000000000083, 0.02450000000000000441, 0.04250000000000001693 ) ) ;
#5499 = DIRECTION ( 'NONE',  ( -1.138269997360109674E-16, 0.0000000000000000000, -1.000000000000000000 ) ) ;
#5500 = DIRECTION ( 'NONE',  ( -1.000000000000000000, 0.0000000000000000000, 0.0000000000000000000 ) ) ;
#5501 = ORIENTED_EDGE ( 'NONE', *, *, #3970, .T. ) ;
#5502 = VERTEX_POINT ( 'NONE', #3048 ) ;
#5503 = PRESENTATION_LAYER_ASSIGNMENT (  '', '', ( #4880 ) ) ;
#5504 = AXIS2_PLACEMENT_3D ( 'NONE', #5575, #1137, #3624 ) ;
#5505 = FACE_OUTER_BOUND ( 'NONE', #34, .T. ) ;
#5506 = ORIENTED_EDGE ( 'NONE', *, *, #3960, .F. ) ;
#5507 = EDGE_CURVE ( 'NONE', #1775, #3306, #5174, .T. ) ;
#5508 = CARTESIAN_POINT ( 'NONE',  ( -0.03080127018922191803, 0.09900000000000000466, -0.04250000000000001693 ) ) ;
#5509 = DIMENSIONAL_EXPONENTS ( 1.000000000000000000, 0.0000000000000000000, 0.0000000000000000000, 0.0000000000000000000, 0.0000000000000000000, 0.0000000000000000000, 0.0000000000000000000 ) ;
#5510 = ORIENTED_EDGE ( 'NONE', *, *, #3076, .F. ) ;
#5511 = FACE_OUTER_BOUND ( 'NONE', #2698, .T. ) ;
#5512 = ORIENTED_EDGE ( 'NONE', *, *, #1077, .F. ) ;
#5513 = VERTEX_POINT ( 'NONE', #5148 ) ;
#5514 = VERTEX_POINT ( 'NONE', #3540 ) ;
#5515 = CARTESIAN_POINT ( 'NONE',  ( 0.05799999999999998906, 0.09900000000000000466, -0.03300000000000000155 ) ) ;
#5516 = STYLED_ITEM ( 'NONE', ( #3054 ), #3108 ) ;
#5518 = CARTESIAN_POINT ( 'NONE',  ( 0.007999999999999981085, 0.09900000000000000466, -0.03300000000000000155 ) ) ;
#5517 =( NAMED_UNIT ( * ) SI_UNIT ( $, .STERADIAN. ) SOLID_ANGLE_UNIT ( ) );
#5519 = ADVANCED_FACE ( 'NONE', ( #1588 ), #2237, .T. ) ;
#5520 = FACE_OUTER_BOUND ( 'NONE', #1425, .T. ) ;
#5521 = ORIENTED_EDGE ( 'NONE', *, *, #3154, .F. ) ;
#5522 =( GEOMETRIC_REPRESENTATION_CONTEXT ( 3 ) GLOBAL_UNCERTAINTY_ASSIGNED_CONTEXT ( ( #2255 ) ) GLOBAL_UNIT_ASSIGNED_CONTEXT ( ( #542, #1042, #1546 ) ) REPRESENTATION_CONTEXT ( 'NONE', 'WORKASPACE' ) );
#5523 = ORIENTED_EDGE ( 'NONE', *, *, #4522, .T. ) ;
#5524 = ORIENTED_EDGE ( 'NONE', *, *, #6211, .T. ) ;
#5525 = PLANE ( 'NONE',  #4281 ) ;
#5526 = EDGE_CURVE ( 'NONE', #2689, #1909, #3500, .T. ) ;
#5527 = CARTESIAN_POINT ( 'NONE',  ( 0.007999999999999981085, 0.09900000000000000466, 0.03300000000000000155 ) ) ;
#5528 = VECTOR ( 'NONE', #1984, 39.37007874015748143 ) ;
#5529 = CARTESIAN_POINT ( 'NONE',  ( -0.05800000000000001682, -0.2026274169979695450, -0.01700000000000000122 ) ) ;
#5530 = ORIENTED_EDGE ( 'NONE', *, *, #181, .F. ) ;
#5531 = FILL_AREA_STYLE ('',( #4557 ) ) ;
#5532 = VERTEX_POINT ( 'NONE', #6057 ) ;
#5533 = ORIENTED_EDGE ( 'NONE', *, *, #1497, .F. ) ;
#5534 = LINE ( 'NONE', #4338, #2333 ) ;
#5535 = CARTESIAN_POINT ( 'NONE',  ( 0.05799999999999998906, -0.2026274169979695450, 0.03300000000000000155 ) ) ;
#5536 = LINE ( 'NONE', #443, #668 ) ;
#5537 = VERTEX_POINT ( 'NONE', #1198 ) ;
#5538 = LINE ( 'NONE', #3064, #6136 ) ;
#5539 = LENGTH_MEASURE_WITH_UNIT ( LENGTH_MEASURE( 0.02539999999999999897 ), #2933 );
#5540 = VECTOR ( 'NONE', #3169, 39.37007874015748143 ) ;
#5541 = VECTOR ( 'NONE', #4653, 39.37007874015748143 ) ;
#5542 = DIMENSIONAL_EXPONENTS ( 1.000000000000000000, 0.0000000000000000000, 0.0000000000000000000, 0.0000000000000000000, 0.0000000000000000000, 0.0000000000000000000, 0.0000000000000000000 ) ;
#5543 = LINE ( 'NONE', #6324, #4278 ) ;
#5544 = LINE ( 'NONE', #6307, #3589 ) ;
#5545 = CARTESIAN_POINT ( 'NONE',  ( 0.07499999999999999722, 0.07449999999999999678, 0.04749999999999998668 ) ) ;
#5546 = LINE ( 'NONE', #6083, #62 ) ;
#5547 = MECHANICAL_DESIGN_GEOMETRIC_PRESENTATION_REPRESENTATION (  '', ( #3479 ), #1827 ) ;
#5548 = CARTESIAN_POINT ( 'NONE',  ( -0.03080127018922191803, 0.09900000000000000466, 0.04250000000000001693 ) ) ;
#5549 = LINE ( 'NONE', #3635, #2967 ) ;
#5550 =( NAMED_UNIT ( * ) PLANE_ANGLE_UNIT ( ) SI_UNIT ( $, .RADIAN. ) );
#5551 =( NAMED_UNIT ( * ) PLANE_ANGLE_UNIT ( ) SI_UNIT ( $, .RADIAN. ) );
#5552 = LINE ( 'NONE', #5025, #4507 ) ;
#5553 = ADVANCED_FACE ( 'NONE', ( #3815 ), #4655, .F. ) ;
#5554 = EDGE_CURVE ( 'NONE', #29, #1867, #818, .T. ) ;
#5555 = DIRECTION ( 'NONE',  ( 0.0000000000000000000, -0.0000000000000000000, -1.000000000000000000 ) ) ;
#5556 = EDGE_CURVE ( 'NONE', #799, #556, #4647, .T. ) ;
#5557 = AXIS2_PLACEMENT_3D ( 'NONE', #975, #1878, #5285 ) ;
#5558 = LINE ( 'NONE', #4412, #6167 ) ;
#5559 = CARTESIAN_POINT ( 'NONE',  ( -0.05800000000000001682, -0.2026274169979695450, -0.01700000000000000122 ) ) ;
#5560 = CARTESIAN_POINT ( 'NONE',  ( 0.002226497308103713140, 0.2190000000000000002, -0.03300000000000000155 ) ) ;
#5561 = EDGE_CURVE ( 'NONE', #3227, #3314, #2495, .T. ) ;
#5562 = ORIENTED_EDGE ( 'NONE', *, *, #1450, .F. ) ;
#5563 = LINE ( 'NONE', #1577, #4149 ) ;
#5564 =( NAMED_UNIT ( * ) PLANE_ANGLE_UNIT ( ) SI_UNIT ( $, .RADIAN. ) );
#5565 = PLANE ( 'NONE',  #1035 ) ;
#5566 = CARTESIAN_POINT ( 'NONE',  ( -0.008000000000000015779, 0.09900000000000000466, 0.01700000000000000122 ) ) ;
#5567 = ORIENTED_EDGE ( 'NONE', *, *, #4680, .T. ) ;
#5568 = ORIENTED_EDGE ( 'NONE', *, *, #5667, .T. ) ;
#5569 = VECTOR ( 'NONE', #6160, 39.37007874015748143 ) ;
#5570 = DIMENSIONAL_EXPONENTS ( 1.000000000000000000, 0.0000000000000000000, 0.0000000000000000000, 0.0000000000000000000, 0.0000000000000000000, 0.0000000000000000000, 0.0000000000000000000 ) ;
#5571 = ORIENTED_EDGE ( 'NONE', *, *, #535, .F. ) ;
#5572 = LINE ( 'NONE', #4953, #2913 ) ;
#5573 = DIRECTION ( 'NONE',  ( 1.000000000000000000, 0.0000000000000000000, -5.691349986800548372E-17 ) ) ;
#5574 = PRODUCT_DEFINITION_SHAPE ( 'NONE', 'NONE',  #3274 ) ;
#5575 = CARTESIAN_POINT ( 'NONE',  ( -0.05222649730810375451, 0.2190000000000000002, 0.0000000000000000000 ) ) ;
#5576 = ORIENTED_EDGE ( 'NONE', *, *, #4122, .T. ) ;
#5577 = VERTEX_POINT ( 'NONE', #265 ) ;
#5578 = CARTESIAN_POINT ( 'NONE',  ( 0.06499999999999997446, 0.02450000000000000441, 0.05749999999999998168 ) ) ;
#5579 = CARTESIAN_POINT ( 'NONE',  ( 0.01249999999999999896, 0.02449999999999998707, -0.06749999999999997669 ) ) ;
#5580 = ORIENTED_EDGE ( 'NONE', *, *, #5916, .T. ) ;
#5581 = ORIENTED_EDGE ( 'NONE', *, *, #4226, .T. ) ;
#5582 = ORIENTED_EDGE ( 'NONE', *, *, #3201, .F. ) ;
#5583 = FILL_AREA_STYLE ('',( #2634 ) ) ;
#5584 = DIRECTION ( 'NONE',  ( 1.000000000000000000, 0.0000000000000000000, -0.0000000000000000000 ) ) ;
#5585 = EDGE_CURVE ( 'NONE', #859, #3175, #983, .T. ) ;
#5586 = AXIS2_PLACEMENT_3D ( 'NONE', #1089, #2070, #1604 ) ;
#5587 = AXIS2_PLACEMENT_3D ( 'NONE', #5300, #2888, #486 ) ;
#5588 = AXIS2_PLACEMENT_3D ( 'NONE', #4945, #5364, #519 ) ;
#5589 = VERTEX_POINT ( 'NONE', #722 ) ;
#5590 = ORIENTED_EDGE ( 'NONE', *, *, #148, .F. ) ;
#5591 = EDGE_CURVE ( 'NONE', #1671, #1475, #2641, .T. ) ;
#5592 = ORIENTED_EDGE ( 'NONE', *, *, #3861, .T. ) ;
#5593 = CARTESIAN_POINT ( 'NONE',  ( 0.04199999999999998873, 0.0000000000000000000, 0.03300000000000000155 ) ) ;
#5594 = ORIENTED_EDGE ( 'NONE', *, *, #1523, .T. ) ;
#5595 = VERTEX_POINT ( 'NONE', #5579 ) ;
#5596 = CARTESIAN_POINT ( 'NONE',  ( 0.07499999999999999722, 0.09900000000000000466, 0.06749999999999999056 ) ) ;
#5597 = FACE_OUTER_BOUND ( 'NONE', #5981, .T. ) ;
#5598 = COLOUR_RGB ( '',0.7921568627450980005, 0.8196078431372548767, 0.9333333333333333481 ) ;
#5599 = FACE_OUTER_BOUND ( 'NONE', #1476, .T. ) ;
#5600 = LINE ( 'NONE', #571, #3325 ) ;
#5601 = ORIENTED_EDGE ( 'NONE', *, *, #3370, .F. ) ;
#5602 = ORIENTED_EDGE ( 'NONE', *, *, #4389, .F. ) ;
#5603 = ORIENTED_EDGE ( 'NONE', *, *, #5840, .F. ) ;
#5604 = PRESENTATION_LAYER_ASSIGNMENT (  '', '', ( #2872 ) ) ;
#5605 = DIRECTION ( 'NONE',  ( 0.0000000000000000000, 0.0000000000000000000, -1.000000000000000000 ) ) ;
#5606 = VECTOR ( 'NONE', #2534, 39.37007874015748143 ) ;
#5607 = FACE_OUTER_BOUND ( 'NONE', #4048, .T. ) ;
#5608 = CARTESIAN_POINT ( 'NONE',  ( -0.07500000000000002498, 0.07450000000000002454, -0.05749999999999998168 ) ) ;
#5609 = EDGE_LOOP ( 'NONE', ( #3013, #5229, #3709, #1195 ) ) ;
#5610 = CARTESIAN_POINT ( 'NONE',  ( 0.04000000000000000083, 0.02450000000000000441, -0.04250000000000001693 ) ) ;
#5611 = DIRECTION ( 'NONE',  ( -0.0000000000000000000, 1.000000000000000000, -0.0000000000000000000 ) ) ;
#5612 = SURFACE_STYLE_USAGE ( .BOTH. , #291 ) ;
#5613 = COLOUR_RGB ( '',0.9686274509803921573, 0.8784313725490195957, 0.5999999999999999778 ) ;
#5614 = LENGTH_MEASURE_WITH_UNIT ( LENGTH_MEASURE( 0.02539999999999999897 ), #1421 );
#5615 = FACE_OUTER_BOUND ( 'NONE', #4740, .T. ) ;
#5616 = PLANE ( 'NONE',  #4572 ) ;
#5617 = VECTOR ( 'NONE', #2107, 39.37007874015748143 ) ;
#5618 = DIRECTION ( 'NONE',  ( 0.0000000000000000000, 1.000000000000000000, 0.0000000000000000000 ) ) ;
#5619 = CARTESIAN_POINT ( 'NONE',  ( 0.06500000000000000222, 0.07449999999999999678, 0.05749999999999998168 ) ) ;
#5620 = AXIS2_PLACEMENT_3D ( 'NONE', #2154, #6069, #1726 ) ;
#5621 = PLANE ( 'NONE',  #1369 ) ;
#5622 = DIRECTION ( 'NONE',  ( -1.000000000000000000, 0.0000000000000000000, 0.0000000000000000000 ) ) ;
#5623 = EDGE_CURVE ( 'NONE', #2402, #2294, #217, .T. ) ;
#5624 = LINE ( 'NONE', #4299, #4362 ) ;
#5625 = EDGE_CURVE ( 'NONE', #5707, #2953, #3660, .T. ) ;
#5626 = CARTESIAN_POINT ( 'NONE',  ( 0.003218802153516964106, 0.2284315353299545825, 0.02178119784648302470 ) ) ;
#5627 = LINE ( 'NONE', #4205, #1749 ) ;
#5628 =( NAMED_UNIT ( * ) SI_UNIT ( $, .STERADIAN. ) SOLID_ANGLE_UNIT ( ) );
#5629 = AXIS2_PLACEMENT_3D ( 'NONE', #3035, #3524, #618 ) ;
#5630 = AXIS2_PLACEMENT_3D ( 'NONE', #5233, #1834, #1334 ) ;
#5631 = ORIENTED_EDGE ( 'NONE', *, *, #227, .F. ) ;
#5632 = CARTESIAN_POINT ( 'NONE',  ( -0.01000000000000000368, 0.02450000000000000441, 0.01580951894845298786 ) ) ;
#5633 = EDGE_CURVE ( 'NONE', #4993, #3217, #1956, .T. ) ;
#5634 = ADVANCED_FACE ( 'NONE', ( #63 ), #4770, .F. ) ;
#5635 = DIRECTION ( 'NONE',  ( 1.000000000000000000, 0.0000000000000000000, 0.0000000000000000000 ) ) ;
#5636 = CARTESIAN_POINT ( 'NONE',  ( -0.04777350269189629267, 0.2190000000000000002, -0.02722649730810373578 ) ) ;
#5637 = ORIENTED_EDGE ( 'NONE', *, *, #4078, .T. ) ;
#5638 = UNCERTAINTY_MEASURE_WITH_UNIT (LENGTH_MEASURE( 1.000000000000000082E-05 ), #5950, 'distance_accuracy_value', 'NONE');
#5639 = SURFACE_STYLE_FILL_AREA ( #1138 ) ;
#5640 =( NAMED_UNIT ( * ) SI_UNIT ( $, .STERADIAN. ) SOLID_ANGLE_UNIT ( ) );
#5641 =( LENGTH_UNIT ( ) NAMED_UNIT ( * ) SI_UNIT ( $, .METRE. ) );
#5642 = CARTESIAN_POINT ( 'NONE',  ( -0.002226497308103747401, 0.2190000000000000002, 0.02277350269189626700 ) ) ;
#5643 = ORIENTED_EDGE ( 'NONE', *, *, #3960, .T. ) ;
#5644 = DIRECTION ( 'NONE',  ( -1.000000000000000000, 0.0000000000000000000, -0.0000000000000000000 ) ) ;
#5645 = DIRECTION ( 'NONE',  ( 0.0000000000000000000, 0.0000000000000000000, 1.000000000000000000 ) ) ;
#5646 = ORIENTED_EDGE ( 'NONE', *, *, #2772, .F. ) ;
#5647 = VERTEX_POINT ( 'NONE', #5232 ) ;
#5648 = ORIENTED_EDGE ( 'NONE', *, *, #2146, .T. ) ;
#5649 = PLANE ( 'NONE',  #249 ) ;
#5650 = ORIENTED_EDGE ( 'NONE', *, *, #5879, .F. ) ;
#5651 = VECTOR ( 'NONE', #3350, 39.37007874015748143 ) ;
#5652 = ORIENTED_EDGE ( 'NONE', *, *, #547, .T. ) ;
#5653 = DIRECTION ( 'NONE',  ( 0.0000000000000000000, -1.000000000000000000, 0.0000000000000000000 ) ) ;
#5654 = EDGE_LOOP ( 'NONE', ( #4581, #5309, #1410, #2979 ) ) ;
#5655 = ORIENTED_EDGE ( 'NONE', *, *, #4073, .T. ) ;
#5656 = CARTESIAN_POINT ( 'NONE',  ( -0.008000000000000015779, -0.08999999999999999667, 0.01700000000000000122 ) ) ;
#5657 = LINE ( 'NONE', #2724, #5085 ) ;
#5658 = ORIENTED_EDGE ( 'NONE', *, *, #2081, .T. ) ;
#5660 = CARTESIAN_POINT ( 'NONE',  ( -0.05800000000000001682, 0.0000000000000000000, -0.03300000000000000155 ) ) ;
#5659 = VECTOR ( 'NONE', #5955, 39.37007874015748143 ) ;
#5661 = ORIENTED_EDGE ( 'NONE', *, *, #6128, .F. ) ;
#5662 = CARTESIAN_POINT ( 'NONE',  ( 0.05222649730810371982, 0.2190000000000000002, 0.0000000000000000000 ) ) ;
#5663 = EDGE_CURVE ( 'NONE', #1918, #4167, #5463, .T. ) ;
#5664 = ORIENTED_EDGE ( 'NONE', *, *, #3831, .T. ) ;
#5665 = ORIENTED_EDGE ( 'NONE', *, *, #293, .T. ) ;
#5666 = ADVANCED_FACE ( 'NONE', ( #4798 ), #6200, .F. ) ;
#5667 = EDGE_CURVE ( 'NONE', #942, #4774, #512, .T. ) ;
#5668 = VECTOR ( 'NONE', #3208, 39.37007874015748143 ) ;
#5669 = EDGE_CURVE ( 'NONE', #4246, #1576, #5310, .T. ) ;
#5670 = CARTESIAN_POINT ( 'NONE',  ( 0.07499999999999999722, 0.0000000000000000000, -0.06750000000000003220 ) ) ;
#5671 = VERTEX_POINT ( 'NONE', #2808 ) ;
#5672 = ORIENTED_EDGE ( 'NONE', *, *, #2954, .F. ) ;
#5673 = FILL_AREA_STYLE ('',( #4230 ) ) ;
#5674 = VERTEX_POINT ( 'NONE', #3293 ) ;
#5675 = DIRECTION ( 'NONE',  ( 1.000000000000000000, -0.0000000000000000000, -0.0000000000000000000 ) ) ;
#5676 = EDGE_CURVE ( 'NONE', #4334, #5989, #442, .T. ) ;
#5677 = VECTOR ( 'NONE', #1349, 39.37007874015748143 ) ;
#5678 = FACE_OUTER_BOUND ( 'NONE', #561, .T. ) ;
#5679 = LINE ( 'NONE', #2046, #4419 ) ;
#5680 = UNCERTAINTY_MEASURE_WITH_UNIT (LENGTH_MEASURE( 1.000000000000000082E-05 ), #750, 'distance_accuracy_value', 'NONE');
#5681 = CARTESIAN_POINT ( 'NONE',  ( 0.03080127018922192497, 0.0000000000000000000, -0.04250000000000001693 ) ) ;
#5682 = ORIENTED_EDGE ( 'NONE', *, *, #2576, .T. ) ;
#5683 = DIRECTION ( 'NONE',  ( 0.0000000000000000000, -0.0000000000000000000, 1.000000000000000000 ) ) ;
#5684 = DIRECTION ( 'NONE',  ( -1.000000000000000000, 0.0000000000000000000, 0.0000000000000000000 ) ) ;
#5685 = FACE_OUTER_BOUND ( 'NONE', #5495, .T. ) ;
#5686 =( CONVERSION_BASED_UNIT ( 'INCH', #4052 ) LENGTH_UNIT ( ) NAMED_UNIT ( #5479 ) );
#5687 = FACE_BOUND ( 'NONE', #1343, .T. ) ;
#5688 = CARTESIAN_POINT ( 'NONE',  ( 0.05799999999999998906, 0.2089999999999999358, -0.03300000000000000155 ) ) ;
#5689 = LINE ( 'NONE', #2074, #987 ) ;
#5690 = ORIENTED_EDGE ( 'NONE', *, *, #1680, .F. ) ;
#5691 = VECTOR ( 'NONE', #530, 39.37007874015748143 ) ;
#5692 = CARTESIAN_POINT ( 'NONE',  ( -0.05800000000000001682, 0.09900000000000000466, 0.01700000000000000122 ) ) ;
#5693 = LINE ( 'NONE', #5382, #1370 ) ;
#5694 = DIRECTION ( 'NONE',  ( -0.0000000000000000000, -1.000000000000000000, -0.0000000000000000000 ) ) ;
#5695 = CARTESIAN_POINT ( 'NONE',  ( -0.04777350269189629267, 0.2190000000000000002, 0.0000000000000000000 ) ) ;
#5696 = ADVANCED_FACE ( 'NONE', ( #355 ), #5254, .F. ) ;
#5697 =( CONVERSION_BASED_UNIT ( 'INCH', #5829 ) LENGTH_UNIT ( ) NAMED_UNIT ( #5171 ) );
#5698 = CARTESIAN_POINT ( 'NONE',  ( 0.07499999999999999722, 0.09900000000000000466, 0.06749999999999999056 ) ) ;
#5699 = EDGE_CURVE ( 'NONE', #1038, #3858, #5030, .T. ) ;
#5700 = STYLED_ITEM ( 'NONE', ( #6154 ), #5519 ) ;
#5701 = STYLED_ITEM ( 'NONE', ( #3488 ), #4171 ) ;
#5702 = DIRECTION ( 'NONE',  ( 1.000000000000000000, 0.0000000000000000000, 0.0000000000000000000 ) ) ;
#5703 = EDGE_CURVE ( 'NONE', #3552, #2222, #207, .T. ) ;
#5704 = ORIENTED_EDGE ( 'NONE', *, *, #2203, .T. ) ;
#5705 = FILL_AREA_STYLE ('',( #358 ) ) ;
#5706 = CARTESIAN_POINT ( 'NONE',  ( 0.04199999999999998873, 0.09900000000000000466, 0.03300000000000000155 ) ) ;
#5707 = VERTEX_POINT ( 'NONE', #2329 ) ;
#5708 = ORIENTED_EDGE ( 'NONE', *, *, #6115, .F. ) ;
#5709 = PRESENTATION_STYLE_ASSIGNMENT (( #5771 ) ) ;
#5710 = STYLED_ITEM ( 'NONE', ( #4730 ), #1482 ) ;
#5711 = DIRECTION ( 'NONE',  ( -1.000000000000000000, 0.0000000000000000000, -0.0000000000000000000 ) ) ;
#5712 = DIRECTION ( 'NONE',  ( 0.0000000000000000000, -1.000000000000000000, 0.0000000000000000000 ) ) ;
#5713 = EDGE_CURVE ( 'NONE', #4100, #3326, #3575, .T. ) ;
#5714 = ORIENTED_EDGE ( 'NONE', *, *, #5127, .T. ) ;
#5715 = UNCERTAINTY_MEASURE_WITH_UNIT (LENGTH_MEASURE( 1.000000000000000082E-05 ), #2128, 'distance_accuracy_value', 'NONE');
#5716 = VECTOR ( 'NONE', #417, 39.37007874015748143 ) ;
#5717 = FILL_AREA_STYLE_COLOUR ( '', #4187 ) ;
#5718 = CARTESIAN_POINT ( 'NONE',  ( -0.008000000000000015779, 0.09900000000000000466, -0.01700000000000000122 ) ) ;
#5719 = DIMENSIONAL_EXPONENTS ( 1.000000000000000000, 0.0000000000000000000, 0.0000000000000000000, 0.0000000000000000000, 0.0000000000000000000, 0.0000000000000000000, 0.0000000000000000000 ) ;
#5720 = DIRECTION ( 'NONE',  ( 1.000000000000000000, 0.0000000000000000000, 0.0000000000000000000 ) ) ;
#5721 = ORIENTED_EDGE ( 'NONE', *, *, #3232, .F. ) ;
#5722 = COLOUR_RGB ( '',0.7921568627450980005, 0.8196078431372548767, 0.9333333333333333481 ) ;
#5723 = CARTESIAN_POINT ( 'NONE',  ( -0.008000000000000015779, 0.0000000000000000000, 0.01700000000000000122 ) ) ;
#5724 = DIRECTION ( 'NONE',  ( -0.8660254037844397068, -0.4999999999999982792, -0.0000000000000000000 ) ) ;
#5725 = ADVANCED_FACE ( 'NONE', ( #3726 ), #1378, .F. ) ;
#5726 = ORIENTED_EDGE ( 'NONE', *, *, #1684, .T. ) ;
#5727 = ORIENTED_EDGE ( 'NONE', *, *, #5840, .T. ) ;
#5728 = SURFACE_STYLE_USAGE ( .BOTH. , #5758 ) ;
#5729 = DIRECTION ( 'NONE',  ( 0.4472135954999568730, 0.7745966692414849586, 0.4472135954999564289 ) ) ;
#5730 = DIRECTION ( 'NONE',  ( -1.000000000000000000, -0.0000000000000000000, -0.0000000000000000000 ) ) ;
#5731 =( NAMED_UNIT ( * ) PLANE_ANGLE_UNIT ( ) SI_UNIT ( $, .RADIAN. ) );
#5732 = FACE_OUTER_BOUND ( 'NONE', #1503, .T. ) ;
#5733 = EDGE_LOOP ( 'NONE', ( #4498, #4853, #3701, #4037 ) ) ;
#5734 = SURFACE_STYLE_FILL_AREA ( #5705 ) ;
#5735 = VERTEX_POINT ( 'NONE', #3929 ) ;
#5736 = ORIENTED_EDGE ( 'NONE', *, *, #6009, .T. ) ;
#5737 = ORIENTED_EDGE ( 'NONE', *, *, #3780, .F. ) ;
#5738 = ORIENTED_EDGE ( 'NONE', *, *, #3272, .F. ) ;
#5739 = CARTESIAN_POINT ( 'NONE',  ( 0.04199999999999998873, -0.08999999999999999667, -0.03300000000000000155 ) ) ;
#5740 = CARTESIAN_POINT ( 'NONE',  ( -0.008000000000000015779, -0.2026274169979695450, 0.03300000000000000155 ) ) ;
#5741 = AXIS2_PLACEMENT_3D ( 'NONE', #2887, #4375, #1366 ) ;
#5742 = LINE ( 'NONE', #2122, #4778 ) ;
#5743 = CARTESIAN_POINT ( 'NONE',  ( -0.07500000000000002498, 0.09900000000000000466, -0.06750000000000001832 ) ) ;
#5744 = ORIENTED_EDGE ( 'NONE', *, *, #2740, .T. ) ;
#5745 = EDGE_CURVE ( 'NONE', #5299, #1650, #3808, .T. ) ;
#5746 = ORIENTED_EDGE ( 'NONE', *, *, #6222, .F. ) ;
#5747 = PLANE ( 'NONE',  #3967 ) ;
#5748 = ORIENTED_EDGE ( 'NONE', *, *, #4200, .F. ) ;
#5749 = CARTESIAN_POINT ( 'NONE',  ( -0.01000000000000002102, 0.07449999999999999678, 0.05749999999999998168 ) ) ;
#5750 = LINE ( 'NONE', #3044, #1206 ) ;
#5751 = CARTESIAN_POINT ( 'NONE',  ( -0.07500000000000002498, 0.09900000000000000466, 0.06750000000000001832 ) ) ;
#5752 = LINE ( 'NONE', #677, #4494 ) ;
#5753 = EDGE_CURVE ( 'NONE', #5989, #2247, #2638, .T. ) ;
#5754 =( GEOMETRIC_REPRESENTATION_CONTEXT ( 3 ) GLOBAL_UNCERTAINTY_ASSIGNED_CONTEXT ( ( #5305 ) ) GLOBAL_UNIT_ASSIGNED_CONTEXT ( ( #3442, #940, #5806 ) ) REPRESENTATION_CONTEXT ( 'NONE', 'WORKASPACE' ) );
#5755 = VERTEX_POINT ( 'NONE', #5749 ) ;
#5756 = EDGE_CURVE ( 'NONE', #5011, #1775, #2407, .T. ) ;
#5757 = AXIS2_PLACEMENT_3D ( 'NONE', #4409, #3506, #4429 ) ;
#5758 = SURFACE_SIDE_STYLE ('',( #331 ) ) ;
#5759 = VECTOR ( 'NONE', #1248, 39.37007874015748143 ) ;
#5760 =( GEOMETRIC_REPRESENTATION_CONTEXT ( 3 ) GLOBAL_UNCERTAINTY_ASSIGNED_CONTEXT ( ( #2797 ) ) GLOBAL_UNIT_ASSIGNED_CONTEXT ( ( #501, #1880, #2881 ) ) REPRESENTATION_CONTEXT ( 'NONE', 'WORKASPACE' ) );
#5761 = CARTESIAN_POINT ( 'NONE',  ( 0.009999999999999995004, 0.07449999999999999678, -0.04250000000000001693 ) ) ;
#5762 = LINE ( 'NONE', #770, #4956 ) ;
#5763 = CARTESIAN_POINT ( 'NONE',  ( -0.01249999999999999549, 0.0000000000000000000, 0.06750000000000001832 ) ) ;
#5764 = EDGE_CURVE ( 'NONE', #5990, #3087, #2185, .T. ) ;
#5765 = LINE ( 'NONE', #1903, #2501 ) ;
#5766 = COLOUR_RGB ( '',0.9686274509803921573, 0.8784313725490195957, 0.5999999999999999778 ) ;
#5767 =( NAMED_UNIT ( * ) PLANE_ANGLE_UNIT ( ) SI_UNIT ( $, .RADIAN. ) );
#5768 = LENGTH_MEASURE_WITH_UNIT ( LENGTH_MEASURE( 0.02539999999999999897 ), #596 );
#5769 = ADVANCED_FACE ( 'NONE', ( #5678 ), #414, .F. ) ;
#5770 = LINE ( 'NONE', #760, #6011 ) ;
#5771 = SURFACE_STYLE_USAGE ( .BOTH. , #4351 ) ;
#5772 = PLANE ( 'NONE',  #3622 ) ;
#5773 = DIRECTION ( 'NONE',  ( 0.0000000000000000000, 0.0000000000000000000, -1.000000000000000000 ) ) ;
#5774 = VECTOR ( 'NONE', #2980, 39.37007874015748143 ) ;
#5775 = DIRECTION ( 'NONE',  ( 0.0000000000000000000, 0.0000000000000000000, -1.000000000000000000 ) ) ;
#5776 = CARTESIAN_POINT ( 'NONE',  ( 0.04000000000000000083, 0.07449999999999999678, 0.01580951894845298786 ) ) ;
#5777 = DIRECTION ( 'NONE',  ( -0.8660254037844397068, 0.4999999999999982792, 0.0000000000000000000 ) ) ;
#5778 = SURFACE_STYLE_USAGE ( .BOTH. , #472 ) ;
#5779 = CARTESIAN_POINT ( 'NONE',  ( -0.05800000000000001682, 0.2190000000000000002, -0.03300000000000000155 ) ) ;
#5780 = VECTOR ( 'NONE', #3071, 39.37007874015748143 ) ;
#5781 = PLANE ( 'NONE',  #1883 ) ;
#5782 = PLANE ( 'NONE',  #4277 ) ;
#5783 = EDGE_CURVE ( 'NONE', #2172, #4105, #1141, .T. ) ;
#5784 = DIRECTION ( 'NONE',  ( 1.000000000000000000, 0.0000000000000000000, -5.691349986800548372E-17 ) ) ;
#5785 = ORIENTED_EDGE ( 'NONE', *, *, #3034, .T. ) ;
#5786 = AXIS2_PLACEMENT_3D ( 'NONE', #632, #4067, #5934 ) ;
#5787 = LINE ( 'NONE', #1439, #2153 ) ;
#5788 = DIRECTION ( 'NONE',  ( 0.2588190451025213501, -0.0000000000000000000, -0.9659258262890682012 ) ) ;
#5789 = EDGE_CURVE ( 'NONE', #197, #3102, #5534, .T. ) ;
#5790 = MECHANICAL_DESIGN_GEOMETRIC_PRESENTATION_REPRESENTATION (  '', ( #6118 ), #1126 ) ;
#5791 =( NAMED_UNIT ( * ) PLANE_ANGLE_UNIT ( ) SI_UNIT ( $, .RADIAN. ) );
#5792 = DIRECTION ( 'NONE',  ( 0.0000000000000000000, 1.000000000000000000, 0.0000000000000000000 ) ) ;
#5793 = EDGE_CURVE ( 'NONE', #1313, #2474, #4417, .T. ) ;
#5794 =( GEOMETRIC_REPRESENTATION_CONTEXT ( 3 ) GLOBAL_UNCERTAINTY_ASSIGNED_CONTEXT ( ( #2599 ) ) GLOBAL_UNIT_ASSIGNED_CONTEXT ( ( #5686, #4306, #3771 ) ) REPRESENTATION_CONTEXT ( 'NONE', 'WORKASPACE' ) );
#5795 = VERTEX_POINT ( 'NONE', #2365 ) ;
#5796 = ADVANCED_FACE ( 'NONE', ( #5839 ), #909, .F. ) ;
#5797 = VECTOR ( 'NONE', #3222, 39.37007874015748143 ) ;
#5798 = EDGE_CURVE ( 'NONE', #5795, #4334, #2564, .T. ) ;
#5799 = DIRECTION ( 'NONE',  ( -0.0000000000000000000, 1.000000000000000000, -0.0000000000000000000 ) ) ;
#5800 =( NAMED_UNIT ( * ) PLANE_ANGLE_UNIT ( ) SI_UNIT ( $, .RADIAN. ) );
#5801 = PLANE ( 'NONE',  #2781 ) ;
#5802 = ORIENTED_EDGE ( 'NONE', *, *, #2081, .F. ) ;
#5803 = FACE_OUTER_BOUND ( 'NONE', #5886, .T. ) ;
#5804 = CARTESIAN_POINT ( 'NONE',  ( 0.04199999999999998873, 0.0000000000000000000, 0.03300000000000000155 ) ) ;
#5805 = PLANE ( 'NONE',  #5273 ) ;
#5806 =( NAMED_UNIT ( * ) SI_UNIT ( $, .STERADIAN. ) SOLID_ANGLE_UNIT ( ) );
#5807 = VERTEX_POINT ( 'NONE', #2921 ) ;
#5808 = ORIENTED_EDGE ( 'NONE', *, *, #4394, .F. ) ;
#5809 = DIRECTION ( 'NONE',  ( 1.000000000000000000, -0.0000000000000000000, -0.0000000000000000000 ) ) ;
#5810 = ORIENTED_EDGE ( 'NONE', *, *, #2610, .F. ) ;
#5811 = CARTESIAN_POINT ( 'NONE',  ( 0.04777350269189625798, 0.2190000000000000002, -0.02722649730810373578 ) ) ;
#5812 = VERTEX_POINT ( 'NONE', #3362 ) ;
#5814 = SURFACE_SIDE_STYLE ('',( #3694 ) ) ;
#5813 = COLOUR_RGB ( '',0.7921568627450980005, 0.8196078431372548767, 0.9333333333333333481 ) ;
#5815 = VERTEX_POINT ( 'NONE', #4821 ) ;
#5816 = DIRECTION ( 'NONE',  ( -0.0000000000000000000, 1.000000000000000000, -0.0000000000000000000 ) ) ;
#5817 = ORIENTED_EDGE ( 'NONE', *, *, #4453, .F. ) ;
#5818 = ORIENTED_EDGE ( 'NONE', *, *, #329, .F. ) ;
#5819 = ORIENTED_EDGE ( 'NONE', *, *, #4235, .T. ) ;
#5820 = VECTOR ( 'NONE', #1786, 39.37007874015748143 ) ;
#5821 =( LENGTH_UNIT ( ) NAMED_UNIT ( * ) SI_UNIT ( $, .METRE. ) );
#5822 = ORIENTED_EDGE ( 'NONE', *, *, #5386, .F. ) ;
#5823 = LINE ( 'NONE', #2129, #5221 ) ;
#5824 = ORIENTED_EDGE ( 'NONE', *, *, #434, .T. ) ;
#5825 = ORIENTED_EDGE ( 'NONE', *, *, #5002, .F. ) ;
#5826 = CARTESIAN_POINT ( 'NONE',  ( -0.008000000000000015779, 0.09900000000000000466, 0.03300000000000000155 ) ) ;
#5827 = ORIENTED_EDGE ( 'NONE', *, *, #680, .F. ) ;
#5828 = DIRECTION ( 'NONE',  ( -0.9659258262890682012, 0.0000000000000000000, 0.2588190451025213501 ) ) ;
#5829 = LENGTH_MEASURE_WITH_UNIT ( LENGTH_MEASURE( 0.02539999999999999897 ), #2660 );
#5830 = VECTOR ( 'NONE', #5490, 39.37007874015748143 ) ;
#5831 = ORIENTED_EDGE ( 'NONE', *, *, #5237, .T. ) ;
#5832 = FILL_AREA_STYLE_COLOUR ( '', #537 ) ;
#5833 = ORIENTED_EDGE ( 'NONE', *, *, #4896, .T. ) ;
#5834 = ADVANCED_FACE ( 'NONE', ( #3256 ), #925, .F. ) ;
#5835 = AXIS2_PLACEMENT_3D ( 'NONE', #4667, #4682, #6036 ) ;
#5836 = ORIENTED_EDGE ( 'NONE', *, *, #2811, .F. ) ;
#5837 =( GEOMETRIC_REPRESENTATION_CONTEXT ( 3 ) GLOBAL_UNCERTAINTY_ASSIGNED_CONTEXT ( ( #1175 ) ) GLOBAL_UNIT_ASSIGNED_CONTEXT ( ( #813, #281, #5169 ) ) REPRESENTATION_CONTEXT ( 'NONE', 'WORKASPACE' ) );
#5838 = VECTOR ( 'NONE', #3469, 39.37007874015748143 ) ;
#5839 = FACE_OUTER_BOUND ( 'NONE', #6133, .T. ) ;
#5840 = EDGE_CURVE ( 'NONE', #340, #3012, #1659, .T. ) ;
#5841 =( LENGTH_UNIT ( ) NAMED_UNIT ( * ) SI_UNIT ( $, .METRE. ) );
#5842 = SURFACE_STYLE_FILL_AREA ( #841 ) ;
#5843 = ORIENTED_EDGE ( 'NONE', *, *, #2988, .F. ) ;
#5844 = DIRECTION ( 'NONE',  ( -1.000000000000000000, 0.0000000000000000000, -0.0000000000000000000 ) ) ;
#5845 = LINE ( 'NONE', #67, #675 ) ;
#5846 = COLOUR_RGB ( '',0.9686274509803921573, 0.8784313725490195957, 0.5999999999999999778 ) ;
#5847 = UNCERTAINTY_MEASURE_WITH_UNIT (LENGTH_MEASURE( 1.000000000000000082E-05 ), #951, 'distance_accuracy_value', 'NONE');
#5848 = STYLED_ITEM ( 'NONE', ( #2511 ), #3276 ) ;
#5849 = CARTESIAN_POINT ( 'NONE',  ( -0.01000000000000000368, 0.02450000000000000441, -0.04250000000000001693 ) ) ;
#5850 = FILL_AREA_STYLE ('',( #5320 ) ) ;
#5851 = AXIS2_PLACEMENT_3D ( 'NONE', #5949, #5499, #2603 ) ;
#5852 = FILL_AREA_STYLE ('',( #3478 ) ) ;
#5853 = VECTOR ( 'NONE', #4997, 39.37007874015748143 ) ;
#5854 = EDGE_CURVE ( 'NONE', #4148, #2180, #6068, .T. ) ;
#5855 = LINE ( 'NONE', #2604, #3435 ) ;
#5856 = FILL_AREA_STYLE ('',( #5832 ) ) ;
#5857 = CARTESIAN_POINT ( 'NONE',  ( 0.007999999999999981085, 0.2190000000000000002, -0.03300000000000000155 ) ) ;
#5858 = LINE ( 'NONE', #3211, #2351 ) ;
#5859 = LINE ( 'NONE', #1385, #2432 ) ;
#5860 = DIRECTION ( 'NONE',  ( -0.2588190451025213501, 0.0000000000000000000, -0.9659258262890682012 ) ) ;
#5861 = DIRECTION ( 'NONE',  ( -0.0000000000000000000, 1.000000000000000000, -0.0000000000000000000 ) ) ;
#5862 = PLANE ( 'NONE',  #672 ) ;
#5863 = VECTOR ( 'NONE', #135, 39.37007874015748143 ) ;
#5864 = ADVANCED_FACE ( 'NONE', ( #53 ), #4355, .T. ) ;
#5865 = CARTESIAN_POINT ( 'NONE',  ( 0.0000000000000000000, -0.08999999999999999667, 0.0000000000000000000 ) ) ;
#5866 = CARTESIAN_POINT ( 'NONE',  ( -0.01249999999999999549, 0.07449999999999999678, 0.06750000000000001832 ) ) ;
#5867 = FILL_AREA_STYLE_COLOUR ( '', #3241 ) ;
#5868 = VERTEX_POINT ( 'NONE', #5331 ) ;
#5869 = DIRECTION ( 'NONE',  ( 0.2588190451025213501, 0.0000000000000000000, 0.9659258262890682012 ) ) ;
#5870 = LINE ( 'NONE', #313, #1009 ) ;
#5871 = DIRECTION ( 'NONE',  ( -0.0000000000000000000, 1.000000000000000000, -0.0000000000000000000 ) ) ;
#5872 = EDGE_LOOP ( 'NONE', ( #3327, #4927, #1254, #502 ) ) ;
#5873 = EDGE_LOOP ( 'NONE', ( #4776, #2336, #1858, #4081, #4627, #3178, #1466 ) ) ;
#5874 = VECTOR ( 'NONE', #2761, 39.37007874015748143 ) ;
#5875 = EDGE_CURVE ( 'NONE', #1519, #5532, #1347, .T. ) ;
#5876 = CARTESIAN_POINT ( 'NONE',  ( -0.05800000000000001682, 0.09900000000000000466, 0.03300000000000000155 ) ) ;
#5877 = CARTESIAN_POINT ( 'NONE',  ( -0.04200000000000002343, 0.09900000000000000466, 0.03300000000000000155 ) ) ;
#5878 = VERTEX_POINT ( 'NONE', #3912 ) ;
#5879 = EDGE_CURVE ( 'NONE', #6143, #6029, #4051, .T. ) ;
#5880 = MECHANICAL_DESIGN_GEOMETRIC_PRESENTATION_REPRESENTATION (  '', ( #1840 ), #3408 ) ;
#5881 = VECTOR ( 'NONE', #4526, 39.37007874015748143 ) ;
#5883 = CARTESIAN_POINT ( 'NONE',  ( -0.1000000000000000056, -0.08999999999999999667, 0.0000000000000000000 ) ) ;
#5882 = CARTESIAN_POINT ( 'NONE',  ( -0.05800000000000001682, -0.2026274169979695450, 0.01700000000000000122 ) ) ;
#5884 = PLANE ( 'NONE',  #2105 ) ;
#5885 = EDGE_CURVE ( 'NONE', #5577, #5001, #4261, .T. ) ;
#5886 = EDGE_LOOP ( 'NONE', ( #2162, #5956, #50, #877 ) ) ;
#5887 = VERTEX_POINT ( 'NONE', #4951 ) ;
#5888 = CARTESIAN_POINT ( 'NONE',  ( 0.01919872981077808821, 0.02450000000000000441, 0.04250000000000001693 ) ) ;
#5889 = ORIENTED_EDGE ( 'NONE', *, *, #1139, .F. ) ;
#5890 = ORIENTED_EDGE ( 'NONE', *, *, #4923, .F. ) ;
#5891 = ORIENTED_EDGE ( 'NONE', *, *, #6258, .T. ) ;
#5892 =( LENGTH_UNIT ( ) NAMED_UNIT ( * ) SI_UNIT ( $, .METRE. ) );
#5893 = ADVANCED_FACE ( 'NONE', ( #1207 ), #2047, .T. ) ;
#5894 = LINE ( 'NONE', #3099, #576 ) ;
#5895 = ORIENTED_EDGE ( 'NONE', *, *, #4842, .T. ) ;
#5896 = FACE_OUTER_BOUND ( 'NONE', #662, .T. ) ;
#5897 = ORIENTED_EDGE ( 'NONE', *, *, #1312, .T. ) ;
#5898 = ORIENTED_EDGE ( 'NONE', *, *, #5676, .F. ) ;
#5899 = ORIENTED_EDGE ( 'NONE', *, *, #4721, .F. ) ;
#5900 = DIRECTION ( 'NONE',  ( 0.0000000000000000000, 0.0000000000000000000, -1.000000000000000000 ) ) ;
#5901 = CARTESIAN_POINT ( 'NONE',  ( -0.008000000000000015779, 0.09900000000000000466, -0.01700000000000000122 ) ) ;
#5902 = SURFACE_STYLE_USAGE ( .BOTH. , #3450 ) ;
#5903 = VECTOR ( 'NONE', #167, 39.37007874015748854 ) ;
#5904 = ORIENTED_EDGE ( 'NONE', *, *, #1535, .T. ) ;
#5905 = ORIENTED_EDGE ( 'NONE', *, *, #2206, .F. ) ;
#5906 = ORIENTED_EDGE ( 'NONE', *, *, #3152, .F. ) ;
#5907 = DIRECTION ( 'NONE',  ( -0.0000000000000000000, -0.0000000000000000000, 1.000000000000000000 ) ) ;
#5908 = VECTOR ( 'NONE', #5482, 39.37007874015748143 ) ;
#5909 = LINE ( 'NONE', #1622, #4642 ) ;
#5910 =( CONVERSION_BASED_UNIT ( 'INCH', #1283 ) LENGTH_UNIT ( ) NAMED_UNIT ( #1123 ) );
#5911 = DIRECTION ( 'NONE',  ( 0.0000000000000000000, 1.000000000000000000, -0.0000000000000000000 ) ) ;
#5912 = VECTOR ( 'NONE', #1097, 39.37007874015748143 ) ;
#5913 = FACE_OUTER_BOUND ( 'NONE', #2381, .T. ) ;
#5914 = ORIENTED_EDGE ( 'NONE', *, *, #5526, .T. ) ;
#5915 = VECTOR ( 'NONE', #773, 39.37007874015748143 ) ;
#5916 = EDGE_CURVE ( 'NONE', #3717, #1018, #2715, .T. ) ;
#5917 =( CONVERSION_BASED_UNIT ( 'INCH', #4695 ) LENGTH_UNIT ( ) NAMED_UNIT ( #2349 ) );
#5918 = LINE ( 'NONE', #286, #218 ) ;
#5919 = MECHANICAL_DESIGN_GEOMETRIC_PRESENTATION_REPRESENTATION (  '', ( #2131 ), #3772 ) ;
#5920 = AXIS2_PLACEMENT_3D ( 'NONE', #4139, #5066, #3113 ) ;
#5921 = MECHANICAL_DESIGN_GEOMETRIC_PRESENTATION_REPRESENTATION (  '', ( #1238 ), #5837 ) ;
#5922 = EDGE_CURVE ( 'NONE', #500, #2608, #6306, .T. ) ;
#5923 = DIRECTION ( 'NONE',  ( -0.4472135954999568730, 0.7745966692414849586, -0.4472135954999564289 ) ) ;
#5924 = LINE ( 'NONE', #2907, #5247 ) ;
#5925 = FACE_OUTER_BOUND ( 'NONE', #1640, .T. ) ;
#5926 = UNCERTAINTY_MEASURE_WITH_UNIT (LENGTH_MEASURE( 1.000000000000000082E-05 ), #4083, 'distance_accuracy_value', 'NONE');
#5928 = SURFACE_STYLE_USAGE ( .BOTH. , #2993 ) ;
#5927 = CARTESIAN_POINT ( 'NONE',  ( 0.04199999999999998873, 0.09900000000000000466, -0.03300000000000000155 ) ) ;
#5929 = FACE_OUTER_BOUND ( 'NONE', #4310, .T. ) ;
#5930 = ADVANCED_FACE ( 'NONE', ( #1724 ), #2454, .T. ) ;
#5931 = LENGTH_MEASURE_WITH_UNIT ( LENGTH_MEASURE( 0.02539999999999999897 ), #775 );
#5932 =( GEOMETRIC_REPRESENTATION_CONTEXT ( 3 ) GLOBAL_UNCERTAINTY_ASSIGNED_CONTEXT ( ( #5847 ) ) GLOBAL_UNIT_ASSIGNED_CONTEXT ( ( #951, #2903, #4373 ) ) REPRESENTATION_CONTEXT ( 'NONE', 'WORKASPACE' ) );
#5933 = DIRECTION ( 'NONE',  ( 0.0000000000000000000, 1.000000000000000000, 0.0000000000000000000 ) ) ;
#5934 = DIRECTION ( 'NONE',  ( 0.0000000000000000000, -0.0000000000000000000, 1.000000000000000000 ) ) ;
#5935 = CARTESIAN_POINT ( 'NONE',  ( -0.008000000000000015779, 0.0000000000000000000, 0.03300000000000000155 ) ) ;
#5936 =( NAMED_UNIT ( * ) PLANE_ANGLE_UNIT ( ) SI_UNIT ( $, .RADIAN. ) );
#5937 = VECTOR ( 'NONE', #3852, 39.37007874015748143 ) ;
#5938 = CARTESIAN_POINT ( 'NONE',  ( 0.04199999999999998873, 0.2190000000000000002, -0.03300000000000000155 ) ) ;
#5939 = CARTESIAN_POINT ( 'NONE',  ( 0.04199999999999998873, 0.2089999999999999358, -0.03300000000000000155 ) ) ;
#5940 = LINE ( 'NONE', #4474, #3923 ) ;
#5942 =( CONVERSION_BASED_UNIT ( 'INCH', #5344 ) LENGTH_UNIT ( ) NAMED_UNIT ( #5117 ) );
#5941 = DIRECTION ( 'NONE',  ( -1.000000000000000000, 0.0000000000000000000, 0.0000000000000000000 ) ) ;
#5943 = EDGE_LOOP ( 'NONE', ( #3156, #5581, #2271, #2945 ) ) ;
#5944 = VECTOR ( 'NONE', #5653, 39.37007874015748143 ) ;
#5945 = PLANE ( 'NONE',  #2132 ) ;
#5946 = CARTESIAN_POINT ( 'NONE',  ( 0.007999999999999981085, 0.09900000000000000466, -0.01700000000000000122 ) ) ;
#5947 = CARTESIAN_POINT ( 'NONE',  ( -0.04321880215351706078, 0.2111110272542658373, 0.01821880215351704205 ) ) ;
#5948 = SURFACE_SIDE_STYLE ('',( #1955 ) ) ;
#5949 = CARTESIAN_POINT ( 'NONE',  ( 0.07499999999999999722, 0.09900000000000000466, 0.06749999999999999056 ) ) ;
#5950 =( CONVERSION_BASED_UNIT ( 'INCH', #1071 ) LENGTH_UNIT ( ) NAMED_UNIT ( #3216 ) );
#5951 = VERTEX_POINT ( 'NONE', #3448 ) ;
#5952 = AXIS2_PLACEMENT_3D ( 'NONE', #4737, #3696, #806 ) ;
#5953 = ORIENTED_EDGE ( 'NONE', *, *, #2613, .F. ) ;
#5954 = EDGE_CURVE ( 'NONE', #1576, #5812, #2398, .T. ) ;
#5955 = DIRECTION ( 'NONE',  ( 1.000000000000000000, 0.0000000000000000000, 0.0000000000000000000 ) ) ;
#5956 = ORIENTED_EDGE ( 'NONE', *, *, #1725, .F. ) ;
#5957 = SURFACE_STYLE_FILL_AREA ( #2955 ) ;
#5958 = EDGE_CURVE ( 'NONE', #2167, #5674, #6299, .T. ) ;
#5959 = DIRECTION ( 'NONE',  ( -0.0000000000000000000, 1.000000000000000000, -0.0000000000000000000 ) ) ;
#5960 = CARTESIAN_POINT ( 'NONE',  ( 0.04199999999999998873, 0.09900000000000000466, 0.03300000000000000155 ) ) ;
#5961 = MECHANICAL_DESIGN_GEOMETRIC_PRESENTATION_REPRESENTATION (  '', ( #3529 ), #3454 ) ;
#5963 =( CONVERSION_BASED_UNIT ( 'INCH', #5339 ) LENGTH_UNIT ( ) NAMED_UNIT ( #697 ) );
#5962 = CARTESIAN_POINT ( 'NONE',  ( 0.04199999999999998873, 0.09900000000000000466, 0.01700000000000000122 ) ) ;
#5964 = ORIENTED_EDGE ( 'NONE', *, *, #75, .F. ) ;
#5965 = ORIENTED_EDGE ( 'NONE', *, *, #2911, .T. ) ;
#5966 = VERTEX_POINT ( 'NONE', #1080 ) ;
#5967 = STYLED_ITEM ( 'NONE', ( #404 ), #1863 ) ;
#5968 = PLANE ( 'NONE',  #466 ) ;
#5969 = EDGE_CURVE ( 'NONE', #5293, #792, #1873, .T. ) ;
#5970 = ORIENTED_EDGE ( 'NONE', *, *, #6309, .T. ) ;
#5971 = LINE ( 'NONE', #3323, #1255 ) ;
#5972 = EDGE_LOOP ( 'NONE', ( #1832, #5152, #394, #1302 ) ) ;
#5973 = DIRECTION ( 'NONE',  ( 1.000000000000000000, 0.0000000000000000000, 0.0000000000000000000 ) ) ;
#5974 = ORIENTED_EDGE ( 'NONE', *, *, #6166, .T. ) ;
#5975 =( NAMED_UNIT ( * ) SI_UNIT ( $, .STERADIAN. ) SOLID_ANGLE_UNIT ( ) );
#5976 = ORIENTED_EDGE ( 'NONE', *, *, #2096, .F. ) ;
#5977 = DIRECTION ( 'NONE',  ( -0.0000000000000000000, -1.000000000000000000, -0.0000000000000000000 ) ) ;
#5978 = LINE ( 'NONE', #5264, #3873 ) ;
#5979 = VECTOR ( 'NONE', #253, 39.37007874015748143 ) ;
#5980 = LINE ( 'NONE', #4427, #4181 ) ;
#5981 = EDGE_LOOP ( 'NONE', ( #2756, #5275, #3768, #3092, #2664, #1946, #3473 ) ) ;
#5982 = CARTESIAN_POINT ( 'NONE',  ( -0.03749999999999999861, 0.09900000000000000466, 0.06750000000000001832 ) ) ;
#5983 = VERTEX_POINT ( 'NONE', #4004 ) ;
#5984 = DIRECTION ( 'NONE',  ( -1.000000000000000000, 0.0000000000000000000, 0.0000000000000000000 ) ) ;
#5985 = EDGE_LOOP ( 'NONE', ( #6218, #1329, #1124, #1936 ) ) ;
#5986 = FACE_OUTER_BOUND ( 'NONE', #1249, .T. ) ;
#5987 =( NAMED_UNIT ( * ) SI_UNIT ( $, .STERADIAN. ) SOLID_ANGLE_UNIT ( ) );
#5988 = LINE ( 'NONE', #607, #2399 ) ;
#5989 = VERTEX_POINT ( 'NONE', #5877 ) ;
#5990 = VERTEX_POINT ( 'NONE', #523 ) ;
#5991 = VERTEX_POINT ( 'NONE', #5396 ) ;
#5992 = DIRECTION ( 'NONE',  ( -0.0000000000000000000, 0.0000000000000000000, -1.000000000000000000 ) ) ;
#5993 = LINE ( 'NONE', #4920, #208 ) ;
#5994 = ADVANCED_FACE ( 'NONE', ( #4566 ), #5410, .F. ) ;
#5995 = CARTESIAN_POINT ( 'NONE',  ( 0.05799999999999998906, 0.09900000000000000466, 0.01700000000000000122 ) ) ;
#5996 = ORIENTED_EDGE ( 'NONE', *, *, #862, .F. ) ;
#5997 = CARTESIAN_POINT ( 'NONE',  ( 0.04199999999999998873, 0.2190000000000000002, 0.01700000000000000122 ) ) ;
#5998 = CARTESIAN_POINT ( 'NONE',  ( 0.04199999999999998873, -0.08999999999999999667, -0.03300000000000000155 ) ) ;
#5999 = CARTESIAN_POINT ( 'NONE',  ( -0.05800000000000001682, 0.2089999999999999358, -0.03300000000000000155 ) ) ;
#6000 = LINE ( 'NONE', #6257, #1216 ) ;
#6002 = COLOUR_RGB ( '',0.9686274509803921573, 0.8784313725490195957, 0.5999999999999999778 ) ;
#6001 = DIRECTION ( 'NONE',  ( -1.000000000000000000, 0.0000000000000000000, -0.0000000000000000000 ) ) ;
#6003 = VECTOR ( 'NONE', #1855, 39.37007874015748143 ) ;
#6004 = ADVANCED_FACE ( 'NONE', ( #1499 ), #3532, .F. ) ;
#6005 = EDGE_CURVE ( 'NONE', #5755, #1856, #5456, .T. ) ;
#6006 = PLANE ( 'NONE',  #3357 ) ;
#6007 = VECTOR ( 'NONE', #2393, 39.37007874015748143 ) ;
#6008 = LENGTH_MEASURE_WITH_UNIT ( LENGTH_MEASURE( 0.02539999999999999897 ), #3632 );
#6009 = EDGE_CURVE ( 'NONE', #2474, #259, #435, .T. ) ;
#6010 = EDGE_CURVE ( 'NONE', #5990, #201, #5373, .T. ) ;
#6011 = VECTOR ( 'NONE', #2221, 39.37007874015748143 ) ;
#6012 = AXIS2_PLACEMENT_3D ( 'NONE', #31, #2453, #1981 ) ;
#6013 = CARTESIAN_POINT ( 'NONE',  ( 0.007999999999999981085, 0.2089999999999999358, -0.01700000000000000122 ) ) ;
#6014 = VECTOR ( 'NONE', #246, 39.37007874015748143 ) ;
#6015 = DIRECTION ( 'NONE',  ( 0.0000000000000000000, 1.000000000000000000, 0.0000000000000000000 ) ) ;
#6016 = EDGE_CURVE ( 'NONE', #3921, #4938, #4866, .T. ) ;
#6017 = VECTOR ( 'NONE', #4753, 39.37007874015748143 ) ;
#6018 = AXIS2_PLACEMENT_3D ( 'NONE', #1617, #5500, #5027 ) ;
#6019 = DIRECTION ( 'NONE',  ( -1.000000000000000000, 0.0000000000000000000, -0.0000000000000000000 ) ) ;
#6020 = CARTESIAN_POINT ( 'NONE',  ( -0.05800000000000001682, 0.0000000000000000000, -0.01700000000000000122 ) ) ;
#6021 = DIRECTION ( 'NONE',  ( -1.000000000000000000, 0.0000000000000000000, 0.0000000000000000000 ) ) ;
#6022 = DIRECTION ( 'NONE',  ( -0.0000000000000000000, -1.000000000000000000, -0.0000000000000000000 ) ) ;
#6023 = LINE ( 'NONE', #254, #5406 ) ;
#6024 = CARTESIAN_POINT ( 'NONE',  ( 0.007999999999999981085, -0.2026274169979695450, 0.03300000000000000155 ) ) ;
#6025 = ORIENTED_EDGE ( 'NONE', *, *, #3695, .T. ) ;
#6026 = VECTOR ( 'NONE', #3908, 39.37007874015748143 ) ;
#6027 = CARTESIAN_POINT ( 'NONE',  ( -0.07500000000000002498, 0.09900000000000000466, 0.06750000000000001832 ) ) ;
#6028 = VERTEX_POINT ( 'NONE', #57 ) ;
#6029 = VERTEX_POINT ( 'NONE', #2533 ) ;
#6030 = LENGTH_MEASURE_WITH_UNIT ( LENGTH_MEASURE( 0.02539999999999999897 ), #2563 );
#6032 = PLANE ( 'NONE',  #4521 ) ;
#6031 = CARTESIAN_POINT ( 'NONE',  ( 0.06500000000000000222, 0.07450000000000002454, -0.05749999999999998168 ) ) ;
#6033 = ADVANCED_FACE ( 'NONE', ( #5986 ), #559, .F. ) ;
#6034 = DIRECTION ( 'NONE',  ( -0.0000000000000000000, -1.000000000000000000, -0.0000000000000000000 ) ) ;
#6035 = CLOSED_SHELL ( 'NONE', ( #4807, #2969, #1189, #4164, #1934, #5140 ) ) ;
#6036 = DIRECTION ( 'NONE',  ( 0.0000000000000000000, -0.0000000000000000000, -1.000000000000000000 ) ) ;
#6037 = DIRECTION ( 'NONE',  ( 1.000000000000000000, 0.0000000000000000000, 0.0000000000000000000 ) ) ;
#6038 = DIRECTION ( 'NONE',  ( 0.0000000000000000000, 0.0000000000000000000, 1.000000000000000000 ) ) ;
#6039 = EDGE_CURVE ( 'NONE', #3928, #2899, #3333, .T. ) ;
#6040 = PRESENTATION_LAYER_ASSIGNMENT (  '', '', ( #5700 ) ) ;
#6041 = ORIENTED_EDGE ( 'NONE', *, *, #6056, .T. ) ;
#6042 =( GEOMETRIC_REPRESENTATION_CONTEXT ( 3 ) GLOBAL_UNCERTAINTY_ASSIGNED_CONTEXT ( ( #5715 ) ) GLOBAL_UNIT_ASSIGNED_CONTEXT ( ( #2128, #166, #686 ) ) REPRESENTATION_CONTEXT ( 'NONE', 'WORKASPACE' ) );
#6043 = VECTOR ( 'NONE', #5773, 39.37007874015748143 ) ;
#6044 = EDGE_CURVE ( 'NONE', #1416, #3493, #6137, .T. ) ;
#6045 = VERTEX_POINT ( 'NONE', #2580 ) ;
#6046 = VERTEX_POINT ( 'NONE', #3582 ) ;
#6047 = ORIENTED_EDGE ( 'NONE', *, *, #2946, .F. ) ;
#6048 = CARTESIAN_POINT ( 'NONE',  ( 0.05799999999999998906, 0.09900000000000000466, -0.03300000000000000155 ) ) ;
#6049 = EDGE_LOOP ( 'NONE', ( #2559, #5145, #1700, #3872 ) ) ;
#6050 = VECTOR ( 'NONE', #1166, 39.37007874015748143 ) ;
#6051 = ORIENTED_EDGE ( 'NONE', *, *, #5342, .T. ) ;
#6052 = PRESENTATION_LAYER_ASSIGNMENT (  '', '', ( #5710 ) ) ;
#6053 = VERTEX_POINT ( 'NONE', #3602 ) ;
#6054 = DIMENSIONAL_EXPONENTS ( 1.000000000000000000, 0.0000000000000000000, 0.0000000000000000000, 0.0000000000000000000, 0.0000000000000000000, 0.0000000000000000000, 0.0000000000000000000 ) ;
#6055 = EDGE_LOOP ( 'NONE', ( #5098, #5523, #2252, #1191 ) ) ;
#6056 = EDGE_CURVE ( 'NONE', #4473, #6262, #5909, .T. ) ;
#6057 = CARTESIAN_POINT ( 'NONE',  ( -0.04000000000000000777, 0.07449999999999999678, -0.05749999999999998168 ) ) ;
#6058 = SURFACE_STYLE_FILL_AREA ( #1230 ) ;
#6059 = VECTOR ( 'NONE', #3160, 39.37007874015748143 ) ;
#6060 = FILL_AREA_STYLE ('',( #4630 ) ) ;
#6061 = DIRECTION ( 'NONE',  ( 1.000000000000000000, 0.0000000000000000000, 0.0000000000000000000 ) ) ;
#6062 = FACE_OUTER_BOUND ( 'NONE', #2493, .T. ) ;
#6063 = VERTEX_POINT ( 'NONE', #3623 ) ;
#6064 = ORIENTED_EDGE ( 'NONE', *, *, #4044, .T. ) ;
#6065 = EDGE_LOOP ( 'NONE', ( #5128, #5359, #659, #86 ) ) ;
#6066 = ADVANCED_FACE ( 'NONE', ( #1789 ), #2093, .T. ) ;
#6067 = SURFACE_STYLE_FILL_AREA ( #715 ) ;
#6068 = LINE ( 'NONE', #1481, #2257 ) ;
#6069 = DIRECTION ( 'NONE',  ( 0.0000000000000000000, -0.4999999999999982792, 0.8660254037844397068 ) ) ;
#6070 = VECTOR ( 'NONE', #3862, 39.37007874015748143 ) ;
#6071 = FACE_OUTER_BOUND ( 'NONE', #3958, .T. ) ;
#6072 = ORIENTED_EDGE ( 'NONE', *, *, #5429, .F. ) ;
#6073 = FACE_OUTER_BOUND ( 'NONE', #3844, .T. ) ;
#6074 = LINE ( 'NONE', #2510, #4797 ) ;
#6075 = VECTOR ( 'NONE', #743, 39.37007874015748143 ) ;
#6076 = CARTESIAN_POINT ( 'NONE',  ( -0.06500000000000002998, 0.07449999999999999678, 0.05749999999999998168 ) ) ;
#6077 = PLANE ( 'NONE',  #1357 ) ;
#6078 = VECTOR ( 'NONE', #1516, 39.37007874015748143 ) ;
#6079 = LINE ( 'NONE', #3065, #5114 ) ;
#6080 = CARTESIAN_POINT ( 'NONE',  ( 0.04199999999999998873, 0.0000000000000000000, 0.01700000000000000122 ) ) ;
#6081 = AXIS2_PLACEMENT_3D ( 'NONE', #1949, #548, #3991 ) ;
#6082 = CARTESIAN_POINT ( 'NONE',  ( 0.01250000000000000243, 0.0000000000000000000, -0.06750000000000001832 ) ) ;
#6083 = CARTESIAN_POINT ( 'NONE',  ( 0.05799999999999998906, 0.2190000000000000002, 0.01700000000000000122 ) ) ;
#6084 = CARTESIAN_POINT ( 'NONE',  ( 0.04000000000000000083, 0.02450000000000000441, 0.04250000000000001693 ) ) ;
#6085 = EDGE_CURVE ( 'NONE', #6202, #5146, #1128, .T. ) ;
#6086 = EDGE_CURVE ( 'NONE', #2716, #6304, #4043, .T. ) ;
#6087 = LINE ( 'NONE', #3817, #1448 ) ;
#6088 = DIRECTION ( 'NONE',  ( 0.0000000000000000000, 0.0000000000000000000, -1.000000000000000000 ) ) ;
#6089 = ADVANCED_FACE ( 'NONE', ( #3884 ), #4541, .T. ) ;
#6090 = CARTESIAN_POINT ( 'NONE',  ( 0.05799999999999998906, 0.2190000000000000002, -0.03300000000000000155 ) ) ;
#6091 = EDGE_CURVE ( 'NONE', #3326, #1328, #3567, .T. ) ;
#6092 = AXIS2_PLACEMENT_3D ( 'NONE', #970, #5405, #1059 ) ;
#6093 = LINE ( 'NONE', #2305, #4440 ) ;
#6094 = CARTESIAN_POINT ( 'NONE',  ( 0.0000000000000000000, 0.2190000000000000002, 0.02277350269189626700 ) ) ;
#6095 = EDGE_CURVE ( 'NONE', #639, #696, #2707, .T. ) ;
#6096 = CARTESIAN_POINT ( 'NONE',  ( 0.01919872981077808474, 0.02450000000000000441, -0.04250000000000002387 ) ) ;
#6097 = FILL_AREA_STYLE ('',( #2199 ) ) ;
#6098 = CARTESIAN_POINT ( 'NONE',  ( 0.04199999999999998873, 0.09900000000000000466, 0.03300000000000000155 ) ) ;
#6099 = ORIENTED_EDGE ( 'NONE', *, *, #777, .T. ) ;
#6100 = LENGTH_MEASURE_WITH_UNIT ( LENGTH_MEASURE( 0.02539999999999999897 ), #4701 );
#6101 = DIRECTION ( 'NONE',  ( -0.0000000000000000000, 1.000000000000000000, -0.0000000000000000000 ) ) ;
#6102 = DIRECTION ( 'NONE',  ( 1.000000000000000000, 0.0000000000000000000, 0.0000000000000000000 ) ) ;
#6103 = ORIENTED_EDGE ( 'NONE', *, *, #5753, .T. ) ;
#6104 = CARTESIAN_POINT ( 'NONE',  ( -0.008000000000000015779, 0.09900000000000000466, 0.01700000000000000122 ) ) ;
#6105 = VERTEX_POINT ( 'NONE', #3079 ) ;
#6106 = VECTOR ( 'NONE', #2583, 39.37007874015748143 ) ;
#6107 = CARTESIAN_POINT ( 'NONE',  ( 0.01250000000000000243, 0.0000000000000000000, -0.06750000000000001832 ) ) ;
#6108 = VERTEX_POINT ( 'NONE', #160 ) ;
#6109 = DIMENSIONAL_EXPONENTS ( 1.000000000000000000, 0.0000000000000000000, 0.0000000000000000000, 0.0000000000000000000, 0.0000000000000000000, 0.0000000000000000000, 0.0000000000000000000 ) ;
#6110 = DIRECTION ( 'NONE',  ( 0.0000000000000000000, -0.0000000000000000000, 1.000000000000000000 ) ) ;
#6111 = SURFACE_SIDE_STYLE ('',( #4127 ) ) ;
#6112 = ORIENTED_EDGE ( 'NONE', *, *, #2685, .T. ) ;
#6113 = VERTEX_POINT ( 'NONE', #5515 ) ;
#6114 = DIRECTION ( 'NONE',  ( 0.2588190451025213501, 0.0000000000000000000, 0.9659258262890682012 ) ) ;
#6115 = EDGE_CURVE ( 'NONE', #1028, #2167, #5752, .T. ) ;
#6116 = ADVANCED_FACE ( 'NONE', ( #3180 ), #1169, .T. ) ;
#6117 = EDGE_CURVE ( 'NONE', #5812, #5294, #587, .T. ) ;
#6118 = STYLED_ITEM ( 'NONE', ( #6186 ), #2060 ) ;
#6119 = ORIENTED_EDGE ( 'NONE', *, *, #1802, .T. ) ;
#6120 = LINE ( 'NONE', #1426, #3548 ) ;
#6121 = ORIENTED_EDGE ( 'NONE', *, *, #4713, .F. ) ;
#6122 = EDGE_CURVE ( 'NONE', #1853, #3167, #1267, .T. ) ;
#6123 = ORIENTED_EDGE ( 'NONE', *, *, #46, .T. ) ;
#6124 = ORIENTED_EDGE ( 'NONE', *, *, #1440, .T. ) ;
#6125 = PRESENTATION_LAYER_ASSIGNMENT (  '', '', ( #3078 ) ) ;
#6126 = DIRECTION ( 'NONE',  ( -0.0000000000000000000, 1.000000000000000000, -0.0000000000000000000 ) ) ;
#6127 = PLANE ( 'NONE',  #4892 ) ;
#6128 = EDGE_CURVE ( 'NONE', #1632, #2760, #1944, .T. ) ;
#6129 = VECTOR ( 'NONE', #1811, 39.37007874015748143 ) ;
#6130 = LINE ( 'NONE', #3002, #1414 ) ;
#6131 = ORIENTED_EDGE ( 'NONE', *, *, #173, .F. ) ;
#6132 = ORIENTED_EDGE ( 'NONE', *, *, #2704, .T. ) ;
#6133 = EDGE_LOOP ( 'NONE', ( #5602, #2746, #1620, #3655 ) ) ;
#6134 = STYLED_ITEM ( 'NONE', ( #280 ), #4053 ) ;
#6135 = DIRECTION ( 'NONE',  ( -1.000000000000000000, -0.0000000000000000000, -0.0000000000000000000 ) ) ;
#6136 = VECTOR ( 'NONE', #101, 39.37007874015748143 ) ;
#6137 = LINE ( 'NONE', #6013, #2940 ) ;
#6138 = DIRECTION ( 'NONE',  ( 0.0000000000000000000, -0.0000000000000000000, 1.000000000000000000 ) ) ;
#6139 = PRESENTATION_STYLE_ASSIGNMENT (( #3851 ) ) ;
#6140 = ORIENTED_EDGE ( 'NONE', *, *, #3246, .T. ) ;
#6141 = ORIENTED_EDGE ( 'NONE', *, *, #6300, .F. ) ;
#6142 = CARTESIAN_POINT ( 'NONE',  ( -0.07500000000000002498, 0.0000000000000000000, -0.06750000000000001832 ) ) ;
#6143 = VERTEX_POINT ( 'NONE', #1187 ) ;
#6144 = CARTESIAN_POINT ( 'NONE',  ( -0.1000000000000000056, 0.2190000000000000002, 0.02722649730810373578 ) ) ;
#6145 = DIRECTION ( 'NONE',  ( -0.0000000000000000000, -1.000000000000000000, -0.0000000000000000000 ) ) ;
#6146 = VECTOR ( 'NONE', #1387, 39.37007874015748143 ) ;
#6147 = CARTESIAN_POINT ( 'NONE',  ( 0.05799999999999998906, 0.09900000000000000466, -0.03300000000000000155 ) ) ;
#6148 = VECTOR ( 'NONE', #1917, 39.37007874015748143 ) ;
#6149 = ORIENTED_EDGE ( 'NONE', *, *, #749, .T. ) ;
#6150 = DIRECTION ( 'NONE',  ( -1.000000000000000000, 0.0000000000000000000, 1.138269997360109674E-16 ) ) ;
#6151 = DIMENSIONAL_EXPONENTS ( 1.000000000000000000, 0.0000000000000000000, 0.0000000000000000000, 0.0000000000000000000, 0.0000000000000000000, 0.0000000000000000000, 0.0000000000000000000 ) ;
#6152 = FACE_OUTER_BOUND ( 'NONE', #1694, .T. ) ;
#6153 = VECTOR ( 'NONE', #2977, 39.37007874015748143 ) ;
#6154 = PRESENTATION_STYLE_ASSIGNMENT (( #2668 ) ) ;
#6155 =( CONVERSION_BASED_UNIT ( 'INCH', #2144 ) LENGTH_UNIT ( ) NAMED_UNIT ( #5570 ) );
#6156 = FACE_OUTER_BOUND ( 'NONE', #3715, .T. ) ;
#6157 = PRESENTATION_STYLE_ASSIGNMENT (( #4405 ) ) ;
#6158 = CARTESIAN_POINT ( 'NONE',  ( -0.07500000000000002498, 0.02449999999999998707, -0.06749999999999997669 ) ) ;
#6159 = ADVANCED_FACE ( 'NONE', ( #1422 ), #2346, .F. ) ;
#6160 = DIRECTION ( 'NONE',  ( -0.0000000000000000000, -1.000000000000000000, -0.0000000000000000000 ) ) ;
#6161 = FACE_OUTER_BOUND ( 'NONE', #2594, .T. ) ;
#6162 = CARTESIAN_POINT ( 'NONE',  ( 0.01250000000000000243, 0.0000000000000000000, 0.06750000000000001832 ) ) ;
#6163 = PRESENTATION_LAYER_ASSIGNMENT (  '', '', ( #6254 ) ) ;
#6164 =( NAMED_UNIT ( * ) SI_UNIT ( $, .STERADIAN. ) SOLID_ANGLE_UNIT ( ) );
#6165 = DIRECTION ( 'NONE',  ( 0.0000000000000000000, 1.000000000000000000, 0.0000000000000000000 ) ) ;
#6166 = EDGE_CURVE ( 'NONE', #1018, #1918, #3026, .T. ) ;
#6167 = VECTOR ( 'NONE', #3996, 39.37007874015748143 ) ;
#6168 = DIRECTION ( 'NONE',  ( -1.000000000000000000, 0.0000000000000000000, 0.0000000000000000000 ) ) ;
#6169 = CARTESIAN_POINT ( 'NONE',  ( -0.05800000000000001682, 0.0000000000000000000, 0.01700000000000000122 ) ) ;
#6170 =( GEOMETRIC_REPRESENTATION_CONTEXT ( 3 ) GLOBAL_UNCERTAINTY_ASSIGNED_CONTEXT ( ( #742 ) ) GLOBAL_UNIT_ASSIGNED_CONTEXT ( ( #688, #3542, #5975 ) ) REPRESENTATION_CONTEXT ( 'NONE', 'WORKASPACE' ) );
#6171 = ORIENTED_EDGE ( 'NONE', *, *, #1030, .T. ) ;
#6172 = COLOUR_RGB ( '',0.9686274509803921573, 0.8784313725490195957, 0.5999999999999999778 ) ;
#6173 = CARTESIAN_POINT ( 'NONE',  ( -0.05800000000000001682, 0.09900000000000000466, 0.03300000000000000155 ) ) ;
#6174 = EDGE_CURVE ( 'NONE', #3955, #5001, #2556, .T. ) ;
#6175 = DIRECTION ( 'NONE',  ( -0.0000000000000000000, 1.000000000000000000, -0.0000000000000000000 ) ) ;
#6176 = CARTESIAN_POINT ( 'NONE',  ( -0.03749999999999999861, 0.0000000000000000000, 0.06750000000000001832 ) ) ;
#6177 = CARTESIAN_POINT ( 'NONE',  ( 0.07499999999999999722, 0.09900000000000000466, -0.06750000000000003220 ) ) ;
#6178 = ORIENTED_EDGE ( 'NONE', *, *, #5201, .T. ) ;
#6179 = ORIENTED_EDGE ( 'NONE', *, *, #4079, .F. ) ;
#6180 = PRESENTATION_STYLE_ASSIGNMENT (( #2595 ) ) ;
#6181 = CARTESIAN_POINT ( 'NONE',  ( 0.01000000000000000368, 0.02450000000000000441, 0.01580951894845298786 ) ) ;
#6182 = SURFACE_SIDE_STYLE ('',( #5842 ) ) ;
#6183 = CARTESIAN_POINT ( 'NONE',  ( 0.05799999999999998906, 0.0000000000000000000, -0.01700000000000000122 ) ) ;
#6184 = ORIENTED_EDGE ( 'NONE', *, *, #5051, .T. ) ;
#6185 = ADVANCED_FACE ( 'NONE', ( #5607 ), #369, .F. ) ;
#6186 = PRESENTATION_STYLE_ASSIGNMENT (( #5928 ) ) ;
#6187 = FILL_AREA_STYLE ('',( #5195 ) ) ;
#6188 = DIRECTION ( 'NONE',  ( 1.000000000000000000, 0.0000000000000000000, 0.0000000000000000000 ) ) ;
#6189 = CARTESIAN_POINT ( 'NONE',  ( -0.07500000000000002498, 0.07450000000000002454, -0.05749999999999998168 ) ) ;
#6190 = VERTEX_POINT ( 'NONE', #1305 ) ;
#6191 = ORIENTED_EDGE ( 'NONE', *, *, #5386, .T. ) ;
#6192 = CARTESIAN_POINT ( 'NONE',  ( 0.05799999999999998906, 0.0000000000000000000, -0.01700000000000000122 ) ) ;
#6193 = DIRECTION ( 'NONE',  ( 0.0000000000000000000, 0.0000000000000000000, -1.000000000000000000 ) ) ;
#6194 = MANIFOLD_SOLID_BREP ( 'Boss-Extrude3[2]', #2629 ) ;
#6195 = CARTESIAN_POINT ( 'NONE',  ( 0.007999999999999981085, 0.0000000000000000000, 0.03300000000000000155 ) ) ;
#6196 = ORIENTED_EDGE ( 'NONE', *, *, #423, .T. ) ;
#6197 = DIRECTION ( 'NONE',  ( 0.0000000000000000000, 0.0000000000000000000, -1.000000000000000000 ) ) ;
#6198 = ORIENTED_EDGE ( 'NONE', *, *, #1119, .T. ) ;
#6199 = DIRECTION ( 'NONE',  ( 5.691349986800548372E-17, -0.0000000000000000000, 1.000000000000000000 ) ) ;
#6200 = PLANE ( 'NONE',  #4434 ) ;
#6201 = FACE_OUTER_BOUND ( 'NONE', #122, .T. ) ;
#6202 = VERTEX_POINT ( 'NONE', #3305 ) ;
#6204 = CARTESIAN_POINT ( 'NONE',  ( -0.01249999999999999549, 0.09900000000000000466, 0.06750000000000001832 ) ) ;
#6203 = VECTOR ( 'NONE', #4598, 39.37007874015748143 ) ;
#6205 = VERTEX_POINT ( 'NONE', #2805 ) ;
#6206 = CARTESIAN_POINT ( 'NONE',  ( 0.007999999999999981085, 0.0000000000000000000, 0.03300000000000000155 ) ) ;
#6207 = EDGE_CURVE ( 'NONE', #3707, #5647, #1212, .T. ) ;
#6208 = ORIENTED_EDGE ( 'NONE', *, *, #3625, .F. ) ;
#6209 = PRESENTATION_LAYER_ASSIGNMENT (  '', '', ( #3957 ) ) ;
#6210 = EDGE_LOOP ( 'NONE', ( #2943, #4415, #3604, #4322 ) ) ;
#6211 = EDGE_CURVE ( 'NONE', #5983, #5369, #44, .T. ) ;
#6212 = PRESENTATION_LAYER_ASSIGNMENT (  '', '', ( #10 ) ) ;
#6213 = LINE ( 'NONE', #6107, #2321 ) ;
#6214 = LENGTH_MEASURE_WITH_UNIT ( LENGTH_MEASURE( 0.02539999999999999897 ), #27 );
#6215 = DIRECTION ( 'NONE',  ( 1.000000000000000000, -0.0000000000000000000, -0.0000000000000000000 ) ) ;
#6216 = VECTOR ( 'NONE', #4017, 39.37007874015748143 ) ;
#6217 = VECTOR ( 'NONE', #5335, 39.37007874015748143 ) ;
#6218 = ORIENTED_EDGE ( 'NONE', *, *, #3870, .F. ) ;
#6219 = EDGE_LOOP ( 'NONE', ( #562, #1766, #568, #969 ) ) ;
#6220 = ORIENTED_EDGE ( 'NONE', *, *, #1965, .T. ) ;
#6221 = CARTESIAN_POINT ( 'NONE',  ( -0.05800000000000001682, 0.0000000000000000000, -0.03300000000000000155 ) ) ;
#6222 = EDGE_CURVE ( 'NONE', #563, #6053, #2697, .T. ) ;
#6223 = COLOUR_RGB ( '',0.9686274509803921573, 0.8784313725490195957, 0.5999999999999999778 ) ;
#6224 = VECTOR ( 'NONE', #2352, 39.37007874015748143 ) ;
#6225 = FACE_OUTER_BOUND ( 'NONE', #5341, .T. ) ;
#6226 = DIRECTION ( 'NONE',  ( -1.707404996040164758E-16, 1.000000000000000000, 0.0000000000000000000 ) ) ;
#6227 = DIRECTION ( 'NONE',  ( 0.0000000000000000000, 0.0000000000000000000, 1.000000000000000000 ) ) ;
#6228 = ADVANCED_FACE ( 'NONE', ( #5913 ), #5205, .F. ) ;
#6229 = ORIENTED_EDGE ( 'NONE', *, *, #3272, .T. ) ;
#6230 = CARTESIAN_POINT ( 'NONE',  ( -0.05222649730810375451, 0.2190000000000000002, -0.02277350269189626700 ) ) ;
#6231 = CARTESIAN_POINT ( 'NONE',  ( 0.04000000000000000083, 0.07449999999999999678, 0.05749999999999998168 ) ) ;
#6232 = FACE_OUTER_BOUND ( 'NONE', #130, .T. ) ;
#6233 = LINE ( 'NONE', #3609, #5397 ) ;
#6234 = VECTOR ( 'NONE', #1695, 39.37007874015748143 ) ;
#6235 = LINE ( 'NONE', #3675, #1669 ) ;
#6236 = CARTESIAN_POINT ( 'NONE',  ( -0.01249999999999999549, 0.0000000000000000000, 0.06750000000000001832 ) ) ;
#6237 = DIRECTION ( 'NONE',  ( 1.000000000000000000, 0.0000000000000000000, 0.0000000000000000000 ) ) ;
#6238 = LINE ( 'NONE', #2960, #5393 ) ;
#6239 = VECTOR ( 'NONE', #5497, 39.37007874015748143 ) ;
#6240 = LINE ( 'NONE', #2681, #1889 ) ;
#6241 = LINE ( 'NONE', #292, #370 ) ;
#6242 = CARTESIAN_POINT ( 'NONE',  ( 0.05321880215351696558, 0.2284315353299545825, -0.02178119784648302470 ) ) ;
#6243 = CARTESIAN_POINT ( 'NONE',  ( -0.03749999999999999861, 0.07450000000000002454, -0.06750000000000001832 ) ) ;
#6244 = VECTOR ( 'NONE', #3634, 39.37007874015748143 ) ;
#6245 = UNCERTAINTY_MEASURE_WITH_UNIT (LENGTH_MEASURE( 1.000000000000000082E-05 ), #3498, 'distance_accuracy_value', 'NONE');
#6246 = FACE_OUTER_BOUND ( 'NONE', #1104, .T. ) ;
#6247 = DIRECTION ( 'NONE',  ( -0.0000000000000000000, 1.000000000000000000, -0.0000000000000000000 ) ) ;
#6248 = CARTESIAN_POINT ( 'NONE',  ( 0.05799999999999998906, -0.08999999999999999667, 0.03300000000000000155 ) ) ;
#6249 = CARTESIAN_POINT ( 'NONE',  ( 0.05799999999999998906, 0.0000000000000000000, -0.03300000000000000155 ) ) ;
#6250 = EDGE_CURVE ( 'NONE', #2771, #4466, #1045, .T. ) ;
#6251 = FILL_AREA_STYLE ('',( #2830 ) ) ;
#6252 =( GEOMETRIC_REPRESENTATION_CONTEXT ( 3 ) GLOBAL_UNCERTAINTY_ASSIGNED_CONTEXT ( ( #230 ) ) GLOBAL_UNIT_ASSIGNED_CONTEXT ( ( #4291, #1769, #5188 ) ) REPRESENTATION_CONTEXT ( 'NONE', 'WORKASPACE' ) );
#6253 = CARTESIAN_POINT ( 'NONE',  ( -0.008000000000000015779, 0.0000000000000000000, -0.01700000000000000122 ) ) ;
#6254 = STYLED_ITEM ( 'NONE', ( #6157 ), #90 ) ;
#6255 = AXIS2_PLACEMENT_3D ( 'NONE', #1703, #2228, #5130 ) ;
#6256 = DIRECTION ( 'NONE',  ( 0.0000000000000000000, -0.0000000000000000000, -1.000000000000000000 ) ) ;
#6257 = CARTESIAN_POINT ( 'NONE',  ( -0.05800000000000001682, 0.0000000000000000000, -0.01700000000000000122 ) ) ;
#6258 = EDGE_CURVE ( 'NONE', #5492, #342, #5106, .T. ) ;
#6259 = ADVANCED_FACE ( 'NONE', ( #6071 ), #390, .T. ) ;
#6260 =( NAMED_UNIT ( * ) PLANE_ANGLE_UNIT ( ) SI_UNIT ( $, .RADIAN. ) );
#6261 = CARTESIAN_POINT ( 'NONE',  ( 0.006781197846482946330, 0.2111110272542658373, 0.01821880215351704205 ) ) ;
#6262 = VERTEX_POINT ( 'NONE', #837 ) ;
#6263 = DIRECTION ( 'NONE',  ( 1.000000000000000000, -0.0000000000000000000, -0.0000000000000000000 ) ) ;
#6264 =( LENGTH_UNIT ( ) NAMED_UNIT ( * ) SI_UNIT ( $, .METRE. ) );
#6265 = CARTESIAN_POINT ( 'NONE',  ( -0.05800000000000001682, 0.09900000000000000466, 0.03300000000000000155 ) ) ;
#6266 = ORIENTED_EDGE ( 'NONE', *, *, #224, .T. ) ;
#6267 = LINE ( 'NONE', #560, #1468 ) ;
#6268 = CARTESIAN_POINT ( 'NONE',  ( 0.01250000000000000243, 0.09900000000000000466, -0.06750000000000001832 ) ) ;
#6269 = CARTESIAN_POINT ( 'NONE',  ( -0.07500000000000002498, 0.02449999999999998707, -0.05749999999999998168 ) ) ;
#6270 = DIRECTION ( 'NONE',  ( 1.000000000000000000, 0.0000000000000000000, 0.0000000000000000000 ) ) ;
#6271 = CLOSED_SHELL ( 'NONE', ( #1971, #3382, #90, #3752, #26, #5519, #4870, #5553, #2537, #1157 ) ) ;
#6272 = VERTEX_POINT ( 'NONE', #3823 ) ;
#6273 = ORIENTED_EDGE ( 'NONE', *, *, #2988, .T. ) ;
#6274 = DIRECTION ( 'NONE',  ( -0.0000000000000000000, -0.0000000000000000000, -1.000000000000000000 ) ) ;
#6275 = VECTOR ( 'NONE', #4382, 39.37007874015748143 ) ;
#6276 = VERTEX_POINT ( 'NONE', #6248 ) ;
#6277 = VECTOR ( 'NONE', #1865, 39.37007874015748143 ) ;
#6278 = ORIENTED_EDGE ( 'NONE', *, *, #6005, .T. ) ;
#6279 = VERTEX_POINT ( 'NONE', #2759 ) ;
#6280 = CLOSED_SHELL ( 'NONE', ( #895, #228, #829, #5041, #1723, #3822, #534, #4264, #4672, #5634 ) ) ;
#6281 = VERTEX_POINT ( 'NONE', #6230 ) ;
#6282 = FILL_AREA_STYLE ('',( #2876 ) ) ;
#6283 = CARTESIAN_POINT ( 'NONE',  ( -0.06500000000000002998, 0.02450000000000000441, 0.04749999999999998668 ) ) ;
#6284 = ADVANCED_FACE ( 'NONE', ( #4486 ), #856, .F. ) ;
#6285 = AXIS2_PLACEMENT_3D ( 'NONE', #605, #5984, #2062 ) ;
#6286 =( LENGTH_UNIT ( ) NAMED_UNIT ( * ) SI_UNIT ( $, .METRE. ) );
#6287 = VECTOR ( 'NONE', #4348, 39.37007874015748143 ) ;
#6288 = ORIENTED_EDGE ( 'NONE', *, *, #1753, .T. ) ;
#6289 = LINE ( 'NONE', #5670, #642 ) ;
#6290 = LINE ( 'NONE', #104, #426 ) ;
#6291 = VERTEX_POINT ( 'NONE', #1850 ) ;
#6292 = EDGE_CURVE ( 'NONE', #201, #6063, #3974, .T. ) ;
#6293 = ORIENTED_EDGE ( 'NONE', *, *, #579, .T. ) ;
#6294 = CARTESIAN_POINT ( 'NONE',  ( 0.07499999999999999722, 0.02449999999999998707, -0.04749999999999998668 ) ) ;
#6295 = ORIENTED_EDGE ( 'NONE', *, *, #4843, .F. ) ;
#6296 = CARTESIAN_POINT ( 'NONE',  ( -0.03749999999999999861, 0.0000000000000000000, -0.06750000000000001832 ) ) ;
#6297 = DIRECTION ( 'NONE',  ( 0.0000000000000000000, 1.000000000000000000, 0.0000000000000000000 ) ) ;
#6298 = DIRECTION ( 'NONE',  ( 0.0000000000000000000, 0.0000000000000000000, -1.000000000000000000 ) ) ;
#6299 = LINE ( 'NONE', #5432, #2775 ) ;
#6300 = EDGE_CURVE ( 'NONE', #1771, #1505, #3653, .T. ) ;
#6301 = COLOUR_RGB ( '',0.7921568627450980005, 0.8196078431372548767, 0.9333333333333333481 ) ;
#6302 = ORIENTED_EDGE ( 'NONE', *, *, #2259, .T. ) ;
#6303 = ORIENTED_EDGE ( 'NONE', *, *, #4352, .F. ) ;
#6304 = VERTEX_POINT ( 'NONE', #4 ) ;
#6305 = PRESENTATION_STYLE_ASSIGNMENT (( #5902 ) ) ;
#6306 = LINE ( 'NONE', #3041, #4110 ) ;
#6307 = CARTESIAN_POINT ( 'NONE',  ( 0.01919872981077808821, 0.0000000000000000000, 0.04250000000000001693 ) ) ;
#6308 = AXIS2_PLACEMENT_3D ( 'NONE', #1919, #6297, #3409 ) ;
#6309 = EDGE_CURVE ( 'NONE', #875, #2212, #2848, .T. ) ;
#6310 = ORIENTED_EDGE ( 'NONE', *, *, #1129, .F. ) ;
#6311 = VECTOR ( 'NONE', #1446, 39.37007874015748143 ) ;
#6312 = VECTOR ( 'NONE', #6274, 39.37007874015748143 ) ;
#6313 = SURFACE_SIDE_STYLE ('',( #3636 ) ) ;
#6314 = COLOUR_RGB ( '',0.7921568627450980005, 0.8196078431372548767, 0.9333333333333333481 ) ;
#6315 = FILL_AREA_STYLE ('',( #3892 ) ) ;
#6316 = CARTESIAN_POINT ( 'NONE',  ( -0.03749999999999999861, 0.07450000000000002454, -0.06750000000000001832 ) ) ;
#6317 = ORIENTED_EDGE ( 'NONE', *, *, #4398, .F. ) ;
#6318 = DIRECTION ( 'NONE',  ( 1.000000000000000000, 0.0000000000000000000, -0.0000000000000000000 ) ) ;
#6319 = CARTESIAN_POINT ( 'NONE',  ( -0.01919872981077807780, 0.0000000000000000000, -0.04250000000000001693 ) ) ;
#6320 = VECTOR ( 'NONE', #234, 39.37007874015748143 ) ;
#6321 = ADVANCED_FACE ( 'NONE', ( #1412 ), #5782, .F. ) ;
#6322 = LINE ( 'NONE', #2524, #4891 ) ;
#6323 = UNCERTAINTY_MEASURE_WITH_UNIT (LENGTH_MEASURE( 1.000000000000000082E-05 ), #4823, 'distance_accuracy_value', 'NONE');
#6324 = CARTESIAN_POINT ( 'NONE',  ( -0.04678119784648303997, 0.2284315353299545825, 0.02178119784648302470 ) ) ;
#6325 = VECTOR ( 'NONE', #965, 39.37007874015748143 ) ;
#6326 = DIRECTION ( 'NONE',  ( 0.2588190451025213501, 0.0000000000000000000, -0.9659258262890679791 ) ) ;
#6327 = CARTESIAN_POINT ( 'NONE',  ( -0.04200000000000002343, -0.2026274169979695450, 0.03300000000000000155 ) ) ;
ENDSEC;
END-ISO-10303-21;
