ISO-10303-21;
HEADER;
FILE_DESCRIPTION (( 'STEP AP214' ),
    '1' );
FILE_NAME ('ADTS24NV.STEP',
    '2026-04-30T08:49:49',
    ( '' ),
    ( '' ),
    'SwSTEP 2.0',
    'SolidWorks 2025',
    '' );
FILE_SCHEMA (( 'AUTOMOTIVE_DESIGN' ));
ENDSEC;

DATA;
#1 = ORIENTED_EDGE ( 'NONE', *, *, #3245, .T. ) ;
#2 = EDGE_CURVE ( 'NONE', #655, #1002, #4455, .T. ) ;
#3 = CARTESIAN_POINT ( 'NONE',  ( 4.020519679137760427, 4.119475320510217031, 0.7999999999999998224 ) ) ;
#4 = SURFACE_STYLE_FILL_AREA ( #4079 ) ;
#5 = DIRECTION ( 'NONE',  ( 0.000000000000000000, 0.2841106857314363299, 0.9587914884129984383 ) ) ;
#6 = ORIENTED_EDGE ( 'NONE', *, *, #1743, .T. ) ;
#7 = CARTESIAN_POINT ( 'NONE',  ( 0.000000000000000000, 0.000000000000000000, 3.649999999999999467 ) ) ;
#8 = VECTOR ( 'NONE', #1448, 1000.000000000000000 ) ;
#9 = STYLED_ITEM ( 'NONE', ( #1940 ), #1587 ) ;
#10 = STYLED_ITEM ( 'NONE', ( #1370 ), #3388 ) ;
#11 = CARTESIAN_POINT ( 'NONE',  ( -5.000000000000000888, 4.999999999999999112, -3.500000000000000000 ) ) ;
#12 = VERTEX_POINT ( 'NONE', #1463 ) ;
#13 = CYLINDRICAL_SURFACE ( 'NONE', #1465, 0.4911654362906815452 ) ;
#14 = PRESENTATION_LAYER_ASSIGNMENT (  '', '', ( #4578 ) ) ;
#15 = PLANE ( 'NONE',  #3574 ) ;
#16 = ORIENTED_EDGE ( 'NONE', *, *, #3996, .F. ) ;
#17 = CARTESIAN_POINT ( 'NONE',  ( 6.000000000000000888, -4.999999999999993783, 0.000000000000000000 ) ) ;
#18 = DIRECTION ( 'NONE',  ( -1.000000000000000000, 0.000000000000000000, 0.000000000000000000 ) ) ;
#19 = EDGE_CURVE ( 'NONE', #734, #1798, #206, .T. ) ;
#20 = AXIS2_PLACEMENT_3D ( 'NONE', #879, #2994, #1907 ) ;
#21 = ORIENTED_EDGE ( 'NONE', *, *, #854, .T. ) ;
#22 = CARTESIAN_POINT ( 'NONE',  ( 4.020519679137760427, 4.119475320510217031, 0.4999999999999997780 ) ) ;
#23 = VECTOR ( 'NONE', #2974, 1000.000000000000227 ) ;
#24 = SURFACE_STYLE_FILL_AREA ( #97 ) ;
#25 = EDGE_CURVE ( 'NONE', #3713, #4190, #3771, .T. ) ;
#26 = DIRECTION ( 'NONE',  ( -0.000000000000000000, -0.000000000000000000, 1.000000000000000000 ) ) ;
#27 = ORIENTED_EDGE ( 'NONE', *, *, #4025, .F. ) ;
#28 = FILL_AREA_STYLE_COLOUR ( '', #4130 ) ;
#29 = FACE_OUTER_BOUND ( 'NONE', #4473, .T. ) ;
#30 = PRESENTATION_LAYER_ASSIGNMENT (  '', '', ( #4523 ) ) ;
#31 = ADVANCED_FACE ( 'NONE', ( #433 ), #3348, .T. ) ;
#32 = EDGE_LOOP ( 'NONE', ( #1481, #4334, #4034, #1757 ) ) ;
#33 = FILL_AREA_STYLE_COLOUR ( '', #2170 ) ;
#34 = VERTEX_POINT ( 'NONE', #3063 ) ;
#35 = UNCERTAINTY_MEASURE_WITH_UNIT (LENGTH_MEASURE( 1.000000000000000082E-05 ), #4658, 'distance_accuracy_value', 'NONE');
#36 = EDGE_CURVE ( 'NONE', #788, #1127, #2671, .T. ) ;
#37 = FILL_AREA_STYLE_COLOUR ( '', #3247 ) ;
#38 = ORIENTED_EDGE ( 'NONE', *, *, #4157, .F. ) ;
#39 = CARTESIAN_POINT ( 'NONE',  ( -3.000000000000000000, 6.921432421494547960, -5.262072792150289224 ) ) ;
#40 =( NAMED_UNIT ( * ) SI_UNIT ( $, .STERADIAN. ) SOLID_ANGLE_UNIT ( ) );
#41 = SURFACE_STYLE_FILL_AREA ( #1159 ) ;
#42 = FACE_OUTER_BOUND ( 'NONE', #1244, .T. ) ;
#43 =( NAMED_UNIT ( * ) PLANE_ANGLE_UNIT ( ) SI_UNIT ( $, .RADIAN. ) );
#44 =( NAMED_UNIT ( * ) SI_UNIT ( $, .STERADIAN. ) SOLID_ANGLE_UNIT ( ) );
#45 = DIRECTION ( 'NONE',  ( 1.000000000000000000, 0.000000000000000000, 0.000000000000000000 ) ) ;
#46 =( LENGTH_UNIT ( ) NAMED_UNIT ( * ) SI_UNIT ( .MILLI., .METRE. ) );
#47 = FACE_OUTER_BOUND ( 'NONE', #620, .T. ) ;
#48 = VERTEX_POINT ( 'NONE', #1957 ) ;
#49 = CARTESIAN_POINT ( 'NONE',  ( 3.000000000000000000, 6.149086202862900308, -2.770399538941275441 ) ) ;
#50 = LINE ( 'NONE', #103, #1221 ) ;
#51 = EDGE_CURVE ( 'NONE', #500, #4469, #1253, .T. ) ;
#53 = LINE ( 'NONE', #3369, #1600 ) ;
#52 =( GEOMETRIC_REPRESENTATION_CONTEXT ( 3 ) GLOBAL_UNCERTAINTY_ASSIGNED_CONTEXT ( ( #3198 ) ) GLOBAL_UNIT_ASSIGNED_CONTEXT ( ( #3106, #2067, #3564 ) ) REPRESENTATION_CONTEXT ( 'NONE', 'WORKASPACE' ) );
#54 = STYLED_ITEM ( 'NONE', ( #4433 ), #31 ) ;
#55 = ORIENTED_EDGE ( 'NONE', *, *, #2594, .T. ) ;
#56 =( NAMED_UNIT ( * ) PLANE_ANGLE_UNIT ( ) SI_UNIT ( $, .RADIAN. ) );
#57 = CARTESIAN_POINT ( 'NONE',  ( -4.020519679137759539, -3.871192841101213755, -0.05000000000000000278 ) ) ;
#58 = PRESENTATION_LAYER_ASSIGNMENT (  '', '', ( #1676 ) ) ;
#59 = MECHANICAL_DESIGN_GEOMETRIC_PRESENTATION_REPRESENTATION (  '', ( #1762 ), #1309 ) ;
#60 = COLOUR_RGB ( '',1.000000000000000000, 1.000000000000000000, 1.000000000000000000 ) ;
#61 = CARTESIAN_POINT ( 'NONE',  ( 2.000000000000000000, 6.498044693033953934, -5.634957571453078629 ) ) ;
#62 = ORIENTED_EDGE ( 'NONE', *, *, #3752, .T. ) ;
#63 = CARTESIAN_POINT ( 'NONE',  ( -4.511685115428440973, 4.119475320510217031, 0.4999999999999997780 ) ) ;
#64 = PRESENTATION_STYLE_ASSIGNMENT (( #2975 ) ) ;
#65 =( NAMED_UNIT ( * ) SI_UNIT ( $, .STERADIAN. ) SOLID_ANGLE_UNIT ( ) );
#66 = EDGE_CURVE ( 'NONE', #2078, #2379, #3014, .T. ) ;
#67 =( NAMED_UNIT ( * ) SI_UNIT ( $, .STERADIAN. ) SOLID_ANGLE_UNIT ( ) );
#68 = AXIS2_PLACEMENT_3D ( 'NONE', #2357, #2312, #3822 ) ;
#69 = FACE_OUTER_BOUND ( 'NONE', #2254, .T. ) ;
#70 = STYLED_ITEM ( 'NONE', ( #1504 ), #1122 ) ;
#71 =( LENGTH_UNIT ( ) NAMED_UNIT ( * ) SI_UNIT ( .MILLI., .METRE. ) );
#72 = CIRCLE ( 'NONE', #3891, 0.1911654362906811955 ) ;
#73 = PLANE ( 'NONE',  #2733 ) ;
#74 = VECTOR ( 'NONE', #4095, 1000.000000000000114 ) ;
#75 = COLOUR_RGB ( '',1.000000000000000000, 1.000000000000000000, 1.000000000000000000 ) ;
#76 = SURFACE_STYLE_FILL_AREA ( #1212 ) ;
#77 =( LENGTH_UNIT ( ) NAMED_UNIT ( * ) SI_UNIT ( .MILLI., .METRE. ) );
#78 = VERTEX_POINT ( 'NONE', #3114 ) ;
#79 = SURFACE_STYLE_FILL_AREA ( #347 ) ;
#80 = CARTESIAN_POINT ( 'NONE',  ( -2.405954395228027565, -6.250000000000000888, -7.149999999999997691 ) ) ;
#81 = SURFACE_STYLE_USAGE ( .BOTH. , #2281 ) ;
#82 = EDGE_CURVE ( 'NONE', #4328, #4611, #4543, .T. ) ;
#83 = ADVANCED_FACE ( 'NONE', ( #3423 ), #853, .F. ) ;
#84 = ORIENTED_EDGE ( 'NONE', *, *, #2027, .F. ) ;
#85 = UNCERTAINTY_MEASURE_WITH_UNIT (LENGTH_MEASURE( 1.000000000000000082E-05 ), #3212, 'distance_accuracy_value', 'NONE');
#86 = DIRECTION ( 'NONE',  ( 0.000000000000000000, 0.000000000000000000, 1.000000000000000000 ) ) ;
#87 = EDGE_CURVE ( 'NONE', #1847, #3642, #2765, .T. ) ;
#88 =( GEOMETRIC_REPRESENTATION_CONTEXT ( 3 ) GLOBAL_UNCERTAINTY_ASSIGNED_CONTEXT ( ( #3398 ) ) GLOBAL_UNIT_ASSIGNED_CONTEXT ( ( #1239, #863, #3505 ) ) REPRESENTATION_CONTEXT ( 'NONE', 'WORKASPACE' ) );
#89 = DIRECTION ( 'NONE',  ( 1.000000000000000000, 0.000000000000000000, 0.000000000000000000 ) ) ;
#90 =( NAMED_UNIT ( * ) SI_UNIT ( $, .STERADIAN. ) SOLID_ANGLE_UNIT ( ) );
#91 =( LENGTH_UNIT ( ) NAMED_UNIT ( * ) SI_UNIT ( .MILLI., .METRE. ) );
#92 = COLOUR_RGB ( '',1.000000000000000000, 1.000000000000000000, 1.000000000000000000 ) ;
#93 = ADVANCED_FACE ( 'NONE', ( #2307 ), #3997, .F. ) ;
#94 =( LENGTH_UNIT ( ) NAMED_UNIT ( * ) SI_UNIT ( .MILLI., .METRE. ) );
#95 = SURFACE_STYLE_FILL_AREA ( #726 ) ;
#96 = PRESENTATION_LAYER_ASSIGNMENT (  '', '', ( #171 ) ) ;
#97 = FILL_AREA_STYLE ('',( #3411 ) ) ;
#98 = PRODUCT_DEFINITION_SHAPE ( 'NONE', 'NONE',  #118 ) ;
#99 = CARTESIAN_POINT ( 'NONE',  ( -2.405954395228027565, -6.318964764616933572, -7.149999999999997691 ) ) ;
#100 = LINE ( 'NONE', #1521, #386 ) ;
#101 = ORIENTED_EDGE ( 'NONE', *, *, #2454, .F. ) ;
#102 = DIRECTION ( 'NONE',  ( -0.000000000000000000, -0.000000000000000000, 1.000000000000000000 ) ) ;
#103 = CARTESIAN_POINT ( 'NONE',  ( 3.000000000000000000, -6.608412929275197634, -5.262496658105771274 ) ) ;
#104 = DIRECTION ( 'NONE',  ( -1.000000000000000000, 0.000000000000000000, 0.000000000000000000 ) ) ;
#105 =( LENGTH_UNIT ( ) NAMED_UNIT ( * ) SI_UNIT ( .MILLI., .METRE. ) );
#106 = DIRECTION ( 'NONE',  ( 0.2488271308658504544, 0.2751748116042141423, 0.9286354946929684662 ) ) ;
#107 = ORIENTED_EDGE ( 'NONE', *, *, #2758, .T. ) ;
#108 = DIRECTION ( 'NONE',  ( 0.000000000000000000, -0.000000000000000000, -1.000000000000000000 ) ) ;
#109 = SURFACE_SIDE_STYLE ('',( #787 ) ) ;
#110 = ORIENTED_EDGE ( 'NONE', *, *, #1983, .T. ) ;
#111 = PLANE ( 'NONE',  #20 ) ;
#112 = DIRECTION ( 'NONE',  ( 1.000000000000000000, 0.000000000000000000, 0.000000000000000000 ) ) ;
#113 = LINE ( 'NONE', #1611, #3107 ) ;
#114 = EDGE_CURVE ( 'NONE', #577, #3593, #4705, .T. ) ;
#115 = LINE ( 'NONE', #1588, #1083 ) ;
#116 = DIRECTION ( 'NONE',  ( -0.000000000000000000, -0.2867062765227776922, 0.9580185337468395401 ) ) ;
#117 = DIRECTION ( 'NONE',  ( 0.000000000000000000, -0.2867062765227760823, -0.9580185337468402063 ) ) ;
#118 = PRODUCT_DEFINITION ( 'UNKNOWN', '', #3651, #3044 ) ;
#119 =( LENGTH_UNIT ( ) NAMED_UNIT ( * ) SI_UNIT ( .MILLI., .METRE. ) );
#120 = ORIENTED_EDGE ( 'NONE', *, *, #3780, .F. ) ;
#121 = LINE ( 'NONE', #1598, #4618 ) ;
#122 =( LENGTH_UNIT ( ) NAMED_UNIT ( * ) SI_UNIT ( .MILLI., .METRE. ) );
#123 = ORIENTED_EDGE ( 'NONE', *, *, #2592, .T. ) ;
#124 = SURFACE_STYLE_USAGE ( .BOTH. , #3062 ) ;
#125 = DIRECTION ( 'NONE',  ( -0.000000000000000000, -0.2841106857314363299, 0.9587914884129984383 ) ) ;
#126 = UNCERTAINTY_MEASURE_WITH_UNIT (LENGTH_MEASURE( 1.000000000000000082E-05 ), #1824, 'distance_accuracy_value', 'NONE');
#127 = DIRECTION ( 'NONE',  ( 1.000000000000000000, 0.000000000000000000, 0.000000000000000000 ) ) ;
#128 = DIRECTION ( 'NONE',  ( 1.000000000000000000, 1.445602896647339163E-16, -0.000000000000000000 ) ) ;
#129 = SURFACE_STYLE_USAGE ( .BOTH. , #880 ) ;
#130 = MECHANICAL_DESIGN_GEOMETRIC_PRESENTATION_REPRESENTATION (  '', ( #1674 ), #52 ) ;
#131 =( GEOMETRIC_REPRESENTATION_CONTEXT ( 3 ) GLOBAL_UNCERTAINTY_ASSIGNED_CONTEXT ( ( #4311 ) ) GLOBAL_UNIT_ASSIGNED_CONTEXT ( ( #666, #2845, #4383 ) ) REPRESENTATION_CONTEXT ( 'NONE', 'WORKASPACE' ) );
#132 = COLOUR_RGB ( '',0.2509803921568627416, 0.2509803921568627416, 0.2509803921568627416 ) ;
#133 = SURFACE_SIDE_STYLE ('',( #161 ) ) ;
#134 = CYLINDRICAL_SURFACE ( 'NONE', #1793, 1.000000000000000000 ) ;
#135 = EDGE_CURVE ( 'NONE', #3658, #1163, #300, .T. ) ;
#136 = ADVANCED_FACE ( 'NONE', ( #326, #1429, #1389 ), #3317, .T. ) ;
#137 =( GEOMETRIC_REPRESENTATION_CONTEXT ( 3 ) GLOBAL_UNCERTAINTY_ASSIGNED_CONTEXT ( ( #2129 ) ) GLOBAL_UNIT_ASSIGNED_CONTEXT ( ( #4220, #4587, #2773 ) ) REPRESENTATION_CONTEXT ( 'NONE', 'WORKASPACE' ) );
#138 = LINE ( 'NONE', #3855, #852 ) ;
#139 = FILL_AREA_STYLE_COLOUR ( '', #3700 ) ;
#140 = PRESENTATION_STYLE_ASSIGNMENT (( #3483 ) ) ;
#141 = COLOUR_RGB ( '',0.2509803921568627416, 0.2509803921568627416, 0.2509803921568627416 ) ;
#142 = ORIENTED_EDGE ( 'NONE', *, *, #3171, .T. ) ;
#143 = DIRECTION ( 'NONE',  ( -0.000000000000000000, 0.000000000000000000, 1.000000000000000000 ) ) ;
#144 = COLOUR_RGB ( '',1.000000000000000000, 1.000000000000000000, 1.000000000000000000 ) ;
#145 = FILL_AREA_STYLE_COLOUR ( '', #294 ) ;
#146 = FILL_AREA_STYLE_COLOUR ( '', #151 ) ;
#147 = FILL_AREA_STYLE_COLOUR ( '', #2997 ) ;
#148 = EDGE_CURVE ( 'NONE', #4537, #628, #1074, .T. ) ;
#149 = SURFACE_SIDE_STYLE ('',( #3133 ) ) ;
#150 = VERTEX_POINT ( 'NONE', #2123 ) ;
#151 = COLOUR_RGB ( '',0.2509803921568627416, 0.2509803921568627416, 0.2509803921568627416 ) ;
#152 = VECTOR ( 'NONE', #3923, 1000.000000000000000 ) ;
#153 = PRESENTATION_STYLE_ASSIGNMENT (( #2376 ) ) ;
#154 =( LENGTH_UNIT ( ) NAMED_UNIT ( * ) SI_UNIT ( .MILLI., .METRE. ) );
#155 = DIRECTION ( 'NONE',  ( -0.000000000000000000, -0.000000000000000000, 1.000000000000000000 ) ) ;
#156 = ORIENTED_EDGE ( 'NONE', *, *, #1242, .F. ) ;
#157 = SURFACE_STYLE_FILL_AREA ( #2704 ) ;
#158 = ORIENTED_EDGE ( 'NONE', *, *, #3323, .F. ) ;
#159 = SURFACE_STYLE_USAGE ( .BOTH. , #1657 ) ;
#160 = VECTOR ( 'NONE', #2205, 1000.000000000000000 ) ;
#161 = SURFACE_STYLE_FILL_AREA ( #4225 ) ;
#162 = LINE ( 'NONE', #4247, #1790 ) ;
#163 = EDGE_LOOP ( 'NONE', ( #4284, #2286 ) ) ;
#164 = DIRECTION ( 'NONE',  ( 1.000000000000000000, -0.000000000000000000, -0.000000000000000000 ) ) ;
#165 = CARTESIAN_POINT ( 'NONE',  ( -3.000000000000000000, 5.999999999999999112, -2.470399538941275619 ) ) ;
#166 = CIRCLE ( 'NONE', #4576, 0.1000000000000002554 ) ;
#167 = CARTESIAN_POINT ( 'NONE',  ( -3.093621452618898537, -6.601579486433984734, -5.285557553600935599 ) ) ;
#168 = ORIENTED_EDGE ( 'NONE', *, *, #848, .T. ) ;
#169 = FILL_AREA_STYLE_COLOUR ( '', #3983 ) ;
#170 = DIRECTION ( 'NONE',  ( -0.000000000000000000, -0.2841106857314363299, -0.9587914884129984383 ) ) ;
#171 = STYLED_ITEM ( 'NONE', ( #2423 ), #4739 ) ;
#172 = ADVANCED_FACE ( 'NONE', ( #2140 ), #4066, .F. ) ;
#173 = DIRECTION ( 'NONE',  ( -0.2488271308658488445, 0.2751748116042141978, 0.9286354946929687992 ) ) ;
#174 = VERTEX_POINT ( 'NONE', #1927 ) ;
#175 = FILL_AREA_STYLE_COLOUR ( '', #932 ) ;
#176 = CARTESIAN_POINT ( 'NONE',  ( 1.968293488436032357, -6.533108527575956614, -5.516627259365576741 ) ) ;
#177 = UNCERTAINTY_MEASURE_WITH_UNIT (LENGTH_MEASURE( 1.000000000000000082E-05 ), #3018, 'distance_accuracy_value', 'NONE');
#178 = SURFACE_STYLE_USAGE ( .BOTH. , #2034 ) ;
#179 = LINE ( 'NONE', #596, #1118 ) ;
#180 = ORIENTED_EDGE ( 'NONE', *, *, #710, .T. ) ;
#181 = CARTESIAN_POINT ( 'NONE',  ( 2.000000000000000000, 6.608412929275199410, -5.262496658105769498 ) ) ;
#182 = EDGE_LOOP ( 'NONE', ( #1505, #202, #3961, #2178 ) ) ;
#183 = DIRECTION ( 'NONE',  ( -0.000000000000000000, -0.2867062765227762489, -0.9580185337468400952 ) ) ;
#184 = EDGE_CURVE ( 'NONE', #2365, #2182, #1529, .T. ) ;
#185 = AXIS2_PLACEMENT_3D ( 'NONE', #2929, #4051, #984 ) ;
#186 = CARTESIAN_POINT ( 'NONE',  ( -4.999999999999993783, 5.099999999999999645, 0.000000000000000000 ) ) ;
#187 = CARTESIAN_POINT ( 'NONE',  ( 2.000000000000000000, -6.449086202862900130, -2.470399538941273843 ) ) ;
#188 = MECHANICAL_DESIGN_GEOMETRIC_PRESENTATION_REPRESENTATION (  '', ( #2273 ), #2897 ) ;
#189 = LINE ( 'NONE', #1636, #443 ) ;
#190 = DIRECTION ( 'NONE',  ( 0.000000000000000000, 0.000000000000000000, 1.000000000000000000 ) ) ;
#191 = DIRECTION ( 'NONE',  ( 0.000000000000000000, 0.000000000000000000, 1.000000000000000000 ) ) ;
#192 = ORIENTED_EDGE ( 'NONE', *, *, #2275, .F. ) ;
#193 = FILL_AREA_STYLE_COLOUR ( '', #4206 ) ;
#194 = CARTESIAN_POINT ( 'NONE',  ( 2.354342932042938763, -6.106181276738047892, -6.957383397140285197 ) ) ;
#195 = SURFACE_STYLE_FILL_AREA ( #2794 ) ;
#196 = FACE_OUTER_BOUND ( 'NONE', #2159, .T. ) ;
#197 = EDGE_LOOP ( 'NONE', ( #4001, #107, #3463, #3810 ) ) ;
#198 = ADVANCED_FACE ( 'NONE', ( #1551 ), #471, .T. ) ;
#199 = DIRECTION ( 'NONE',  ( 0.000000000000000000, 0.000000000000000000, 1.000000000000000000 ) ) ;
#200 = FILL_AREA_STYLE ('',( #900 ) ) ;
#201 =( LENGTH_UNIT ( ) NAMED_UNIT ( * ) SI_UNIT ( .MILLI., .METRE. ) );
#202 = ORIENTED_EDGE ( 'NONE', *, *, #324, .F. ) ;
#203 = EDGE_CURVE ( 'NONE', #2613, #4757, #3743, .T. ) ;
#204 = PRESENTATION_STYLE_ASSIGNMENT (( #178 ) ) ;
#205 = ORIENTED_EDGE ( 'NONE', *, *, #2084, .F. ) ;
#206 = CIRCLE ( 'NONE', #2607, 0.4911654362906824334 ) ;
#207 = VERTEX_POINT ( 'NONE', #759 ) ;
#208 = EDGE_CURVE ( 'NONE', #1176, #2056, #1479, .T. ) ;
#209 = SURFACE_STYLE_FILL_AREA ( #1689 ) ;
#210 = PRESENTATION_STYLE_ASSIGNMENT (( #4555 ) ) ;
#211 = VECTOR ( 'NONE', #1114, 1000.000000000000000 ) ;
#212 = LINE ( 'NONE', #1692, #3183 ) ;
#213 = FILL_AREA_STYLE_COLOUR ( '', #1944 ) ;
#214 = CARTESIAN_POINT ( 'NONE',  ( -1.900000000000000577, -1.900000000000001243, 3.649999999999999467 ) ) ;
#215 = MECHANICAL_DESIGN_GEOMETRIC_PRESENTATION_REPRESENTATION (  '', ( #2687 ), #4622 ) ;
#216 = VECTOR ( 'NONE', #1180, 1000.000000000000000 ) ;
#217 = FILL_AREA_STYLE ('',( #915 ) ) ;
#218 = ORIENTED_EDGE ( 'NONE', *, *, #3812, .T. ) ;
#219 = CARTESIAN_POINT ( 'NONE',  ( -2.000000000000000000, 6.449086202862900130, -2.470399538941275619 ) ) ;
#220 = VECTOR ( 'NONE', #3143, 1000.000000000000000 ) ;
#221 = AXIS2_PLACEMENT_3D ( 'NONE', #4372, #1089, #1420 ) ;
#222 = FILL_AREA_STYLE ('',( #566 ) ) ;
#223 = CARTESIAN_POINT ( 'NONE',  ( -3.000000000000000000, -6.149086202862900308, -3.727673206435405451 ) ) ;
#224 = AXIS2_PLACEMENT_3D ( 'NONE', #301, #1778, #1754 ) ;
#225 = STYLED_ITEM ( 'NONE', ( #4645 ), #797 ) ;
#226 =( LENGTH_UNIT ( ) NAMED_UNIT ( * ) SI_UNIT ( .MILLI., .METRE. ) );
#227 = ORIENTED_EDGE ( 'NONE', *, *, #3479, .F. ) ;
#228 =( GEOMETRIC_REPRESENTATION_CONTEXT ( 3 ) GLOBAL_UNCERTAINTY_ASSIGNED_CONTEXT ( ( #2991 ) ) GLOBAL_UNIT_ASSIGNED_CONTEXT ( ( #3396, #2262, #761 ) ) REPRESENTATION_CONTEXT ( 'NONE', 'WORKASPACE' ) );
#229 =( GEOMETRIC_REPRESENTATION_CONTEXT ( 3 ) GLOBAL_UNCERTAINTY_ASSIGNED_CONTEXT ( ( #4456 ) ) GLOBAL_UNIT_ASSIGNED_CONTEXT ( ( #2043, #3556, #1270 ) ) REPRESENTATION_CONTEXT ( 'NONE', 'WORKASPACE' ) );
#230 = UNCERTAINTY_MEASURE_WITH_UNIT (LENGTH_MEASURE( 1.000000000000000082E-05 ), #3677, 'distance_accuracy_value', 'NONE');
#231 = EDGE_CURVE ( 'NONE', #500, #4679, #781, .T. ) ;
#232 = EDGE_CURVE ( 'NONE', #2109, #3364, #53, .T. ) ;
#233 = SURFACE_SIDE_STYLE ('',( #4608 ) ) ;
#234 = DIRECTION ( 'NONE',  ( -1.000000000000000000, 0.000000000000000000, 0.000000000000000000 ) ) ;
#235 = EDGE_LOOP ( 'NONE', ( #1865, #2720, #353, #3082 ) ) ;
#236 = DIRECTION ( 'NONE',  ( -0.000000000000000000, -0.000000000000000000, 1.000000000000000000 ) ) ;
#237 = ORIENTED_EDGE ( 'NONE', *, *, #4083, .T. ) ;
#238 = CYLINDRICAL_SURFACE ( 'NONE', #2610, 0.4911654362906815452 ) ;
#239 = EDGE_CURVE ( 'NONE', #638, #4516, #1501, .T. ) ;
#240 = ORIENTED_EDGE ( 'NONE', *, *, #416, .T. ) ;
#241 = PRESENTATION_STYLE_ASSIGNMENT (( #4617 ) ) ;
#242 = DIRECTION ( 'NONE',  ( 0.9659258262890705327, -0.000000000000000000, 0.2588190451025127459 ) ) ;
#243 = FILL_AREA_STYLE_COLOUR ( '', #3986 ) ;
#244 = LINE ( 'NONE', #611, #2891 ) ;
#245 = VECTOR ( 'NONE', #4183, 1000.000000000000000 ) ;
#246 = MECHANICAL_DESIGN_GEOMETRIC_PRESENTATION_REPRESENTATION (  '', ( #4070 ), #1950 ) ;
#247 = SURFACE_STYLE_FILL_AREA ( #658 ) ;
#248 = EDGE_LOOP ( 'NONE', ( #1, #4436, #2752, #156, #101, #3868, #2827, #1804, #2201, #482 ) ) ;
#249 = VECTOR ( 'NONE', #2520, 1000.000000000000000 ) ;
#250 = DIRECTION ( 'NONE',  ( -1.000000000000000000, 0.000000000000000000, -0.000000000000000000 ) ) ;
#251 = ADVANCED_FACE ( 'NONE', ( #3011 ), #2817, .F. ) ;
#252 = PRESENTATION_LAYER_ASSIGNMENT (  '', '', ( #2333 ) ) ;
#253 = CARTESIAN_POINT ( 'NONE',  ( -3.000000000000000000, 6.449086202862900130, -2.470399538941275619 ) ) ;
#254 = ORIENTED_EDGE ( 'NONE', *, *, #4593, .T. ) ;
#255 =( NAMED_UNIT ( * ) SI_UNIT ( $, .STERADIAN. ) SOLID_ANGLE_UNIT ( ) );
#256 = PRESENTATION_STYLE_ASSIGNMENT (( #1303 ) ) ;
#257 = ORIENTED_EDGE ( 'NONE', *, *, #203, .T. ) ;
#258 = STYLED_ITEM ( 'NONE', ( #2509 ), #4672 ) ;
#259 = SURFACE_SIDE_STYLE ('',( #1369 ) ) ;
#260 = VERTEX_POINT ( 'NONE', #592 ) ;
#261 =( NAMED_UNIT ( * ) SI_UNIT ( $, .STERADIAN. ) SOLID_ANGLE_UNIT ( ) );
#262 = ORIENTED_EDGE ( 'NONE', *, *, #4185, .T. ) ;
#263 =( LENGTH_UNIT ( ) NAMED_UNIT ( * ) SI_UNIT ( .MILLI., .METRE. ) );
#264 =( NAMED_UNIT ( * ) PLANE_ANGLE_UNIT ( ) SI_UNIT ( $, .RADIAN. ) );
#265 = EDGE_CURVE ( 'NONE', #2136, #3347, #4254, .T. ) ;
#266 = PLANE ( 'NONE',  #4205 ) ;
#267 = PRESENTATION_STYLE_ASSIGNMENT (( #1419 ) ) ;
#268 = LINE ( 'NONE', #2858, #1687 ) ;
#269 = DIRECTION ( 'NONE',  ( -0.9659258262890700886, 0.000000000000000000, 0.2588190451025143557 ) ) ;
#270 = ORIENTED_EDGE ( 'NONE', *, *, #232, .F. ) ;
#271 = DIRECTION ( 'NONE',  ( -0.000000000000000000, 0.000000000000000000, 1.000000000000000000 ) ) ;
#272 =( NAMED_UNIT ( * ) PLANE_ANGLE_UNIT ( ) SI_UNIT ( $, .RADIAN. ) );
#273 = ORIENTED_EDGE ( 'NONE', *, *, #511, .F. ) ;
#274 = DIRECTION ( 'NONE',  ( 0.000000000000000000, 0.9580185337468396511, 0.2867062765227777477 ) ) ;
#275 = UNCERTAINTY_MEASURE_WITH_UNIT (LENGTH_MEASURE( 1.000000000000000082E-05 ), #3152, 'distance_accuracy_value', 'NONE');
#276 = SURFACE_SIDE_STYLE ('',( #3699 ) ) ;
#277 = CARTESIAN_POINT ( 'NONE',  ( -5.100000000000000533, -8.847089727481718154E-16, 0.000000000000000000 ) ) ;
#278 = EDGE_LOOP ( 'NONE', ( #1341, #1807, #648, #4405 ) ) ;
#279 = ORIENTED_EDGE ( 'NONE', *, *, #2164, .F. ) ;
#280 = CARTESIAN_POINT ( 'NONE',  ( 3.000000000000000000, 6.249999999999999112, -6.999999999999999112 ) ) ;
#281 = UNCERTAINTY_MEASURE_WITH_UNIT (LENGTH_MEASURE( 1.000000000000000082E-05 ), #1736, 'distance_accuracy_value', 'NONE');
#282 = LINE ( 'NONE', #2972, #1602 ) ;
#283 = FILL_AREA_STYLE ('',( #4366 ) ) ;
#284 = ORIENTED_EDGE ( 'NONE', *, *, #82, .T. ) ;
#285 = CARTESIAN_POINT ( 'NONE',  ( 4.999999999999993783, -6.000000000000000888, -3.500000000000000000 ) ) ;
#286 = DIRECTION ( 'NONE',  ( 0.2488271308658488168, -0.2751748116042141423, -0.9286354946929687992 ) ) ;
#287 = CARTESIAN_POINT ( 'NONE',  ( 4.999999999999992006, 5.999999999999999112, -3.500000000000000000 ) ) ;
#288 = AXIS2_PLACEMENT_3D ( 'NONE', #2831, #4647, #4342 ) ;
#289 = SURFACE_STYLE_FILL_AREA ( #338 ) ;
#290 = SURFACE_STYLE_USAGE ( .BOTH. , #2539 ) ;
#291 = EDGE_CURVE ( 'NONE', #1330, #4092, #2446, .T. ) ;
#292 = MECHANICAL_DESIGN_GEOMETRIC_PRESENTATION_REPRESENTATION (  '', ( #4396 ), #1912 ) ;
#293 = CARTESIAN_POINT ( 'NONE',  ( -4.020519679137759539, -3.871192841101213755, 0.7999999999999998224 ) ) ;
#294 = COLOUR_RGB ( '',0.2509803921568627416, 0.2509803921568627416, 0.2509803921568627416 ) ;
#295 = MECHANICAL_DESIGN_GEOMETRIC_PRESENTATION_REPRESENTATION (  '', ( #1226 ), #2998 ) ;
#296 = PRESENTATION_STYLE_ASSIGNMENT (( #3645 ) ) ;
#297 = VECTOR ( 'NONE', #3761, 1000.000000000000000 ) ;
#298 = ORIENTED_EDGE ( 'NONE', *, *, #429, .T. ) ;
#299 = EDGE_CURVE ( 'NONE', #4301, #1989, #1976, .T. ) ;
#300 = LINE ( 'NONE', #1105, #3072 ) ;
#301 = CARTESIAN_POINT ( 'NONE',  ( -4.999999999999999112, -5.000000000000000888, -0.05000000000000000278 ) ) ;
#302 = ORIENTED_EDGE ( 'NONE', *, *, #907, .T. ) ;
#303 = ORIENTED_EDGE ( 'NONE', *, *, #2506, .F. ) ;
#304 =( GEOMETRIC_REPRESENTATION_CONTEXT ( 3 ) GLOBAL_UNCERTAINTY_ASSIGNED_CONTEXT ( ( #3994 ) ) GLOBAL_UNIT_ASSIGNED_CONTEXT ( ( #77, #3741, #4536 ) ) REPRESENTATION_CONTEXT ( 'NONE', 'WORKASPACE' ) );
#305 = PRESENTATION_STYLE_ASSIGNMENT (( #653 ) ) ;
#306 = SURFACE_STYLE_FILL_AREA ( #977 ) ;
#307 = ORIENTED_EDGE ( 'NONE', *, *, #3765, .T. ) ;
#308 =( NAMED_UNIT ( * ) PLANE_ANGLE_UNIT ( ) SI_UNIT ( $, .RADIAN. ) );
#309 = FACE_OUTER_BOUND ( 'NONE', #1972, .T. ) ;
#310 =( GEOMETRIC_REPRESENTATION_CONTEXT ( 3 ) GLOBAL_UNCERTAINTY_ASSIGNED_CONTEXT ( ( #4737 ) ) GLOBAL_UNIT_ASSIGNED_CONTEXT ( ( #2667, #2689, #3466 ) ) REPRESENTATION_CONTEXT ( 'NONE', 'WORKASPACE' ) );
#311 = COLOUR_RGB ( '',1.000000000000000000, 1.000000000000000000, 1.000000000000000000 ) ;
#312 = SURFACE_STYLE_USAGE ( .BOTH. , #703 ) ;
#313 =( LENGTH_UNIT ( ) NAMED_UNIT ( * ) SI_UNIT ( .MILLI., .METRE. ) );
#314 =( GEOMETRIC_REPRESENTATION_CONTEXT ( 3 ) GLOBAL_UNCERTAINTY_ASSIGNED_CONTEXT ( ( #3604 ) ) GLOBAL_UNIT_ASSIGNED_CONTEXT ( ( #4562, #756, #2623 ) ) REPRESENTATION_CONTEXT ( 'NONE', 'WORKASPACE' ) );
#315 = DIRECTION ( 'NONE',  ( 0.2588190451025143557, 0.000000000000000000, 0.9659258262890700886 ) ) ;
#316 = ORIENTED_EDGE ( 'NONE', *, *, #2980, .T. ) ;
#317 = LINE ( 'NONE', #3338, #855 ) ;
#318 = PRESENTATION_LAYER_ASSIGNMENT (  '', '', ( #1254 ) ) ;
#319 =( LENGTH_UNIT ( ) NAMED_UNIT ( * ) SI_UNIT ( .MILLI., .METRE. ) );
#320 = PRESENTATION_LAYER_ASSIGNMENT (  '', '', ( #9 ) ) ;
#321 = CARTESIAN_POINT ( 'NONE',  ( 2.568584846448035197, 6.020948071018617398, -7.245020843664184973 ) ) ;
#322 = ORIENTED_EDGE ( 'NONE', *, *, #3931, .T. ) ;
#323 =( NAMED_UNIT ( * ) SI_UNIT ( $, .STERADIAN. ) SOLID_ANGLE_UNIT ( ) );
#324 = EDGE_CURVE ( 'NONE', #2139, #1838, #4213, .T. ) ;
#325 =( GEOMETRIC_REPRESENTATION_CONTEXT ( 3 ) GLOBAL_UNCERTAINTY_ASSIGNED_CONTEXT ( ( #1437 ) ) GLOBAL_UNIT_ASSIGNED_CONTEXT ( ( #1783, #3283, #4022 ) ) REPRESENTATION_CONTEXT ( 'NONE', 'WORKASPACE' ) );
#326 = FACE_BOUND ( 'NONE', #197, .T. ) ;
#327 = CARTESIAN_POINT ( 'NONE',  ( 2.000000000000000000, 6.149086202862900308, -3.727673206435407227 ) ) ;
#328 = ORIENTED_EDGE ( 'NONE', *, *, #2747, .T. ) ;
#329 = CARTESIAN_POINT ( 'NONE',  ( 0.000000000000000000, 0.000000000000000000, 0.000000000000000000 ) ) ;
#330 = CARTESIAN_POINT ( 'NONE',  ( 3.000000000000000000, 6.149086202862900308, -2.770399538941275441 ) ) ;
#331 = ORIENTED_EDGE ( 'NONE', *, *, #2594, .F. ) ;
#332 = SURFACE_SIDE_STYLE ('',( #2850 ) ) ;
#333 = UNCERTAINTY_MEASURE_WITH_UNIT (LENGTH_MEASURE( 1.000000000000000082E-05 ), #3251, 'distance_accuracy_value', 'NONE');
#334 = EDGE_LOOP ( 'NONE', ( #2168, #905, #322, #1648 ) ) ;
#335 = LINE ( 'NONE', #3285, #23 ) ;
#336 = CARTESIAN_POINT ( 'NONE',  ( 3.000000000000000000, 6.608412929275199410, -5.262496658105769498 ) ) ;
#337 = CYLINDRICAL_SURFACE ( 'NONE', #4426, 0.4911654362906811011 ) ;
#338 = FILL_AREA_STYLE ('',( #3980 ) ) ;
#339 = DIRECTION ( 'NONE',  ( 0.000000000000000000, 0.000000000000000000, 1.000000000000000000 ) ) ;
#340 = ORIENTED_EDGE ( 'NONE', *, *, #4330, .T. ) ;
#341 = CARTESIAN_POINT ( 'NONE',  ( -2.000000000000000000, 6.449086202862900130, -3.683745183551862201 ) ) ;
#342 = DIRECTION ( 'NONE',  ( 0.000000000000000000, -1.000000000000000000, 0.000000000000000000 ) ) ;
#343 = PRESENTATION_LAYER_ASSIGNMENT (  '', '', ( #4153 ) ) ;
#344 = PLANE ( 'NONE',  #3487 ) ;
#345 = DIRECTION ( 'NONE',  ( 0.000000000000000000, 0.000000000000000000, -1.000000000000000000 ) ) ;
#346 = VERTEX_POINT ( 'NONE', #3467 ) ;
#347 = FILL_AREA_STYLE ('',( #2196 ) ) ;
#348 =( LENGTH_UNIT ( ) NAMED_UNIT ( * ) SI_UNIT ( .MILLI., .METRE. ) );
#349 = EDGE_CURVE ( 'NONE', #1391, #362, #121, .T. ) ;
#350 =( LENGTH_UNIT ( ) NAMED_UNIT ( * ) SI_UNIT ( .MILLI., .METRE. ) );
#351 = ORIENTED_EDGE ( 'NONE', *, *, #2643, .F. ) ;
#352 = FILL_AREA_STYLE_COLOUR ( '', #1385 ) ;
#353 = ORIENTED_EDGE ( 'NONE', *, *, #2805, .F. ) ;
#354 = CARTESIAN_POINT ( 'NONE',  ( -2.000000000000000000, 5.999999999999999112, -3.500000000000000000 ) ) ;
#355 = ORIENTED_EDGE ( 'NONE', *, *, #3975, .F. ) ;
#356 = CARTESIAN_POINT ( 'NONE',  ( -3.000000000000000000, 6.249999999999999112, -6.999999999999999112 ) ) ;
#357 = PRESENTATION_STYLE_ASSIGNMENT (( #723 ) ) ;
#358 = PLANE ( 'NONE',  #2480 ) ;
#359 = DIRECTION ( 'NONE',  ( 0.000000000000000000, -1.000000000000000000, -0.000000000000000000 ) ) ;
#360 = EDGE_CURVE ( 'NONE', #1946, #1724, #2370, .T. ) ;
#361 = LINE ( 'NONE', #1162, #836 ) ;
#362 = VERTEX_POINT ( 'NONE', #3885 ) ;
#363 = CARTESIAN_POINT ( 'NONE',  ( -3.000000000000000000, 6.106181276738049668, -6.957383397140283421 ) ) ;
#364 = PRESENTATION_LAYER_ASSIGNMENT (  '', '', ( #1055 ) ) ;
#365 = VECTOR ( 'NONE', #2573, 1000.000000000000000 ) ;
#366 = DIRECTION ( 'NONE',  ( 0.000000000000000000, -1.000000000000000000, -0.000000000000000000 ) ) ;
#367 = ORIENTED_EDGE ( 'NONE', *, *, #203, .F. ) ;
#368 = STYLED_ITEM ( 'NONE', ( #1714 ), #3460 ) ;
#369 = PRESENTATION_STYLE_ASSIGNMENT (( #3717 ) ) ;
#370 = VECTOR ( 'NONE', #1732, 1000.000000000000000 ) ;
#371 = VECTOR ( 'NONE', #4457, 1000.000000000000000 ) ;
#372 = MECHANICAL_DESIGN_GEOMETRIC_PRESENTATION_REPRESENTATION (  '', ( #2772 ), #3804 ) ;
#373 = PRESENTATION_LAYER_ASSIGNMENT (  '', '', ( #826 ) ) ;
#374 = STYLED_ITEM ( 'NONE', ( #4462 ), #624 ) ;
#375 = SURFACE_STYLE_FILL_AREA ( #3701 ) ;
#376 = ORIENTED_EDGE ( 'NONE', *, *, #291, .F. ) ;
#377 = ORIENTED_EDGE ( 'NONE', *, *, #3047, .F. ) ;
#378 = EDGE_CURVE ( 'NONE', #2083, #4694, #3079, .T. ) ;
#379 = AXIS2_PLACEMENT_3D ( 'NONE', #2288, #4553, #3797 ) ;
#380 = UNCERTAINTY_MEASURE_WITH_UNIT (LENGTH_MEASURE( 1.000000000000000082E-05 ), #792, 'distance_accuracy_value', 'NONE');
#381 = EDGE_CURVE ( 'NONE', #3914, #2182, #3569, .T. ) ;
#382 = CARTESIAN_POINT ( 'NONE',  ( -4.999999999999993783, 5.099999999999999645, -0.05000000000000000278 ) ) ;
#383 = MECHANICAL_DESIGN_GEOMETRIC_PRESENTATION_REPRESENTATION (  '', ( #2937 ), #2089 ) ;
#384 = DIRECTION ( 'NONE',  ( 1.224646799147353207E-16, 1.000000000000000000, -0.000000000000000000 ) ) ;
#385 =( NAMED_UNIT ( * ) PLANE_ANGLE_UNIT ( ) SI_UNIT ( $, .RADIAN. ) );
#386 = VECTOR ( 'NONE', #5, 1000.000000000000227 ) ;
#387 = CARTESIAN_POINT ( 'NONE',  ( -3.000000000000000000, -5.999999999999999112, -2.470399538941273843 ) ) ;
#388 = EDGE_CURVE ( 'NONE', #1792, #4398, #3567, .T. ) ;
#389 = SURFACE_STYLE_USAGE ( .BOTH. , #4139 ) ;
#390 = DIRECTION ( 'NONE',  ( -1.000000000000000000, 0.000000000000000000, -0.000000000000000000 ) ) ;
#391 = ORIENTED_EDGE ( 'NONE', *, *, #710, .F. ) ;
#392 = SURFACE_SIDE_STYLE ('',( #1968 ) ) ;
#393 =( NAMED_UNIT ( * ) SI_UNIT ( $, .STERADIAN. ) SOLID_ANGLE_UNIT ( ) );
#394 = ADVANCED_FACE ( 'NONE', ( #4604 ), #3932, .F. ) ;
#395 = DIRECTION ( 'NONE',  ( -1.000000000000000000, -0.000000000000000000, -0.000000000000000000 ) ) ;
#396 = PRESENTATION_STYLE_ASSIGNMENT (( #2227 ) ) ;
#397 = CARTESIAN_POINT ( 'NONE',  ( 3.000000000000000000, 6.449086202862900130, -2.470399538941275619 ) ) ;
#398 = ORIENTED_EDGE ( 'NONE', *, *, #1722, .F. ) ;
#399 = CARTESIAN_POINT ( 'NONE',  ( 4.511685115428442749, 4.119475320510217031, -0.05000000000000000278 ) ) ;
#400 = EDGE_CURVE ( 'NONE', #1601, #3502, #4747, .T. ) ;
#401 = AXIS2_PLACEMENT_3D ( 'NONE', #4175, #3427, #4477 ) ;
#402 = COLOUR_RGB ( '',1.000000000000000000, 1.000000000000000000, 1.000000000000000000 ) ;
#403 = VECTOR ( 'NONE', #1660, 1000.000000000000000 ) ;
#404 = SURFACE_STYLE_USAGE ( .BOTH. , #1123 ) ;
#405 = FILL_AREA_STYLE ('',( #1902 ) ) ;
#406 = ORIENTED_EDGE ( 'NONE', *, *, #2504, .F. ) ;
#407 = MECHANICAL_DESIGN_GEOMETRIC_PRESENTATION_REPRESENTATION (  '', ( #1335 ), #1791 ) ;
#408 = LINE ( 'NONE', #330, #4263 ) ;
#409 = ORIENTED_EDGE ( 'NONE', *, *, #2965, .F. ) ;
#410 = STYLED_ITEM ( 'NONE', ( #1026 ), #1645 ) ;
#411 =( GEOMETRIC_REPRESENTATION_CONTEXT ( 3 ) GLOBAL_UNCERTAINTY_ASSIGNED_CONTEXT ( ( #1533 ) ) GLOBAL_UNIT_ASSIGNED_CONTEXT ( ( #4210, #4560, #2391 ) ) REPRESENTATION_CONTEXT ( 'NONE', 'WORKASPACE' ) );
#412 =( LENGTH_UNIT ( ) NAMED_UNIT ( * ) SI_UNIT ( .MILLI., .METRE. ) );
#413 = ORIENTED_EDGE ( 'NONE', *, *, #4385, .T. ) ;
#414 = CARTESIAN_POINT ( 'NONE',  ( 4.511685115428442749, -3.871192841101213755, -0.05000000000000000278 ) ) ;
#415 = CARTESIAN_POINT ( 'NONE',  ( -2.594045604771980429, 6.921432421494547071, -7.149999999999994138 ) ) ;
#416 = EDGE_CURVE ( 'NONE', #788, #48, #2546, .T. ) ;
#417 = FILL_AREA_STYLE_COLOUR ( '', #4416 ) ;
#418 = ORIENTED_EDGE ( 'NONE', *, *, #2436, .F. ) ;
#419 = LINE ( 'NONE', #1541, #2104 ) ;
#420 = AXIS2_PLACEMENT_3D ( 'NONE', #4072, #384, #1860 ) ;
#421 = DIRECTION ( 'NONE',  ( -0.000000000000000000, -0.000000000000000000, 1.000000000000000000 ) ) ;
#422 = SURFACE_SIDE_STYLE ('',( #3004 ) ) ;
#423 = CARTESIAN_POINT ( 'NONE',  ( 3.000000000000000000, 5.999999999999999112, -2.770399538941275441 ) ) ;
#424 = VERTEX_POINT ( 'NONE', #2888 ) ;
#425 = PLANE ( 'NONE',  #4349 ) ;
#426 =( NAMED_UNIT ( * ) SI_UNIT ( $, .STERADIAN. ) SOLID_ANGLE_UNIT ( ) );
#427 = AXIS2_PLACEMENT_3D ( 'NONE', #1892, #3385, #45 ) ;
#428 = DIRECTION ( 'NONE',  ( 0.000000000000000000, 0.9587914884129985493, -0.2841106857314363854 ) ) ;
#429 = EDGE_CURVE ( 'NONE', #2278, #626, #2940, .T. ) ;
#430 = VECTOR ( 'NONE', #3546, 1000.000000000000227 ) ;
#431 = ORIENTED_EDGE ( 'NONE', *, *, #1362, .T. ) ;
#432 = DIRECTION ( 'NONE',  ( 0.000000000000000000, 0.2867062765227775811, -0.9580185337468395401 ) ) ;
#433 = FACE_OUTER_BOUND ( 'NONE', #1431, .T. ) ;
#434 = UNCERTAINTY_MEASURE_WITH_UNIT (LENGTH_MEASURE( 1.000000000000000082E-05 ), #487, 'distance_accuracy_value', 'NONE');
#435 = CARTESIAN_POINT ( 'NONE',  ( 3.000000000000000000, 5.999999999999999112, -2.770399538941275441 ) ) ;
#436 = ORIENTED_EDGE ( 'NONE', *, *, #652, .F. ) ;
#437 = PRESENTATION_STYLE_ASSIGNMENT (( #4173 ) ) ;
#438 = DIRECTION ( 'NONE',  ( 0.000000000000000000, 0.000000000000000000, -1.000000000000000000 ) ) ;
#439 = SURFACE_STYLE_USAGE ( .BOTH. , #2224 ) ;
#440 = ORIENTED_EDGE ( 'NONE', *, *, #3592, .T. ) ;
#441 = FILL_AREA_STYLE ('',( #2319 ) ) ;
#442 = EDGE_CURVE ( 'NONE', #638, #1410, #4326, .T. ) ;
#443 = VECTOR ( 'NONE', #3123, 1000.000000000000000 ) ;
#444 = ORIENTED_EDGE ( 'NONE', *, *, #1338, .T. ) ;
#445 = CARTESIAN_POINT ( 'NONE',  ( -5.000000000000000888, 4.999999999999999112, -0.05000000000000000278 ) ) ;
#446 = CARTESIAN_POINT ( 'NONE',  ( 6.000000000000000888, -4.999999999999993783, -3.500000000000000000 ) ) ;
#447 =( GEOMETRIC_REPRESENTATION_CONTEXT ( 3 ) GLOBAL_UNCERTAINTY_ASSIGNED_CONTEXT ( ( #1684 ) ) GLOBAL_UNIT_ASSIGNED_CONTEXT ( ( #3751, #2606, #790 ) ) REPRESENTATION_CONTEXT ( 'NONE', 'WORKASPACE' ) );
#448 = PRESENTATION_LAYER_ASSIGNMENT (  '', '', ( #3405 ) ) ;
#449 = ORIENTED_EDGE ( 'NONE', *, *, #360, .T. ) ;
#450 = CARTESIAN_POINT ( 'NONE',  ( -3.000000000000000000, -6.250000000000000888, -6.999999999999997335 ) ) ;
#451 =( LENGTH_UNIT ( ) NAMED_UNIT ( * ) SI_UNIT ( .MILLI., .METRE. ) );
#452 = AXIS2_PLACEMENT_3D ( 'NONE', #1590, #4484, #2680 ) ;
#453 = EDGE_CURVE ( 'NONE', #2915, #3008, #1765, .T. ) ;
#454 = STYLED_ITEM ( 'NONE', ( #4305 ), #1061 ) ;
#455 =( NAMED_UNIT ( * ) SI_UNIT ( $, .STERADIAN. ) SOLID_ANGLE_UNIT ( ) );
#456 = SURFACE_STYLE_FILL_AREA ( #3774 ) ;
#457 =( GEOMETRIC_REPRESENTATION_CONTEXT ( 3 ) GLOBAL_UNCERTAINTY_ASSIGNED_CONTEXT ( ( #621 ) ) GLOBAL_UNIT_ASSIGNED_CONTEXT ( ( #2695, #56, #4497 ) ) REPRESENTATION_CONTEXT ( 'NONE', 'WORKASPACE' ) );
#458 = VECTOR ( 'NONE', #3341, 1000.000000000000000 ) ;
#459 = CYLINDRICAL_SURFACE ( 'NONE', #401, 0.1499999999999999667 ) ;
#460 = STYLED_ITEM ( 'NONE', ( #1222 ), #4215 ) ;
#461 = FILL_AREA_STYLE_COLOUR ( '', #4558 ) ;
#462 = CARTESIAN_POINT ( 'NONE',  ( -4.999999999999999112, -5.000000000000000888, -3.500000000000000000 ) ) ;
#463 = SURFACE_SIDE_STYLE ('',( #3050 ) ) ;
#464 = AXIS2_PLACEMENT_3D ( 'NONE', #2553, #1433, #1148 ) ;
#465 = DIRECTION ( 'NONE',  ( 1.000000000000000000, 0.000000000000000000, 0.000000000000000000 ) ) ;
#466 = VECTOR ( 'NONE', #1555, 1000.000000000000000 ) ;
#467 = DIRECTION ( 'NONE',  ( 0.000000000000000000, 0.000000000000000000, 1.000000000000000000 ) ) ;
#468 = VERTEX_POINT ( 'NONE', #2863 ) ;
#469 = DIRECTION ( 'NONE',  ( 0.000000000000000000, -1.000000000000000000, 0.000000000000000000 ) ) ;
#470 = CARTESIAN_POINT ( 'NONE',  ( 3.000000000000000000, 6.921432421494547960, -5.262072792150289224 ) ) ;
#471 = PLANE ( 'NONE',  #4039 ) ;
#472 = EDGE_LOOP ( 'NONE', ( #1280, #2723, #727, #4021 ) ) ;
#473 = ADVANCED_FACE ( 'NONE', ( #4015 ), #344, .T. ) ;
#474 = CARTESIAN_POINT ( 'NONE',  ( 5.000000000000000888, -5.000000000000000888, 0.000000000000000000 ) ) ;
#475 = AXIS2_PLACEMENT_3D ( 'NONE', #4506, #1491, #4529 ) ;
#476 = DIRECTION ( 'NONE',  ( 1.000000000000000000, -0.000000000000000000, -0.000000000000000000 ) ) ;
#477 = MECHANICAL_DESIGN_GEOMETRIC_PRESENTATION_REPRESENTATION (  '', ( #3510 ), #554 ) ;
#478 = UNCERTAINTY_MEASURE_WITH_UNIT (LENGTH_MEASURE( 1.000000000000000082E-05 ), #4674, 'distance_accuracy_value', 'NONE');
#479 = VECTOR ( 'NONE', #3206, 1000.000000000000227 ) ;
#480 = CARTESIAN_POINT ( 'NONE',  ( -3.000000000000000000, -6.393818723261950332, -7.042616602859716579 ) ) ;
#481 = CIRCLE ( 'NONE', #3357, 0.2999999999999999889 ) ;
#482 = ORIENTED_EDGE ( 'NONE', *, *, #1828, .F. ) ;
#483 = DIRECTION ( 'NONE',  ( -1.141265444721583511E-16, 1.000000000000000000, 0.000000000000000000 ) ) ;
#484 = CARTESIAN_POINT ( 'NONE',  ( -2.000000000000000000, -6.149086202862900308, -3.727673206435405451 ) ) ;
#485 = PLANE ( 'NONE',  #2303 ) ;
#486 = MECHANICAL_DESIGN_GEOMETRIC_PRESENTATION_REPRESENTATION (  '', ( #4357 ), #1262 ) ;
#487 =( LENGTH_UNIT ( ) NAMED_UNIT ( * ) SI_UNIT ( .MILLI., .METRE. ) );
#488 = EDGE_CURVE ( 'NONE', #2774, #3934, #989, .T. ) ;
#489 = AXIS2_PLACEMENT_3D ( 'NONE', #3589, #963, #936 ) ;
#490 = LINE ( 'NONE', #817, #622 ) ;
#491 = ORIENTED_EDGE ( 'NONE', *, *, #1843, .T. ) ;
#492 = CARTESIAN_POINT ( 'NONE',  ( -2.405954395228028009, 6.249999999999999112, -7.149999999999999467 ) ) ;
#493 = DIRECTION ( 'NONE',  ( 0.000000000000000000, -1.000000000000000000, 0.000000000000000000 ) ) ;
#494 = VERTEX_POINT ( 'NONE', #4700 ) ;
#495 = DIRECTION ( 'NONE',  ( -0.000000000000000000, 0.000000000000000000, 1.000000000000000000 ) ) ;
#496 = SURFACE_STYLE_USAGE ( .BOTH. , #2352 ) ;
#497 = EDGE_CURVE ( 'NONE', #2900, #3128, #3673, .T. ) ;
#498 =( GEOMETRIC_REPRESENTATION_CONTEXT ( 3 ) GLOBAL_UNCERTAINTY_ASSIGNED_CONTEXT ( ( #856 ) ) GLOBAL_UNIT_ASSIGNED_CONTEXT ( ( #3261, #4719, #4689 ) ) REPRESENTATION_CONTEXT ( 'NONE', 'WORKASPACE' ) );
#499 = DIRECTION ( 'NONE',  ( -0.9659258262890700886, 0.000000000000000000, 0.2588190451025143557 ) ) ;
#500 = VERTEX_POINT ( 'NONE', #4728 ) ;
#501 =( NAMED_UNIT ( * ) PLANE_ANGLE_UNIT ( ) SI_UNIT ( $, .RADIAN. ) );
#502 = DIRECTION ( 'NONE',  ( 0.000000000000000000, 0.000000000000000000, 1.000000000000000000 ) ) ;
#503 = AXIS2_PLACEMENT_3D ( 'NONE', #694, #2526, #649 ) ;
#504 = DIRECTION ( 'NONE',  ( -0.000000000000000000, 0.2867062765227760268, 0.9580185337468402063 ) ) ;
#505 = EDGE_CURVE ( 'NONE', #3095, #4667, #2341, .T. ) ;
#506 = FILL_AREA_STYLE_COLOUR ( '', #4651 ) ;
#507 =( NAMED_UNIT ( * ) PLANE_ANGLE_UNIT ( ) SI_UNIT ( $, .RADIAN. ) );
#508 = CARTESIAN_POINT ( 'NONE',  ( -3.000000000000000000, -6.149086202862900308, -2.770399538941273665 ) ) ;
#509 = CARTESIAN_POINT ( 'NONE',  ( 3.093621452618898982, -6.601579486433983845, -5.285557553600935599 ) ) ;
#510 = DIRECTION ( 'NONE',  ( 0.000000000000000000, -0.2841106857314363299, -0.9587914884129984383 ) ) ;
#511 = EDGE_CURVE ( 'NONE', #3158, #2136, #3412, .T. ) ;
#512 = SURFACE_SIDE_STYLE ('',( #4279 ) ) ;
#513 = ORIENTED_EDGE ( 'NONE', *, *, #3421, .T. ) ;
#514 = SURFACE_STYLE_FILL_AREA ( #3057 ) ;
#515 = CARTESIAN_POINT ( 'NONE',  ( 3.000000000000000000, 6.498044693033953934, -5.634957571453078629 ) ) ;
#516 = CARTESIAN_POINT ( 'NONE',  ( 2.000000000000000000, -6.449086202862900130, -3.683745183551860425 ) ) ;
#517 = FILL_AREA_STYLE_COLOUR ( '', #2443 ) ;
#518 = EDGE_LOOP ( 'NONE', ( #3226, #1202, #1516, #1885 ) ) ;
#519 = CARTESIAN_POINT ( 'NONE',  ( 4.999999999999992006, 5.999999999999999112, -3.500000000000000000 ) ) ;
#520 = UNCERTAINTY_MEASURE_WITH_UNIT (LENGTH_MEASURE( 1.000000000000000082E-05 ), #350, 'distance_accuracy_value', 'NONE');
#521 = COLOUR_RGB ( '',1.000000000000000000, 1.000000000000000000, 1.000000000000000000 ) ;
#522 = ORIENTED_EDGE ( 'NONE', *, *, #4098, .T. ) ;
#523 = CARTESIAN_POINT ( 'NONE',  ( -3.000000000000000000, 5.999999999999999112, -5.634957571453078629 ) ) ;
#524 = ORIENTED_EDGE ( 'NONE', *, *, #3537, .F. ) ;
#525 = AXIS2_PLACEMENT_3D ( 'NONE', #1821, #2211, #1800 ) ;
#526 = CIRCLE ( 'NONE', #1451, 3.549999999999999822 ) ;
#527 = DIRECTION ( 'NONE',  ( 0.000000000000000000, 0.2841106857314363299, -0.9587914884129984383 ) ) ;
#528 = DIRECTION ( 'NONE',  ( 1.734723475976807341E-16, -1.000000000000000000, 0.000000000000000000 ) ) ;
#529 = COLOUR_RGB ( '',1.000000000000000000, 1.000000000000000000, 1.000000000000000000 ) ;
#530 = EDGE_CURVE ( 'NONE', #4730, #547, #1845, .T. ) ;
#531 =( NAMED_UNIT ( * ) SI_UNIT ( $, .STERADIAN. ) SOLID_ANGLE_UNIT ( ) );
#532 =( NAMED_UNIT ( * ) PLANE_ANGLE_UNIT ( ) SI_UNIT ( $, .RADIAN. ) );
#533 = COLOUR_RGB ( '',0.2509803921568627416, 0.2509803921568627416, 0.2509803921568627416 ) ;
#534 = CARTESIAN_POINT ( 'NONE',  ( -3.000000000000000000, 6.449086202862900130, -2.470399538941275619 ) ) ;
#535 = CARTESIAN_POINT ( 'NONE',  ( 3.000000000000000000, 6.149086202862900308, -3.727673206435407227 ) ) ;
#536 = ORIENTED_EDGE ( 'NONE', *, *, #1750, .T. ) ;
#537 = DIRECTION ( 'NONE',  ( 1.000000000000000000, 0.000000000000000000, 0.000000000000000000 ) ) ;
#538 = PRESENTATION_LAYER_ASSIGNMENT (  '', '', ( #1613 ) ) ;
#539 = CYLINDRICAL_SURFACE ( 'NONE', #4207, 0.4911654362906824334 ) ;
#540 = MECHANICAL_DESIGN_GEOMETRIC_PRESENTATION_REPRESENTATION (  '', ( #2389 ), #1934 ) ;
#541 = DIRECTION ( 'NONE',  ( -0.000000000000000000, -0.000000000000000000, -1.000000000000000000 ) ) ;
#542 = ORIENTED_EDGE ( 'NONE', *, *, #388, .F. ) ;
#543 = VECTOR ( 'NONE', #1921, 1000.000000000000000 ) ;
#544 = FACE_OUTER_BOUND ( 'NONE', #1878, .T. ) ;
#545 = SURFACE_STYLE_FILL_AREA ( #1627 ) ;
#546 = LINE ( 'NONE', #1733, #3627 ) ;
#547 = VERTEX_POINT ( 'NONE', #2209 ) ;
#548 = CARTESIAN_POINT ( 'NONE',  ( 4.020519679137760427, -3.871192841101213755, 0.4999999999999997780 ) ) ;
#549 = DIRECTION ( 'NONE',  ( 1.000000000000000000, 0.000000000000000000, 0.000000000000000000 ) ) ;
#550 = ORIENTED_EDGE ( 'NONE', *, *, #1584, .T. ) ;
#551 = LINE ( 'NONE', #1961, #2955 ) ;
#552 =( BOUNDED_CURVE ( )  B_SPLINE_CURVE ( 3, ( #3393, #4148, #4191, #1216 ),
 .UNSPECIFIED., .F., .F. ) 
 B_SPLINE_CURVE_WITH_KNOTS ( ( 4, 4 ),
 ( 0.000000000000000000, 1.282717562930203670 ),
 .UNSPECIFIED. ) 
 CURVE ( )  GEOMETRIC_REPRESENTATION_ITEM ( )  RATIONAL_B_SPLINE_CURVE ( ( 1.000000000000000000, 0.8675223730585495119, 0.8675223730585495119, 1.000000000000000000 ) ) 
 REPRESENTATION_ITEM ( '' )  );
#553 = CARTESIAN_POINT ( 'NONE',  ( 2.354342932042938319, 6.106181276738049668, -6.957383397140283421 ) ) ;
#554 =( GEOMETRIC_REPRESENTATION_CONTEXT ( 3 ) GLOBAL_UNCERTAINTY_ASSIGNED_CONTEXT ( ( #4303 ) ) GLOBAL_UNIT_ASSIGNED_CONTEXT ( ( #3735, #1494, #2614 ) ) REPRESENTATION_CONTEXT ( 'NONE', 'WORKASPACE' ) );
#555 = STYLED_ITEM ( 'NONE', ( #3069 ), #1616 ) ;
#556 = SURFACE_STYLE_USAGE ( .BOTH. , #1207 ) ;
#557 = FILL_AREA_STYLE ('',( #2318 ) ) ;
#558 = SURFACE_SIDE_STYLE ('',( #3185 ) ) ;
#559 = PRESENTATION_LAYER_ASSIGNMENT (  '', '', ( #2481 ) ) ;
#560 = DIRECTION ( 'NONE',  ( -0.000000000000000000, -0.000000000000000000, 1.000000000000000000 ) ) ;
#561 = PRESENTATION_LAYER_ASSIGNMENT (  '', '', ( #3756 ) ) ;
#562 = EDGE_CURVE ( 'NONE', #3927, #3196, #3032, .T. ) ;
#563 = DIRECTION ( 'NONE',  ( 0.000000000000000000, 0.2841106857314363299, -0.9587914884129984383 ) ) ;
#564 = ORIENTED_EDGE ( 'NONE', *, *, #4137, .T. ) ;
#565 =( NAMED_UNIT ( * ) SI_UNIT ( $, .STERADIAN. ) SOLID_ANGLE_UNIT ( ) );
#566 = FILL_AREA_STYLE_COLOUR ( '', #4399 ) ;
#567 = AXIS2_PLACEMENT_3D ( 'NONE', #1352, #3918, #2103 ) ;
#568 = EDGE_CURVE ( 'NONE', #1989, #1319, #795, .T. ) ;
#569 = ORIENTED_EDGE ( 'NONE', *, *, #2293, .F. ) ;
#570 = CARTESIAN_POINT ( 'NONE',  ( 3.000000000000000000, 6.149086202862900308, -3.727673206435407227 ) ) ;
#571 = COLOUR_RGB ( '',0.2509803921568627416, 0.2509803921568627416, 0.2509803921568627416 ) ;
#572 = UNCERTAINTY_MEASURE_WITH_UNIT (LENGTH_MEASURE( 1.000000000000000082E-05 ), #2901, 'distance_accuracy_value', 'NONE');
#573 = FILL_AREA_STYLE ('',( #3117 ) ) ;
#574 = ORIENTED_EDGE ( 'NONE', *, *, #562, .F. ) ;
#575 = FACE_OUTER_BOUND ( 'NONE', #2967, .T. ) ;
#576 = DIRECTION ( 'NONE',  ( 0.000000000000000000, -0.000000000000000000, -1.000000000000000000 ) ) ;
#577 = VERTEX_POINT ( 'NONE', #1497 ) ;
#578 = UNCERTAINTY_MEASURE_WITH_UNIT (LENGTH_MEASURE( 1.000000000000000082E-05 ), #746, 'distance_accuracy_value', 'NONE');
#579 = VECTOR ( 'NONE', #2615, 1000.000000000000000 ) ;
#580 = CARTESIAN_POINT ( 'NONE',  ( 2.405954395228023124, 6.921432421494547071, -7.149999999999997691 ) ) ;
#581 = ORIENTED_EDGE ( 'NONE', *, *, #4512, .F. ) ;
#582 = DIRECTION ( 'NONE',  ( -0.000000000000000000, 0.9587914884129985493, 0.2841106857314363854 ) ) ;
#583 = FACE_OUTER_BOUND ( 'NONE', #1454, .T. ) ;
#584 = PLANE ( 'NONE',  #779 ) ;
#585 = LINE ( 'NONE', #3186, #958 ) ;
#586 = CARTESIAN_POINT ( 'NONE',  ( -1.900000000000001243, 1.899999999999999023, 3.649999999999999467 ) ) ;
#587 = EDGE_LOOP ( 'NONE', ( #307, #1548, #1570, #1199 ) ) ;
#588 = PRESENTATION_STYLE_ASSIGNMENT (( #1642 ) ) ;
#589 = EDGE_CURVE ( 'NONE', #3144, #4336, #2617, .T. ) ;
#590 = PRESENTATION_STYLE_ASSIGNMENT (( #3623 ) ) ;
#591 = EDGE_CURVE ( 'NONE', #3371, #1163, #1101, .T. ) ;
#592 = CARTESIAN_POINT ( 'NONE',  ( -3.000000000000000000, -6.810938584589626643, -5.634957571453078629 ) ) ;
#593 = CARTESIAN_POINT ( 'NONE',  ( 4.020519679137760427, 4.119475320510217031, 0.4999999999999997780 ) ) ;
#594 = ORIENTED_EDGE ( 'NONE', *, *, #4656, .F. ) ;
#595 = EDGE_CURVE ( 'NONE', #577, #2840, #3781, .T. ) ;
#596 = CARTESIAN_POINT ( 'NONE',  ( 3.093727995198390701, 6.914591202095645706, -5.285159931281103063 ) ) ;
#597 = VERTEX_POINT ( 'NONE', #1895 ) ;
#598 = PLANE ( 'NONE',  #567 ) ;
#599 = EDGE_LOOP ( 'NONE', ( #3858, #1377, #4579, #1814 ) ) ;
#600 =( NAMED_UNIT ( * ) SI_UNIT ( $, .STERADIAN. ) SOLID_ANGLE_UNIT ( ) );
#601 = EDGE_CURVE ( 'NONE', #2515, #734, #2646, .T. ) ;
#602 = COLOUR_RGB ( '',1.000000000000000000, 1.000000000000000000, 1.000000000000000000 ) ;
#603 = DIRECTION ( 'NONE',  ( -0.000000000000000000, -0.000000000000000000, -1.000000000000000000 ) ) ;
#604 = COLOUR_RGB ( '',1.000000000000000000, 1.000000000000000000, 1.000000000000000000 ) ;
#605 = ORIENTED_EDGE ( 'NONE', *, *, #4112, .T. ) ;
#606 =( GEOMETRIC_REPRESENTATION_CONTEXT ( 3 ) GLOBAL_UNCERTAINTY_ASSIGNED_CONTEXT ( ( #2353 ) ) GLOBAL_UNIT_ASSIGNED_CONTEXT ( ( #3881, #4259, #2737 ) ) REPRESENTATION_CONTEXT ( 'NONE', 'WORKASPACE' ) );
#607 = SURFACE_STYLE_FILL_AREA ( #1052 ) ;
#608 = VECTOR ( 'NONE', #4397, 1000.000000000000000 ) ;
#609 = SURFACE_STYLE_USAGE ( .BOTH. , #558 ) ;
#610 = EDGE_CURVE ( 'NONE', #3793, #628, #730, .T. ) ;
#611 = CARTESIAN_POINT ( 'NONE',  ( -3.000000000000000000, -6.149086202862900308, -2.770399538941273665 ) ) ;
#612 =( GEOMETRIC_REPRESENTATION_CONTEXT ( 3 ) GLOBAL_UNCERTAINTY_ASSIGNED_CONTEXT ( ( #1731 ) ) GLOBAL_UNIT_ASSIGNED_CONTEXT ( ( #319, #728, #2544 ) ) REPRESENTATION_CONTEXT ( 'NONE', 'WORKASPACE' ) );
#613 = AXIS2_PLACEMENT_3D ( 'NONE', #11, #3318, #667 ) ;
#614 = VERTEX_POINT ( 'NONE', #2226 ) ;
#615 = LINE ( 'NONE', #3908, #4277 ) ;
#616 = STYLED_ITEM ( 'NONE', ( #3469 ), #2460 ) ;
#617 = CIRCLE ( 'NONE', #3733, 0.1000000000000002554 ) ;
#618 = CARTESIAN_POINT ( 'NONE',  ( 2.000000000000000000, -5.999999999999999112, -5.634957571453078629 ) ) ;
#619 = VECTOR ( 'NONE', #2499, 1000.000000000000000 ) ;
#620 = EDGE_LOOP ( 'NONE', ( #4496, #749, #4114, #3626 ) ) ;
#621 = UNCERTAINTY_MEASURE_WITH_UNIT (LENGTH_MEASURE( 1.000000000000000082E-05 ), #2695, 'distance_accuracy_value', 'NONE');
#622 = VECTOR ( 'NONE', #4145, 1000.000000000000000 ) ;
#623 = VECTOR ( 'NONE', #170, 1000.000000000000114 ) ;
#624 = ADVANCED_FACE ( 'NONE', ( #2274 ), #4094, .T. ) ;
#625 = CARTESIAN_POINT ( 'NONE',  ( -6.000000000000000888, 4.999999999999992006, -3.500000000000000000 ) ) ;
#626 = VERTEX_POINT ( 'NONE', #3232 ) ;
#627 = SURFACE_STYLE_USAGE ( .BOTH. , #259 ) ;
#628 = VERTEX_POINT ( 'NONE', #2957 ) ;
#629 =( NAMED_UNIT ( * ) PLANE_ANGLE_UNIT ( ) SI_UNIT ( $, .RADIAN. ) );
#630 = UNCERTAINTY_MEASURE_WITH_UNIT (LENGTH_MEASURE( 1.000000000000000082E-05 ), #105, 'distance_accuracy_value', 'NONE');
#631 =( NAMED_UNIT ( * ) SI_UNIT ( $, .STERADIAN. ) SOLID_ANGLE_UNIT ( ) );
#632 = SURFACE_SIDE_STYLE ('',( #607 ) ) ;
#633 = COLOUR_RGB ( '',1.000000000000000000, 1.000000000000000000, 1.000000000000000000 ) ;
#634 = CARTESIAN_POINT ( 'NONE',  ( 5.000000000000000888, -5.000000000000000888, 0.000000000000000000 ) ) ;
#635 = VECTOR ( 'NONE', #3051, 1000.000000000000000 ) ;
#636 =( GEOMETRIC_REPRESENTATION_CONTEXT ( 3 ) GLOBAL_UNCERTAINTY_ASSIGNED_CONTEXT ( ( #2074 ) ) GLOBAL_UNIT_ASSIGNED_CONTEXT ( ( #3775, #1115, #4089 ) ) REPRESENTATION_CONTEXT ( 'NONE', 'WORKASPACE' ) );
#637 =( LENGTH_UNIT ( ) NAMED_UNIT ( * ) SI_UNIT ( .MILLI., .METRE. ) );
#638 = VERTEX_POINT ( 'NONE', #4027 ) ;
#639 = VECTOR ( 'NONE', #467, 1000.000000000000000 ) ;
#640 = DIRECTION ( 'NONE',  ( -0.000000000000000000, 0.000000000000000000, 1.000000000000000000 ) ) ;
#641 = DIRECTION ( 'NONE',  ( 0.2588190451025143557, 0.000000000000000000, -0.9659258262890700886 ) ) ;
#642 = SURFACE_SIDE_STYLE ('',( #3217 ) ) ;
#643 = DIRECTION ( 'NONE',  ( 1.000000000000000000, 0.000000000000000000, 0.000000000000000000 ) ) ;
#644 = ORIENTED_EDGE ( 'NONE', *, *, #589, .T. ) ;
#645 = DIRECTION ( 'NONE',  ( -0.000000000000000000, -0.000000000000000000, -1.000000000000000000 ) ) ;
#646 = PRESENTATION_STYLE_ASSIGNMENT (( #2945 ) ) ;
#647 = VECTOR ( 'NONE', #483, 1000.000000000000000 ) ;
#648 = ORIENTED_EDGE ( 'NONE', *, *, #2100, .T. ) ;
#649 = DIRECTION ( 'NONE',  ( 1.000000000000000000, 0.000000000000000000, -0.000000000000000000 ) ) ;
#650 = CARTESIAN_POINT ( 'NONE',  ( -4.999999999999999112, -5.000000000000000888, -0.05000000000000000278 ) ) ;
#651 = ORIENTED_EDGE ( 'NONE', *, *, #381, .T. ) ;
#652 = EDGE_CURVE ( 'NONE', #626, #671, #3960, .T. ) ;
#653 = SURFACE_STYLE_USAGE ( .BOTH. , #1439 ) ;
#654 = SURFACE_SIDE_STYLE ('',( #306 ) ) ;
#655 = VERTEX_POINT ( 'NONE', #4009 ) ;
#656 = FILL_AREA_STYLE_COLOUR ( '', #602 ) ;
#657 = DIRECTION ( 'NONE',  ( 1.224646799147353207E-16, 1.000000000000000000, -0.000000000000000000 ) ) ;
#658 = FILL_AREA_STYLE ('',( #2934 ) ) ;
#659 = CARTESIAN_POINT ( 'NONE',  ( -1.968293488436033245, -6.533108527575955726, -5.516627259365578517 ) ) ;
#660 =( NAMED_UNIT ( * ) SI_UNIT ( $, .STERADIAN. ) SOLID_ANGLE_UNIT ( ) );
#661 = EDGE_CURVE ( 'NONE', #4481, #2522, #2903, .T. ) ;
#662 = FILL_AREA_STYLE ('',( #4766 ) ) ;
#663 = AXIS2_PLACEMENT_3D ( 'NONE', #966, #560, #2432 ) ;
#664 = ORIENTED_EDGE ( 'NONE', *, *, #3537, .T. ) ;
#665 = UNCERTAINTY_MEASURE_WITH_UNIT (LENGTH_MEASURE( 1.000000000000000082E-05 ), #2666, 'distance_accuracy_value', 'NONE');
#666 =( LENGTH_UNIT ( ) NAMED_UNIT ( * ) SI_UNIT ( .MILLI., .METRE. ) );
#667 = DIRECTION ( 'NONE',  ( 1.000000000000000000, 0.000000000000000000, 0.000000000000000000 ) ) ;
#668 = VERTEX_POINT ( 'NONE', #704 ) ;
#669 =( NAMED_UNIT ( * ) PLANE_ANGLE_UNIT ( ) SI_UNIT ( $, .RADIAN. ) );
#670 = SURFACE_STYLE_USAGE ( .BOTH. , #2501 ) ;
#671 = VERTEX_POINT ( 'NONE', #4720 ) ;
#672 = UNCERTAINTY_MEASURE_WITH_UNIT (LENGTH_MEASURE( 1.000000000000000082E-05 ), #1166, 'distance_accuracy_value', 'NONE');
#673 = CARTESIAN_POINT ( 'NONE',  ( -4.511685115428440973, 4.119475320510217031, -0.05000000000000000278 ) ) ;
#674 = EDGE_LOOP ( 'NONE', ( #1641, #262, #4380, #3376 ) ) ;
#675 = CARTESIAN_POINT ( 'NONE',  ( 5.000000000000000000, -5.100000000000001421, -0.05000000000000000278 ) ) ;
#676 = DIRECTION ( 'NONE',  ( -1.000000000000000000, 0.000000000000000000, 0.000000000000000000 ) ) ;
#677 =( GEOMETRIC_REPRESENTATION_CONTEXT ( 3 ) GLOBAL_UNCERTAINTY_ASSIGNED_CONTEXT ( ( #578 ) ) GLOBAL_UNIT_ASSIGNED_CONTEXT ( ( #746, #385, #40 ) ) REPRESENTATION_CONTEXT ( 'NONE', 'WORKASPACE' ) );
#678 = FACE_OUTER_BOUND ( 'NONE', #3894, .T. ) ;
#679 = ADVANCED_FACE ( 'NONE', ( #4440 ), #3289, .F. ) ;
#680 = SURFACE_SIDE_STYLE ('',( #247 ) ) ;
#681 = COLOUR_RGB ( '',0.2509803921568627416, 0.2509803921568627416, 0.2509803921568627416 ) ;
#682 = ORIENTED_EDGE ( 'NONE', *, *, #3399, .T. ) ;
#683 = DIRECTION ( 'NONE',  ( 0.2488271308658521197, -0.2751748116042139758, 0.9286354946929680221 ) ) ;
#684 = CARTESIAN_POINT ( 'NONE',  ( -3.000000000000000000, 6.149086202862900308, -2.770399538941275441 ) ) ;
#685 = VECTOR ( 'NONE', #2969, 1000.000000000000000 ) ;
#686 = STYLED_ITEM ( 'NONE', ( #1883 ), #1003 ) ;
#687 = CARTESIAN_POINT ( 'NONE',  ( 2.622818899316225583, 6.393818723261949444, -7.042616602859713915 ) ) ;
#688 = TOROIDAL_SURFACE ( 'NONE', #1606, 0.1911654362906810289, 0.2999999999999999889 ) ;
#689 = VECTOR ( 'NONE', #3270, 1000.000000000000000 ) ;
#690 = EDGE_LOOP ( 'NONE', ( #4520, #2686, #1704, #4201 ) ) ;
#691 = PRESENTATION_LAYER_ASSIGNMENT (  '', '', ( #3087 ) ) ;
#692 = ORIENTED_EDGE ( 'NONE', *, *, #1257, .F. ) ;
#693 = COLOUR_RGB ( '',1.000000000000000000, 1.000000000000000000, 1.000000000000000000 ) ;
#694 = CARTESIAN_POINT ( 'NONE',  ( 5.000000000000000888, -5.000000000000000888, -3.500000000000000000 ) ) ;
#695 = ORIENTED_EDGE ( 'NONE', *, *, #1861, .T. ) ;
#696 = LINE ( 'NONE', #3942, #479 ) ;
#697 =( GEOMETRIC_REPRESENTATION_CONTEXT ( 3 ) GLOBAL_UNCERTAINTY_ASSIGNED_CONTEXT ( ( #1979 ) ) GLOBAL_UNIT_ASSIGNED_CONTEXT ( ( #3462, #4256, #2065 ) ) REPRESENTATION_CONTEXT ( 'NONE', 'WORKASPACE' ) );
#698 = DIRECTION ( 'NONE',  ( 0.2588190451025161321, 0.000000000000000000, 0.9659258262890695335 ) ) ;
#699 = EDGE_LOOP ( 'NONE', ( #205, #3425, #1068, #550 ) ) ;
#700 = DIRECTION ( 'NONE',  ( 1.000000000000000000, -0.000000000000000000, -0.000000000000000000 ) ) ;
#701 = CARTESIAN_POINT ( 'NONE',  ( -3.529354242847078105, -3.871192841101213755, 0.4999999999999997780 ) ) ;
#702 = DIRECTION ( 'NONE',  ( 1.000000000000000000, 0.000000000000000000, 0.000000000000000000 ) ) ;
#703 = SURFACE_SIDE_STYLE ('',( #289 ) ) ;
#704 = CARTESIAN_POINT ( 'NONE',  ( 3.829354242847077039, -3.871192841101213755, 0.7999999999999998224 ) ) ;
#705 = CARTESIAN_POINT ( 'NONE',  ( -3.000000000000000000, -5.999999999999999112, -2.770399538941273665 ) ) ;
#706 = ORIENTED_EDGE ( 'NONE', *, *, #208, .T. ) ;
#707 = LINE ( 'NONE', #4031, #8 ) ;
#708 = COLOUR_RGB ( '',0.2509803921568627416, 0.2509803921568627416, 0.2509803921568627416 ) ;
#709 = LINE ( 'NONE', #1769, #3163 ) ;
#710 = EDGE_CURVE ( 'NONE', #1890, #150, #268, .T. ) ;
#711 = COLOUR_RGB ( '',1.000000000000000000, 1.000000000000000000, 1.000000000000000000 ) ;
#712 = VERTEX_POINT ( 'NONE', #1057 ) ;
#713 = SURFACE_SIDE_STYLE ('',( #4704 ) ) ;
#714 = FILL_AREA_STYLE_COLOUR ( '', #2087 ) ;
#715 = EDGE_LOOP ( 'NONE', ( #3921, #3661, #3041, #536 ) ) ;
#716 = SURFACE_STYLE_FILL_AREA ( #741 ) ;
#717 = ORIENTED_EDGE ( 'NONE', *, *, #4373, .T. ) ;
#718 = CARTESIAN_POINT ( 'NONE',  ( -4.020519679137759539, -3.871192841101213755, 0.4999999999999997780 ) ) ;
#719 = VECTOR ( 'NONE', #128, 1000.000000000000000 ) ;
#720 = DIRECTION ( 'NONE',  ( -0.9659258262890695335, 0.000000000000000000, 0.2588190451025161321 ) ) ;
#721 = TOROIDAL_SURFACE ( 'NONE', #2658, 0.1911654362906815563, 0.2999999999999999889 ) ;
#722 = VERTEX_POINT ( 'NONE', #2512 ) ;
#723 = SURFACE_STYLE_USAGE ( .BOTH. , #2633 ) ;
#724 = LINE ( 'NONE', #4050, #3025 ) ;
#725 = DIRECTION ( 'NONE',  ( 1.734723475976807341E-16, -1.000000000000000000, 0.000000000000000000 ) ) ;
#726 = FILL_AREA_STYLE ('',( #2978 ) ) ;
#727 = ORIENTED_EDGE ( 'NONE', *, *, #2506, .T. ) ;
#728 =( NAMED_UNIT ( * ) PLANE_ANGLE_UNIT ( ) SI_UNIT ( $, .RADIAN. ) );
#729 = AXIS2_PLACEMENT_3D ( 'NONE', #2044, #4597, #3950 ) ;
#730 = LINE ( 'NONE', #1119, #1376 ) ;
#731 = PRESENTATION_LAYER_ASSIGNMENT (  '', '', ( #1185 ) ) ;
#732 = CARTESIAN_POINT ( 'NONE',  ( -4.999999999999999112, -5.000000000000000888, 0.000000000000000000 ) ) ;
#733 = ADVANCED_FACE ( 'NONE', ( #678 ), #4346, .T. ) ;
#734 = VERTEX_POINT ( 'NONE', #1131 ) ;
#735 = ADVANCED_FACE ( 'NONE', ( #42 ), #1562, .T. ) ;
#736 = SURFACE_SIDE_STYLE ('',( #2496 ) ) ;
#737 = FACE_BOUND ( 'NONE', #4465, .T. ) ;
#738 = DIRECTION ( 'NONE',  ( 0.000000000000000000, 0.2867062765227775811, -0.9580185337468395401 ) ) ;
#739 = ORIENTED_EDGE ( 'NONE', *, *, #3883, .T. ) ;
#740 = EDGE_CURVE ( 'NONE', #4679, #260, #3777, .T. ) ;
#741 = FILL_AREA_STYLE ('',( #352 ) ) ;
#742 = ORIENTED_EDGE ( 'NONE', *, *, #2302, .T. ) ;
#743 =( NAMED_UNIT ( * ) PLANE_ANGLE_UNIT ( ) SI_UNIT ( $, .RADIAN. ) );
#744 = EDGE_LOOP ( 'NONE', ( #2236, #2477, #2115, #2749 ) ) ;
#745 = EDGE_CURVE ( 'NONE', #3277, #1294, #2932, .T. ) ;
#746 =( LENGTH_UNIT ( ) NAMED_UNIT ( * ) SI_UNIT ( .MILLI., .METRE. ) );
#747 = ADVANCED_FACE ( 'NONE', ( #1963 ), #485, .F. ) ;
#748 = VECTOR ( 'NONE', #1662, 1000.000000000000000 ) ;
#749 = ORIENTED_EDGE ( 'NONE', *, *, #3325, .T. ) ;
#750 = SURFACE_SIDE_STYLE ('',( #3001 ) ) ;
#751 = FILL_AREA_STYLE_COLOUR ( '', #4702 ) ;
#752 = CYLINDRICAL_SURFACE ( 'NONE', #3995, 0.4911654362906824334 ) ;
#753 = AXIS2_PLACEMENT_3D ( 'NONE', #329, #4708, #4362 ) ;
#754 = EDGE_LOOP ( 'NONE', ( #2358, #142, #695, #1373, #110 ) ) ;
#755 = COLOUR_RGB ( '',0.2509803921568627416, 0.2509803921568627416, 0.2509803921568627416 ) ;
#756 =( NAMED_UNIT ( * ) PLANE_ANGLE_UNIT ( ) SI_UNIT ( $, .RADIAN. ) );
#757 =( NAMED_UNIT ( * ) PLANE_ANGLE_UNIT ( ) SI_UNIT ( $, .RADIAN. ) );
#758 = AXIS2_PLACEMENT_3D ( 'NONE', #2137, #271, #643 ) ;
#759 = CARTESIAN_POINT ( 'NONE',  ( -1.500000000000001110, 1.499999999999998890, 1.949999999999999956 ) ) ;
#760 = VERTEX_POINT ( 'NONE', #2996 ) ;
#761 =( NAMED_UNIT ( * ) SI_UNIT ( $, .STERADIAN. ) SOLID_ANGLE_UNIT ( ) );
#762 = ORIENTED_EDGE ( 'NONE', *, *, #4330, .F. ) ;
#763 = VECTOR ( 'NONE', #2306, 1000.000000000000000 ) ;
#764 =( GEOMETRIC_REPRESENTATION_CONTEXT ( 3 ) GLOBAL_UNCERTAINTY_ASSIGNED_CONTEXT ( ( #4643 ) ) GLOBAL_UNIT_ASSIGNED_CONTEXT ( ( #91, #4530, #4090 ) ) REPRESENTATION_CONTEXT ( 'NONE', 'WORKASPACE' ) );
#765 = UNCERTAINTY_MEASURE_WITH_UNIT (LENGTH_MEASURE( 1.000000000000000082E-05 ), #4008, 'distance_accuracy_value', 'NONE');
#766 = EDGE_CURVE ( 'NONE', #2139, #2774, #617, .T. ) ;
#767 = DIRECTION ( 'NONE',  ( 0.2588190451025143557, 0.000000000000000000, 0.9659258262890700886 ) ) ;
#768 = VERTEX_POINT ( 'NONE', #186 ) ;
#769 = CARTESIAN_POINT ( 'NONE',  ( 2.645657067957062125, 6.106181276738049668, -6.957383397140283421 ) ) ;
#770 =( NAMED_UNIT ( * ) PLANE_ANGLE_UNIT ( ) SI_UNIT ( $, .RADIAN. ) );
#771 = STYLED_ITEM ( 'NONE', ( #4309 ), #1092 ) ;
#772 = PRESENTATION_STYLE_ASSIGNMENT (( #4111 ) ) ;
#773 = EDGE_LOOP ( 'NONE', ( #3941, #2935, #4367, #2761, #409, #574 ) ) ;
#774 = CARTESIAN_POINT ( 'NONE',  ( 3.000000000000000000, -6.149086202862900308, -2.770399538941273665 ) ) ;
#775 = EDGE_CURVE ( 'NONE', #2522, #2552, #1267, .T. ) ;
#776 =( NAMED_UNIT ( * ) SI_UNIT ( $, .STERADIAN. ) SOLID_ANGLE_UNIT ( ) );
#777 = LINE ( 'NONE', #423, #840 ) ;
#778 = VERTEX_POINT ( 'NONE', #959 ) ;
#779 = AXIS2_PLACEMENT_3D ( 'NONE', #983, #2928, #3663 ) ;
#780 = AXIS2_PLACEMENT_3D ( 'NONE', #4209, #3480, #2344 ) ;
#781 = LINE ( 'NONE', #3767, #3246 ) ;
#782 = CYLINDRICAL_SURFACE ( 'NONE', #1220, 0.1499999999999999667 ) ;
#783 = ORIENTED_EDGE ( 'NONE', *, *, #933, .T. ) ;
#784 = FILL_AREA_STYLE ('',( #2988 ) ) ;
#785 = SURFACE_SIDE_STYLE ('',( #716 ) ) ;
#786 = VERTEX_POINT ( 'NONE', #553 ) ;
#787 = SURFACE_STYLE_FILL_AREA ( #2602 ) ;
#788 = VERTEX_POINT ( 'NONE', #2780 ) ;
#789 = SURFACE_SIDE_STYLE ('',( #809 ) ) ;
#790 =( NAMED_UNIT ( * ) SI_UNIT ( $, .STERADIAN. ) SOLID_ANGLE_UNIT ( ) );
#791 = EDGE_CURVE ( 'NONE', #4611, #1312, #3945, .T. ) ;
#792 =( LENGTH_UNIT ( ) NAMED_UNIT ( * ) SI_UNIT ( .MILLI., .METRE. ) );
#793 = EDGE_CURVE ( 'NONE', #4694, #2083, #1458, .T. ) ;
#794 = PLANE ( 'NONE',  #4064 ) ;
#795 = LINE ( 'NONE', #1870, #2003 ) ;
#796 = ORIENTED_EDGE ( 'NONE', *, *, #453, .F. ) ;
#797 = ADVANCED_FACE ( 'NONE', ( #1658 ), #882, .T. ) ;
#798 = DIRECTION ( 'NONE',  ( 0.000000000000000000, -0.000000000000000000, 1.000000000000000000 ) ) ;
#799 = DIRECTION ( 'NONE',  ( 1.000000000000000000, 0.000000000000000000, 0.000000000000000000 ) ) ;
#800 = CARTESIAN_POINT ( 'NONE',  ( -2.354342932042941872, 6.106181276738049668, -6.957383397140283421 ) ) ;
#801 = VECTOR ( 'NONE', #510, 1000.000000000000114 ) ;
#802 = CARTESIAN_POINT ( 'NONE',  ( 3.093621452618899426, 6.601579486433985622, -5.285557553600933822 ) ) ;
#803 = VERTEX_POINT ( 'NONE', #2383 ) ;
#804 = PRESENTATION_STYLE_ASSIGNMENT (( #1227 ) ) ;
#805 = DIRECTION ( 'NONE',  ( 1.000000000000000000, 0.000000000000000000, 0.000000000000000000 ) ) ;
#806 = UNCERTAINTY_MEASURE_WITH_UNIT (LENGTH_MEASURE( 1.000000000000000082E-05 ), #2521, 'distance_accuracy_value', 'NONE');
#807 = SURFACE_SIDE_STYLE ('',( #4524 ) ) ;
#808 = ORIENTED_EDGE ( 'NONE', *, *, #3904, .T. ) ;
#809 = SURFACE_STYLE_FILL_AREA ( #859 ) ;
#810 = FACE_OUTER_BOUND ( 'NONE', #3990, .T. ) ;
#811 = CARTESIAN_POINT ( 'NONE',  ( 3.000000000000000000, 6.608412929275199410, -5.262496658105769498 ) ) ;
#812 = ORIENTED_EDGE ( 'NONE', *, *, #208, .F. ) ;
#813 = DIRECTION ( 'NONE',  ( 1.000000000000000000, 0.000000000000000000, 0.000000000000000000 ) ) ;
#814 = DIRECTION ( 'NONE',  ( -1.734723475976808327E-16, 1.000000000000000000, 0.000000000000000000 ) ) ;
#815 = ADVANCED_FACE ( 'NONE', ( #4572 ), #3178, .T. ) ;
#816 = CARTESIAN_POINT ( 'NONE',  ( 5.000000000000000000, -5.100000000000001421, 0.000000000000000000 ) ) ;
#817 = CARTESIAN_POINT ( 'NONE',  ( -3.529354242847077661, 4.119475320510217031, -0.05000000000000000278 ) ) ;
#818 = EDGE_LOOP ( 'NONE', ( #3562, #3783, #4085, #1499 ) ) ;
#819 = SURFACE_STYLE_USAGE ( .BOTH. , #2325 ) ;
#820 = MECHANICAL_DESIGN_GEOMETRIC_PRESENTATION_REPRESENTATION (  '', ( #2764 ), #606 ) ;
#821 =( NAMED_UNIT ( * ) PLANE_ANGLE_UNIT ( ) SI_UNIT ( $, .RADIAN. ) );
#822 = STYLED_ITEM ( 'NONE', ( #2596 ), #198 ) ;
#823 = ORIENTED_EDGE ( 'NONE', *, *, #992, .T. ) ;
#824 = CARTESIAN_POINT ( 'NONE',  ( 4.999999999999993783, -6.000000000000000888, -3.500000000000000000 ) ) ;
#825 = MECHANICAL_DESIGN_GEOMETRIC_PRESENTATION_REPRESENTATION (  '', ( #3406 ), #3874 ) ;
#826 = STYLED_ITEM ( 'NONE', ( #3339 ), #3612 ) ;
#827 = VECTOR ( 'NONE', #3363, 1000.000000000000000 ) ;
#828 = VECTOR ( 'NONE', #2657, 1000.000000000000000 ) ;
#829 = SURFACE_STYLE_USAGE ( .BOTH. , #109 ) ;
#830 = ORIENTED_EDGE ( 'NONE', *, *, #4512, .T. ) ;
#831 = SURFACE_STYLE_USAGE ( .BOTH. , #789 ) ;
#832 = CARTESIAN_POINT ( 'NONE',  ( -2.000000000000000000, -6.149086202862900308, -2.770399538941273665 ) ) ;
#833 = STYLED_ITEM ( 'NONE', ( #3263 ), #733 ) ;
#834 = CARTESIAN_POINT ( 'NONE',  ( -3.829354242847077927, -3.871192841101213755, 0.7999999999999998224 ) ) ;
#835 = VECTOR ( 'NONE', #3248, 1000.000000000000000 ) ;
#836 = VECTOR ( 'NONE', #1132, 1000.000000000000000 ) ;
#837 = ORIENTED_EDGE ( 'NONE', *, *, #2, .T. ) ;
#838 = CARTESIAN_POINT ( 'NONE',  ( -5.999999999999999112, -5.000000000000000888, -3.500000000000000000 ) ) ;
#839 = DIRECTION ( 'NONE',  ( 0.000000000000000000, -0.9580185337468402063, 0.2867062765227760823 ) ) ;
#840 = VECTOR ( 'NONE', #2253, 1000.000000000000000 ) ;
#841 = VECTOR ( 'NONE', #1573, 1000.000000000000000 ) ;
#842 = SURFACE_SIDE_STYLE ('',( #1846 ) ) ;
#843 = DIRECTION ( 'NONE',  ( 1.000000000000000000, 0.000000000000000000, -0.000000000000000000 ) ) ;
#844 = VERTEX_POINT ( 'NONE', #3227 ) ;
#845 =( NAMED_UNIT ( * ) SI_UNIT ( $, .STERADIAN. ) SOLID_ANGLE_UNIT ( ) );
#846 = CARTESIAN_POINT ( 'NONE',  ( -2.382458001149005966, -6.075089173487178584, -7.062310263502427965 ) ) ;
#847 = LINE ( 'NONE', #4603, #4491 ) ;
#848 = EDGE_CURVE ( 'NONE', #1319, #3364, #3352, .T. ) ;
#849 = FILL_AREA_STYLE_COLOUR ( '', #981 ) ;
#850 = FACE_OUTER_BOUND ( 'NONE', #4023, .T. ) ;
#851 = ORIENTED_EDGE ( 'NONE', *, *, #3508, .T. ) ;
#852 = VECTOR ( 'NONE', #116, 1000.000000000000227 ) ;
#853 = PLANE ( 'NONE',  #4037 ) ;
#854 = EDGE_CURVE ( 'NONE', #1290, #4730, #1782, .T. ) ;
#855 = VECTOR ( 'NONE', #2516, 1000.000000000000000 ) ;
#856 = UNCERTAINTY_MEASURE_WITH_UNIT (LENGTH_MEASURE( 1.000000000000000082E-05 ), #3261, 'distance_accuracy_value', 'NONE');
#857 = COLOUR_RGB ( '',0.2509803921568627416, 0.2509803921568627416, 0.2509803921568627416 ) ;
#858 = EDGE_LOOP ( 'NONE', ( #3120, #4198, #962, #2993 ) ) ;
#859 = FILL_AREA_STYLE ('',( #2703 ) ) ;
#860 = DIRECTION ( 'NONE',  ( 0.000000000000000000, -1.000000000000000000, 0.000000000000000000 ) ) ;
#861 = CARTESIAN_POINT ( 'NONE',  ( -3.000000000000000000, -6.921432421494546183, -5.262072792150291001 ) ) ;
#862 = VECTOR ( 'NONE', #3878, 1000.000000000000000 ) ;
#863 =( NAMED_UNIT ( * ) PLANE_ANGLE_UNIT ( ) SI_UNIT ( $, .RADIAN. ) );
#864 = CARTESIAN_POINT ( 'NONE',  ( 3.000000000000000000, -6.449086202862900130, -2.470399538941273843 ) ) ;
#865 = CARTESIAN_POINT ( 'NONE',  ( 5.000000000000000888, -5.000000000000000888, -0.05000000000000000278 ) ) ;
#866 = PRESENTATION_LAYER_ASSIGNMENT (  '', '', ( #258 ) ) ;
#867 = CARTESIAN_POINT ( 'NONE',  ( -4.511685115428440085, -3.871192841101213755, -0.05000000000000000278 ) ) ;
#868 = ORIENTED_EDGE ( 'NONE', *, *, #3108, .T. ) ;
#869 = CARTESIAN_POINT ( 'NONE',  ( 4.020519679137760427, -3.871192841101213755, 0.4999999999999997780 ) ) ;
#870 =( NAMED_UNIT ( * ) SI_UNIT ( $, .STERADIAN. ) SOLID_ANGLE_UNIT ( ) );
#871 = PRESENTATION_STYLE_ASSIGNMENT (( #81 ) ) ;
#872 = EDGE_CURVE ( 'NONE', #3642, #2136, #4386, .T. ) ;
#873 = DIRECTION ( 'NONE',  ( -1.141265444721583511E-16, 1.000000000000000000, 0.000000000000000000 ) ) ;
#874 = EDGE_CURVE ( 'NONE', #3696, #1557, #2952, .T. ) ;
#875 = VERTEX_POINT ( 'NONE', #1000 ) ;
#876 = DIRECTION ( 'NONE',  ( -1.000000000000000000, -0.000000000000000000, -0.000000000000000000 ) ) ;
#877 = EDGE_CURVE ( 'NONE', #3128, #768, #2557, .T. ) ;
#878 = ORIENTED_EDGE ( 'NONE', *, *, #349, .T. ) ;
#879 = CARTESIAN_POINT ( 'NONE',  ( -3.000000000000000000, 5.999999999999999112, -2.770399538941275441 ) ) ;
#880 = SURFACE_SIDE_STYLE ('',( #157 ) ) ;
#881 = CARTESIAN_POINT ( 'NONE',  ( -1.968186945856541747, 6.846120243237618475, -5.516229637045745093 ) ) ;
#882 = PLANE ( 'NONE',  #1238 ) ;
#883 = ADVANCED_FACE ( 'NONE', ( #4785 ), #15, .F. ) ;
#884 = DIRECTION ( 'NONE',  ( -0.000000000000000000, 0.000000000000000000, 1.000000000000000000 ) ) ;
#885 = CARTESIAN_POINT ( 'NONE',  ( -3.000000000000000000, 6.393818723261949444, -7.042616602859713915 ) ) ;
#886 = DIRECTION ( 'NONE',  ( -1.000000000000000000, -0.000000000000000000, -0.000000000000000000 ) ) ;
#887 =( NAMED_UNIT ( * ) PLANE_ANGLE_UNIT ( ) SI_UNIT ( $, .RADIAN. ) );
#888 = LINE ( 'NONE', #2362, #1039 ) ;
#889 = FACE_OUTER_BOUND ( 'NONE', #690, .T. ) ;
#890 = DIRECTION ( 'NONE',  ( 1.000000000000000000, 0.000000000000000000, 0.000000000000000000 ) ) ;
#891 = ORIENTED_EDGE ( 'NONE', *, *, #661, .F. ) ;
#892 = DIRECTION ( 'NONE',  ( -1.000000000000000000, -0.000000000000000000, -0.000000000000000000 ) ) ;
#893 = DIRECTION ( 'NONE',  ( 0.000000000000000000, 0.000000000000000000, -1.000000000000000000 ) ) ;
#894 = FILL_AREA_STYLE ('',( #1996 ) ) ;
#895 = VERTEX_POINT ( 'NONE', #4714 ) ;
#896 = DIRECTION ( 'NONE',  ( 0.000000000000000000, -1.000000000000000000, 0.000000000000000000 ) ) ;
#898 = FILL_AREA_STYLE_COLOUR ( '', #1136 ) ;
#897 = VECTOR ( 'NONE', #980, 1000.000000000000000 ) ;
#899 = UNCERTAINTY_MEASURE_WITH_UNIT (LENGTH_MEASURE( 1.000000000000000082E-05 ), #3660, 'distance_accuracy_value', 'NONE');
#900 = FILL_AREA_STYLE_COLOUR ( '', #2016 ) ;
#901 =( NAMED_UNIT ( * ) SI_UNIT ( $, .STERADIAN. ) SOLID_ANGLE_UNIT ( ) );
#902 = VERTEX_POINT ( 'NONE', #2180 ) ;
#903 = SURFACE_STYLE_FILL_AREA ( #1711 ) ;
#904 = LINE ( 'NONE', #3119, #2008 ) ;
#905 = ORIENTED_EDGE ( 'NONE', *, *, #3047, .T. ) ;
#906 =( GEOMETRIC_REPRESENTATION_CONTEXT ( 3 ) GLOBAL_UNCERTAINTY_ASSIGNED_CONTEXT ( ( #951 ) ) GLOBAL_UNIT_ASSIGNED_CONTEXT ( ( #4754, #3280, #600 ) ) REPRESENTATION_CONTEXT ( 'NONE', 'WORKASPACE' ) );
#907 = EDGE_CURVE ( 'NONE', #34, #2365, #282, .T. ) ;
#908 = DIRECTION ( 'NONE',  ( 1.000000000000000000, 0.000000000000000000, -0.000000000000000000 ) ) ;
#909 = FILL_AREA_STYLE ('',( #506 ) ) ;
#910 = FILL_AREA_STYLE ('',( #1719 ) ) ;
#911 =( NAMED_UNIT ( * ) PLANE_ANGLE_UNIT ( ) SI_UNIT ( $, .RADIAN. ) );
#912 = FACE_BOUND ( 'NONE', #3017, .T. ) ;
#913 = CARTESIAN_POINT ( 'NONE',  ( -5.000000000000000888, 4.999999999999999112, 0.000000000000000000 ) ) ;
#914 = AXIS2_PLACEMENT_3D ( 'NONE', #4113, #2289, #1564 ) ;
#915 = FILL_AREA_STYLE_COLOUR ( '', #3832 ) ;
#916 = FILL_AREA_STYLE ('',( #2760 ) ) ;
#917 = ORIENTED_EDGE ( 'NONE', *, *, #324, .T. ) ;
#918 = FILL_AREA_STYLE_COLOUR ( '', #2394 ) ;
#919 = FACE_OUTER_BOUND ( 'NONE', #1531, .T. ) ;
#920 = ADVANCED_FACE ( 'NONE', ( #3705 ), #1486, .F. ) ;
#921 =( GEOMETRIC_REPRESENTATION_CONTEXT ( 3 ) GLOBAL_UNCERTAINTY_ASSIGNED_CONTEXT ( ( #281 ) ) GLOBAL_UNIT_ASSIGNED_CONTEXT ( ( #1736, #997, #4000 ) ) REPRESENTATION_CONTEXT ( 'NONE', 'WORKASPACE' ) );
#922 = DIRECTION ( 'NONE',  ( -0.000000000000000000, -0.000000000000000000, 1.000000000000000000 ) ) ;
#923 =( NAMED_UNIT ( * ) SI_UNIT ( $, .STERADIAN. ) SOLID_ANGLE_UNIT ( ) );
#924 = ORIENTED_EDGE ( 'NONE', *, *, #135, .T. ) ;
#925 = VECTOR ( 'NONE', #1624, 1000.000000000000000 ) ;
#926 = SURFACE_STYLE_USAGE ( .BOTH. , #2771 ) ;
#927 = VERTEX_POINT ( 'NONE', #61 ) ;
#928 = FILL_AREA_STYLE ('',( #1286 ) ) ;
#929 = PRESENTATION_LAYER_ASSIGNMENT (  '', '', ( #3510 ) ) ;
#930 =( LENGTH_UNIT ( ) NAMED_UNIT ( * ) SI_UNIT ( .MILLI., .METRE. ) );
#931 = VERTEX_POINT ( 'NONE', #2285 ) ;
#932 = COLOUR_RGB ( '',0.2509803921568627416, 0.2509803921568627416, 0.2509803921568627416 ) ;
#933 = EDGE_CURVE ( 'NONE', #1326, #2741, #2672, .T. ) ;
#934 = EDGE_LOOP ( 'NONE', ( #3468, #2305, #1304, #4087, #2070, #1680 ) ) ;
#935 = EDGE_CURVE ( 'NONE', #3927, #2525, #3382, .T. ) ;
#936 = DIRECTION ( 'NONE',  ( -1.000000000000000000, 5.706327223607918787E-17, 0.000000000000000000 ) ) ;
#937 = CARTESIAN_POINT ( 'NONE',  ( -1.500000000000001110, -1.500000000000000444, 0.7500000000000000000 ) ) ;
#938 = DIRECTION ( 'NONE',  ( -1.000000000000000000, 0.000000000000000000, 0.000000000000000000 ) ) ;
#939 =( GEOMETRIC_REPRESENTATION_CONTEXT ( 3 ) GLOBAL_UNCERTAINTY_ASSIGNED_CONTEXT ( ( #4408 ) ) GLOBAL_UNIT_ASSIGNED_CONTEXT ( ( #46, #2590, #3054 ) ) REPRESENTATION_CONTEXT ( 'NONE', 'WORKASPACE' ) );
#940 = COLOUR_RGB ( '',0.2509803921568627416, 0.2509803921568627416, 0.2509803921568627416 ) ;
#941 = EDGE_CURVE ( 'NONE', #2079, #1946, #1507, .T. ) ;
#942 = FILL_AREA_STYLE_COLOUR ( '', #4434 ) ;
#943 = VERTEX_POINT ( 'NONE', #3792 ) ;
#944 = CARTESIAN_POINT ( 'NONE',  ( 1.499999999999999112, 1.500000000000000000, 1.949999999999999956 ) ) ;
#945 = LINE ( 'NONE', #1361, #1256 ) ;
#946 = STYLED_ITEM ( 'NONE', ( #437 ), #4677 ) ;
#947 = EDGE_CURVE ( 'NONE', #4757, #2741, #4170, .T. ) ;
#948 = SURFACE_STYLE_FILL_AREA ( #2819 ) ;
#949 = ORIENTED_EDGE ( 'NONE', *, *, #872, .T. ) ;
#950 = LINE ( 'NONE', #2098, #3993 ) ;
#951 = UNCERTAINTY_MEASURE_WITH_UNIT (LENGTH_MEASURE( 1.000000000000000082E-05 ), #4754, 'distance_accuracy_value', 'NONE');
#952 =( NAMED_UNIT ( * ) SI_UNIT ( $, .STERADIAN. ) SOLID_ANGLE_UNIT ( ) );
#953 = ORIENTED_EDGE ( 'NONE', *, *, #2865, .F. ) ;
#954 = DIRECTION ( 'NONE',  ( -0.000000000000000000, 0.9580185337468397622, 0.2867062765227776366 ) ) ;
#955 = ORIENTED_EDGE ( 'NONE', *, *, #19, .F. ) ;
#956 = DIRECTION ( 'NONE',  ( 0.000000000000000000, -0.2867062765227776922, 0.9580185337468395401 ) ) ;
#957 = UNCERTAINTY_MEASURE_WITH_UNIT (LENGTH_MEASURE( 1.000000000000000082E-05 ), #1764, 'distance_accuracy_value', 'NONE');
#958 = VECTOR ( 'NONE', #3902, 1000.000000000000000 ) ;
#959 = CARTESIAN_POINT ( 'NONE',  ( -4.999999999999993783, 5.999999999999999112, -3.500000000000000000 ) ) ;
#960 = MECHANICAL_DESIGN_GEOMETRIC_PRESENTATION_REPRESENTATION (  '', ( #1185 ), #2584 ) ;
#961 = DIRECTION ( 'NONE',  ( -0.000000000000000000, -0.000000000000000000, 1.000000000000000000 ) ) ;
#962 = ORIENTED_EDGE ( 'NONE', *, *, #1300, .T. ) ;
#963 = DIRECTION ( 'NONE',  ( 5.706327223607918787E-17, 1.000000000000000000, -0.000000000000000000 ) ) ;
#964 = DIRECTION ( 'NONE',  ( 0.000000000000000000, -1.000000000000000000, 0.000000000000000000 ) ) ;
#965 = FACE_OUTER_BOUND ( 'NONE', #4180, .T. ) ;
#966 = CARTESIAN_POINT ( 'NONE',  ( 4.020519679137760427, 4.119475320510217031, -0.05000000000000000278 ) ) ;
#967 = DIRECTION ( 'NONE',  ( 1.000000000000000000, 0.000000000000000000, 0.000000000000000000 ) ) ;
#968 = VERTEX_POINT ( 'NONE', #1905 ) ;
#969 = FACE_OUTER_BOUND ( 'NONE', #3303, .T. ) ;
#970 = EDGE_CURVE ( 'NONE', #2278, #424, #526, .T. ) ;
#971 =( NAMED_UNIT ( * ) PLANE_ANGLE_UNIT ( ) SI_UNIT ( $, .RADIAN. ) );
#972 = ORIENTED_EDGE ( 'NONE', *, *, #4035, .F. ) ;
#973 = CARTESIAN_POINT ( 'NONE',  ( -3.093727995198389813, -6.914591202095643929, -5.285159931281103951 ) ) ;
#974 = ORIENTED_EDGE ( 'NONE', *, *, #3473, .F. ) ;
#975 = SURFACE_SIDE_STYLE ('',( #2406 ) ) ;
#976 = EDGE_LOOP ( 'NONE', ( #542, #2283, #1903, #1830 ) ) ;
#977 = FILL_AREA_STYLE ('',( #4312 ) ) ;
#978 = ORIENTED_EDGE ( 'NONE', *, *, #2164, .T. ) ;
#979 = COLOUR_RGB ( '',1.000000000000000000, 1.000000000000000000, 1.000000000000000000 ) ;
#980 = DIRECTION ( 'NONE',  ( -1.000000000000000000, -0.000000000000000000, -0.000000000000000000 ) ) ;
#981 = COLOUR_RGB ( '',0.2509803921568627416, 0.2509803921568627416, 0.2509803921568627416 ) ;
#982 = MECHANICAL_DESIGN_GEOMETRIC_PRESENTATION_REPRESENTATION (  '', ( #686 ), #3080 ) ;
#983 = CARTESIAN_POINT ( 'NONE',  ( 0.000000000000000000, 0.000000000000000000, 0.7500000000000000000 ) ) ;
#984 = DIRECTION ( 'NONE',  ( 0.000000000000000000, 0.2841106857314363299, 0.9587914884129984383 ) ) ;
#985 = VECTOR ( 'NONE', #4724, 1000.000000000000000 ) ;
#986 = VERTEX_POINT ( 'NONE', #1935 ) ;
#987 = DIRECTION ( 'NONE',  ( 0.2588190451025161321, 0.000000000000000000, 0.9659258262890695335 ) ) ;
#988 = PRESENTATION_LAYER_ASSIGNMENT (  '', '', ( #225 ) ) ;
#989 = LINE ( 'NONE', #2471, #4627 ) ;
#990 = AXIS2_PLACEMENT_3D ( 'NONE', #2619, #3157, #890 ) ;
#991 = ORIENTED_EDGE ( 'NONE', *, *, #2390, .T. ) ;
#992 = EDGE_CURVE ( 'NONE', #1285, #1461, #3064, .T. ) ;
#993 = CARTESIAN_POINT ( 'NONE',  ( 2.000000000000000000, 6.449086202862900130, -3.683745183551862201 ) ) ;
#994 = UNCERTAINTY_MEASURE_WITH_UNIT (LENGTH_MEASURE( 1.000000000000000082E-05 ), #1360, 'distance_accuracy_value', 'NONE');
#995 = DIRECTION ( 'NONE',  ( 1.000000000000000000, -0.000000000000000000, -0.000000000000000000 ) ) ;
#996 = ORIENTED_EDGE ( 'NONE', *, *, #3370, .T. ) ;
#997 =( NAMED_UNIT ( * ) PLANE_ANGLE_UNIT ( ) SI_UNIT ( $, .RADIAN. ) );
#998 = FILL_AREA_STYLE ('',( #2875 ) ) ;
#999 = UNCERTAINTY_MEASURE_WITH_UNIT (LENGTH_MEASURE( 1.000000000000000082E-05 ), #451, 'distance_accuracy_value', 'NONE');
#1000 = CARTESIAN_POINT ( 'NONE',  ( -4.211685115428441151, 4.119475320510217031, 0.7999999999999998224 ) ) ;
#1001 = SURFACE_SIDE_STYLE ('',( #3256 ) ) ;
#1002 = VERTEX_POINT ( 'NONE', #1128 ) ;
#1003 = ADVANCED_FACE ( 'NONE', ( #2238 ), #2334, .F. ) ;
#1004 = FILL_AREA_STYLE_COLOUR ( '', #571 ) ;
#1005 = CARTESIAN_POINT ( 'NONE',  ( -2.622818899316228247, 6.393818723261949444, -7.042616602859713915 ) ) ;
#1006 = MECHANICAL_DESIGN_GEOMETRIC_PRESENTATION_REPRESENTATION (  '', ( #2031 ), #1623 ) ;
#1007 = CARTESIAN_POINT ( 'NONE',  ( 4.020519679137760427, 4.119475320510217031, 0.4999999999999997780 ) ) ;
#1008 = COLOUR_RGB ( '',0.2509803921568627416, 0.2509803921568627416, 0.2509803921568627416 ) ;
#1009 = PRESENTATION_LAYER_ASSIGNMENT (  '', '', ( #4067 ) ) ;
#1010 = AXIS2_PLACEMENT_3D ( 'NONE', #7, #2523, #3698 ) ;
#1011 = DIRECTION ( 'NONE',  ( 1.000000000000000000, 0.000000000000000000, 0.000000000000000000 ) ) ;
#1012 = VECTOR ( 'NONE', #2427, 1000.000000000000000 ) ;
#1013 = DIRECTION ( 'NONE',  ( 0.000000000000000000, 0.000000000000000000, 1.000000000000000000 ) ) ;
#1014 = LINE ( 'NONE', #1036, #985 ) ;
#1015 = SURFACE_STYLE_FILL_AREA ( #4352 ) ;
#1016 = ORIENTED_EDGE ( 'NONE', *, *, #4680, .T. ) ;
#1017 = PLANE ( 'NONE',  #3028 ) ;
#1018 = PRESENTATION_STYLE_ASSIGNMENT (( #1459 ) ) ;
#1019 = LINE ( 'NONE', #2213, #619 ) ;
#1020 = ORIENTED_EDGE ( 'NONE', *, *, #3449, .T. ) ;
#1021 =( GEOMETRIC_REPRESENTATION_CONTEXT ( 3 ) GLOBAL_UNCERTAINTY_ASSIGNED_CONTEXT ( ( #1933 ) ) GLOBAL_UNIT_ASSIGNED_CONTEXT ( ( #4048, #1809, #2579 ) ) REPRESENTATION_CONTEXT ( 'NONE', 'WORKASPACE' ) );
#1022 = FACE_OUTER_BOUND ( 'NONE', #3225, .T. ) ;
#1023 = ORIENTED_EDGE ( 'NONE', *, *, #793, .T. ) ;
#1024 = ADVANCED_FACE ( 'NONE', ( #4154 ), #4132, .F. ) ;
#1025 =( NAMED_UNIT ( * ) SI_UNIT ( $, .STERADIAN. ) SOLID_ANGLE_UNIT ( ) );
#1026 = PRESENTATION_STYLE_ASSIGNMENT (( #2508 ) ) ;
#1027 = ORIENTED_EDGE ( 'NONE', *, *, #3765, .F. ) ;
#1028 = DIRECTION ( 'NONE',  ( 0.000000000000000000, 1.000000000000000000, 0.000000000000000000 ) ) ;
#1029 = FILL_AREA_STYLE ('',( #656 ) ) ;
#1030 = FILL_AREA_STYLE ('',( #243 ) ) ;
#1031 = VECTOR ( 'NONE', #3029, 1000.000000000000000 ) ;
#1032 = CARTESIAN_POINT ( 'NONE',  ( 2.000000000000000000, -6.608412929275197634, -5.262496658105771274 ) ) ;
#1033 = CARTESIAN_POINT ( 'NONE',  ( -2.377181100683778414, 6.393818723261949444, -7.042616602859713915 ) ) ;
#1034 = ORIENTED_EDGE ( 'NONE', *, *, #299, .T. ) ;
#1035 =( NAMED_UNIT ( * ) SI_UNIT ( $, .STERADIAN. ) SOLID_ANGLE_UNIT ( ) );
#1036 = CARTESIAN_POINT ( 'NONE',  ( -2.000000000000000000, -6.449086202862900130, -2.470399538941273843 ) ) ;
#1037 =( BOUNDED_CURVE ( )  B_SPLINE_CURVE ( 3, ( #80, #1594, #846, #1572 ),
 .UNSPECIFIED., .F., .F. ) 
 B_SPLINE_CURVE_WITH_KNOTS ( ( 4, 4 ),
 ( 3.141592653589793116, 5.000467744249322166 ),
 .UNSPECIFIED. ) 
 CURVE ( )  GEOMETRIC_REPRESENTATION_ITEM ( )  RATIONAL_B_SPLINE_CURVE ( ( 1.000000000000000000, 0.7321898417193803965, 0.7321898417193803965, 1.000000000000000000 ) ) 
 REPRESENTATION_ITEM ( '' )  );
#1038 = CARTESIAN_POINT ( 'NONE',  ( -4.020519679137759539, 4.119475320510217031, 0.7999999999999998224 ) ) ;
#1039 = VECTOR ( 'NONE', #2345, 1000.000000000000000 ) ;
#1040 = ORIENTED_EDGE ( 'NONE', *, *, #3323, .T. ) ;
#1041 = DIRECTION ( 'NONE',  ( 0.000000000000000000, -0.9587914884129985493, -0.2841106857314363854 ) ) ;
#1042 = FILL_AREA_STYLE ('',( #2550 ) ) ;
#1043 = ORIENTED_EDGE ( 'NONE', *, *, #1715, .F. ) ;
#1044 =( NAMED_UNIT ( * ) SI_UNIT ( $, .STERADIAN. ) SOLID_ANGLE_UNIT ( ) );
#1045 = CARTESIAN_POINT ( 'NONE',  ( 3.000000000000000000, 6.149086202862900308, -3.727673206435407227 ) ) ;
#1046 =( LENGTH_UNIT ( ) NAMED_UNIT ( * ) SI_UNIT ( .MILLI., .METRE. ) );
#1047 = UNCERTAINTY_MEASURE_WITH_UNIT (LENGTH_MEASURE( 1.000000000000000082E-05 ), #2869, 'distance_accuracy_value', 'NONE');
#1048 = VECTOR ( 'NONE', #3260, 1000.000000000000114 ) ;
#1049 = CARTESIAN_POINT ( 'NONE',  ( -3.529354242847078105, -3.871192841101213755, -0.05000000000000000278 ) ) ;
#1050 = ORIENTED_EDGE ( 'NONE', *, *, #3869, .F. ) ;
#1051 = PRESENTATION_STYLE_ASSIGNMENT (( #3662 ) ) ;
#1052 = FILL_AREA_STYLE ('',( #4669 ) ) ;
#1053 = ADVANCED_FACE ( 'NONE', ( #3966 ), #1328, .T. ) ;
#1054 =( NAMED_UNIT ( * ) SI_UNIT ( $, .STERADIAN. ) SOLID_ANGLE_UNIT ( ) );
#1055 = STYLED_ITEM ( 'NONE', ( #357 ), #2268 ) ;
#1056 = PRESENTATION_LAYER_ASSIGNMENT (  '', '', ( #4100 ) ) ;
#1057 = CARTESIAN_POINT ( 'NONE',  ( 4.511685115428442749, -3.871192841101213755, -0.05000000000000000278 ) ) ;
#1058 = CIRCLE ( 'NONE', #1675, 0.2999999999999999334 ) ;
#1059 =( NAMED_UNIT ( * ) PLANE_ANGLE_UNIT ( ) SI_UNIT ( $, .RADIAN. ) );
#1060 = ORIENTED_EDGE ( 'NONE', *, *, #3012, .F. ) ;
#1061 = ADVANCED_FACE ( 'NONE', ( #1708 ), #3200, .F. ) ;
#1062 = FILL_AREA_STYLE ('',( #193 ) ) ;
#1063 = SURFACE_STYLE_USAGE ( .BOTH. , #2907 ) ;
#1064 = VECTOR ( 'NONE', #3714, 1000.000000000000000 ) ;
#1065 = PRESENTATION_LAYER_ASSIGNMENT (  '', '', ( #454 ) ) ;
#1066 = CARTESIAN_POINT ( 'NONE',  ( 3.093727995198390257, -6.914591202095643929, -5.285159931281104839 ) ) ;
#1067 = COLOUR_RGB ( '',0.2509803921568627416, 0.2509803921568627416, 0.2509803921568627416 ) ;
#1068 = ORIENTED_EDGE ( 'NONE', *, *, #2454, .T. ) ;
#1069 = ADVANCED_FACE ( 'NONE', ( #2746 ), #4735, .F. ) ;
#1070 = CARTESIAN_POINT ( 'NONE',  ( 3.000000000000000000, -6.608412929275197634, -5.262496658105771274 ) ) ;
#1071 = PRESENTATION_LAYER_ASSIGNMENT (  '', '', ( #460 ) ) ;
#1072 = FILL_AREA_STYLE ('',( #1171 ) ) ;
#1073 = COLOUR_RGB ( '',0.2509803921568627416, 0.2509803921568627416, 0.2509803921568627416 ) ;
#1074 = LINE ( 'NONE', #1777, #370 ) ;
#1075 = DIRECTION ( 'NONE',  ( -0.000000000000000000, 0.000000000000000000, 1.000000000000000000 ) ) ;
#1076 = ORIENTED_EDGE ( 'NONE', *, *, #2968, .T. ) ;
#1077 = MECHANICAL_DESIGN_GEOMETRIC_PRESENTATION_REPRESENTATION (  '', ( #2464 ), #228 ) ;
#1078 = PRODUCT_CONTEXT ( 'NONE', #4224, 'mechanical' ) ;
#1079 = CARTESIAN_POINT ( 'NONE',  ( 1.499999999999999112, -1.500000000000000000, 0.7500000000000000000 ) ) ;
#1080 =( NAMED_UNIT ( * ) PLANE_ANGLE_UNIT ( ) SI_UNIT ( $, .RADIAN. ) );
#1081 =( NAMED_UNIT ( * ) PLANE_ANGLE_UNIT ( ) SI_UNIT ( $, .RADIAN. ) );
#1082 = MECHANICAL_DESIGN_GEOMETRIC_PRESENTATION_REPRESENTATION (  '', ( #1857 ), #1773 ) ;
#1083 = VECTOR ( 'NONE', #3507, 1000.000000000000000 ) ;
#1084 = DIRECTION ( 'NONE',  ( -0.000000000000000000, -0.000000000000000000, 1.000000000000000000 ) ) ;
#1085 = ORIENTED_EDGE ( 'NONE', *, *, #3449, .F. ) ;
#1086 =( LENGTH_UNIT ( ) NAMED_UNIT ( * ) SI_UNIT ( .MILLI., .METRE. ) );
#1087 =( GEOMETRIC_REPRESENTATION_CONTEXT ( 3 ) GLOBAL_UNCERTAINTY_ASSIGNED_CONTEXT ( ( #2601 ) ) GLOBAL_UNIT_ASSIGNED_CONTEXT ( ( #4182, #911, #2708 ) ) REPRESENTATION_CONTEXT ( 'NONE', 'WORKASPACE' ) );
#1088 = CARTESIAN_POINT ( 'NONE',  ( 5.100000000000001421, -5.000000000000000888, 0.000000000000000000 ) ) ;
#1089 = DIRECTION ( 'NONE',  ( -1.000000000000000000, 0.000000000000000000, 0.000000000000000000 ) ) ;
#1090 = CIRCLE ( 'NONE', #2025, 0.1000000000000002554 ) ;
#1091 = ADVANCED_FACE ( 'NONE', ( #3610 ), #2848, .F. ) ;
#1092 = ADVANCED_FACE ( 'NONE', ( #1022 ), #3581, .F. ) ;
#1093 = STYLED_ITEM ( 'NONE', ( #3074 ), #3141 ) ;
#1094 = CARTESIAN_POINT ( 'NONE',  ( 4.020519679137760427, -3.871192841101213755, -0.05000000000000000278 ) ) ;
#1095 = VERTEX_POINT ( 'NONE', #1879 ) ;
#1096 = DIRECTION ( 'NONE',  ( -0.000000000000000000, -0.000000000000000000, 1.000000000000000000 ) ) ;
#1097 = FILL_AREA_STYLE_COLOUR ( '', #2452 ) ;
#1098 = VECTOR ( 'NONE', #3527, 1000.000000000000000 ) ;
#1099 = EDGE_CURVE ( 'NONE', #2840, #895, #1108, .T. ) ;
#1100 = AXIS2_PLACEMENT_3D ( 'NONE', #580, #1759, #1372 ) ;
#1101 = LINE ( 'NONE', #4080, #4043 ) ;
#1102 = DIRECTION ( 'NONE',  ( 0.000000000000000000, 0.000000000000000000, 1.000000000000000000 ) ) ;
#1103 = ORIENTED_EDGE ( 'NONE', *, *, #3455, .T. ) ;
#1104 = CARTESIAN_POINT ( 'NONE',  ( -3.000000000000000000, 6.449086202862900130, -3.683745183551862201 ) ) ;
#1105 = CARTESIAN_POINT ( 'NONE',  ( -3.000000000000000000, -5.999999999999999112, -2.770399538941273665 ) ) ;
#1106 = FACE_OUTER_BOUND ( 'NONE', #599, .T. ) ;
#1107 = EDGE_LOOP ( 'NONE', ( #3848, #2040, #2669, #4734 ) ) ;
#1108 = LINE ( 'NONE', #1079, #4635 ) ;
#1109 = VERTEX_POINT ( 'NONE', #1803 ) ;
#1110 = UNCERTAINTY_MEASURE_WITH_UNIT (LENGTH_MEASURE( 1.000000000000000082E-05 ), #226, 'distance_accuracy_value', 'NONE');
#1111 = EDGE_CURVE ( 'NONE', #931, #4245, #4406, .T. ) ;
#1112 = STYLED_ITEM ( 'NONE', ( #2387 ), #4559 ) ;
#1113 = FILL_AREA_STYLE ('',( #2203 ) ) ;
#1114 = DIRECTION ( 'NONE',  ( 1.000000000000000000, 1.445602896647339163E-16, -0.000000000000000000 ) ) ;
#1115 =( NAMED_UNIT ( * ) PLANE_ANGLE_UNIT ( ) SI_UNIT ( $, .RADIAN. ) );
#1116 = SURFACE_STYLE_USAGE ( .BOTH. , #2486 ) ;
#1117 = ORIENTED_EDGE ( 'NONE', *, *, #874, .F. ) ;
#1118 = VECTOR ( 'NONE', #2102, 1000.000000000000114 ) ;
#1119 = CARTESIAN_POINT ( 'NONE',  ( 2.000000000000000000, -6.000000000000000888, -3.500000000000000000 ) ) ;
#1120 = FILL_AREA_STYLE ('',( #3834 ) ) ;
#1121 = ORIENTED_EDGE ( 'NONE', *, *, #1386, .F. ) ;
#1122 = ADVANCED_FACE ( 'NONE', ( #3372, #2949, #3321 ), #4752, .T. ) ;
#1123 = SURFACE_SIDE_STYLE ('',( #3039 ) ) ;
#1124 = LINE ( 'NONE', #3998, #2455 ) ;
#1125 = ORIENTED_EDGE ( 'NONE', *, *, #2413, .T. ) ;
#1126 = CARTESIAN_POINT ( 'NONE',  ( 2.377181100683774417, -6.393818723261950332, -7.042616602859716579 ) ) ;
#1127 = VERTEX_POINT ( 'NONE', #1126 ) ;
#1128 = CARTESIAN_POINT ( 'NONE',  ( 3.000000000000000000, 6.149086202862900308, -2.770399538941275441 ) ) ;
#1129 = EDGE_LOOP ( 'NONE', ( #1929, #3682 ) ) ;
#1130 = FACE_OUTER_BOUND ( 'NONE', #278, .T. ) ;
#1131 = CARTESIAN_POINT ( 'NONE',  ( 3.529354242847077217, -3.871192841101213755, 0.4999999999999997780 ) ) ;
#1132 = DIRECTION ( 'NONE',  ( 1.000000000000000000, -0.000000000000000000, -0.000000000000000000 ) ) ;
#1133 = ORIENTED_EDGE ( 'NONE', *, *, #3578, .F. ) ;
#1134 = LINE ( 'NONE', #4461, #579 ) ;
#1135 = COLOUR_RGB ( '',1.000000000000000000, 1.000000000000000000, 1.000000000000000000 ) ;
#1136 = COLOUR_RGB ( '',1.000000000000000000, 1.000000000000000000, 1.000000000000000000 ) ;
#1137 = DIRECTION ( 'NONE',  ( 1.000000000000000000, 0.000000000000000000, 0.000000000000000000 ) ) ;
#1138 = LINE ( 'NONE', #1546, #2876 ) ;
#1139 = PRESENTATION_STYLE_ASSIGNMENT (( #3414 ) ) ;
#1140 = ORIENTED_EDGE ( 'NONE', *, *, #429, .F. ) ;
#1141 = AXIS2_PLACEMENT_3D ( 'NONE', #3929, #2024, #3595 ) ;
#1142 = STYLED_ITEM ( 'NONE', ( #64 ), #2315 ) ;
#1143 = STYLED_ITEM ( 'NONE', ( #2264 ), #1024 ) ;
#1144 = CARTESIAN_POINT ( 'NONE',  ( -2.000000000000000888, 6.921432421494547071, -5.634957571453075964 ) ) ;
#1145 = SURFACE_STYLE_USAGE ( .BOTH. , #2328 ) ;
#1146 = ORIENTED_EDGE ( 'NONE', *, *, #1257, .T. ) ;
#1147 = PLANE ( 'NONE',  #4626 ) ;
#1148 = DIRECTION ( 'NONE',  ( 0.000000000000000000, 0.000000000000000000, 1.000000000000000000 ) ) ;
#1149 = CARTESIAN_POINT ( 'NONE',  ( 4.020519679137760427, -3.871192841101213755, 0.4999999999999997780 ) ) ;
#1150 = VECTOR ( 'NONE', #3447, 1000.000000000000000 ) ;
#1151 = AXIS2_PLACEMENT_3D ( 'NONE', #3381, #2267, #18 ) ;
#1152 = UNCERTAINTY_MEASURE_WITH_UNIT (LENGTH_MEASURE( 1.000000000000000082E-05 ), #2144, 'distance_accuracy_value', 'NONE');
#1153 = EDGE_CURVE ( 'NONE', #1002, #1601, #408, .T. ) ;
#1154 = VECTOR ( 'NONE', #2190, 1000.000000000000000 ) ;
#1155 = ORIENTED_EDGE ( 'NONE', *, *, #872, .F. ) ;
#1156 = PRESENTATION_STYLE_ASSIGNMENT (( #831 ) ) ;
#1157 = CARTESIAN_POINT ( 'NONE',  ( 4.999999999999993783, -6.000000000000000888, 0.000000000000000000 ) ) ;
#1158 = CIRCLE ( 'NONE', #990, 0.4911654362906824334 ) ;
#1159 = FILL_AREA_STYLE ('',( #3379 ) ) ;
#1160 = ADVANCED_FACE ( 'NONE', ( #1177 ), #13, .T. ) ;
#1161 = VECTOR ( 'NONE', #1637, 1000.000000000000000 ) ;
#1162 = CARTESIAN_POINT ( 'NONE',  ( -3.000000000000000000, 6.608412929275199410, -5.262496658105769498 ) ) ;
#1163 = VERTEX_POINT ( 'NONE', #3746 ) ;
#1164 = PRESENTATION_STYLE_ASSIGNMENT (( #4482 ) ) ;
#1165 =( LENGTH_UNIT ( ) NAMED_UNIT ( * ) SI_UNIT ( .MILLI., .METRE. ) );
#1166 =( LENGTH_UNIT ( ) NAMED_UNIT ( * ) SI_UNIT ( .MILLI., .METRE. ) );
#1167 = PRESENTATION_LAYER_ASSIGNMENT (  '', '', ( #2789 ) ) ;
#1168 = DIRECTION ( 'NONE',  ( 1.000000000000000000, 0.000000000000000000, 0.000000000000000000 ) ) ;
#1169 = ORIENTED_EDGE ( 'NONE', *, *, #2475, .F. ) ;
#1170 = COLOUR_RGB ( '',0.2509803921568627416, 0.2509803921568627416, 0.2509803921568627416 ) ;
#1171 = FILL_AREA_STYLE_COLOUR ( '', #75 ) ;
#1172 = MECHANICAL_DESIGN_GEOMETRIC_PRESENTATION_REPRESENTATION (  '', ( #4350 ), #636 ) ;
#1173 =( GEOMETRIC_REPRESENTATION_CONTEXT ( 3 ) GLOBAL_UNCERTAINTY_ASSIGNED_CONTEXT ( ( #434 ) ) GLOBAL_UNIT_ASSIGNED_CONTEXT ( ( #487, #3048, #3431 ) ) REPRESENTATION_CONTEXT ( 'NONE', 'WORKASPACE' ) );
#1174 =( NAMED_UNIT ( * ) PLANE_ANGLE_UNIT ( ) SI_UNIT ( $, .RADIAN. ) );
#1175 = DIRECTION ( 'NONE',  ( 1.000000000000000000, 1.141265444721583757E-16, 0.000000000000000000 ) ) ;
#1176 = VERTEX_POINT ( 'NONE', #2177 ) ;
#1177 = FACE_OUTER_BOUND ( 'NONE', #4751, .T. ) ;
#1178 = CARTESIAN_POINT ( 'NONE',  ( -3.000000000000000000, -6.449086202862900130, -3.683745183551860425 ) ) ;
#1179 = COLOUR_RGB ( '',0.2509803921568627416, 0.2509803921568627416, 0.2509803921568627416 ) ;
#1180 = DIRECTION ( 'NONE',  ( 1.000000000000000000, -0.000000000000000000, -0.000000000000000000 ) ) ;
#1181 = ORIENTED_EDGE ( 'NONE', *, *, #562, .T. ) ;
#1182 = CARTESIAN_POINT ( 'NONE',  ( 0.000000000000000000, 0.000000000000000000, -0.05000000000000000278 ) ) ;
#1183 = CARTESIAN_POINT ( 'NONE',  ( 3.000000000000000000, 6.449086202862900130, -3.683745183551862201 ) ) ;
#1184 = SURFACE_STYLE_FILL_AREA ( #1205 ) ;
#1185 = STYLED_ITEM ( 'NONE', ( #2450 ), #4755 ) ;
#1186 = EDGE_CURVE ( 'NONE', #1493, #12, #1825, .T. ) ;
#1187 = SURFACE_STYLE_FILL_AREA ( #3732 ) ;
#1188 = CARTESIAN_POINT ( 'NONE',  ( -1.900000000000000577, -1.900000000000001243, 3.649999999999999467 ) ) ;
#1189 = ORIENTED_EDGE ( 'NONE', *, *, #3851, .F. ) ;
#1190 = SURFACE_STYLE_USAGE ( .BOTH. , #750 ) ;
#1191 = PRESENTATION_LAYER_ASSIGNMENT (  '', '', ( #3844 ) ) ;
#1192 = LINE ( 'NONE', #2662, #1876 ) ;
#1193 = PRESENTATION_STYLE_ASSIGNMENT (( #3034 ) ) ;
#1194 = ORIENTED_EDGE ( 'NONE', *, *, #1965, .T. ) ;
#1195 = SURFACE_SIDE_STYLE ('',( #2650 ) ) ;
#1196 = FILL_AREA_STYLE_COLOUR ( '', #1170 ) ;
#1197 = CIRCLE ( 'NONE', #1812, 1.000000000000000000 ) ;
#1198 = CARTESIAN_POINT ( 'NONE',  ( -2.000000000000000000, 6.608412929275199410, -5.262496658105769498 ) ) ;
#1199 = ORIENTED_EDGE ( 'NONE', *, *, #2198, .T. ) ;
#1200 = CARTESIAN_POINT ( 'NONE',  ( 1.499999999999999112, 1.500000000000000000, 1.949999999999999956 ) ) ;
#1201 =( NAMED_UNIT ( * ) SI_UNIT ( $, .STERADIAN. ) SOLID_ANGLE_UNIT ( ) );
#1202 = ORIENTED_EDGE ( 'NONE', *, *, #2598, .F. ) ;
#1203 = FILL_AREA_STYLE_COLOUR ( '', #940 ) ;
#1204 = CARTESIAN_POINT ( 'NONE',  ( 3.000000000000000000, -5.999999999999999112, -2.770399538941273665 ) ) ;
#1205 = FILL_AREA_STYLE ('',( #1560 ) ) ;
#1206 = CARTESIAN_POINT ( 'NONE',  ( 4.999999999999999112, 4.999999999999999112, -3.500000000000000000 ) ) ;
#1207 = SURFACE_SIDE_STYLE ('',( #1563 ) ) ;
#1208 = ORIENTED_EDGE ( 'NONE', *, *, #854, .F. ) ;
#1209 = EDGE_CURVE ( 'NONE', #4096, #788, #3024, .T. ) ;
#1210 = LINE ( 'NONE', #885, #2756 ) ;
#1211 = PLANE ( 'NONE',  #780 ) ;
#1212 = FILL_AREA_STYLE ('',( #3413 ) ) ;
#1213 = DIRECTION ( 'NONE',  ( 1.000000000000000000, 0.000000000000000000, 0.000000000000000000 ) ) ;
#1214 = EDGE_LOOP ( 'NONE', ( #2046, #2878, #1998, #2776 ) ) ;
#1215 = CARTESIAN_POINT ( 'NONE',  ( -2.354342932042941872, 6.106181276738049668, -6.957383397140283421 ) ) ;
#1216 = CARTESIAN_POINT ( 'NONE',  ( -2.622818899316227359, -6.393818723261946779, -7.042616602859716579 ) ) ;
#1217 = LINE ( 'NONE', #3038, #543 ) ;
#1218 = AXIS2_PLACEMENT_3D ( 'NONE', #1183, #2561, #4413 ) ;
#1219 =( GEOMETRIC_REPRESENTATION_CONTEXT ( 3 ) GLOBAL_UNCERTAINTY_ASSIGNED_CONTEXT ( ( #2505 ) ) GLOBAL_UNIT_ASSIGNED_CONTEXT ( ( #4585, #4569, #3043 ) ) REPRESENTATION_CONTEXT ( 'NONE', 'WORKASPACE' ) );
#1220 = AXIS2_PLACEMENT_3D ( 'NONE', #4467, #4099, #2233 ) ;
#1221 = VECTOR ( 'NONE', #2255, 1000.000000000000000 ) ;
#1222 = PRESENTATION_STYLE_ASSIGNMENT (( #4125 ) ) ;
#1223 = MECHANICAL_DESIGN_GEOMETRIC_PRESENTATION_REPRESENTATION (  '', ( #1142 ), #3078 ) ;
#1224 = PRESENTATION_LAYER_ASSIGNMENT (  '', '', ( #822 ) ) ;
#1225 = ORIENTED_EDGE ( 'NONE', *, *, #1506, .F. ) ;
#1226 = STYLED_ITEM ( 'NONE', ( #305 ), #883 ) ;
#1227 = SURFACE_STYLE_USAGE ( .BOTH. , #4200 ) ;
#1228 = VECTOR ( 'NONE', #395, 1000.000000000000000 ) ;
#1229 = CIRCLE ( 'NONE', #3964, 0.1911654362906811955 ) ;
#1230 = ORIENTED_EDGE ( 'NONE', *, *, #442, .T. ) ;
#1231 = DIRECTION ( 'NONE',  ( 0.000000000000000000, 0.000000000000000000, 1.000000000000000000 ) ) ;
#1232 = FACE_OUTER_BOUND ( 'NONE', #3205, .T. ) ;
#1233 = AXIS2_PLACEMENT_3D ( 'NONE', #3452, #2380, #112 ) ;
#1234 = VECTOR ( 'NONE', #2061, 1000.000000000000114 ) ;
#1235 = CARTESIAN_POINT ( 'NONE',  ( 4.511685115428442749, 4.119475320510217031, 0.4999999999999997780 ) ) ;
#1236 =( BOUNDED_CURVE ( )  B_SPLINE_CURVE ( 3, ( #1215, #2665, #1549, #492 ),
 .UNSPECIFIED., .F., .F. ) 
 B_SPLINE_CURVE_WITH_KNOTS ( ( 4, 4 ),
 ( 1.282717562930234534, 3.141592653589793116 ),
 .UNSPECIFIED. ) 
 CURVE ( )  GEOMETRIC_REPRESENTATION_ITEM ( )  RATIONAL_B_SPLINE_CURVE ( ( 1.000000000000000000, 0.7321898417193725139, 0.7321898417193725139, 1.000000000000000000 ) ) 
 REPRESENTATION_ITEM ( '' )  );
#1237 = AXIS2_PLACEMENT_3D ( 'NONE', #4231, #191, #1665 ) ;
#1238 = AXIS2_PLACEMENT_3D ( 'NONE', #4246, #3584, #908 ) ;
#1239 =( LENGTH_UNIT ( ) NAMED_UNIT ( * ) SI_UNIT ( .MILLI., .METRE. ) );
#1240 = MECHANICAL_DESIGN_GEOMETRIC_PRESENTATION_REPRESENTATION (  '', ( #2090 ), #921 ) ;
#1241 = PRESENTATION_STYLE_ASSIGNMENT (( #1314 ) ) ;
#1242 = EDGE_CURVE ( 'NONE', #468, #500, #4239, .T. ) ;
#1243 = CARTESIAN_POINT ( 'NONE',  ( 0.000000000000000000, 5.099999999999999645, 0.000000000000000000 ) ) ;
#1244 = EDGE_LOOP ( 'NONE', ( #84, #440, #1016, #1140 ) ) ;
#1245 = CARTESIAN_POINT ( 'NONE',  ( 4.999999999999993783, -6.000000000000000888, -3.500000000000000000 ) ) ;
#1246 = EDGE_CURVE ( 'NONE', #2813, #2139, #3494, .T. ) ;
#1247 = VECTOR ( 'NONE', #4233, 1000.000000000000000 ) ;
#1248 = SURFACE_SIDE_STYLE ('',( #195 ) ) ;
#1249 = DIRECTION ( 'NONE',  ( 1.000000000000000000, 3.614007241618347292E-16, 0.000000000000000000 ) ) ;
#1250 = EDGE_LOOP ( 'NONE', ( #3842, #240, #2567, #4682, #2195, #3750 ) ) ;
#1251 = PRESENTATION_LAYER_ASSIGNMENT (  '', '', ( #1093 ) ) ;
#1252 = CARTESIAN_POINT ( 'NONE',  ( 2.568584846448037862, -6.020948071018629832, -7.245020843664172538 ) ) ;
#1253 = LINE ( 'NONE', #1178, #2914 ) ;
#1254 = STYLED_ITEM ( 'NONE', ( #1867 ), #2985 ) ;
#1255 = UNCERTAINTY_MEASURE_WITH_UNIT (LENGTH_MEASURE( 1.000000000000000082E-05 ), #4354, 'distance_accuracy_value', 'NONE');
#1256 = VECTOR ( 'NONE', #2838, 1000.000000000000227 ) ;
#1257 = EDGE_CURVE ( 'NONE', #1477, #4481, #3113, .T. ) ;
#1258 = AXIS2_PLACEMENT_3D ( 'NONE', #2803, #4612, #3550 ) ;
#1259 = DIRECTION ( 'NONE',  ( 1.000000000000000000, 0.000000000000000000, 0.000000000000000000 ) ) ;
#1260 = VECTOR ( 'NONE', #102, 1000.000000000000000 ) ;
#1261 = ORIENTED_EDGE ( 'NONE', *, *, #601, .T. ) ;
#1262 =( GEOMETRIC_REPRESENTATION_CONTEXT ( 3 ) GLOBAL_UNCERTAINTY_ASSIGNED_CONTEXT ( ( #2555 ) ) GLOBAL_UNIT_ASSIGNED_CONTEXT ( ( #1475, #4514, #776 ) ) REPRESENTATION_CONTEXT ( 'NONE', 'WORKASPACE' ) );
#1263 = SURFACE_STYLE_FILL_AREA ( #3096 ) ;
#1264 = DIRECTION ( 'NONE',  ( 0.000000000000000000, 0.000000000000000000, 1.000000000000000000 ) ) ;
#1265 =( LENGTH_UNIT ( ) NAMED_UNIT ( * ) SI_UNIT ( .MILLI., .METRE. ) );
#1266 = EDGE_CURVE ( 'NONE', #4096, #1477, #212, .T. ) ;
#1267 = LINE ( 'NONE', #3920, #1234 ) ;
#1268 = VECTOR ( 'NONE', #2020, 1000.000000000000114 ) ;
#1269 = CARTESIAN_POINT ( 'NONE',  ( -3.000000000000000000, -5.999999999999999112, -2.470399538941273843 ) ) ;
#1270 =( NAMED_UNIT ( * ) SI_UNIT ( $, .STERADIAN. ) SOLID_ANGLE_UNIT ( ) );
#1271 = FACE_OUTER_BOUND ( 'NONE', #2702, .T. ) ;
#1272 = LINE ( 'NONE', #167, #4594 ) ;
#1273 = MECHANICAL_DESIGN_GEOMETRIC_PRESENTATION_REPRESENTATION (  '', ( #3367 ), #4286 ) ;
#1274 = CARTESIAN_POINT ( 'NONE',  ( -4.020519679137759539, -3.871192841101213755, 0.4999999999999997780 ) ) ;
#1275 = VERTEX_POINT ( 'NONE', #3184 ) ;
#1276 = DIRECTION ( 'NONE',  ( -0.000000000000000000, -0.000000000000000000, -1.000000000000000000 ) ) ;
#1277 = DIRECTION ( 'NONE',  ( -0.000000000000000000, -0.000000000000000000, -1.000000000000000000 ) ) ;
#1278 = FILL_AREA_STYLE ('',( #1620 ) ) ;
#1279 =( NAMED_UNIT ( * ) PLANE_ANGLE_UNIT ( ) SI_UNIT ( $, .RADIAN. ) );
#1280 = ORIENTED_EDGE ( 'NONE', *, *, #3455, .F. ) ;
#1281 = EDGE_CURVE ( 'NONE', #3896, #1319, #115, .T. ) ;
#1282 = LINE ( 'NONE', #570, #3109 ) ;
#1283 = VECTOR ( 'NONE', #2732, 1000.000000000000000 ) ;
#1284 = STYLED_ITEM ( 'NONE', ( #4750 ), #4059 ) ;
#1285 = VERTEX_POINT ( 'NONE', #508 ) ;
#1286 = FILL_AREA_STYLE_COLOUR ( '', #3915 ) ;
#1287 = ORIENTED_EDGE ( 'NONE', *, *, #2660, .T. ) ;
#1288 = CARTESIAN_POINT ( 'NONE',  ( -3.000000000000000000, 6.249999999999999112, -7.149999999999999467 ) ) ;
#1289 = DIRECTION ( 'NONE',  ( 1.000000000000000000, 0.000000000000000000, 0.000000000000000000 ) ) ;
#1290 = VERTEX_POINT ( 'NONE', #3073 ) ;
#1291 = PLANE ( 'NONE',  #2624 ) ;
#1292 = SURFACE_STYLE_FILL_AREA ( #557 ) ;
#1293 = FILL_AREA_STYLE_COLOUR ( '', #4063 ) ;
#1294 = VERTEX_POINT ( 'NONE', #4556 ) ;
#1295 = PLANE ( 'NONE',  #3565 ) ;
#1296 = CARTESIAN_POINT ( 'NONE',  ( 1.899999999999999023, -1.900000000000001465, 3.649999999999999467 ) ) ;
#1297 = ORIENTED_EDGE ( 'NONE', *, *, #3812, .F. ) ;
#1298 = SURFACE_STYLE_FILL_AREA ( #4607 ) ;
#1299 = UNCERTAINTY_MEASURE_WITH_UNIT (LENGTH_MEASURE( 1.000000000000000082E-05 ), #2336, 'distance_accuracy_value', 'NONE');
#1300 = EDGE_CURVE ( 'NONE', #4301, #3896, #1615, .T. ) ;
#1301 = ADVANCED_FACE ( 'NONE', ( #4249, #912, #3366, #4492, #737, #29 ), #1799, .T. ) ;
#1302 = DIRECTION ( 'NONE',  ( -1.000000000000000000, 0.000000000000000000, 0.000000000000000000 ) ) ;
#1303 = SURFACE_STYLE_USAGE ( .BOTH. , #4267 ) ;
#1304 = ORIENTED_EDGE ( 'NONE', *, *, #1603, .T. ) ;
#1305 = EDGE_LOOP ( 'NONE', ( #3292, #513, #3395, #1155 ) ) ;
#1306 = SURFACE_SIDE_STYLE ('',( #3145 ) ) ;
#1307 = CIRCLE ( 'NONE', #3571, 0.1911654362906825000 ) ;
#1308 =( GEOMETRIC_REPRESENTATION_CONTEXT ( 3 ) GLOBAL_UNCERTAINTY_ASSIGNED_CONTEXT ( ( #1047 ) ) GLOBAL_UNIT_ASSIGNED_CONTEXT ( ( #2869, #3718, #3654 ) ) REPRESENTATION_CONTEXT ( 'NONE', 'WORKASPACE' ) );
#1309 =( GEOMETRIC_REPRESENTATION_CONTEXT ( 3 ) GLOBAL_UNCERTAINTY_ASSIGNED_CONTEXT ( ( #4044 ) ) GLOBAL_UNIT_ASSIGNED_CONTEXT ( ( #154, #2101, #255 ) ) REPRESENTATION_CONTEXT ( 'NONE', 'WORKASPACE' ) );
#1310 = DIRECTION ( 'NONE',  ( -0.000000000000000000, 0.000000000000000000, 1.000000000000000000 ) ) ;
#1311 = AXIS2_PLACEMENT_3D ( 'NONE', #4033, #2252, #1137 ) ;
#1312 = VERTEX_POINT ( 'NONE', #1644 ) ;
#1313 = CARTESIAN_POINT ( 'NONE',  ( 3.000000000000000000, -6.449086202862900130, -3.683745183551860425 ) ) ;
#1314 = SURFACE_STYLE_USAGE ( .BOTH. , #4596 ) ;
#1315 = LINE ( 'NONE', #3856, #801 ) ;
#1316 = MECHANICAL_DESIGN_GEOMETRIC_PRESENTATION_REPRESENTATION (  '', ( #3087 ), #457 ) ;
#1317 =( GEOMETRIC_REPRESENTATION_CONTEXT ( 3 ) GLOBAL_UNCERTAINTY_ASSIGNED_CONTEXT ( ( #957 ) ) GLOBAL_UNIT_ASSIGNED_CONTEXT ( ( #1764, #4389, #2930 ) ) REPRESENTATION_CONTEXT ( 'NONE', 'WORKASPACE' ) );
#1318 = EDGE_CURVE ( 'NONE', #2774, #2472, #2738, .T. ) ;
#1319 = VERTEX_POINT ( 'NONE', #3811 ) ;
#1320 = DIRECTION ( 'NONE',  ( 0.2488271308658504544, 0.2751748116042140313, -0.9286354946929684662 ) ) ;
#1321 = MECHANICAL_DESIGN_GEOMETRIC_PRESENTATION_REPRESENTATION (  '', ( #4485 ), #304 ) ;
#1322 = CARTESIAN_POINT ( 'NONE',  ( 2.454253322192797793, -6.308585517542518062, -7.330254049383599479 ) ) ;
#1323 = CARTESIAN_POINT ( 'NONE',  ( -2.594045604771979097, 6.249999999999999112, -7.149999999999999467 ) ) ;
#1324 =( NAMED_UNIT ( * ) PLANE_ANGLE_UNIT ( ) SI_UNIT ( $, .RADIAN. ) );
#1325 = PRESENTATION_STYLE_ASSIGNMENT (( #1345 ) ) ;
#1326 = VERTEX_POINT ( 'NONE', #1974 ) ;
#1327 = CARTESIAN_POINT ( 'NONE',  ( 2.431415153551965691, 6.020948071018618286, -7.245020843664185861 ) ) ;
#1328 = PLANE ( 'NONE',  #4623 ) ;
#1329 = MECHANICAL_DESIGN_GEOMETRIC_PRESENTATION_REPRESENTATION (  '', ( #1093 ), #1709 ) ;
#1330 = VERTEX_POINT ( 'NONE', #1245 ) ;
#1331 = FILL_AREA_STYLE_COLOUR ( '', #4119 ) ;
#1332 = VERTEX_POINT ( 'NONE', #3058 ) ;
#1333 = PRESENTATION_LAYER_ASSIGNMENT (  '', '', ( #3432 ) ) ;
#1334 =( NAMED_UNIT ( * ) PLANE_ANGLE_UNIT ( ) SI_UNIT ( $, .RADIAN. ) );
#1335 = STYLED_ITEM ( 'NONE', ( #2401 ), #2664 ) ;
#1336 = VERTEX_POINT ( 'NONE', #4192 ) ;
#1337 = CARTESIAN_POINT ( 'NONE',  ( -2.594045604771979541, 6.318964764616933572, -7.150000000000000355 ) ) ;
#1338 = EDGE_CURVE ( 'NONE', #4516, #1109, #3513, .T. ) ;
#1339 = SURFACE_STYLE_USAGE ( .BOTH. , #4650 ) ;
#1340 = FILL_AREA_STYLE ('',( #942 ) ) ;
#1341 = ORIENTED_EDGE ( 'NONE', *, *, #3325, .F. ) ;
#1342 = FACE_OUTER_BOUND ( 'NONE', #4166, .T. ) ;
#1343 =( NAMED_UNIT ( * ) PLANE_ANGLE_UNIT ( ) SI_UNIT ( $, .RADIAN. ) );
#1344 = COLOUR_RGB ( '',1.000000000000000000, 1.000000000000000000, 1.000000000000000000 ) ;
#1345 = SURFACE_STYLE_USAGE ( .BOTH. , #149 ) ;
#1346 = ORIENTED_EDGE ( 'NONE', *, *, #4241, .F. ) ;
#1347 = DIRECTION ( 'NONE',  ( 1.000000000000000000, 0.000000000000000000, 0.000000000000000000 ) ) ;
#1348 = UNCERTAINTY_MEASURE_WITH_UNIT (LENGTH_MEASURE( 1.000000000000000082E-05 ), #4007, 'distance_accuracy_value', 'NONE');
#1349 = DIRECTION ( 'NONE',  ( 0.000000000000000000, 0.000000000000000000, -1.000000000000000000 ) ) ;
#1350 = LINE ( 'NONE', #3499, #2582 ) ;
#1351 = ORIENTED_EDGE ( 'NONE', *, *, #4055, .F. ) ;
#1352 = CARTESIAN_POINT ( 'NONE',  ( -3.000000000000000000, -6.608412929275197634, -5.262496658105771274 ) ) ;
#1353 = ORIENTED_EDGE ( 'NONE', *, *, #3421, .F. ) ;
#1354 = CARTESIAN_POINT ( 'NONE',  ( 3.000000000000000000, 5.999999999999999112, -3.500000000000000000 ) ) ;
#1355 =( NAMED_UNIT ( * ) PLANE_ANGLE_UNIT ( ) SI_UNIT ( $, .RADIAN. ) );
#1356 = DIRECTION ( 'NONE',  ( 0.2588190451025126904, 0.000000000000000000, -0.9659258262890704216 ) ) ;
#1357 = DIRECTION ( 'NONE',  ( -0.000000000000000000, 0.000000000000000000, 1.000000000000000000 ) ) ;
#1358 = EDGE_CURVE ( 'NONE', #4092, #2329, #1992, .T. ) ;
#1359 = ORIENTED_EDGE ( 'NONE', *, *, #3996, .T. ) ;
#1360 =( LENGTH_UNIT ( ) NAMED_UNIT ( * ) SI_UNIT ( .MILLI., .METRE. ) );
#1361 = CARTESIAN_POINT ( 'NONE',  ( -2.000000000000000000, -6.921432421494546183, -5.262072792150291001 ) ) ;
#1362 = EDGE_CURVE ( 'NONE', #895, #1176, #4540, .T. ) ;
#1363 = CARTESIAN_POINT ( 'NONE',  ( -3.549999999999999822, 0.000000000000000000, 0.7500000000000000000 ) ) ;
#1364 = ORIENTED_EDGE ( 'NONE', *, *, #265, .T. ) ;
#1365 = DIRECTION ( 'NONE',  ( 0.000000000000000000, 0.2867062765227775811, -0.9580185337468395401 ) ) ;
#1366 =( LENGTH_UNIT ( ) NAMED_UNIT ( * ) SI_UNIT ( .MILLI., .METRE. ) );
#1367 = VERTEX_POINT ( 'NONE', #1949 ) ;
#1368 = DIRECTION ( 'NONE',  ( 1.000000000000000000, 0.000000000000000000, 0.000000000000000000 ) ) ;
#1369 = SURFACE_STYLE_FILL_AREA ( #1756 ) ;
#1370 = PRESENTATION_STYLE_ASSIGNMENT (( #2146 ) ) ;
#1371 = PRESENTATION_LAYER_ASSIGNMENT (  '', '', ( #2766 ) ) ;
#1372 = DIRECTION ( 'NONE',  ( 0.2588190451025143557, 0.000000000000000000, -0.9659258262890700886 ) ) ;
#1373 = ORIENTED_EDGE ( 'NONE', *, *, #2779, .T. ) ;
#1374 = PRESENTATION_STYLE_ASSIGNMENT (( #1786 ) ) ;
#1375 = AXIS2_PLACEMENT_3D ( 'NONE', #1425, #3294, #3959 ) ;
#1376 = VECTOR ( 'NONE', #2589, 1000.000000000000000 ) ;
#1377 = ORIENTED_EDGE ( 'NONE', *, *, #2541, .F. ) ;
#1378 = CARTESIAN_POINT ( 'NONE',  ( 1.899999999999998579, 1.899999999999999245, 3.649999999999999467 ) ) ;
#1379 = PRESENTATION_STYLE_ASSIGNMENT (( #1063 ) ) ;
#1380 = CARTESIAN_POINT ( 'NONE',  ( 0.000000000000000000, 5.099999999999999645, -0.05000000000000000278 ) ) ;
#1381 = CARTESIAN_POINT ( 'NONE',  ( 1.968293488436031469, 6.533108527575958391, -5.516627259365575853 ) ) ;
#1382 = DIRECTION ( 'NONE',  ( 1.000000000000000000, 0.000000000000000000, 0.000000000000000000 ) ) ;
#1383 = ORIENTED_EDGE ( 'NONE', *, *, #2293, .T. ) ;
#1384 = FILL_AREA_STYLE ('',( #1848 ) ) ;
#1385 = COLOUR_RGB ( '',0.2509803921568627416, 0.2509803921568627416, 0.2509803921568627416 ) ;
#1386 = EDGE_CURVE ( 'NONE', #4245, #2970, #3442, .T. ) ;
#1387 = UNCERTAINTY_MEASURE_WITH_UNIT (LENGTH_MEASURE( 1.000000000000000082E-05 ), #2836, 'distance_accuracy_value', 'NONE');
#1388 = MECHANICAL_DESIGN_GEOMETRIC_PRESENTATION_REPRESENTATION (  '', ( #1702 ), #2237 ) ;
#1389 = FACE_OUTER_BOUND ( 'NONE', #472, .T. ) ;
#1390 = CARTESIAN_POINT ( 'NONE',  ( -5.000000000000000888, 4.999999999999999112, 0.000000000000000000 ) ) ;
#1391 = VERTEX_POINT ( 'NONE', #1296 ) ;
#1392 = ORIENTED_EDGE ( 'NONE', *, *, #4338, .T. ) ;
#1393 = FILL_AREA_STYLE_COLOUR ( '', #755 ) ;
#1394 = EDGE_CURVE ( 'NONE', #902, #3713, #1217, .T. ) ;
#1395 = UNCERTAINTY_MEASURE_WITH_UNIT (LENGTH_MEASURE( 1.000000000000000082E-05 ), #348, 'distance_accuracy_value', 'NONE');
#1396 = FILL_AREA_STYLE ('',( #2507 ) ) ;
#1397 = SURFACE_STYLE_USAGE ( .BOTH. , #1001 ) ;
#1398 = ORIENTED_EDGE ( 'NONE', *, *, #4241, .T. ) ;
#1399 = CARTESIAN_POINT ( 'NONE',  ( -4.020519679137759539, 4.119475320510217031, 0.4999999999999997780 ) ) ;
#1400 = DIRECTION ( 'NONE',  ( 1.000000000000000000, 0.000000000000000000, 0.000000000000000000 ) ) ;
#1401 = TOROIDAL_SURFACE ( 'NONE', #1789, 0.1911654362906827498, 0.2999999999999999889 ) ;
#1402 = SURFACE_STYLE_FILL_AREA ( #2188 ) ;
#1403 =( GEOMETRIC_REPRESENTATION_CONTEXT ( 3 ) GLOBAL_UNCERTAINTY_ASSIGNED_CONTEXT ( ( #2402 ) ) GLOBAL_UNIT_ASSIGNED_CONTEXT ( ( #2169, #4425, #4036 ) ) REPRESENTATION_CONTEXT ( 'NONE', 'WORKASPACE' ) );
#1404 = CARTESIAN_POINT ( 'NONE',  ( -2.405954395228028009, 6.318964764616933572, -7.150000000000000355 ) ) ;
#1405 = ORIENTED_EDGE ( 'NONE', *, *, #148, .T. ) ;
#1406 = CARTESIAN_POINT ( 'NONE',  ( 4.999999999999998224, 5.099999999999999645, -0.05000000000000000278 ) ) ;
#1407 = ORIENTED_EDGE ( 'NONE', *, *, #745, .F. ) ;
#1408 = EDGE_CURVE ( 'NONE', #150, #4654, #847, .T. ) ;
#1409 = DIRECTION ( 'NONE',  ( 0.000000000000000000, 0.000000000000000000, 1.000000000000000000 ) ) ;
#1410 = VERTEX_POINT ( 'NONE', #515 ) ;
#1411 = COLOUR_RGB ( '',1.000000000000000000, 1.000000000000000000, 1.000000000000000000 ) ;
#1412 = SURFACE_STYLE_USAGE ( .BOTH. , #3322 ) ;
#1413 = DIRECTION ( 'NONE',  ( -0.000000000000000000, -0.000000000000000000, -1.000000000000000000 ) ) ;
#1414 = EDGE_CURVE ( 'NONE', #1483, #174, #3345, .T. ) ;
#1415 = ORIENTED_EDGE ( 'NONE', *, *, #2598, .T. ) ;
#1416 = FACE_OUTER_BOUND ( 'NONE', #744, .T. ) ;
#1417 = CARTESIAN_POINT ( 'NONE',  ( -2.594045604771979097, 6.249999999999999112, -7.149999999999999467 ) ) ;
#1418 = STYLED_ITEM ( 'NONE', ( #267 ), #3912 ) ;
#1419 = SURFACE_STYLE_USAGE ( .BOTH. , #2538 ) ;
#1420 = DIRECTION ( 'NONE',  ( 0.000000000000000000, 0.000000000000000000, -1.000000000000000000 ) ) ;
#1421 =( NAMED_UNIT ( * ) SI_UNIT ( $, .STERADIAN. ) SOLID_ANGLE_UNIT ( ) );
#1422 = VERTEX_POINT ( 'NONE', #2367 ) ;
#1423 = CARTESIAN_POINT ( 'NONE',  ( 3.000000000000000000, 5.999999999999999112, -2.470399538941275619 ) ) ;
#1424 = FILL_AREA_STYLE ('',( #2194 ) ) ;
#1425 = CARTESIAN_POINT ( 'NONE',  ( 3.000000000000000000, 6.921432421494547960, -5.262072792150289224 ) ) ;
#1426 = FACE_OUTER_BOUND ( 'NONE', #1697, .T. ) ;
#1427 = VERTEX_POINT ( 'NONE', #800 ) ;
#1428 = DIRECTION ( 'NONE',  ( -0.000000000000000000, 0.000000000000000000, 1.000000000000000000 ) ) ;
#1429 = FACE_BOUND ( 'NONE', #674, .T. ) ;
#1430 = FILL_AREA_STYLE ('',( #4733 ) ) ;
#1431 = EDGE_LOOP ( 'NONE', ( #1688, #1859, #1955, #1748, #2627, #2990, #1040, #2638, #4020, #3148 ) ) ;
#1432 = CARTESIAN_POINT ( 'NONE',  ( 1.899999999999999023, -1.900000000000001465, 3.649999999999999467 ) ) ;
#1433 = DIRECTION ( 'NONE',  ( 0.000000000000000000, 1.000000000000000000, -0.000000000000000000 ) ) ;
#1434 = DIRECTION ( 'NONE',  ( 1.000000000000000000, 0.000000000000000000, 0.000000000000000000 ) ) ;
#1435 = DIRECTION ( 'NONE',  ( 0.000000000000000000, 0.000000000000000000, 1.000000000000000000 ) ) ;
#1436 = ADVANCED_FACE ( 'NONE', ( #3489 ), #1595, .T. ) ;
#1437 = UNCERTAINTY_MEASURE_WITH_UNIT (LENGTH_MEASURE( 1.000000000000000082E-05 ), #1783, 'distance_accuracy_value', 'NONE');
#1438 = ADVANCED_FACE ( 'NONE', ( #2349 ), #539, .T. ) ;
#1439 = SURFACE_SIDE_STYLE ('',( #3304 ) ) ;
#1440 = FILL_AREA_STYLE_COLOUR ( '', #3509 ) ;
#1441 = MECHANICAL_DESIGN_GEOMETRIC_PRESENTATION_REPRESENTATION (  '', ( #4691 ), #677 ) ;
#1442 =( NAMED_UNIT ( * ) SI_UNIT ( $, .STERADIAN. ) SOLID_ANGLE_UNIT ( ) );
#1443 =( GEOMETRIC_REPRESENTATION_CONTEXT ( 3 ) GLOBAL_UNCERTAINTY_ASSIGNED_CONTEXT ( ( #2217 ) ) GLOBAL_UNIT_ASSIGNED_CONTEXT ( ( #1046, #1080, #1201 ) ) REPRESENTATION_CONTEXT ( 'NONE', 'WORKASPACE' ) );
#1444 = EDGE_CURVE ( 'NONE', #1422, #3914, #4665, .T. ) ;
#1445 = PRESENTATION_LAYER_ASSIGNMENT (  '', '', ( #3406 ) ) ;
#1446 = MECHANICAL_DESIGN_GEOMETRIC_PRESENTATION_REPRESENTATION (  '', ( #3796 ), #1837 ) ;
#1447 = ORIENTED_EDGE ( 'NONE', *, *, #1861, .F. ) ;
#1448 = DIRECTION ( 'NONE',  ( 1.000000000000000000, 0.000000000000000000, 0.000000000000000000 ) ) ;
#1449 = EDGE_CURVE ( 'NONE', #1095, #2552, #3985, .T. ) ;
#1450 = MECHANICAL_DESIGN_GEOMETRIC_PRESENTATION_REPRESENTATION (  '', ( #374 ), #2616 ) ;
#1451 = AXIS2_PLACEMENT_3D ( 'NONE', #4545, #86, #127 ) ;
#1452 =( LENGTH_UNIT ( ) NAMED_UNIT ( * ) SI_UNIT ( .MILLI., .METRE. ) );
#1453 = PLANE ( 'NONE',  #4054 ) ;
#1454 = EDGE_LOOP ( 'NONE', ( #4707, #3383, #1194, #924 ) ) ;
#1455 =( NAMED_UNIT ( * ) SI_UNIT ( $, .STERADIAN. ) SOLID_ANGLE_UNIT ( ) );
#1456 = AXIS2_PLACEMENT_3D ( 'NONE', #4151, #2626, #1175 ) ;
#1457 = STYLED_ITEM ( 'NONE', ( #3311 ), #1931 ) ;
#1458 = CIRCLE ( 'NONE', #4411, 0.4911654362906815452 ) ;
#1459 = SURFACE_STYLE_USAGE ( .BOTH. , #4358 ) ;
#1460 = SURFACE_STYLE_FILL_AREA ( #1430 ) ;
#1461 = VERTEX_POINT ( 'NONE', #3536 ) ;
#1462 = CARTESIAN_POINT ( 'NONE',  ( -2.000000000000000000, 6.149086202862900308, -3.727673206435407227 ) ) ;
#1463 = CARTESIAN_POINT ( 'NONE',  ( -2.000000000000000000, -6.608412929275197634, -5.262496658105771274 ) ) ;
#1464 = PRESENTATION_LAYER_ASSIGNMENT (  '', '', ( #2548 ) ) ;
#1465 = AXIS2_PLACEMENT_3D ( 'NONE', #4128, #4102, #2235 ) ;
#1466 = LINE ( 'NONE', #4438, #211 ) ;
#1467 = DIRECTION ( 'NONE',  ( 1.000000000000000000, 0.000000000000000000, -0.000000000000000000 ) ) ;
#1468 = DIRECTION ( 'NONE',  ( 0.000000000000000000, 0.000000000000000000, -1.000000000000000000 ) ) ;
#1469 = EDGE_CURVE ( 'NONE', #1275, #4757, #945, .T. ) ;
#1470 = CIRCLE ( 'NONE', #2556, 0.2999999999999999334 ) ;
#1471 = EDGE_LOOP ( 'NONE', ( #1351, #1407, #3175, #4269 ) ) ;
#1472 = PLANE ( 'NONE',  #4178 ) ;
#1473 = AXIS2_PLACEMENT_3D ( 'NONE', #3849, #2337, #3177 ) ;
#1474 = STYLED_ITEM ( 'NONE', ( #4097 ), #2682 ) ;
#1475 =( LENGTH_UNIT ( ) NAMED_UNIT ( * ) SI_UNIT ( .MILLI., .METRE. ) );
#1476 = CARTESIAN_POINT ( 'NONE',  ( -6.000000000000000888, 4.999999999999992006, -3.500000000000000000 ) ) ;
#1477 = VERTEX_POINT ( 'NONE', #194 ) ;
#1478 = FILL_AREA_STYLE_COLOUR ( '', #3514 ) ;
#1479 = LINE ( 'NONE', #3787, #685 ) ;
#1480 = SURFACE_SIDE_STYLE ('',( #1460 ) ) ;
#1481 = ORIENTED_EDGE ( 'NONE', *, *, #3300, .F. ) ;
#1482 = CARTESIAN_POINT ( 'NONE',  ( -3.000000000000000000, -6.608412929275197634, -5.262496658105771274 ) ) ;
#1483 = VERTEX_POINT ( 'NONE', #1669 ) ;
#1484 = UNCERTAINTY_MEASURE_WITH_UNIT (LENGTH_MEASURE( 1.000000000000000082E-05 ), #2637, 'distance_accuracy_value', 'NONE');
#1485 = COLOUR_RGB ( '',1.000000000000000000, 1.000000000000000000, 1.000000000000000000 ) ;
#1486 = PLANE ( 'NONE',  #3727 ) ;
#1487 = PRESENTATION_LAYER_ASSIGNMENT (  '', '', ( #4218 ) ) ;
#1488 = EDGE_LOOP ( 'NONE', ( #4716, #3252, #3773, #1653 ) ) ;
#1489 = CARTESIAN_POINT ( 'NONE',  ( -5.099999999999999645, -5.000000000000000888, 0.000000000000000000 ) ) ;
#1490 = SURFACE_SIDE_STYLE ('',( #3020 ) ) ;
#1491 = DIRECTION ( 'NONE',  ( 0.000000000000000000, 0.000000000000000000, 1.000000000000000000 ) ) ;
#1492 = SURFACE_STYLE_USAGE ( .BOTH. , #2585 ) ;
#1493 = VERTEX_POINT ( 'NONE', #4299 ) ;
#1494 =( NAMED_UNIT ( * ) PLANE_ANGLE_UNIT ( ) SI_UNIT ( $, .RADIAN. ) );
#1495 =( NAMED_UNIT ( * ) PLANE_ANGLE_UNIT ( ) SI_UNIT ( $, .RADIAN. ) );
#1496 = VECTOR ( 'NONE', #3224, 1000.000000000000000 ) ;
#1497 = CARTESIAN_POINT ( 'NONE',  ( 1.499999999999999112, -1.500000000000000000, 1.949999999999999956 ) ) ;
#1498 = DIRECTION ( 'NONE',  ( -0.000000000000000000, -0.000000000000000000, 1.000000000000000000 ) ) ;
#1499 = ORIENTED_EDGE ( 'NONE', *, *, #2400, .T. ) ;
#1500 = SURFACE_STYLE_FILL_AREA ( #2231 ) ;
#1501 = LINE ( 'NONE', #2986, #4105 ) ;
#1502 = ORIENTED_EDGE ( 'NONE', *, *, #2291, .T. ) ;
#1503 = CARTESIAN_POINT ( 'NONE',  ( 5.099999999999999645, 4.999999999999992006, -0.05000000000000000278 ) ) ;
#1504 = PRESENTATION_STYLE_ASSIGNMENT (( #4432 ) ) ;
#1505 = ORIENTED_EDGE ( 'NONE', *, *, #2898, .T. ) ;
#1506 = EDGE_CURVE ( 'NONE', #2006, #1336, #1626, .T. ) ;
#1507 = LINE ( 'NONE', #2992, #371 ) ;
#1508 = VERTEX_POINT ( 'NONE', #3930 ) ;
#1509 = DIRECTION ( 'NONE',  ( 0.000000000000000000, 0.000000000000000000, 1.000000000000000000 ) ) ;
#1510 = PLANE ( 'NONE',  #4468 ) ;
#1511 = LINE ( 'NONE', #2995, #160 ) ;
#1512 = AXIS2_PLACEMENT_3D ( 'NONE', #4740, #242, #1356 ) ;
#1513 = DIRECTION ( 'NONE',  ( 0.2588190451025126904, 0.000000000000000000, -0.9659258262890704216 ) ) ;
#1514 =( NAMED_UNIT ( * ) SI_UNIT ( $, .STERADIAN. ) SOLID_ANGLE_UNIT ( ) );
#1515 = AXIS2_PLACEMENT_3D ( 'NONE', #4024, #2857, #3286 ) ;
#1516 = ORIENTED_EDGE ( 'NONE', *, *, #114, .F. ) ;
#1517 = LINE ( 'NONE', #1721, #3126 ) ;
#1518 = CIRCLE ( 'NONE', #3652, 0.4911654362906811011 ) ;
#1519 = VECTOR ( 'NONE', #3723, 1000.000000000000000 ) ;
#1520 = PLANE ( 'NONE',  #2251 ) ;
#1521 = CARTESIAN_POINT ( 'NONE',  ( -2.000000000000000000, 6.921432421494547960, -5.262072792150289224 ) ) ;
#1522 = EDGE_LOOP ( 'NONE', ( #706, #3631, #16, #3056 ) ) ;
#1523 = STYLED_ITEM ( 'NONE', ( #2918 ), #3520 ) ;
#1524 = PRESENTATION_STYLE_ASSIGNMENT (( #819 ) ) ;
#1525 = VECTOR ( 'NONE', #3443, 1000.000000000000114 ) ;
#1526 = DIRECTION ( 'NONE',  ( -0.000000000000000000, -0.000000000000000000, 1.000000000000000000 ) ) ;
#1527 = AXIS2_PLACEMENT_3D ( 'NONE', #1980, #499, #767 ) ;
#1528 = AXIS2_PLACEMENT_3D ( 'NONE', #1204, #1610, #4571 ) ;
#1529 = LINE ( 'NONE', #4494, #1525 ) ;
#1530 = CARTESIAN_POINT ( 'NONE',  ( 4.511685115428442749, 4.119475320510217031, -0.05000000000000000278 ) ) ;
#1531 = EDGE_LOOP ( 'NONE', ( #4006, #692, #1133, #2121 ) ) ;
#1532 = EDGE_CURVE ( 'NONE', #1493, #1553, #4629, .T. ) ;
#1533 = UNCERTAINTY_MEASURE_WITH_UNIT (LENGTH_MEASURE( 1.000000000000000082E-05 ), #4210, 'distance_accuracy_value', 'NONE');
#1534 = PRESENTATION_LAYER_ASSIGNMENT (  '', '', ( #3665 ) ) ;
#1535 =( GEOMETRIC_REPRESENTATION_CONTEXT ( 3 ) GLOBAL_UNCERTAINTY_ASSIGNED_CONTEXT ( ( #1827 ) ) GLOBAL_UNIT_ASSIGNED_CONTEXT ( ( #119, #4296, #3103 ) ) REPRESENTATION_CONTEXT ( 'NONE', 'WORKASPACE' ) );
#1536 = ORIENTED_EDGE ( 'NONE', *, *, #66, .F. ) ;
#1537 = PLANE ( 'NONE',  #2809 ) ;
#1538 = CARTESIAN_POINT ( 'NONE',  ( -3.000000000000000000, 5.999999999999999112, -2.620399538941275530 ) ) ;
#1539 =( GEOMETRIC_REPRESENTATION_CONTEXT ( 3 ) GLOBAL_UNCERTAINTY_ASSIGNED_CONTEXT ( ( #1152 ) ) GLOBAL_UNIT_ASSIGNED_CONTEXT ( ( #2144, #1780, #4640 ) ) REPRESENTATION_CONTEXT ( 'NONE', 'WORKASPACE' ) );
#1540 = VERTEX_POINT ( 'NONE', #2094 ) ;
#1541 = CARTESIAN_POINT ( 'NONE',  ( -3.000000000000000000, -6.921432421494546183, -5.262072792150291001 ) ) ;
#1542 = FACE_OUTER_BOUND ( 'NONE', #4768, .T. ) ;
#1543 = PRESENTATION_LAYER_ASSIGNMENT (  '', '', ( #3351 ) ) ;
#1544 = CARTESIAN_POINT ( 'NONE',  ( 2.645657067957062125, 6.106181276738049668, -6.957383397140283421 ) ) ;
#1545 = VECTOR ( 'NONE', #2160, 1000.000000000000000 ) ;
#1546 = CARTESIAN_POINT ( 'NONE',  ( -3.000000000000000000, -6.149086202862900308, -3.727673206435405451 ) ) ;
#1547 = SURFACE_STYLE_FILL_AREA ( #2983 ) ;
#1548 = ORIENTED_EDGE ( 'NONE', *, *, #941, .F. ) ;
#1549 = CARTESIAN_POINT ( 'NONE',  ( -2.405954395228028009, 6.140563414850691792, -7.149999999999999467 ) ) ;
#1550 =( GEOMETRIC_REPRESENTATION_CONTEXT ( 3 ) GLOBAL_UNCERTAINTY_ASSIGNED_CONTEXT ( ( #2444 ) ) GLOBAL_UNIT_ASSIGNED_CONTEXT ( ( #1086, #4315, #4343 ) ) REPRESENTATION_CONTEXT ( 'NONE', 'WORKASPACE' ) );
#1551 = FACE_OUTER_BOUND ( 'NONE', #163, .T. ) ;
#1552 =( NAMED_UNIT ( * ) PLANE_ANGLE_UNIT ( ) SI_UNIT ( $, .RADIAN. ) );
#1553 = VERTEX_POINT ( 'NONE', #1701 ) ;
#1554 = DIRECTION ( 'NONE',  ( -1.000000000000000000, -1.445602896647339163E-16, 0.000000000000000000 ) ) ;
#1555 = DIRECTION ( 'NONE',  ( 0.000000000000000000, 0.000000000000000000, -1.000000000000000000 ) ) ;
#1556 = EDGE_CURVE ( 'NONE', #4481, #346, #3956, .T. ) ;
#1557 = VERTEX_POINT ( 'NONE', #3596 ) ;
#1558 = CARTESIAN_POINT ( 'NONE',  ( 1.499999999999999112, -1.500000000000000000, 1.949999999999999956 ) ) ;
#1559 = DIRECTION ( 'NONE',  ( -0.000000000000000000, 0.2841106857314363299, 0.9587914884129984383 ) ) ;
#1560 = FILL_AREA_STYLE_COLOUR ( '', #633 ) ;
#1561 = PRESENTATION_LAYER_ASSIGNMENT (  '', '', ( #3367 ) ) ;
#1562 = CYLINDRICAL_SURFACE ( 'NONE', #1151, 3.549999999999999822 ) ;
#1563 = SURFACE_STYLE_FILL_AREA ( #2385 ) ;
#1564 = DIRECTION ( 'NONE',  ( 1.000000000000000000, 0.000000000000000000, 0.000000000000000000 ) ) ;
#1565 = CARTESIAN_POINT ( 'NONE',  ( 3.529354242847077217, 4.119475320510217031, -0.05000000000000000278 ) ) ;
#1566 = FACE_OUTER_BOUND ( 'NONE', #4738, .T. ) ;
#1567 = EDGE_CURVE ( 'NONE', #174, #4398, #3852, .T. ) ;
#1568 = DIRECTION ( 'NONE',  ( 0.000000000000000000, 0.000000000000000000, -1.000000000000000000 ) ) ;
#1569 = CARTESIAN_POINT ( 'NONE',  ( 1.968186945856539971, 6.846120243237619363, -5.516229637045743317 ) ) ;
#1570 = ORIENTED_EDGE ( 'NONE', *, *, #3712, .F. ) ;
#1571 = LINE ( 'NONE', #399, #1260 ) ;
#1572 = CARTESIAN_POINT ( 'NONE',  ( -2.354342932042942760, -6.106181276738047892, -6.957383397140285197 ) ) ;
#1573 = DIRECTION ( 'NONE',  ( -1.734723475976808327E-16, 1.000000000000000000, 0.000000000000000000 ) ) ;
#1574 = MECHANICAL_DESIGN_GEOMETRIC_PRESENTATION_REPRESENTATION (  '', ( #2055 ), #1900 ) ;
#1575 = DIRECTION ( 'NONE',  ( 1.000000000000000000, 0.000000000000000000, -0.000000000000000000 ) ) ;
#1576 = FILL_AREA_STYLE ('',( #1928 ) ) ;
#1577 = VERTEX_POINT ( 'NONE', #187 ) ;
#1578 = FACE_OUTER_BOUND ( 'NONE', #3646, .T. ) ;
#1579 = UNCERTAINTY_MEASURE_WITH_UNIT (LENGTH_MEASURE( 1.000000000000000082E-05 ), #1899, 'distance_accuracy_value', 'NONE');
#1580 =( LENGTH_UNIT ( ) NAMED_UNIT ( * ) SI_UNIT ( .MILLI., .METRE. ) );
#1581 = ORIENTED_EDGE ( 'NONE', *, *, #4729, .T. ) ;
#1582 = LINE ( 'NONE', #4526, #647 ) ;
#1583 = LINE ( 'NONE', #3067, #4331 ) ;
#1584 = EDGE_CURVE ( 'NONE', #468, #2132, #2729, .T. ) ;
#1585 = FILL_AREA_STYLE ('',( #2314 ) ) ;
#1586 = PRESENTATION_STYLE_ASSIGNMENT (( #389 ) ) ;
#1587 = ADVANCED_FACE ( 'NONE', ( #3872 ), #2753, .F. ) ;
#1588 = CARTESIAN_POINT ( 'NONE',  ( -3.000000000000000000, 5.999999999999999112, -2.470399538941275619 ) ) ;
#1589 = CARTESIAN_POINT ( 'NONE',  ( -4.999999999999993783, 5.099999999999999645, -0.05000000000000000278 ) ) ;
#1590 = CARTESIAN_POINT ( 'NONE',  ( -3.000000000000000000, -6.149086202862900308, -2.770399538941273665 ) ) ;
#1591 = SURFACE_STYLE_FILL_AREA ( #217 ) ;
#1592 = ORIENTED_EDGE ( 'NONE', *, *, #935, .F. ) ;
#1593 = EDGE_CURVE ( 'NONE', #2329, #4071, #3456, .T. ) ;
#1594 = CARTESIAN_POINT ( 'NONE',  ( -2.405954395228027121, -6.140563414850694457, -7.149999999999997691 ) ) ;
#1595 = CYLINDRICAL_SURFACE ( 'NONE', #3350, 3.549999999999999822 ) ;
#1596 = STYLED_ITEM ( 'NONE', ( #646 ), #136 ) ;
#1597 =( GEOMETRIC_REPRESENTATION_CONTEXT ( 3 ) GLOBAL_UNCERTAINTY_ASSIGNED_CONTEXT ( ( #1673 ) ) GLOBAL_UNIT_ASSIGNED_CONTEXT ( ( #4605, #1279, #923 ) ) REPRESENTATION_CONTEXT ( 'NONE', 'WORKASPACE' ) );
#1598 = CARTESIAN_POINT ( 'NONE',  ( 1.899999999999999023, -1.900000000000001465, 3.649999999999999467 ) ) ;
#1599 =( NAMED_UNIT ( * ) SI_UNIT ( $, .STERADIAN. ) SOLID_ANGLE_UNIT ( ) );
#1600 = VECTOR ( 'NONE', #2257, 1000.000000000000000 ) ;
#1601 = VERTEX_POINT ( 'NONE', #3800 ) ;
#1602 = VECTOR ( 'NONE', #1806, 1000.000000000000227 ) ;
#1603 = EDGE_CURVE ( 'NONE', #3095, #4146, #162, .T. ) ;
#1604 =( NAMED_UNIT ( * ) SI_UNIT ( $, .STERADIAN. ) SOLID_ANGLE_UNIT ( ) );
#1605 = FILL_AREA_STYLE ('',( #3495 ) ) ;
#1606 = AXIS2_PLACEMENT_3D ( 'NONE', #2407, #502, #3895 ) ;
#1607 = DIRECTION ( 'NONE',  ( 0.000000000000000000, 0.000000000000000000, 1.000000000000000000 ) ) ;
#1608 = VERTEX_POINT ( 'NONE', #1269 ) ;
#1609 =( NAMED_UNIT ( * ) SI_UNIT ( $, .STERADIAN. ) SOLID_ANGLE_UNIT ( ) );
#1610 = DIRECTION ( 'NONE',  ( -0.000000000000000000, 0.000000000000000000, 1.000000000000000000 ) ) ;
#1611 = CARTESIAN_POINT ( 'NONE',  ( 3.000000000000000000, -6.149086202862900308, -3.727673206435405451 ) ) ;
#1612 = DIRECTION ( 'NONE',  ( -1.000000000000000000, 0.000000000000000000, 0.000000000000000000 ) ) ;
#1613 = STYLED_ITEM ( 'NONE', ( #1193 ), #4508 ) ;
#1614 = DIRECTION ( 'NONE',  ( 1.000000000000000000, 0.000000000000000000, 0.000000000000000000 ) ) ;
#1615 = LINE ( 'NONE', #165, #1161 ) ;
#1616 = ADVANCED_FACE ( 'NONE', ( #1635 ), #134, .T. ) ;
#1617 = ORIENTED_EDGE ( 'NONE', *, *, #1843, .F. ) ;
#1618 = CARTESIAN_POINT ( 'NONE',  ( -4.999999999999998224, -5.100000000000001421, -0.05000000000000000278 ) ) ;
#1619 = PRESENTATION_STYLE_ASSIGNMENT (( #4602 ) ) ;
#1620 = FILL_AREA_STYLE_COLOUR ( '', #2844 ) ;
#1621 = ORIENTED_EDGE ( 'NONE', *, *, #3847, .T. ) ;
#1622 = LINE ( 'NONE', #993, #2250 ) ;
#1623 =( GEOMETRIC_REPRESENTATION_CONTEXT ( 3 ) GLOBAL_UNCERTAINTY_ASSIGNED_CONTEXT ( ( #2497 ) ) GLOBAL_UNIT_ASSIGNED_CONTEXT ( ( #4718, #770, #3021 ) ) REPRESENTATION_CONTEXT ( 'NONE', 'WORKASPACE' ) );
#1624 = DIRECTION ( 'NONE',  ( 1.000000000000000000, 0.000000000000000000, 0.000000000000000000 ) ) ;
#1625 = UNCERTAINTY_MEASURE_WITH_UNIT (LENGTH_MEASURE( 1.000000000000000082E-05 ), #4327, 'distance_accuracy_value', 'NONE');
#1626 = CIRCLE ( 'NONE', #4573, 0.4911654362906815452 ) ;
#1627 = FILL_AREA_STYLE ('',( #3498 ) ) ;
#1628 = CIRCLE ( 'NONE', #2035, 0.1911654362906816118 ) ;
#1629 = CARTESIAN_POINT ( 'NONE',  ( 3.829354242847077039, 4.119475320510217031, 0.4999999999999997780 ) ) ;
#1630 = ORIENTED_EDGE ( 'NONE', *, *, #2400, .F. ) ;
#1631 = FILL_AREA_STYLE_COLOUR ( '', #3290 ) ;
#1632 = LINE ( 'NONE', #1655, #220 ) ;
#1633 = EDGE_LOOP ( 'NONE', ( #2484, #1117, #2097, #2531 ) ) ;
#1634 =( NAMED_UNIT ( * ) PLANE_ANGLE_UNIT ( ) SI_UNIT ( $, .RADIAN. ) );
#1635 = FACE_OUTER_BOUND ( 'NONE', #976, .T. ) ;
#1636 = CARTESIAN_POINT ( 'NONE',  ( 3.000000000000000000, 5.999999999999999112, -2.470399538941275619 ) ) ;
#1637 = DIRECTION ( 'NONE',  ( 0.000000000000000000, -1.000000000000000000, -0.000000000000000000 ) ) ;
#1638 = CARTESIAN_POINT ( 'NONE',  ( 2.000000000000000000, -5.999999999999999112, -2.770399538941273665 ) ) ;
#1639 = AXIS2_PLACEMENT_3D ( 'NONE', #3922, #582, #2085 ) ;
#1640 = CARTESIAN_POINT ( 'NONE',  ( -1.968293488436033245, 6.533108527575957503, -5.516627259365576741 ) ) ;
#1641 = ORIENTED_EDGE ( 'NONE', *, *, #1643, .F. ) ;
#1642 = SURFACE_STYLE_USAGE ( .BOTH. , #4298 ) ;
#1643 = EDGE_CURVE ( 'NONE', #722, #4537, #3099, .T. ) ;
#1644 = CARTESIAN_POINT ( 'NONE',  ( -4.999999999999993783, 5.999999999999999112, 0.000000000000000000 ) ) ;
#1645 = ADVANCED_FACE ( 'NONE', ( #1686 ), #4715, .F. ) ;
#1646 = DIRECTION ( 'NONE',  ( 0.000000000000000000, -0.2867062765227762489, -0.9580185337468400952 ) ) ;
#1647 = CARTESIAN_POINT ( 'NONE',  ( -3.000000000000000000, -6.449086202862900130, -3.683745183551860425 ) ) ;
#1648 = ORIENTED_EDGE ( 'NONE', *, *, #2747, .F. ) ;
#1649 = FILL_AREA_STYLE_COLOUR ( '', #4431 ) ;
#1650 = COLOUR_RGB ( '',0.2509803921568627416, 0.2509803921568627416, 0.2509803921568627416 ) ;
#1651 = FILL_AREA_STYLE ('',( #2004 ) ) ;
#1652 = LINE ( 'NONE', #2077, #1496 ) ;
#1653 = ORIENTED_EDGE ( 'NONE', *, *, #4157, .T. ) ;
#1654 = SURFACE_SIDE_STYLE ('',( #4135 ) ) ;
#1655 = CARTESIAN_POINT ( 'NONE',  ( -6.000000000000000888, 4.999999999999992006, 0.000000000000000000 ) ) ;
#1656 = ORIENTED_EDGE ( 'NONE', *, *, #3975, .T. ) ;
#1657 = SURFACE_SIDE_STYLE ('',( #3503 ) ) ;
#1658 = FACE_OUTER_BOUND ( 'NONE', #3549, .T. ) ;
#1659 = MECHANICAL_DESIGN_GEOMETRIC_PRESENTATION_REPRESENTATION (  '', ( #1418 ), #4601 ) ;
#1660 = DIRECTION ( 'NONE',  ( 0.000000000000000000, 0.000000000000000000, 1.000000000000000000 ) ) ;
#1661 = ORIENTED_EDGE ( 'NONE', *, *, #2060, .F. ) ;
#1662 = DIRECTION ( 'NONE',  ( -0.000000000000000000, -0.000000000000000000, 1.000000000000000000 ) ) ;
#1663 =( NAMED_UNIT ( * ) SI_UNIT ( $, .STERADIAN. ) SOLID_ANGLE_UNIT ( ) );
#1664 = CARTESIAN_POINT ( 'NONE',  ( -3.000000000000000888, 5.999999999999999112, -2.470399538941275619 ) ) ;
#1665 = DIRECTION ( 'NONE',  ( 1.000000000000000000, 0.000000000000000000, -0.000000000000000000 ) ) ;
#1666 = DIRECTION ( 'NONE',  ( 0.000000000000000000, 0.000000000000000000, 1.000000000000000000 ) ) ;
#1667 = ORIENTED_EDGE ( 'NONE', *, *, #2926, .T. ) ;
#1668 =( NAMED_UNIT ( * ) PLANE_ANGLE_UNIT ( ) SI_UNIT ( $, .RADIAN. ) );
#1669 = CARTESIAN_POINT ( 'NONE',  ( -5.999999999999999112, -5.000000000000000888, -3.500000000000000000 ) ) ;
#1670 = PLANE ( 'NONE',  #2002 ) ;
#1671 = EDGE_LOOP ( 'NONE', ( #3630, #4141, #3547, #3716 ) ) ;
#1672 =( NAMED_UNIT ( * ) PLANE_ANGLE_UNIT ( ) SI_UNIT ( $, .RADIAN. ) );
#1673 = UNCERTAINTY_MEASURE_WITH_UNIT (LENGTH_MEASURE( 1.000000000000000082E-05 ), #4605, 'distance_accuracy_value', 'NONE');
#1674 = STYLED_ITEM ( 'NONE', ( #1619 ), #3534 ) ;
#1675 = AXIS2_PLACEMENT_3D ( 'NONE', #3709, #3355, #4759 ) ;
#1676 = STYLED_ITEM ( 'NONE', ( #3911 ), #394 ) ;
#1677 =( NAMED_UNIT ( * ) SI_UNIT ( $, .STERADIAN. ) SOLID_ANGLE_UNIT ( ) );
#1678 = EDGE_CURVE ( 'NONE', #4451, #803, #2131, .T. ) ;
#1679 = CARTESIAN_POINT ( 'NONE',  ( 3.000000000000000000, -6.449086202862900130, -3.683745183551860425 ) ) ;
#1680 = ORIENTED_EDGE ( 'NONE', *, *, #1338, .F. ) ;
#1681 = CARTESIAN_POINT ( 'NONE',  ( 0.000000000000000000, -5.100000000000001421, -0.05000000000000000278 ) ) ;
#1682 = EDGE_LOOP ( 'NONE', ( #4454, #1398, #3788, #1392, #4348, #6 ) ) ;
#1683 = PLANE ( 'NONE',  #1258 ) ;
#1684 = UNCERTAINTY_MEASURE_WITH_UNIT (LENGTH_MEASURE( 1.000000000000000082E-05 ), #3751, 'distance_accuracy_value', 'NONE');
#1685 = MECHANICAL_DESIGN_GEOMETRIC_PRESENTATION_REPRESENTATION (  '', ( #2537 ), #2384 ) ;
#1686 = FACE_OUTER_BOUND ( 'NONE', #4762, .T. ) ;
#1687 = VECTOR ( 'NONE', #725, 1000.000000000000000 ) ;
#1688 = ORIENTED_EDGE ( 'NONE', *, *, #2249, .F. ) ;
#1689 = FILL_AREA_STYLE ('',( #1004 ) ) ;
#1690 = CARTESIAN_POINT ( 'NONE',  ( -3.529354242847077661, 4.119475320510217031, 0.4999999999999997780 ) ) ;
#1691 = PRESENTATION_LAYER_ASSIGNMENT (  '', '', ( #3807 ) ) ;
#1692 = CARTESIAN_POINT ( 'NONE',  ( 3.000000000000000000, -6.106181276738047892, -6.957383397140285197 ) ) ;
#1693 = FILL_AREA_STYLE ('',( #213 ) ) ;
#1694 = CARTESIAN_POINT ( 'NONE',  ( 3.000000000000000000, -5.999999999999999112, -2.770399538941273665 ) ) ;
#1695 = PRESENTATION_LAYER_ASSIGNMENT (  '', '', ( #2937 ) ) ;
#1696 = LINE ( 'NONE', #1243, #3608 ) ;
#1697 = EDGE_LOOP ( 'NONE', ( #3817, #3968, #682, #3134, #3742, #168, #2829, #664, #4152, #4443 ) ) ;
#1698 = SURFACE_STYLE_FILL_AREA ( #4258 ) ;
#1699 = CIRCLE ( 'NONE', #2463, 0.1000000000000002554 ) ;
#1700 = DIRECTION ( 'NONE',  ( 0.9659258262890700886, -0.000000000000000000, 0.2588190451025143557 ) ) ;
#1701 = CARTESIAN_POINT ( 'NONE',  ( -3.000000000000000000, -6.149086202862900308, -3.727673206435405451 ) ) ;
#1702 = STYLED_ITEM ( 'NONE', ( #3297 ), #1301 ) ;
#1703 = SURFACE_STYLE_USAGE ( .BOTH. , #3570 ) ;
#1704 = ORIENTED_EDGE ( 'NONE', *, *, #4344, .F. ) ;
#1705 = CARTESIAN_POINT ( 'NONE',  ( 4.020519679137760427, 4.119475320510217031, 0.7999999999999998224 ) ) ;
#1706 = VECTOR ( 'NONE', #1967, 1000.000000000000000 ) ;
#1707 = MECHANICAL_DESIGN_GEOMETRIC_PRESENTATION_REPRESENTATION (  '', ( #3674 ), #2635 ) ;
#1708 = FACE_OUTER_BOUND ( 'NONE', #235, .T. ) ;
#1709 =( GEOMETRIC_REPRESENTATION_CONTEXT ( 3 ) GLOBAL_UNCERTAINTY_ASSIGNED_CONTEXT ( ( #572 ) ) GLOBAL_UNIT_ASSIGNED_CONTEXT ( ( #2901, #2154, #1054 ) ) REPRESENTATION_CONTEXT ( 'NONE', 'WORKASPACE' ) );
#1710 = ORIENTED_EDGE ( 'NONE', *, *, #2060, .T. ) ;
#1711 = FILL_AREA_STYLE ('',( #1631 ) ) ;
#1712 = PRESENTATION_STYLE_ASSIGNMENT (( #627 ) ) ;
#1713 = ORIENTED_EDGE ( 'NONE', *, *, #1770, .T. ) ;
#1714 = PRESENTATION_STYLE_ASSIGNMENT (( #1781 ) ) ;
#1715 = EDGE_CURVE ( 'NONE', #4092, #4232, #3946, .T. ) ;
#1716 = COLOUR_RGB ( '',1.000000000000000000, 1.000000000000000000, 1.000000000000000000 ) ;
#1717 = AXIS2_PLACEMENT_3D ( 'NONE', #1705, #199, #3519 ) ;
#1718 = ORIENTED_EDGE ( 'NONE', *, *, #442, .F. ) ;
#1719 = FILL_AREA_STYLE_COLOUR ( '', #1344 ) ;
#1720 = SURFACE_STYLE_USAGE ( .BOTH. , #3231 ) ;
#1721 = CARTESIAN_POINT ( 'NONE',  ( 2.000000000000000000, -6.449086202862900130, -2.470399538941273843 ) ) ;
#1722 = EDGE_CURVE ( 'NONE', #1336, #4694, #4290, .T. ) ;
#1723 = SURFACE_STYLE_FILL_AREA ( #4721 ) ;
#1724 = VERTEX_POINT ( 'NONE', #3634 ) ;
#1725 = DIRECTION ( 'NONE',  ( 0.000000000000000000, 0.000000000000000000, -1.000000000000000000 ) ) ;
#1726 =( NAMED_UNIT ( * ) SI_UNIT ( $, .STERADIAN. ) SOLID_ANGLE_UNIT ( ) );
#1727 = DIRECTION ( 'NONE',  ( -0.000000000000000000, -1.000000000000000000, -0.000000000000000000 ) ) ;
#1728 = FACE_OUTER_BOUND ( 'NONE', #1471, .T. ) ;
#1729 = ORIENTED_EDGE ( 'NONE', *, *, #4790, .F. ) ;
#1730 = CARTESIAN_POINT ( 'NONE',  ( 2.377181100683773973, 6.393818723261949444, -7.042616602859713915 ) ) ;
#1731 = UNCERTAINTY_MEASURE_WITH_UNIT (LENGTH_MEASURE( 1.000000000000000082E-05 ), #319, 'distance_accuracy_value', 'NONE');
#1732 = DIRECTION ( 'NONE',  ( -1.000000000000000000, -0.000000000000000000, -0.000000000000000000 ) ) ;
#1733 = CARTESIAN_POINT ( 'NONE',  ( -1.500000000000001110, -1.500000000000000444, 1.949999999999999956 ) ) ;
#1734 = ORIENTED_EDGE ( 'NONE', *, *, #2172, .T. ) ;
#1735 =( NAMED_UNIT ( * ) PLANE_ANGLE_UNIT ( ) SI_UNIT ( $, .RADIAN. ) );
#1736 =( LENGTH_UNIT ( ) NAMED_UNIT ( * ) SI_UNIT ( .MILLI., .METRE. ) );
#1737 = ORIENTED_EDGE ( 'NONE', *, *, #2212, .F. ) ;
#1738 = UNCERTAINTY_MEASURE_WITH_UNIT (LENGTH_MEASURE( 1.000000000000000082E-05 ), #4595, 'distance_accuracy_value', 'NONE');
#1739 = VECTOR ( 'NONE', #155, 1000.000000000000000 ) ;
#1740 = PLANE ( 'NONE',  #2958 ) ;
#1741 = ADVANCED_FACE ( 'NONE', ( #3207 ), #1740, .T. ) ;
#1742 = ORIENTED_EDGE ( 'NONE', *, *, #775, .T. ) ;
#1743 = EDGE_CURVE ( 'NONE', #927, #786, #3239, .T. ) ;
#1744 = SURFACE_STYLE_USAGE ( .BOTH. , #632 ) ;
#1745 =( NAMED_UNIT ( * ) PLANE_ANGLE_UNIT ( ) SI_UNIT ( $, .RADIAN. ) );
#1746 = ADVANCED_FACE ( 'NONE', ( #2493 ), #752, .T. ) ;
#1747 =( NAMED_UNIT ( * ) SI_UNIT ( $, .STERADIAN. ) SOLID_ANGLE_UNIT ( ) );
#1748 = ORIENTED_EDGE ( 'NONE', *, *, #3738, .T. ) ;
#1749 =( NAMED_UNIT ( * ) PLANE_ANGLE_UNIT ( ) SI_UNIT ( $, .RADIAN. ) );
#1750 = EDGE_CURVE ( 'NONE', #4232, #4071, #4144, .T. ) ;
#1751 = DIRECTION ( 'NONE',  ( 0.000000000000000000, 0.000000000000000000, 1.000000000000000000 ) ) ;
#1752 = CARTESIAN_POINT ( 'NONE',  ( 4.999999999999992006, 5.999999999999999112, -3.500000000000000000 ) ) ;
#1753 = ORIENTED_EDGE ( 'NONE', *, *, #2014, .T. ) ;
#1754 = DIRECTION ( 'NONE',  ( 1.000000000000000000, 0.000000000000000000, 0.000000000000000000 ) ) ;
#1755 = ORIENTED_EDGE ( 'NONE', *, *, #4417, .F. ) ;
#1756 = FILL_AREA_STYLE ('',( #2478 ) ) ;
#1757 = ORIENTED_EDGE ( 'NONE', *, *, #3012, .T. ) ;
#1758 = LINE ( 'NONE', #4684, #2562 ) ;
#1759 = DIRECTION ( 'NONE',  ( 0.9659258262890700886, -0.000000000000000000, 0.2588190451025143557 ) ) ;
#1760 = EDGE_LOOP ( 'NONE', ( #4268, #1050, #1734, #1977 ) ) ;
#1761 = DIRECTION ( 'NONE',  ( 0.000000000000000000, 0.000000000000000000, 1.000000000000000000 ) ) ;
#1762 = STYLED_ITEM ( 'NONE', ( #3173 ), #1053 ) ;
#1763 = DIRECTION ( 'NONE',  ( -0.000000000000000000, -0.000000000000000000, -1.000000000000000000 ) ) ;
#1764 =( LENGTH_UNIT ( ) NAMED_UNIT ( * ) SI_UNIT ( .MILLI., .METRE. ) );
#1765 = CIRCLE ( 'NONE', #758, 0.1000000000000002554 ) ;
#1766 = CARTESIAN_POINT ( 'NONE',  ( -2.405954395228028009, 6.249999999999999112, -7.149999999999999467 ) ) ;
#1767 = ORIENTED_EDGE ( 'NONE', *, *, #591, .F. ) ;
#1768 = DIRECTION ( 'NONE',  ( 1.000000000000000000, 0.000000000000000000, -0.000000000000000000 ) ) ;
#1769 = CARTESIAN_POINT ( 'NONE',  ( -3.000000000000000000, 6.449086202862900130, -3.683745183551862201 ) ) ;
#1770 = EDGE_CURVE ( 'NONE', #2741, #3373, #4390, .T. ) ;
#1771 = STYLED_ITEM ( 'NONE', ( #3757 ), #2013 ) ;
#1772 = DIRECTION ( 'NONE',  ( -0.000000000000000000, -0.000000000000000000, 1.000000000000000000 ) ) ;
#1773 =( GEOMETRIC_REPRESENTATION_CONTEXT ( 3 ) GLOBAL_UNCERTAINTY_ASSIGNED_CONTEXT ( ( #806 ) ) GLOBAL_UNIT_ASSIGNED_CONTEXT ( ( #2521, #3715, #4515 ) ) REPRESENTATION_CONTEXT ( 'NONE', 'WORKASPACE' ) );
#1774 = ORIENTED_EDGE ( 'NONE', *, *, #3838, .F. ) ;
#1775 = AXIS2_PLACEMENT_3D ( 'NONE', #1045, #954, #3204 ) ;
#1776 = PRESENTATION_LAYER_ASSIGNMENT (  '', '', ( #1702 ) ) ;
#1777 = CARTESIAN_POINT ( 'NONE',  ( 3.000000000000000000, -5.999999999999999112, -2.470399538941273843 ) ) ;
#1778 = DIRECTION ( 'NONE',  ( -0.000000000000000000, 0.000000000000000000, 1.000000000000000000 ) ) ;
#1779 = ORIENTED_EDGE ( 'NONE', *, *, #2310, .F. ) ;
#1780 =( NAMED_UNIT ( * ) PLANE_ANGLE_UNIT ( ) SI_UNIT ( $, .RADIAN. ) );
#1781 = SURFACE_STYLE_USAGE ( .BOTH. , #3611 ) ;
#1782 = LINE ( 'NONE', #3728, #3958 ) ;
#1783 =( LENGTH_UNIT ( ) NAMED_UNIT ( * ) SI_UNIT ( .MILLI., .METRE. ) );
#1784 = ORIENTED_EDGE ( 'NONE', *, *, #3899, .F. ) ;
#1785 = DIRECTION ( 'NONE',  ( -1.000000000000000000, -0.000000000000000000, -0.000000000000000000 ) ) ;
#1786 = SURFACE_STYLE_USAGE ( .BOTH. , #4687 ) ;
#1787 = FILL_AREA_STYLE ('',( #1440 ) ) ;
#1788 = FILL_AREA_STYLE ('',( #3664 ) ) ;
#1789 = AXIS2_PLACEMENT_3D ( 'NONE', #869, #2415, #537 ) ;
#1790 = VECTOR ( 'NONE', #4531, 1000.000000000000000 ) ;
#1791 =( GEOMETRIC_REPRESENTATION_CONTEXT ( 3 ) GLOBAL_UNCERTAINTY_ASSIGNED_CONTEXT ( ( #1255 ) ) GLOBAL_UNIT_ASSIGNED_CONTEXT ( ( #4354, #3648, #1455 ) ) REPRESENTATION_CONTEXT ( 'NONE', 'WORKASPACE' ) );
#1792 = VERTEX_POINT ( 'NONE', #3438 ) ;
#1793 = AXIS2_PLACEMENT_3D ( 'NONE', #462, #2342, #1614 ) ;
#1794 = SURFACE_SIDE_STYLE ('',( #4 ) ) ;
#1795 = DIRECTION ( 'NONE',  ( 0.000000000000000000, 0.000000000000000000, -1.000000000000000000 ) ) ;
#1796 = FILL_AREA_STYLE_COLOUR ( '', #2225 ) ;
#1797 = ADVANCED_FACE ( 'NONE', ( #2322 ), #1520, .F. ) ;
#1798 = VERTEX_POINT ( 'NONE', #4463 ) ;
#1799 = PLANE ( 'NONE',  #4199 ) ;
#1800 = DIRECTION ( 'NONE',  ( 0.000000000000000000, -0.000000000000000000, -1.000000000000000000 ) ) ;
#1801 = CARTESIAN_POINT ( 'NONE',  ( 2.377181100683773973, 6.393818723261949444, -7.042616602859713915 ) ) ;
#1802 = VERTEX_POINT ( 'NONE', #2276 ) ;
#1803 = CARTESIAN_POINT ( 'NONE',  ( 2.000000000000000000, 6.921432421494547960, -5.262072792150289224 ) ) ;
#1804 = ORIENTED_EDGE ( 'NONE', *, *, #3904, .F. ) ;
#1805 = CYLINDRICAL_SURFACE ( 'NONE', #4321, 0.1499999999999999667 ) ;
#1806 = DIRECTION ( 'NONE',  ( 0.000000000000000000, 0.2867062765227775811, -0.9580185337468395401 ) ) ;
#1807 = ORIENTED_EDGE ( 'NONE', *, *, #2242, .F. ) ;
#1808 = EDGE_CURVE ( 'NONE', #1553, #2422, #1138, .T. ) ;
#1809 =( NAMED_UNIT ( * ) PLANE_ANGLE_UNIT ( ) SI_UNIT ( $, .RADIAN. ) );
#1810 = CARTESIAN_POINT ( 'NONE',  ( 4.211685115428442927, -3.871192841101213755, 0.7999999999999998224 ) ) ;
#1811 = SURFACE_STYLE_FILL_AREA ( #1030 ) ;
#1812 = AXIS2_PLACEMENT_3D ( 'NONE', #913, #1357, #938 ) ;
#1813 = CARTESIAN_POINT ( 'NONE',  ( 0.000000000000000000, 0.000000000000000000, -0.05000000000000000278 ) ) ;
#1814 = ORIENTED_EDGE ( 'NONE', *, *, #2960, .T. ) ;
#1815 = FILL_AREA_STYLE_COLOUR ( '', #708 ) ;
#1816 =( LENGTH_UNIT ( ) NAMED_UNIT ( * ) SI_UNIT ( .MILLI., .METRE. ) );
#1817 =( NAMED_UNIT ( * ) SI_UNIT ( $, .STERADIAN. ) SOLID_ANGLE_UNIT ( ) );
#1818 =( NAMED_UNIT ( * ) SI_UNIT ( $, .STERADIAN. ) SOLID_ANGLE_UNIT ( ) );
#1819 = ORIENTED_EDGE ( 'NONE', *, *, #1318, .F. ) ;
#1820 =( NAMED_UNIT ( * ) PLANE_ANGLE_UNIT ( ) SI_UNIT ( $, .RADIAN. ) );
#1821 = CARTESIAN_POINT ( 'NONE',  ( 4.999999999999993783, -6.000000000000000888, -3.500000000000000000 ) ) ;
#1822 = LINE ( 'NONE', #327, #2933 ) ;
#1823 = ORIENTED_EDGE ( 'NONE', *, *, #3221, .F. ) ;
#1824 =( LENGTH_UNIT ( ) NAMED_UNIT ( * ) SI_UNIT ( .MILLI., .METRE. ) );
#1825 = LINE ( 'NONE', #1482, #3897 ) ;
#1826 = FILL_AREA_STYLE_COLOUR ( '', #521 ) ;
#1827 = UNCERTAINTY_MEASURE_WITH_UNIT (LENGTH_MEASURE( 1.000000000000000082E-05 ), #119, 'distance_accuracy_value', 'NONE');
#1828 = EDGE_CURVE ( 'NONE', #986, #1493, #1192, .T. ) ;
#1829 = FILL_AREA_STYLE_COLOUR ( '', #2690 ) ;
#1830 = ORIENTED_EDGE ( 'NONE', *, *, #1567, .T. ) ;
#1831 = SURFACE_STYLE_USAGE ( .BOTH. , #3708 ) ;
#1832 = CARTESIAN_POINT ( 'NONE',  ( 2.000000000000000000, -5.999999999999999112, -2.770399538941273665 ) ) ;
#1833 = SURFACE_SIDE_STYLE ('',( #41 ) ) ;
#1834 = VECTOR ( 'NONE', #4407, 1000.000000000000000 ) ;
#1835 = FILL_AREA_STYLE_COLOUR ( '', #1067 ) ;
#1836 = PRESENTATION_LAYER_ASSIGNMENT (  '', '', ( #2764 ) ) ;
#1837 =( GEOMETRIC_REPRESENTATION_CONTEXT ( 3 ) GLOBAL_UNCERTAINTY_ASSIGNED_CONTEXT ( ( #35 ) ) GLOBAL_UNIT_ASSIGNED_CONTEXT ( ( #4658, #1324, #4260 ) ) REPRESENTATION_CONTEXT ( 'NONE', 'WORKASPACE' ) );
#1838 = VERTEX_POINT ( 'NONE', #816 ) ;
#1839 = CARTESIAN_POINT ( 'NONE',  ( -3.000000000000000000, -5.999999999999999112, -2.770399538941273665 ) ) ;
#1840 = PRESENTATION_LAYER_ASSIGNMENT (  '', '', ( #2687 ) ) ;
#1841 = PRESENTATION_LAYER_ASSIGNMENT (  '', '', ( #4774 ) ) ;
#1842 = AXIS2_PLACEMENT_3D ( 'NONE', #1813, #339, #4690 ) ;
#1843 = EDGE_CURVE ( 'NONE', #1508, #4301, #2296, .T. ) ;
#1844 = AXIS2_PLACEMENT_3D ( 'NONE', #1852, #1075, #2871 ) ;
#1845 = LINE ( 'NONE', #4143, #297 ) ;
#1846 = SURFACE_STYLE_FILL_AREA ( #4187 ) ;
#1847 = VERTEX_POINT ( 'NONE', #867 ) ;
#1848 = FILL_AREA_STYLE_COLOUR ( '', #2644 ) ;
#1849 = COLOUR_RGB ( '',1.000000000000000000, 1.000000000000000000, 1.000000000000000000 ) ;
#1850 = AXIS2_PLACEMENT_3D ( 'NONE', #1274, #1666, #2734 ) ;
#1851 =( BOUNDED_CURVE ( )  B_SPLINE_CURVE ( 3, ( #1005, #4369, #1337, #1417 ),
 .UNSPECIFIED., .F., .F. ) 
 B_SPLINE_CURVE_WITH_KNOTS ( ( 4, 4 ),
 ( 5.000467744249346147, 6.283185307179586232 ),
 .UNSPECIFIED. ) 
 CURVE ( )  GEOMETRIC_REPRESENTATION_ITEM ( )  RATIONAL_B_SPLINE_CURVE ( ( 1.000000000000000000, 0.8675223730585420734, 0.8675223730585420734, 1.000000000000000000 ) ) 
 REPRESENTATION_ITEM ( '' )  );
#1852 = CARTESIAN_POINT ( 'NONE',  ( -4.020519679137759539, 4.119475320510217031, -0.05000000000000000278 ) ) ;
#1853 = EDGE_LOOP ( 'NONE', ( #3234, #270, #2218, #4134 ) ) ;
#1854 = AXIS2_PLACEMENT_3D ( 'NONE', #1911, #4480, #390 ) ;
#1855 = DIRECTION ( 'NONE',  ( 0.000000000000000000, 1.000000000000000000, 0.000000000000000000 ) ) ;
#1856 = EDGE_LOOP ( 'NONE', ( #3284, #783, #2788, #3704, #1060, #2037 ) ) ;
#1857 = STYLED_ITEM ( 'NONE', ( #296 ), #4359 ) ;
#1858 = FILL_AREA_STYLE ('',( #1829 ) ) ;
#1859 = ORIENTED_EDGE ( 'NONE', *, *, #66, .T. ) ;
#1860 = DIRECTION ( 'NONE',  ( -1.000000000000000000, 0.000000000000000000, 0.000000000000000000 ) ) ;
#1861 = EDGE_CURVE ( 'NONE', #2970, #1427, #1988, .T. ) ;
#1862 = EDGE_CURVE ( 'NONE', #2479, #48, #3461, .T. ) ;
#1863 = DIRECTION ( 'NONE',  ( 0.000000000000000000, 0.000000000000000000, 1.000000000000000000 ) ) ;
#1864 = PRESENTATION_LAYER_ASSIGNMENT (  '', '', ( #3426 ) ) ;
#1865 = ORIENTED_EDGE ( 'NONE', *, *, #4186, .T. ) ;
#1866 = EDGE_CURVE ( 'NONE', #3008, #768, #1696, .T. ) ;
#1867 = PRESENTATION_STYLE_ASSIGNMENT (( #1190 ) ) ;
#1868 = MECHANICAL_DESIGN_GEOMETRIC_PRESENTATION_REPRESENTATION (  '', ( #3353 ), #2873 ) ;
#1869 = MECHANICAL_DESIGN_GEOMETRIC_PRESENTATION_REPRESENTATION (  '', ( #10 ), #906 ) ;
#1870 = CARTESIAN_POINT ( 'NONE',  ( -2.000000000000000000, 5.999999999999999112, -2.470399538941275619 ) ) ;
#1871 = CARTESIAN_POINT ( 'NONE',  ( 4.020519679137760427, 4.119475320510217031, -0.05000000000000000278 ) ) ;
#1872 = DIRECTION ( 'NONE',  ( -0.000000000000000000, -0.000000000000000000, 1.000000000000000000 ) ) ;
#1873 = EDGE_LOOP ( 'NONE', ( #449, #3532, #3580, #3511 ) ) ;
#1874 = EDGE_CURVE ( 'NONE', #1608, #3658, #3127, .T. ) ;
#1875 = CARTESIAN_POINT ( 'NONE',  ( 5.100000000000001421, -5.000000000000000888, -0.05000000000000000278 ) ) ;
#1876 = VECTOR ( 'NONE', #4161, 1000.000000000000114 ) ;
#1877 = SURFACE_STYLE_USAGE ( .BOTH. , #2282 ) ;
#1878 = EDGE_LOOP ( 'NONE', ( #218, #3747, #878, #2386 ) ) ;
#1879 = CARTESIAN_POINT ( 'NONE',  ( 3.000000000000000000, -6.149086202862900308, -3.727673206435405451 ) ) ;
#1880 = VERTEX_POINT ( 'NONE', #586 ) ;
#1881 = UNCERTAINTY_MEASURE_WITH_UNIT (LENGTH_MEASURE( 1.000000000000000082E-05 ), #4505, 'distance_accuracy_value', 'NONE');
#1882 = COLOUR_RGB ( '',0.2509803921568627416, 0.2509803921568627416, 0.2509803921568627416 ) ;
#1883 = PRESENTATION_STYLE_ASSIGNMENT (( #829 ) ) ;
#1884 =( GEOMETRIC_REPRESENTATION_CONTEXT ( 3 ) GLOBAL_UNCERTAINTY_ASSIGNED_CONTEXT ( ( #1348 ) ) GLOBAL_UNIT_ASSIGNED_CONTEXT ( ( #4007, #1355, #3150 ) ) REPRESENTATION_CONTEXT ( 'NONE', 'WORKASPACE' ) );
#1885 = ORIENTED_EDGE ( 'NONE', *, *, #595, .T. ) ;
#1886 = LINE ( 'NONE', #1558, #719 ) ;
#1887 = DIRECTION ( 'NONE',  ( -0.000000000000000000, -0.000000000000000000, 1.000000000000000000 ) ) ;
#1888 = DIRECTION ( 'NONE',  ( 0.9659258262890705327, -0.000000000000000000, 0.2588190451025127459 ) ) ;
#1889 = FILL_AREA_STYLE ('',( #417 ) ) ;
#1890 = VERTEX_POINT ( 'NONE', #3188 ) ;
#1891 = LINE ( 'NONE', #1565, #2558 ) ;
#1892 = CARTESIAN_POINT ( 'NONE',  ( 4.020519679137760427, 4.119475320510217031, -0.05000000000000000278 ) ) ;
#1893 = MECHANICAL_DESIGN_GEOMETRIC_PRESENTATION_REPRESENTATION (  '', ( #1284 ), #4777 ) ;
#1894 = ADVANCED_FACE ( 'NONE', ( #889 ), #3115, .T. ) ;
#1895 = CARTESIAN_POINT ( 'NONE',  ( 1.899999999999998579, 1.899999999999999245, 1.949999999999999956 ) ) ;
#1896 = SURFACE_STYLE_FILL_AREA ( #1120 ) ;
#1897 = ORIENTED_EDGE ( 'NONE', *, *, #239, .T. ) ;
#1898 = CARTESIAN_POINT ( 'NONE',  ( -3.000000000000000000, 5.999999999999999112, -2.470399538941275619 ) ) ;
#1899 =( LENGTH_UNIT ( ) NAMED_UNIT ( * ) SI_UNIT ( .MILLI., .METRE. ) );
#1900 =( GEOMETRIC_REPRESENTATION_CONTEXT ( 3 ) GLOBAL_UNCERTAINTY_ASSIGNED_CONTEXT ( ( #85 ) ) GLOBAL_UNIT_ASSIGNED_CONTEXT ( ( #3212, #532, #3101 ) ) REPRESENTATION_CONTEXT ( 'NONE', 'WORKASPACE' ) );
#1901 =( NAMED_UNIT ( * ) SI_UNIT ( $, .STERADIAN. ) SOLID_ANGLE_UNIT ( ) );
#1902 = FILL_AREA_STYLE_COLOUR ( '', #681 ) ;
#1903 = ORIENTED_EDGE ( 'NONE', *, *, #1414, .T. ) ;
#1904 = CARTESIAN_POINT ( 'NONE',  ( 3.000000000000000000, -6.608412929275197634, -5.262496658105771274 ) ) ;
#1905 = CARTESIAN_POINT ( 'NONE',  ( -3.000000000000000000, 6.149086202862900308, -2.770399538941275441 ) ) ;
#1906 = ORIENTED_EDGE ( 'NONE', *, *, #378, .T. ) ;
#1907 = DIRECTION ( 'NONE',  ( -1.000000000000000000, 0.000000000000000000, -0.000000000000000000 ) ) ;
#1908 = CARTESIAN_POINT ( 'NONE',  ( 3.000000000000000000, -5.999999999999999112, -2.470399538941273843 ) ) ;
#1909 = CIRCLE ( 'NONE', #288, 1.000000000000000000 ) ;
#1910 =( NAMED_UNIT ( * ) PLANE_ANGLE_UNIT ( ) SI_UNIT ( $, .RADIAN. ) );
#1911 = CARTESIAN_POINT ( 'NONE',  ( 3.000000000000000000, 5.999999999999999112, -2.470399538941275619 ) ) ;
#1912 =( GEOMETRIC_REPRESENTATION_CONTEXT ( 3 ) GLOBAL_UNCERTAINTY_ASSIGNED_CONTEXT ( ( #999 ) ) GLOBAL_UNIT_ASSIGNED_CONTEXT ( ( #451, #4522, #3890 ) ) REPRESENTATION_CONTEXT ( 'NONE', 'WORKASPACE' ) );
#1913 = VECTOR ( 'NONE', #3060, 1000.000000000000000 ) ;
#1914 =( GEOMETRIC_REPRESENTATION_CONTEXT ( 3 ) GLOBAL_UNCERTAINTY_ASSIGNED_CONTEXT ( ( #3496 ) ) GLOBAL_UNIT_ASSIGNED_CONTEXT ( ( #4495, #821, #3816 ) ) REPRESENTATION_CONTEXT ( 'NONE', 'WORKASPACE' ) );
#1915 = FILL_AREA_STYLE ('',( #751 ) ) ;
#1916 = LINE ( 'NONE', #1569, #74 ) ;
#1917 = EDGE_LOOP ( 'NONE', ( #1937, #3140, #302, #1753 ) ) ;
#1918 = DIRECTION ( 'NONE',  ( -0.000000000000000000, 0.000000000000000000, 1.000000000000000000 ) ) ;
#1919 = VECTOR ( 'NONE', #2768, 1000.000000000000000 ) ;
#1920 = FACE_OUTER_BOUND ( 'NONE', #2428, .T. ) ;
#1921 = DIRECTION ( 'NONE',  ( 1.711898167082375266E-16, -1.000000000000000000, -0.000000000000000000 ) ) ;
#1922 = ADVANCED_FACE ( 'NONE', ( #4653, #2759 ), #3561, .F. ) ;
#1923 =( GEOMETRIC_REPRESENTATION_CONTEXT ( 3 ) GLOBAL_UNCERTAINTY_ASSIGNED_CONTEXT ( ( #2852 ) ) GLOBAL_UNIT_ASSIGNED_CONTEXT ( ( #412, #3545, #1677 ) ) REPRESENTATION_CONTEXT ( 'NONE', 'WORKASPACE' ) );
#1924 = PRESENTATION_LAYER_ASSIGNMENT (  '', '', ( #2772 ) ) ;
#1925 = MECHANICAL_DESIGN_GEOMETRIC_PRESENTATION_REPRESENTATION (  '', ( #616 ), #2456 ) ;
#1926 = COLOUR_RGB ( '',1.000000000000000000, 1.000000000000000000, 1.000000000000000000 ) ;
#1927 = CARTESIAN_POINT ( 'NONE',  ( -4.999999999999992006, -6.000000000000000888, -3.500000000000000000 ) ) ;
#1928 = FILL_AREA_STYLE_COLOUR ( '', #4630 ) ;
#1929 = ORIENTED_EDGE ( 'NONE', *, *, #4065, .T. ) ;
#1930 = DIRECTION ( 'NONE',  ( 0.000000000000000000, 0.000000000000000000, -1.000000000000000000 ) ) ;
#1931 = ADVANCED_FACE ( 'NONE', ( #4028 ), #4418, .F. ) ;
#1932 = STYLED_ITEM ( 'NONE', ( #4692 ), #1959 ) ;
#1933 = UNCERTAINTY_MEASURE_WITH_UNIT (LENGTH_MEASURE( 1.000000000000000082E-05 ), #4048, 'distance_accuracy_value', 'NONE');
#1934 =( GEOMETRIC_REPRESENTATION_CONTEXT ( 3 ) GLOBAL_UNCERTAINTY_ASSIGNED_CONTEXT ( ( #333 ) ) GLOBAL_UNIT_ASSIGNED_CONTEXT ( ( #3251, #2894, #3659 ) ) REPRESENTATION_CONTEXT ( 'NONE', 'WORKASPACE' ) );
#1935 = CARTESIAN_POINT ( 'NONE',  ( -3.000000000000000888, -6.498044693033953934, -5.634957571453074188 ) ) ;
#1936 = AXIS2_PLACEMENT_3D ( 'NONE', #1094, #4057, #2135 ) ;
#1937 = ORIENTED_EDGE ( 'NONE', *, *, #1111, .F. ) ;
#1938 = TOROIDAL_SURFACE ( 'NONE', #1850, 0.1911654362906810289, 0.2999999999999999889 ) ;
#1939 = FACE_OUTER_BOUND ( 'NONE', #4017, .T. ) ;
#1940 = PRESENTATION_STYLE_ASSIGNMENT (( #4179 ) ) ;
#1941 = SURFACE_STYLE_USAGE ( .BOTH. , #463 ) ;
#1942 = DIRECTION ( 'NONE',  ( 0.000000000000000000, 0.000000000000000000, 1.000000000000000000 ) ) ;
#1943 = LINE ( 'NONE', #3361, #1031 ) ;
#1944 = COLOUR_RGB ( '',0.2509803921568627416, 0.2509803921568627416, 0.2509803921568627416 ) ;
#1945 = MECHANICAL_DESIGN_GEOMETRIC_PRESENTATION_REPRESENTATION (  '', ( #1254 ), #3022 ) ;
#1946 = VERTEX_POINT ( 'NONE', #4742 ) ;
#1947 = VECTOR ( 'NONE', #2435, 1000.000000000000114 ) ;
#1948 = DIRECTION ( 'NONE',  ( 1.000000000000000000, -0.000000000000000000, -0.000000000000000000 ) ) ;
#1949 = CARTESIAN_POINT ( 'NONE',  ( -5.100000000000001421, 4.999999999999998224, 0.000000000000000000 ) ) ;
#1950 =( GEOMETRIC_REPRESENTATION_CONTEXT ( 3 ) GLOBAL_UNCERTAINTY_ASSIGNED_CONTEXT ( ( #2309 ) ) GLOBAL_UNIT_ASSIGNED_CONTEXT ( ( #3083, #3036, #845 ) ) REPRESENTATION_CONTEXT ( 'NONE', 'WORKASPACE' ) );
#1951 = VECTOR ( 'NONE', #4283, 1000.000000000000000 ) ;
#1952 = DIRECTION ( 'NONE',  ( 0.000000000000000000, 0.000000000000000000, 1.000000000000000000 ) ) ;
#1953 = EDGE_CURVE ( 'NONE', #1002, #2466, #4347, .T. ) ;
#1954 = FACE_OUTER_BOUND ( 'NONE', #4163, .T. ) ;
#1955 = ORIENTED_EDGE ( 'NONE', *, *, #3298, .T. ) ;
#1956 = CARTESIAN_POINT ( 'NONE',  ( 2.545746677807202207, -6.308585517542517174, -7.330254049383599479 ) ) ;
#1957 = CARTESIAN_POINT ( 'NONE',  ( 3.000000000000000000, -6.810938584589626643, -5.634957571453078629 ) ) ;
#1958 = CARTESIAN_POINT ( 'NONE',  ( -2.594045604771979097, -6.140563414850694457, -7.149999999999997691 ) ) ;
#1959 = ADVANCED_FACE ( 'NONE', ( #4391 ), #2884, .T. ) ;
#1960 = ORIENTED_EDGE ( 'NONE', *, *, #4065, .F. ) ;
#1961 = CARTESIAN_POINT ( 'NONE',  ( 3.000000000000000000, -5.999999999999999112, -2.470399538941273843 ) ) ;
#1962 = PRESENTATION_LAYER_ASSIGNMENT (  '', '', ( #946 ) ) ;
#1963 = FACE_OUTER_BOUND ( 'NONE', #4387, .T. ) ;
#1964 = MECHANICAL_DESIGN_GEOMETRIC_PRESENTATION_REPRESENTATION (  '', ( #1112 ), #2045 ) ;
#1965 = EDGE_CURVE ( 'NONE', #1285, #3658, #3951, .T. ) ;
#1966 = DIRECTION ( 'NONE',  ( -1.000000000000000000, -1.734723475976807341E-16, 0.000000000000000000 ) ) ;
#1967 = DIRECTION ( 'NONE',  ( 0.000000000000000000, -1.000000000000000000, 0.000000000000000000 ) ) ;
#1968 = SURFACE_STYLE_FILL_AREA ( #441 ) ;
#1969 = PLANE ( 'NONE',  #452 ) ;
#1970 = EDGE_CURVE ( 'NONE', #4430, #3347, #72, .T. ) ;
#1971 = CARTESIAN_POINT ( 'NONE',  ( 3.000000000000000000, -6.921432421494546183, -5.262072792150291001 ) ) ;
#1972 = EDGE_LOOP ( 'NONE', ( #3702, #2270, #2630, #444 ) ) ;
#1973 = PRESENTATION_STYLE_ASSIGNMENT (( #4122 ) ) ;
#1974 = CARTESIAN_POINT ( 'NONE',  ( -2.622818899316227359, -6.393818723261946779, -7.042616602859716579 ) ) ;
#1975 = AXIS2_PLACEMENT_3D ( 'NONE', #634, #2112, #2134 ) ;
#1976 = LINE ( 'NONE', #3132, #1919 ) ;
#1977 = ORIENTED_EDGE ( 'NONE', *, *, #1678, .T. ) ;
#1978 = PRESENTATION_STYLE_ASSIGNMENT (( #496 ) ) ;
#1979 = UNCERTAINTY_MEASURE_WITH_UNIT (LENGTH_MEASURE( 1.000000000000000082E-05 ), #3462, 'distance_accuracy_value', 'NONE');
#1980 = CARTESIAN_POINT ( 'NONE',  ( 2.594045604771976876, 6.921432421494547071, -7.149999999999997691 ) ) ;
#1981 = PRESENTATION_STYLE_ASSIGNMENT (( #129 ) ) ;
#1982 = DIRECTION ( 'NONE',  ( 1.000000000000000000, -0.000000000000000000, -0.000000000000000000 ) ) ;
#1983 = EDGE_CURVE ( 'NONE', #1540, #3420, #2396, .T. ) ;
#1984 = CARTESIAN_POINT ( 'NONE',  ( -5.100000000000000533, -8.847089727481718154E-16, -0.05000000000000000278 ) ) ;
#1985 = SURFACE_SIDE_STYLE ('',( #1292 ) ) ;
#1986 = LINE ( 'NONE', #2411, #3428 ) ;
#1987 = FACE_OUTER_BOUND ( 'NONE', #3778, .T. ) ;
#1988 = LINE ( 'NONE', #1640, #1268 ) ;
#1989 = VERTEX_POINT ( 'NONE', #3641 ) ;
#1990 = LINE ( 'NONE', #219, #1247 ) ;
#1991 = FACE_OUTER_BOUND ( 'NONE', #1488, .T. ) ;
#1992 = LINE ( 'NONE', #446, #4792 ) ;
#1993 = AXIS2_PLACEMENT_3D ( 'NONE', #57, #2697, #4240 ) ;
#1995 = CARTESIAN_POINT ( 'NONE',  ( -4.020519679137759539, 4.119475320510217031, 0.4999999999999997780 ) ) ;
#1994 = PRESENTATION_LAYER_ASSIGNMENT (  '', '', ( #368 ) ) ;
#1996 = FILL_AREA_STYLE_COLOUR ( '', #2530 ) ;
#1997 = PRESENTATION_LAYER_ASSIGNMENT (  '', '', ( #3796 ) ) ;
#1998 = ORIENTED_EDGE ( 'NONE', *, *, #4644, .T. ) ;
#1999 = MECHANICAL_DESIGN_GEOMETRIC_PRESENTATION_REPRESENTATION (  '', ( #2153 ), #2683 ) ;
#2000 = CARTESIAN_POINT ( 'NONE',  ( 3.000000000000000000, 6.149086202862900308, -3.727673206435407227 ) ) ;
#2001 = SURFACE_STYLE_FILL_AREA ( #1605 ) ;
#2002 = AXIS2_PLACEMENT_3D ( 'NONE', #4701, #3271, #2910 ) ;
#2003 = VECTOR ( 'NONE', #2966, 1000.000000000000000 ) ;
#2004 = FILL_AREA_STYLE_COLOUR ( '', #4106 ) ;
#2005 = CARTESIAN_POINT ( 'NONE',  ( -4.020519679137759539, -3.871192841101213755, -0.05000000000000000278 ) ) ;
#2006 = VERTEX_POINT ( 'NONE', #4793 ) ;
#2007 = SURFACE_STYLE_USAGE ( .BOTH. , #1654 ) ;
#2008 = VECTOR ( 'NONE', #1559, 1000.000000000000227 ) ;
#2009 = EDGE_LOOP ( 'NONE', ( #4412, #4710, #2874, #4172 ) ) ;
#2010 = PRESENTATION_LAYER_ASSIGNMENT (  '', '', ( #3253 ) ) ;
#2011 = FILL_AREA_STYLE ('',( #2059 ) ) ;
#2012 = CARTESIAN_POINT ( 'NONE',  ( 5.999999999999999112, 4.999999999999992006, 0.000000000000000000 ) ) ;
#2013 = ADVANCED_FACE ( 'NONE', ( #69 ), #3803, .F. ) ;
#2014 = EDGE_CURVE ( 'NONE', #2365, #4245, #361, .T. ) ;
#2015 = PLANE ( 'NONE',  #3819 ) ;
#2016 = COLOUR_RGB ( '',0.2509803921568627416, 0.2509803921568627416, 0.2509803921568627416 ) ;
#2017 = DIRECTION ( 'NONE',  ( -0.2488271308658504544, -0.2751748116042141423, 0.9286354946929684662 ) ) ;
#2018 = LINE ( 'NONE', #509, #2636 ) ;
#2019 = ADVANCED_FACE ( 'NONE', ( #4140 ), #3433, .F. ) ;
#2020 = DIRECTION ( 'NONE',  ( -0.2488271308658521197, -0.2751748116042139758, -0.9286354946929680221 ) ) ;
#2021 = DIRECTION ( 'NONE',  ( -1.000000000000000000, -0.000000000000000000, -0.000000000000000000 ) ) ;
#2022 = ORIENTED_EDGE ( 'NONE', *, *, #1808, .T. ) ;
#2023 = CARTESIAN_POINT ( 'NONE',  ( -2.000000000000000000, 6.810938584589629308, -5.634957571453075964 ) ) ;
#2024 = DIRECTION ( 'NONE',  ( 0.000000000000000000, 1.000000000000000000, 0.000000000000000000 ) ) ;
#2025 = AXIS2_PLACEMENT_3D ( 'NONE', #445, #1918, #3416 ) ;
#2026 = CARTESIAN_POINT ( 'NONE',  ( -3.093621452618898982, 6.601579486433985622, -5.285557553600933822 ) ) ;
#2027 = EDGE_CURVE ( 'NONE', #424, #2278, #2628, .T. ) ;
#2028 = DIRECTION ( 'NONE',  ( 3.614007241618347292E-16, -1.000000000000000000, 0.000000000000000000 ) ) ;
#2029 = VERTEX_POINT ( 'NONE', #2566 ) ;
#2030 = PLANE ( 'NONE',  #1010 ) ;
#2031 = STYLED_ITEM ( 'NONE', ( #4688 ), #3211 ) ;
#2032 = AXIS2_PLACEMENT_3D ( 'NONE', #2906, #640, #2116 ) ;
#2033 = UNCERTAINTY_MEASURE_WITH_UNIT (LENGTH_MEASURE( 1.000000000000000082E-05 ), #4388, 'distance_accuracy_value', 'NONE');
#2034 = SURFACE_SIDE_STYLE ('',( #2799 ) ) ;
#2035 = AXIS2_PLACEMENT_3D ( 'NONE', #4329, #3601, #4238 ) ;
#2036 = LINE ( 'NONE', #1679, #430 ) ;
#2037 = ORIENTED_EDGE ( 'NONE', *, *, #740, .T. ) ;
#2038 =( NAMED_UNIT ( * ) PLANE_ANGLE_UNIT ( ) SI_UNIT ( $, .RADIAN. ) );
#2039 = FILL_AREA_STYLE_COLOUR ( '', #3799 ) ;
#2040 = ORIENTED_EDGE ( 'NONE', *, *, #589, .F. ) ;
#2041 = LINE ( 'NONE', #1288, #3602 ) ;
#2042 = SURFACE_STYLE_FILL_AREA ( #3898 ) ;
#2043 =( LENGTH_UNIT ( ) NAMED_UNIT ( * ) SI_UNIT ( .MILLI., .METRE. ) );
#2044 = CARTESIAN_POINT ( 'NONE',  ( -4.020519679137759539, -3.871192841101213755, -0.05000000000000000278 ) ) ;
#2045 =( GEOMETRIC_REPRESENTATION_CONTEXT ( 3 ) GLOBAL_UNCERTAINTY_ASSIGNED_CONTEXT ( ( #3892 ) ) GLOBAL_UNIT_ASSIGNED_CONTEXT ( ( #263, #2830, #631 ) ) REPRESENTATION_CONTEXT ( 'NONE', 'WORKASPACE' ) );
#2046 = ORIENTED_EDGE ( 'NONE', *, *, #3399, .F. ) ;
#2047 = DIRECTION ( 'NONE',  ( 0.000000000000000000, 0.000000000000000000, -1.000000000000000000 ) ) ;
#2048 = DIRECTION ( 'NONE',  ( 0.000000000000000000, 1.000000000000000000, 0.000000000000000000 ) ) ;
#2049 = CARTESIAN_POINT ( 'NONE',  ( -2.617541998851001139, 6.075089173487172367, -7.062310263502427077 ) ) ;
#2050 = ADVANCED_FACE ( 'NONE', ( #4158 ), #2245, .F. ) ;
#2051 = SURFACE_STYLE_USAGE ( .BOTH. , #1248 ) ;
#2052 = DIRECTION ( 'NONE',  ( 1.000000000000000000, 0.000000000000000000, 0.000000000000000000 ) ) ;
#2053 = ORIENTED_EDGE ( 'NONE', *, *, #652, .T. ) ;
#2054 = SURFACE_SIDE_STYLE ('',( #3542 ) ) ;
#2055 = STYLED_ITEM ( 'NONE', ( #4276 ), #3840 ) ;
#2056 = VERTEX_POINT ( 'NONE', #937 ) ;
#2057 = SURFACE_STYLE_USAGE ( .BOTH. , #3524 ) ;
#2058 = ORIENTED_EDGE ( 'NONE', *, *, #2475, .T. ) ;
#2059 = FILL_AREA_STYLE_COLOUR ( '', #857 ) ;
#2060 = EDGE_CURVE ( 'NONE', #2230, #3713, #3830, .T. ) ;
#2061 = DIRECTION ( 'NONE',  ( -0.000000000000000000, 0.2867062765227760268, 0.9580185337468402063 ) ) ;
#2062 = COLOUR_RGB ( '',0.2509803921568627416, 0.2509803921568627416, 0.2509803921568627416 ) ;
#2063 = CARTESIAN_POINT ( 'NONE',  ( 3.000000000000000000, -5.999999999999999112, -2.470399538941273843 ) ) ;
#2064 = SURFACE_STYLE_USAGE ( .BOTH. , #2712 ) ;
#2065 =( NAMED_UNIT ( * ) SI_UNIT ( $, .STERADIAN. ) SOLID_ANGLE_UNIT ( ) );
#2066 = ORIENTED_EDGE ( 'NONE', *, *, #766, .T. ) ;
#2067 =( NAMED_UNIT ( * ) PLANE_ANGLE_UNIT ( ) SI_UNIT ( $, .RADIAN. ) );
#2068 = CARTESIAN_POINT ( 'NONE',  ( -2.645657067957064346, 6.106181276738049668, -6.957383397140283421 ) ) ;
#2069 = CARTESIAN_POINT ( 'NONE',  ( 3.000000000000000000, 6.449086202862900130, -3.683745183551862201 ) ) ;
#2070 = ORIENTED_EDGE ( 'NONE', *, *, #2363, .T. ) ;
#2071 = ADVANCED_FACE ( 'NONE', ( #583 ), #2015, .T. ) ;
#2072 = FILL_AREA_STYLE ('',( #1649 ) ) ;
#2073 = PRESENTATION_LAYER_ASSIGNMENT (  '', '', ( #4171 ) ) ;
#2074 = UNCERTAINTY_MEASURE_WITH_UNIT (LENGTH_MEASURE( 1.000000000000000082E-05 ), #3775, 'distance_accuracy_value', 'NONE');
#2075 = MECHANICAL_DESIGN_GEOMETRIC_PRESENTATION_REPRESENTATION (  '', ( #368 ), #4549 ) ;
#2076 = CARTESIAN_POINT ( 'NONE',  ( -3.000000000000000000, -5.999999999999999112, -2.620399538941273754 ) ) ;
#2077 = CARTESIAN_POINT ( 'NONE',  ( 2.000000000000000000, -6.149086202862900308, -2.770399538941273665 ) ) ;
#2078 = VERTEX_POINT ( 'NONE', #2730 ) ;
#2079 = VERTEX_POINT ( 'NONE', #1313 ) ;
#2080 = PRESENTATION_LAYER_ASSIGNMENT (  '', '', ( #2532 ) ) ;
#2081 = CARTESIAN_POINT ( 'NONE',  ( 4.999999999999993783, -6.000000000000000888, 0.000000000000000000 ) ) ;
#2082 = FILL_AREA_STYLE_COLOUR ( '', #2699 ) ;
#2083 = VERTEX_POINT ( 'NONE', #1690 ) ;
#2084 = EDGE_CURVE ( 'NONE', #3371, #2132, #3854, .T. ) ;
#2085 = DIRECTION ( 'NONE',  ( 0.000000000000000000, -0.2841106857314363299, 0.9587914884129984383 ) ) ;
#2086 =( NAMED_UNIT ( * ) SI_UNIT ( $, .STERADIAN. ) SOLID_ANGLE_UNIT ( ) );
#2087 = COLOUR_RGB ( '',0.2509803921568627416, 0.2509803921568627416, 0.2509803921568627416 ) ;
#2088 = FILL_AREA_STYLE_COLOUR ( '', #2498 ) ;
#2089 =( GEOMETRIC_REPRESENTATION_CONTEXT ( 3 ) GLOBAL_UNCERTAINTY_ASSIGNED_CONTEXT ( ( #4685 ) ) GLOBAL_UNIT_ASSIGNED_CONTEXT ( ( #3146, #1634, #2426 ) ) REPRESENTATION_CONTEXT ( 'NONE', 'WORKASPACE' ) );
#2090 = STYLED_ITEM ( 'NONE', ( #1712 ), #1091 ) ;
#2091 = CARTESIAN_POINT ( 'NONE',  ( 3.000000000000000000, 6.149086202862900308, -2.770399538941275441 ) ) ;
#2092 = EDGE_LOOP ( 'NONE', ( #564, #4214, #391, #2943 ) ) ;
#2093 = FACE_OUTER_BOUND ( 'NONE', #3258, .T. ) ;
#2094 = CARTESIAN_POINT ( 'NONE',  ( -2.405954395228028009, 6.249999999999999112, -7.149999999999999467 ) ) ;
#2095 = VECTOR ( 'NONE', #892, 1000.000000000000000 ) ;
#2096 = CARTESIAN_POINT ( 'NONE',  ( 2.000000000000000000, 6.149086202862900308, -2.770399538941275441 ) ) ;
#2097 = ORIENTED_EDGE ( 'NONE', *, *, #3738, .F. ) ;
#2098 = CARTESIAN_POINT ( 'NONE',  ( 1.499999999999999112, 1.500000000000000000, 1.949999999999999956 ) ) ;
#2099 = CIRCLE ( 'NONE', #4421, 0.4911654362906824334 ) ;
#2100 = EDGE_CURVE ( 'NONE', #2029, #3420, #1210, .T. ) ;
#2101 =( NAMED_UNIT ( * ) PLANE_ANGLE_UNIT ( ) SI_UNIT ( $, .RADIAN. ) );
#2102 = DIRECTION ( 'NONE',  ( -0.2488271308658504544, -0.2751748116042140313, -0.9286354946929684662 ) ) ;
#2103 = DIRECTION ( 'NONE',  ( 0.000000000000000000, -0.2841106857314363299, 0.9587914884129984383 ) ) ;
#2104 = VECTOR ( 'NONE', #4115, 1000.000000000000000 ) ;
#2105 =( GEOMETRIC_REPRESENTATION_CONTEXT ( 3 ) GLOBAL_UNCERTAINTY_ASSIGNED_CONTEXT ( ( #4356 ) ) GLOBAL_UNIT_ASSIGNED_CONTEXT ( ( #3475, #3068, #4223 ) ) REPRESENTATION_CONTEXT ( 'NONE', 'WORKASPACE' ) );
#2106 = EDGE_CURVE ( 'NONE', #1332, #78, #189, .T. ) ;
#2107 = STYLED_ITEM ( 'NONE', ( #4005 ), #1741 ) ;
#2108 = CARTESIAN_POINT ( 'NONE',  ( 5.999999999999999112, 4.999999999999992006, -3.500000000000000000 ) ) ;
#2109 = VERTEX_POINT ( 'NONE', #2388 ) ;
#2110 = CARTESIAN_POINT ( 'NONE',  ( 3.000000000000000000, -6.449086202862900130, -2.470399538941273843 ) ) ;
#2111 = DIRECTION ( 'NONE',  ( -0.000000000000000000, -0.000000000000000000, 1.000000000000000000 ) ) ;
#2112 = DIRECTION ( 'NONE',  ( 0.000000000000000000, 0.000000000000000000, 1.000000000000000000 ) ) ;
#2113 = VECTOR ( 'NONE', #2433, 1000.000000000000000 ) ;
#2114 = EDGE_CURVE ( 'NONE', #1890, #1367, #4273, .T. ) ;
#2115 = ORIENTED_EDGE ( 'NONE', *, *, #3685, .T. ) ;
#2116 = DIRECTION ( 'NONE',  ( 1.000000000000000000, 0.000000000000000000, 0.000000000000000000 ) ) ;
#2117 = CARTESIAN_POINT ( 'NONE',  ( 2.354342932042938763, -6.106181276738047892, -6.957383397140285197 ) ) ;
#2118 = AXIS2_PLACEMENT_3D ( 'NONE', #356, #700, #2560 ) ;
#2119 = SURFACE_STYLE_USAGE ( .BOTH. , #3598 ) ;
#2120 = SURFACE_SIDE_STYLE ('',( #3989 ) ) ;
#2121 = ORIENTED_EDGE ( 'NONE', *, *, #2839, .F. ) ;
#2122 = UNCERTAINTY_MEASURE_WITH_UNIT (LENGTH_MEASURE( 1.000000000000000082E-05 ), #1366, 'distance_accuracy_value', 'NONE');
#2123 = CARTESIAN_POINT ( 'NONE',  ( -5.099999999999999645, -5.000000000000000888, -0.05000000000000000278 ) ) ;
#2124 = DIRECTION ( 'NONE',  ( -0.000000000000000000, -1.000000000000000000, -0.000000000000000000 ) ) ;
#2125 = EDGE_LOOP ( 'NONE', ( #377, #62, #328, #4307 ) ) ;
#2126 = SURFACE_STYLE_FILL_AREA ( #2826 ) ;
#2127 = ORIENTED_EDGE ( 'NONE', *, *, #1603, .F. ) ;
#2128 = CARTESIAN_POINT ( 'NONE',  ( -4.511685115428440085, -3.871192841101213755, -0.05000000000000000278 ) ) ;
#2129 = UNCERTAINTY_MEASURE_WITH_UNIT (LENGTH_MEASURE( 1.000000000000000082E-05 ), #4220, 'distance_accuracy_value', 'NONE');
#2130 = DIRECTION ( 'NONE',  ( -0.000000000000000000, 0.000000000000000000, -1.000000000000000000 ) ) ;
#2131 = LINE ( 'NONE', #2854, #1012 ) ;
#2132 = VERTEX_POINT ( 'NONE', #3151 ) ;
#2133 = EDGE_CURVE ( 'NONE', #1483, #1792, #2678, .T. ) ;
#2134 = DIRECTION ( 'NONE',  ( 1.000000000000000000, 0.000000000000000000, -0.000000000000000000 ) ) ;
#2135 = DIRECTION ( 'NONE',  ( 1.000000000000000000, 0.000000000000000000, 0.000000000000000000 ) ) ;
#2136 = VERTEX_POINT ( 'NONE', #701 ) ;
#2137 = CARTESIAN_POINT ( 'NONE',  ( 4.999999999999999112, 4.999999999999999112, 0.000000000000000000 ) ) ;
#2138 = CARTESIAN_POINT ( 'NONE',  ( 3.000000000000000000, 6.608412929275199410, -5.262496658105769498 ) ) ;
#2139 = VERTEX_POINT ( 'NONE', #675 ) ;
#2140 = FACE_OUTER_BOUND ( 'NONE', #1682, .T. ) ;
#2141 = LINE ( 'NONE', #2551, #835 ) ;
#2142 = ORIENTED_EDGE ( 'NONE', *, *, #2504, .T. ) ;
#2143 = APPLICATION_PROTOCOL_DEFINITION ( 'draft international standard', 'automotive_design', 1998, #4224 ) ;
#2144 =( LENGTH_UNIT ( ) NAMED_UNIT ( * ) SI_UNIT ( .MILLI., .METRE. ) );
#2145 = EDGE_LOOP ( 'NONE', ( #4076, #2979, #4503, #2559 ) ) ;
#2146 = SURFACE_STYLE_USAGE ( .BOTH. , #332 ) ;
#2147 =( GEOMETRIC_REPRESENTATION_CONTEXT ( 3 ) GLOBAL_UNCERTAINTY_ASSIGNED_CONTEXT ( ( #665 ) ) GLOBAL_UNIT_ASSIGNED_CONTEXT ( ( #2666, #1081, #426 ) ) REPRESENTATION_CONTEXT ( 'NONE', 'WORKASPACE' ) );
#2148 = AXIS2_PLACEMENT_3D ( 'NONE', #4403, #3680, #2524 ) ;
#2149 = ORIENTED_EDGE ( 'NONE', *, *, #1506, .T. ) ;
#2150 = CIRCLE ( 'NONE', #3407, 0.2999999999999999889 ) ;
#2151 = SURFACE_SIDE_STYLE ('',( #4368 ) ) ;
#2152 = VECTOR ( 'NONE', #922, 1000.000000000000000 ) ;
#2153 = STYLED_ITEM ( 'NONE', ( #2877 ), #920 ) ;
#2154 =( NAMED_UNIT ( * ) PLANE_ANGLE_UNIT ( ) SI_UNIT ( $, .RADIAN. ) );
#2155 = CYLINDRICAL_SURFACE ( 'NONE', #2976, 0.4911654362906811011 ) ;
#2156 = EDGE_CURVE ( 'NONE', #2207, #668, #3643, .T. ) ;
#2157 = ADVANCED_FACE ( 'NONE', ( #3210 ), #2184, .F. ) ;
#2158 = FILL_AREA_STYLE_COLOUR ( '', #141 ) ;
#2159 = EDGE_LOOP ( 'NONE', ( #3721, #1718, #1897, #868, #2802, #1076, #1085, #837, #3343, #3484 ) ) ;
#2160 = DIRECTION ( 'NONE',  ( -0.000000000000000000, -1.000000000000000000, -0.000000000000000000 ) ) ;
#2161 = COLOUR_RGB ( '',1.000000000000000000, 1.000000000000000000, 1.000000000000000000 ) ;
#2162 = CARTESIAN_POINT ( 'NONE',  ( -3.829354242847077483, 4.119475320510217031, 0.4999999999999997780 ) ) ;
#2163 = PRESENTATION_LAYER_ASSIGNMENT (  '', '', ( #70 ) ) ;
#2164 = EDGE_CURVE ( 'NONE', #1290, #2029, #3636, .T. ) ;
#2165 = COLOUR_RGB ( '',0.2509803921568627416, 0.2509803921568627416, 0.2509803921568627416 ) ;
#2166 = CARTESIAN_POINT ( 'NONE',  ( 2.545746677807197766, 6.308585517542518950, -7.330254049383615467 ) ) ;
#2167 = DIRECTION ( 'NONE',  ( 1.000000000000000000, 0.000000000000000000, 0.000000000000000000 ) ) ;
#2168 = ORIENTED_EDGE ( 'NONE', *, *, #2442, .T. ) ;
#2169 =( LENGTH_UNIT ( ) NAMED_UNIT ( * ) SI_UNIT ( .MILLI., .METRE. ) );
#2170 = COLOUR_RGB ( '',0.2509803921568627416, 0.2509803921568627416, 0.2509803921568627416 ) ;
#2171 = SURFACE_STYLE_USAGE ( .BOTH. , #2595 ) ;
#2172 = EDGE_CURVE ( 'NONE', #778, #4451, #1909, .T. ) ;
#2173 = SURFACE_STYLE_FILL_AREA ( #3299 ) ;
#2174 = CARTESIAN_POINT ( 'NONE',  ( 2.645657067957061681, -6.106181276738047892, -6.957383397140285197 ) ) ;
#2175 = ORIENTED_EDGE ( 'NONE', *, *, #1449, .F. ) ;
#2176 = LINE ( 'NONE', #1432, #4415 ) ;
#2177 = CARTESIAN_POINT ( 'NONE',  ( -1.500000000000001110, 1.499999999999998890, 0.7500000000000000000 ) ) ;
#2178 = ORIENTED_EDGE ( 'NONE', *, *, #3824, .T. ) ;
#2179 = CARTESIAN_POINT ( 'NONE',  ( -2.000000000000000000, -5.999999999999999112, -2.470399538941273843 ) ) ;
#2180 = CARTESIAN_POINT ( 'NONE',  ( -1.900000000000001243, 1.899999999999999023, 1.949999999999999956 ) ) ;
#2181 = VECTOR ( 'NONE', #2490, 1000.000000000000000 ) ;
#2182 = VERTEX_POINT ( 'NONE', #4314 ) ;
#2183 = CYLINDRICAL_SURFACE ( 'NONE', #2118, 0.1499999999999999667 ) ;
#2184 = PLANE ( 'NONE',  #1512 ) ;
#2185 = CARTESIAN_POINT ( 'NONE',  ( -4.020519679137759539, -3.871192841101213755, -0.05000000000000000278 ) ) ;
#2186 =( GEOMETRIC_REPRESENTATION_CONTEXT ( 3 ) GLOBAL_UNCERTAINTY_ASSIGNED_CONTEXT ( ( #3448 ) ) GLOBAL_UNIT_ASSIGNED_CONTEXT ( ( #1265, #4270, #2706 ) ) REPRESENTATION_CONTEXT ( 'NONE', 'WORKASPACE' ) );
#2187 = AXIS2_PLACEMENT_3D ( 'NONE', #1070, #1041, #2912 ) ;
#2188 = FILL_AREA_STYLE ('',( #4761 ) ) ;
#2189 = AXIS2_PLACEMENT_3D ( 'NONE', #1984, #1966, #528 ) ;
#2190 = DIRECTION ( 'NONE',  ( 0.000000000000000000, 1.000000000000000000, 0.000000000000000000 ) ) ;
#2191 = ORIENTED_EDGE ( 'NONE', *, *, #4186, .F. ) ;
#2192 = VECTOR ( 'NONE', #961, 1000.000000000000000 ) ;
#2193 = CARTESIAN_POINT ( 'NONE',  ( 5.099999999999999645, 4.999999999999992006, -0.05000000000000000278 ) ) ;
#2194 = FILL_AREA_STYLE_COLOUR ( '', #3798 ) ;
#2195 = ORIENTED_EDGE ( 'NONE', *, *, #3387, .T. ) ;
#2196 = FILL_AREA_STYLE_COLOUR ( '', #711 ) ;
#2197 = CARTESIAN_POINT ( 'NONE',  ( 0.000000000000000000, 0.000000000000000000, -0.05000000000000000278 ) ) ;
#2198 = EDGE_CURVE ( 'NONE', #3354, #1577, #3948, .T. ) ;
#2199 = ORIENTED_EDGE ( 'NONE', *, *, #2604, .T. ) ;
#2200 = APPLICATION_PROTOCOL_DEFINITION ( 'draft international standard', 'automotive_design', 1998, #4551 ) ;
#2201 = ORIENTED_EDGE ( 'NONE', *, *, #1532, .F. ) ;
#2202 = ORIENTED_EDGE ( 'NONE', *, *, #360, .F. ) ;
#2203 = FILL_AREA_STYLE_COLOUR ( '', #2340 ) ;
#2204 = CARTESIAN_POINT ( 'NONE',  ( 4.020519679137760427, 4.119475320510217031, 0.7999999999999998224 ) ) ;
#2205 = DIRECTION ( 'NONE',  ( -0.000000000000000000, -1.000000000000000000, -0.000000000000000000 ) ) ;
#2206 = SURFACE_STYLE_FILL_AREA ( #3639 ) ;
#2207 = VERTEX_POINT ( 'NONE', #1810 ) ;
#2208 = DIRECTION ( 'NONE',  ( 1.000000000000000000, -0.000000000000000000, -0.000000000000000000 ) ) ;
#2209 = CARTESIAN_POINT ( 'NONE',  ( -2.000000000000000000, 6.921432421494547960, -5.262072792150289224 ) ) ;
#2210 = ORIENTED_EDGE ( 'NONE', *, *, #1281, .F. ) ;
#2211 = DIRECTION ( 'NONE',  ( 0.000000000000000000, -1.000000000000000000, 0.000000000000000000 ) ) ;
#2212 = EDGE_CURVE ( 'NONE', #3208, #78, #2808, .T. ) ;
#2213 = CARTESIAN_POINT ( 'NONE',  ( 4.999999999999998224, 5.099999999999999645, -0.05000000000000000278 ) ) ;
#2214 = ORIENTED_EDGE ( 'NONE', *, *, #1722, .T. ) ;
#2215 = SURFACE_STYLE_FILL_AREA ( #2629 ) ;
#2216 = CARTESIAN_POINT ( 'NONE',  ( 3.000000000000000000, 5.999999999999999112, -2.770399538941275441 ) ) ;
#2217 = UNCERTAINTY_MEASURE_WITH_UNIT (LENGTH_MEASURE( 1.000000000000000082E-05 ), #1046, 'distance_accuracy_value', 'NONE');
#2218 = ORIENTED_EDGE ( 'NONE', *, *, #2879, .T. ) ;
#2219 = DIRECTION ( 'NONE',  ( -1.000000000000000000, 0.000000000000000000, -0.000000000000000000 ) ) ;
#2220 = VECTOR ( 'NONE', #3889, 1000.000000000000000 ) ;
#2221 = DIRECTION ( 'NONE',  ( 1.000000000000000000, 0.000000000000000000, 0.000000000000000000 ) ) ;
#2222 = PRESENTATION_LAYER_ASSIGNMENT (  '', '', ( #1674 ) ) ;
#2223 = EDGE_CURVE ( 'NONE', #3228, #1410, #3230, .T. ) ;
#2224 = SURFACE_SIDE_STYLE ('',( #95 ) ) ;
#2225 = COLOUR_RGB ( '',1.000000000000000000, 1.000000000000000000, 1.000000000000000000 ) ;
#2226 = CARTESIAN_POINT ( 'NONE',  ( 3.829354242847077039, 4.119475320510217031, 0.7999999999999998224 ) ) ;
#2227 = SURFACE_STYLE_USAGE ( .BOTH. , #2647 ) ;
#2228 = CARTESIAN_POINT ( 'NONE',  ( 2.000000000000000000, -6.498044693033953934, -5.634957571453078629 ) ) ;
#2229 = AXIS2_PLACEMENT_3D ( 'NONE', #1206, #4156, #2221 ) ;
#2230 = VERTEX_POINT ( 'NONE', #2458 ) ;
#2231 = FILL_AREA_STYLE ('',( #28 ) ) ;
#2232 = DIRECTION ( 'NONE',  ( -0.000000000000000000, -0.2867062765227762489, -0.9580185337468400952 ) ) ;
#2233 = DIRECTION ( 'NONE',  ( 0.000000000000000000, 0.000000000000000000, -1.000000000000000000 ) ) ;
#2234 = EDGE_LOOP ( 'NONE', ( #2549, #2191, #4546, #796, #355, #4660, #4012, #762 ) ) ;
#2235 = DIRECTION ( 'NONE',  ( 1.000000000000000000, 0.000000000000000000, 0.000000000000000000 ) ) ;
#2236 = ORIENTED_EDGE ( 'NONE', *, *, #4609, .F. ) ;
#2237 =( GEOMETRIC_REPRESENTATION_CONTEXT ( 3 ) GLOBAL_UNCERTAINTY_ASSIGNED_CONTEXT ( ( #1395 ) ) GLOBAL_UNIT_ASSIGNED_CONTEXT ( ( #348, #757, #323 ) ) REPRESENTATION_CONTEXT ( 'NONE', 'WORKASPACE' ) );
#2238 = FACE_OUTER_BOUND ( 'NONE', #3279, .T. ) ;
#2239 = ORIENTED_EDGE ( 'NONE', *, *, #1099, .F. ) ;
#2240 = LINE ( 'NONE', #285, #2811 ) ;
#2241 = LINE ( 'NONE', #414, #2371 ) ;
#2242 = EDGE_CURVE ( 'NONE', #2029, #1422, #1851, .T. ) ;
#2243 = PRESENTATION_LAYER_ASSIGNMENT (  '', '', ( #3674 ) ) ;
#2244 = MECHANICAL_DESIGN_GEOMETRIC_PRESENTATION_REPRESENTATION (  '', ( #2870 ), #4649 ) ;
#2245 = PLANE ( 'NONE',  #4195 ) ;
#2246 = ORIENTED_EDGE ( 'NONE', *, *, #400, .F. ) ;
#2247 = COLOUR_RGB ( '',1.000000000000000000, 1.000000000000000000, 1.000000000000000000 ) ;
#2248 =( NAMED_UNIT ( * ) SI_UNIT ( $, .STERADIAN. ) SOLID_ANGLE_UNIT ( ) );
#2249 = EDGE_CURVE ( 'NONE', #2078, #48, #3618, .T. ) ;
#2250 = VECTOR ( 'NONE', #4634, 1000.000000000000227 ) ;
#2251 = AXIS2_PLACEMENT_3D ( 'NONE', #2982, #1168, #1568 ) ;
#2252 = DIRECTION ( 'NONE',  ( -0.000000000000000000, -0.000000000000000000, -1.000000000000000000 ) ) ;
#2253 = DIRECTION ( 'NONE',  ( -1.000000000000000000, -0.000000000000000000, -0.000000000000000000 ) ) ;
#2254 = EDGE_LOOP ( 'NONE', ( #3451, #1661, #1297, #2324 ) ) ;
#2255 = DIRECTION ( 'NONE',  ( -1.000000000000000000, -0.000000000000000000, -0.000000000000000000 ) ) ;
#2256 = ADVANCED_FACE ( 'NONE', ( #309 ), #2534, .F. ) ;
#2257 = DIRECTION ( 'NONE',  ( 1.000000000000000000, -0.000000000000000000, -0.000000000000000000 ) ) ;
#2258 = PRESENTATION_STYLE_ASSIGNMENT (( #1877 ) ) ;
#2259 = VERTEX_POINT ( 'NONE', #1157 ) ;
#2260 = AXIS2_PLACEMENT_3D ( 'NONE', #548, #3142, #1368 ) ;
#2261 = LINE ( 'NONE', #4566, #1150 ) ;
#2262 =( NAMED_UNIT ( * ) PLANE_ANGLE_UNIT ( ) SI_UNIT ( $, .RADIAN. ) );
#2263 = DIRECTION ( 'NONE',  ( -0.000000000000000000, -0.000000000000000000, -1.000000000000000000 ) ) ;
#2264 = PRESENTATION_STYLE_ASSIGNMENT (( #4501 ) ) ;
#2265 = MECHANICAL_DESIGN_GEOMETRIC_PRESENTATION_REPRESENTATION (  '', ( #258 ), #1021 ) ;
#2266 = ORIENTED_EDGE ( 'NONE', *, *, #265, .F. ) ;
#2267 = DIRECTION ( 'NONE',  ( -0.000000000000000000, -0.000000000000000000, -1.000000000000000000 ) ) ;
#2268 = ADVANCED_FACE ( 'NONE', ( #810 ), #1510, .F. ) ;
#2269 = CIRCLE ( 'NONE', #729, 0.4911654362906811011 ) ;
#2270 = ORIENTED_EDGE ( 'NONE', *, *, #3678, .F. ) ;
#2271 = DIRECTION ( 'NONE',  ( 0.000000000000000000, -1.000000000000000000, 0.000000000000000000 ) ) ;
#2272 = SURFACE_STYLE_FILL_AREA ( #2641 ) ;
#2273 = STYLED_ITEM ( 'NONE', ( #256 ), #4056 ) ;
#2274 = FACE_OUTER_BOUND ( 'NONE', #4375, .T. ) ;
#2275 = EDGE_CURVE ( 'NONE', #844, #614, #3243, .T. ) ;
#2276 = CARTESIAN_POINT ( 'NONE',  ( -3.829354242847077483, 4.119475320510217031, 0.7999999999999998224 ) ) ;
#2277 = DIRECTION ( 'NONE',  ( 0.000000000000000000, 0.000000000000000000, -1.000000000000000000 ) ) ;
#2278 = VERTEX_POINT ( 'NONE', #3330 ) ;
#2279 = CARTESIAN_POINT ( 'NONE',  ( -1.500000000000001110, 1.499999999999998890, 1.949999999999999956 ) ) ;
#2280 = SURFACE_STYLE_USAGE ( .BOTH. , #1195 ) ;
#2281 = SURFACE_SIDE_STYLE ('',( #3861 ) ) ;
#2282 = SURFACE_SIDE_STYLE ('',( #2651 ) ) ;
#2283 = ORIENTED_EDGE ( 'NONE', *, *, #2133, .F. ) ;
#2284 = SURFACE_STYLE_FILL_AREA ( #3843 ) ;
#2285 = CARTESIAN_POINT ( 'NONE',  ( -2.000000000000000000, 6.149086202862900308, -3.727673206435407227 ) ) ;
#2286 = ORIENTED_EDGE ( 'NONE', *, *, #2330, .T. ) ;
#2287 =( LENGTH_UNIT ( ) NAMED_UNIT ( * ) SI_UNIT ( .MILLI., .METRE. ) );
#2288 = CARTESIAN_POINT ( 'NONE',  ( 4.020519679137760427, 4.119475320510217031, 0.4999999999999997780 ) ) ;
#2289 = DIRECTION ( 'NONE',  ( 0.000000000000000000, 0.000000000000000000, 1.000000000000000000 ) ) ;
#2290 = CARTESIAN_POINT ( 'NONE',  ( 2.000000000000000000, -5.999999999999999112, -2.620399538941273754 ) ) ;
#2291 = EDGE_CURVE ( 'NONE', #3158, #4430, #1058, .T. ) ;
#2292 = COLOUR_RGB ( '',0.2509803921568627416, 0.2509803921568627416, 0.2509803921568627416 ) ;
#2293 = EDGE_CURVE ( 'NONE', #1557, #3793, #2925, .T. ) ;
#2294 = MECHANICAL_DESIGN_GEOMETRIC_PRESENTATION_REPRESENTATION (  '', ( #1676 ), #4771 ) ;
#2295 = AXIS2_PLACEMENT_3D ( 'NONE', #3933, #4632, #3219 ) ;
#2296 = LINE ( 'NONE', #534, #862 ) ;
#2297 = ORIENTED_EDGE ( 'NONE', *, *, #2413, .F. ) ;
#2298 = COLOUR_RGB ( '',1.000000000000000000, 1.000000000000000000, 1.000000000000000000 ) ;
#2299 = CARTESIAN_POINT ( 'NONE',  ( 4.211685115428442927, -3.871192841101213755, 0.4999999999999997780 ) ) ;
#2300 = MECHANICAL_DESIGN_GEOMETRIC_PRESENTATION_REPRESENTATION (  '', ( #3730 ), #3331 ) ;
#2301 = CARTESIAN_POINT ( 'NONE',  ( -4.020519679137759539, 4.119475320510217031, -0.05000000000000000278 ) ) ;
#2302 = EDGE_CURVE ( 'NONE', #2056, #2840, #1466, .T. ) ;
#2303 = AXIS2_PLACEMENT_3D ( 'NONE', #415, #1888, #1513 ) ;
#2304 = MECHANICAL_DESIGN_GEOMETRIC_PRESENTATION_REPRESENTATION (  '', ( #3807 ), #2369 ) ;
#2305 = ORIENTED_EDGE ( 'NONE', *, *, #4010, .T. ) ;
#2306 = DIRECTION ( 'NONE',  ( 1.000000000000000000, -0.000000000000000000, -0.000000000000000000 ) ) ;
#2307 = FACE_OUTER_BOUND ( 'NONE', #1107, .T. ) ;
#2308 =( GEOMETRIC_REPRESENTATION_CONTEXT ( 3 ) GLOBAL_UNCERTAINTY_ASSIGNED_CONTEXT ( ( #2409 ) ) GLOBAL_UNIT_ASSIGNED_CONTEXT ( ( #4510, #43, #3409 ) ) REPRESENTATION_CONTEXT ( 'NONE', 'WORKASPACE' ) );
#2309 = UNCERTAINTY_MEASURE_WITH_UNIT (LENGTH_MEASURE( 1.000000000000000082E-05 ), #3083, 'distance_accuracy_value', 'NONE');
#2310 = EDGE_CURVE ( 'NONE', #712, #1798, #2241, .T. ) ;
#2311 = ORIENTED_EDGE ( 'NONE', *, *, #4656, .T. ) ;
#2312 = DIRECTION ( 'NONE',  ( -0.000000000000000000, -0.000000000000000000, -1.000000000000000000 ) ) ;
#2313 = PRESENTATION_LAYER_ASSIGNMENT (  '', '', ( #1857 ) ) ;
#2314 = FILL_AREA_STYLE_COLOUR ( '', #4208 ) ;
#2315 = ADVANCED_FACE ( 'NONE', ( #2580 ), #688, .T. ) ;
#2316 = PRESENTATION_LAYER_ASSIGNMENT (  '', '', ( #4189 ) ) ;
#2317 = PRESENTATION_STYLE_ASSIGNMENT (( #3905 ) ) ;
#2318 = FILL_AREA_STYLE_COLOUR ( '', #311 ) ;
#2319 = FILL_AREA_STYLE_COLOUR ( '', #402 ) ;
#2320 = SURFACE_STYLE_USAGE ( .BOTH. , #3737 ) ;
#2321 = MECHANICAL_DESIGN_GEOMETRIC_PRESENTATION_REPRESENTATION (  '', ( #3351 ), #4725 ) ;
#2322 = FACE_OUTER_BOUND ( 'NONE', #1522, .T. ) ;
#2323 = DIRECTION ( 'NONE',  ( 0.000000000000000000, 0.000000000000000000, 1.000000000000000000 ) ) ;
#2324 = ORIENTED_EDGE ( 'NONE', *, *, #2541, .T. ) ;
#2325 = SURFACE_SIDE_STYLE ('',( #1500 ) ) ;
#2326 = CARTESIAN_POINT ( 'NONE',  ( -4.999999999999999112, -5.000000000000000888, -3.500000000000000000 ) ) ;
#2327 = PRESENTATION_LAYER_ASSIGNMENT (  '', '', ( #4070 ) ) ;
#2328 = SURFACE_SIDE_STYLE ('',( #3419 ) ) ;
#2329 = VERTEX_POINT ( 'NONE', #17 ) ;
#2330 = EDGE_CURVE ( 'NONE', #668, #2207, #1307, .T. ) ;
#2331 = CARTESIAN_POINT ( 'NONE',  ( 3.000000000000000000, -6.921432421494546183, -5.262072792150291001 ) ) ;
#2332 = DIRECTION ( 'NONE',  ( 0.000000000000000000, 0.000000000000000000, -1.000000000000000000 ) ) ;
#2333 = STYLED_ITEM ( 'NONE', ( #140 ), #1922 ) ;
#2334 = PLANE ( 'NONE',  #1527 ) ;
#2335 = ORIENTED_EDGE ( 'NONE', *, *, #2106, .F. ) ;
#2336 =( LENGTH_UNIT ( ) NAMED_UNIT ( * ) SI_UNIT ( .MILLI., .METRE. ) );
#2337 = DIRECTION ( 'NONE',  ( 1.000000000000000000, 1.734723475976809560E-16, -0.000000000000000000 ) ) ;
#2338 = MECHANICAL_DESIGN_GEOMETRIC_PRESENTATION_REPRESENTATION (  '', ( #946 ), #4441 ) ;
#2339 = CARTESIAN_POINT ( 'NONE',  ( 5.000000000000000888, -5.000000000000000888, -0.05000000000000000278 ) ) ;
#2340 = COLOUR_RGB ( '',0.2509803921568627416, 0.2509803921568627416, 0.2509803921568627416 ) ;
#2341 =( BOUNDED_CURVE ( )  B_SPLINE_CURVE ( 3, ( #687, #2166, #321, #1544 ),
 .UNSPECIFIED., .F., .F. ) 
 B_SPLINE_CURVE_WITH_KNOTS ( ( 4, 4 ),
 ( 5.000467744249346147, 8.142060397839145480 ),
 .UNSPECIFIED. ) 
 CURVE ( )  GEOMETRIC_REPRESENTATION_ITEM ( )  RATIONAL_B_SPLINE_CURVE ( ( 1.000000000000000000, 0.3333333333333312609, 0.3333333333333312609, 1.000000000000000000 ) ) 
 REPRESENTATION_ITEM ( '' )  );
#2342 = DIRECTION ( 'NONE',  ( 0.000000000000000000, 0.000000000000000000, 1.000000000000000000 ) ) ;
#2343 = ADVANCED_FACE ( 'NONE', ( #1232 ), #4527, .F. ) ;
#2344 = DIRECTION ( 'NONE',  ( 0.000000000000000000, 0.2867062765227762489, 0.9580185337468400952 ) ) ;
#2345 = DIRECTION ( 'NONE',  ( -0.000000000000000000, -0.000000000000000000, 1.000000000000000000 ) ) ;
#2346 = ORIENTED_EDGE ( 'NONE', *, *, #2436, .T. ) ;
#2347 = DIRECTION ( 'NONE',  ( -0.000000000000000000, 0.000000000000000000, 1.000000000000000000 ) ) ;
#2348 = CARTESIAN_POINT ( 'NONE',  ( -3.000000000000000000, -6.149086202862900308, -3.727673206435405451 ) ) ;
#2349 = FACE_OUTER_BOUND ( 'NONE', #2603, .T. ) ;
#2350 = ORIENTED_EDGE ( 'NONE', *, *, #2865, .T. ) ;
#2351 =( NAMED_UNIT ( * ) PLANE_ANGLE_UNIT ( ) SI_UNIT ( $, .RADIAN. ) );
#2352 = SURFACE_SIDE_STYLE ('',( #2284 ) ) ;
#2353 = UNCERTAINTY_MEASURE_WITH_UNIT (LENGTH_MEASURE( 1.000000000000000082E-05 ), #3881, 'distance_accuracy_value', 'NONE');
#2354 = SURFACE_STYLE_USAGE ( .BOTH. , #3094 ) ;
#2355 = ORIENTED_EDGE ( 'NONE', *, *, #3614, .F. ) ;
#2356 =( NAMED_UNIT ( * ) PLANE_ANGLE_UNIT ( ) SI_UNIT ( $, .RADIAN. ) );
#2357 = CARTESIAN_POINT ( 'NONE',  ( 4.020519679137760427, -3.871192841101213755, 0.4999999999999997780 ) ) ;
#2358 = ORIENTED_EDGE ( 'NONE', *, *, #3333, .T. ) ;
#2359 = FACE_OUTER_BOUND ( 'NONE', #1917, .T. ) ;
#2360 = SURFACE_SIDE_STYLE ('',( #4271 ) ) ;
#2361 = DIRECTION ( 'NONE',  ( -0.000000000000000000, 1.000000000000000000, 0.000000000000000000 ) ) ;
#2362 = CARTESIAN_POINT ( 'NONE',  ( -4.999999999999998224, -5.100000000000001421, -0.05000000000000000278 ) ) ;
#2363 = EDGE_CURVE ( 'NONE', #3687, #1109, #904, .T. ) ;
#2364 = CARTESIAN_POINT ( 'NONE',  ( 3.000000000000000000, 6.921432421494547960, -5.262072792150289224 ) ) ;
#2365 = VERTEX_POINT ( 'NONE', #3525 ) ;
#2366 = LINE ( 'NONE', #3191, #4616 ) ;
#2367 = CARTESIAN_POINT ( 'NONE',  ( -2.594045604771979097, 6.249999999999999112, -7.149999999999999467 ) ) ;
#2368 = PRESENTATION_LAYER_ASSIGNMENT (  '', '', ( #4396 ) ) ;
#2369 =( GEOMETRIC_REPRESENTATION_CONTEXT ( 3 ) GLOBAL_UNCERTAINTY_ASSIGNED_CONTEXT ( ( #3845 ) ) GLOBAL_UNIT_ASSIGNED_CONTEXT ( ( #122, #1552, #1599 ) ) REPRESENTATION_CONTEXT ( 'NONE', 'WORKASPACE' ) );
#2370 = LINE ( 'NONE', #516, #4401 ) ;
#2371 = VECTOR ( 'NONE', #1887, 1000.000000000000000 ) ;
#2372 = COLOUR_RGB ( '',1.000000000000000000, 1.000000000000000000, 1.000000000000000000 ) ;
#2373 = ORIENTED_EDGE ( 'NONE', *, *, #3059, .F. ) ;
#2374 = AXIS2_PLACEMENT_3D ( 'NONE', #2447, #4266, #3937 ) ;
#2375 = LINE ( 'NONE', #3888, #3435 ) ;
#2376 = SURFACE_STYLE_USAGE ( .BOTH. , #2744 ) ;
#2377 = MECHANICAL_DESIGN_GEOMETRIC_PRESENTATION_REPRESENTATION (  '', ( #4774 ), #4476 ) ;
#2378 = LINE ( 'NONE', #3139, #1739 ) ;
#2379 = VERTEX_POINT ( 'NONE', #4174 ) ;
#2380 = DIRECTION ( 'NONE',  ( -0.000000000000000000, 0.000000000000000000, 1.000000000000000000 ) ) ;
#2381 = PRESENTATION_LAYER_ASSIGNMENT (  '', '', ( #616 ) ) ;
#2382 = VERTEX_POINT ( 'NONE', #181 ) ;
#2383 = CARTESIAN_POINT ( 'NONE',  ( -6.000000000000000888, 4.999999999999992006, 0.000000000000000000 ) ) ;
#2384 =( GEOMETRIC_REPRESENTATION_CONTEXT ( 3 ) GLOBAL_UNCERTAINTY_ASSIGNED_CONTEXT ( ( #4498 ) ) GLOBAL_UNIT_ASSIGNED_CONTEXT ( ( #3625, #272, #3295 ) ) REPRESENTATION_CONTEXT ( 'NONE', 'WORKASPACE' ) );
#2385 = FILL_AREA_STYLE ('',( #3477 ) ) ;
#2386 = ORIENTED_EDGE ( 'NONE', *, *, #3135, .T. ) ;
#2387 = PRESENTATION_STYLE_ASSIGNMENT (( #3209 ) ) ;
#2388 = CARTESIAN_POINT ( 'NONE',  ( -3.000000000000000888, 5.999999999999999112, -2.770399538941275441 ) ) ;
#2389 = STYLED_ITEM ( 'NONE', ( #204 ), #1069 ) ;
#2390 = EDGE_CURVE ( 'NONE', #2422, #1461, #2724, .T. ) ;
#2391 =( NAMED_UNIT ( * ) SI_UNIT ( $, .STERADIAN. ) SOLID_ANGLE_UNIT ( ) );
#2392 = SURFACE_STYLE_FILL_AREA ( #916 ) ;
#2393 = ORIENTED_EDGE ( 'NONE', *, *, #3474, .F. ) ;
#2394 = COLOUR_RGB ( '',1.000000000000000000, 1.000000000000000000, 1.000000000000000000 ) ;
#2395 = LINE ( 'NONE', #3535, #3955 ) ;
#2396 =( BOUNDED_CURVE ( )  B_SPLINE_CURVE ( 3, ( #1766, #1404, #4374, #1033 ),
 .UNSPECIFIED., .F., .F. ) 
 B_SPLINE_CURVE_WITH_KNOTS ( ( 4, 4 ),
 ( 3.141592653589793116, 4.424310216520033201 ),
 .UNSPECIFIED. ) 
 CURVE ( )  GEOMETRIC_REPRESENTATION_ITEM ( )  RATIONAL_B_SPLINE_CURVE ( ( 1.000000000000000000, 0.8675223730585420734, 0.8675223730585420734, 1.000000000000000000 ) ) 
 REPRESENTATION_ITEM ( '' )  );
#2397 = CIRCLE ( 'NONE', #2032, 0.1000000000000002554 ) ;
#2398 = DIRECTION ( 'NONE',  ( -0.000000000000000000, 0.000000000000000000, 1.000000000000000000 ) ) ;
#2399 = ORIENTED_EDGE ( 'NONE', *, *, #3089, .T. ) ;
#2400 = EDGE_CURVE ( 'NONE', #1798, #734, #3255, .T. ) ;
#2401 = PRESENTATION_STYLE_ASSIGNMENT (( #926 ) ) ;
#2402 = UNCERTAINTY_MEASURE_WITH_UNIT (LENGTH_MEASURE( 1.000000000000000082E-05 ), #2169, 'distance_accuracy_value', 'NONE');
#2403 = CARTESIAN_POINT ( 'NONE',  ( -5.000000000000000888, 4.999999999999999112, -0.05000000000000000278 ) ) ;
#2404 = MECHANICAL_DESIGN_GEOMETRIC_PRESENTATION_REPRESENTATION (  '', ( #1474 ), #1403 ) ;
#2405 = ORIENTED_EDGE ( 'NONE', *, *, #2805, .T. ) ;
#2406 = SURFACE_STYLE_FILL_AREA ( #928 ) ;
#2407 = CARTESIAN_POINT ( 'NONE',  ( -4.020519679137759539, -3.871192841101213755, 0.4999999999999997780 ) ) ;
#2408 = ORIENTED_EDGE ( 'NONE', *, *, #184, .F. ) ;
#2409 = UNCERTAINTY_MEASURE_WITH_UNIT (LENGTH_MEASURE( 1.000000000000000082E-05 ), #4510, 'distance_accuracy_value', 'NONE');
#2410 = PLANE ( 'NONE',  #1639 ) ;
#2411 = CARTESIAN_POINT ( 'NONE',  ( 1.899999999999998579, 1.899999999999999245, 3.649999999999999467 ) ) ;
#2412 = LINE ( 'NONE', #3154, #2513 ) ;
#2413 = EDGE_CURVE ( 'NONE', #1290, #2182, #3867, .T. ) ;
#2414 = EDGE_LOOP ( 'NONE', ( #2424, #2335, #2847, #644 ) ) ;
#2415 = DIRECTION ( 'NONE',  ( 0.000000000000000000, 0.000000000000000000, 1.000000000000000000 ) ) ;
#2416 = FILL_AREA_STYLE ('',( #2815 ) ) ;
#2417 = DIRECTION ( 'NONE',  ( -0.000000000000000000, 0.000000000000000000, 1.000000000000000000 ) ) ;
#2418 = CARTESIAN_POINT ( 'NONE',  ( 5.000000000000000000, -5.100000000000001421, -0.05000000000000000278 ) ) ;
#2419 = ORIENTED_EDGE ( 'NONE', *, *, #1750, .F. ) ;
#2420 = CARTESIAN_POINT ( 'NONE',  ( -1.900000000000001243, 1.899999999999999023, 3.649999999999999467 ) ) ;
#2421 = DIRECTION ( 'NONE',  ( 1.734723475976809560E-16, -1.000000000000000000, 0.000000000000000000 ) ) ;
#2422 = VERTEX_POINT ( 'NONE', #484 ) ;
#2423 = PRESENTATION_STYLE_ASSIGNMENT (( #4335 ) ) ;
#2424 = ORIENTED_EDGE ( 'NONE', *, *, #3070, .T. ) ;
#2425 = LINE ( 'NONE', #2128, #4104 ) ;
#2426 =( NAMED_UNIT ( * ) SI_UNIT ( $, .STERADIAN. ) SOLID_ANGLE_UNIT ( ) );
#2427 = DIRECTION ( 'NONE',  ( 0.000000000000000000, 0.000000000000000000, 1.000000000000000000 ) ) ;
#2428 = EDGE_LOOP ( 'NONE', ( #1784, #4243, #4126, #2022 ) ) ;
#2429 = FACE_OUTER_BOUND ( 'NONE', #1250, .T. ) ;
#2430 = SURFACE_STYLE_FILL_AREA ( #1029 ) ;
#2431 = SURFACE_STYLE_FILL_AREA ( #2587 ) ;
#2432 = DIRECTION ( 'NONE',  ( 1.000000000000000000, 0.000000000000000000, 0.000000000000000000 ) ) ;
#2433 = DIRECTION ( 'NONE',  ( 0.000000000000000000, 0.000000000000000000, -1.000000000000000000 ) ) ;
#2434 = ORIENTED_EDGE ( 'NONE', *, *, #4385, .F. ) ;
#2435 = DIRECTION ( 'NONE',  ( 0.000000000000000000, 0.2867062765227760268, 0.9580185337468402063 ) ) ;
#2436 = EDGE_CURVE ( 'NONE', #803, #1792, #1632, .T. ) ;
#2437 =( NAMED_UNIT ( * ) PLANE_ANGLE_UNIT ( ) SI_UNIT ( $, .RADIAN. ) );
#2438 =( LENGTH_UNIT ( ) NAMED_UNIT ( * ) SI_UNIT ( .MILLI., .METRE. ) );
#2439 = ORIENTED_EDGE ( 'NONE', *, *, #4344, .T. ) ;
#2440 = CARTESIAN_POINT ( 'NONE',  ( -2.000000000000000000, -6.498044693033953934, -5.634957571453075964 ) ) ;
#2441 = MECHANICAL_DESIGN_GEOMETRIC_PRESENTATION_REPRESENTATION (  '', ( #54 ), #1443 ) ;
#2442 = EDGE_CURVE ( 'NONE', #4221, #760, #2691, .T. ) ;
#2443 = COLOUR_RGB ( '',0.2509803921568627416, 0.2509803921568627416, 0.2509803921568627416 ) ;
#2444 = UNCERTAINTY_MEASURE_WITH_UNIT (LENGTH_MEASURE( 1.000000000000000082E-05 ), #1086, 'distance_accuracy_value', 'NONE');
#2445 = VECTOR ( 'NONE', #956, 1000.000000000000227 ) ;
#2446 = CIRCLE ( 'NONE', #2769, 1.000000000000000000 ) ;
#2447 = CARTESIAN_POINT ( 'NONE',  ( 4.999999999999999112, 4.999999999999999112, -0.05000000000000000278 ) ) ;
#2448 = AXIS2_PLACEMENT_3D ( 'NONE', #1647, #3913, #3539 ) ;
#2449 = EDGE_LOOP ( 'NONE', ( #2127, #3492, #254, #55 ) ) ;
#2450 = PRESENTATION_STYLE_ASSIGNMENT (( #2057 ) ) ;
#2451 = ORIENTED_EDGE ( 'NONE', *, *, #2965, .T. ) ;
#2452 = COLOUR_RGB ( '',0.2509803921568627416, 0.2509803921568627416, 0.2509803921568627416 ) ;
#2453 = LINE ( 'NONE', #2081, #3724 ) ;
#2454 = EDGE_CURVE ( 'NONE', #1608, #468, #1583, .T. ) ;
#2455 = VECTOR ( 'NONE', #2124, 1000.000000000000000 ) ;
#2456 =( GEOMETRIC_REPRESENTATION_CONTEXT ( 3 ) GLOBAL_UNCERTAINTY_ASSIGNED_CONTEXT ( ( #4169 ) ) GLOBAL_UNIT_ASSIGNED_CONTEXT ( ( #4216, #2351, #1604 ) ) REPRESENTATION_CONTEXT ( 'NONE', 'WORKASPACE' ) );
#2457 = ORIENTED_EDGE ( 'NONE', *, *, #51, .T. ) ;
#2458 = CARTESIAN_POINT ( 'NONE',  ( -1.900000000000000577, -1.900000000000001243, 3.649999999999999467 ) ) ;
#2459 = DIRECTION ( 'NONE',  ( 0.000000000000000000, -0.2841106857314363299, 0.9587914884129984383 ) ) ;
#2460 = ADVANCED_FACE ( 'NONE', ( #4127 ), #1147, .F. ) ;
#2461 = PLANE ( 'NONE',  #1975 ) ;
#2462 = COLOUR_RGB ( '',1.000000000000000000, 1.000000000000000000, 1.000000000000000000 ) ;
#2463 = AXIS2_PLACEMENT_3D ( 'NONE', #732, #3315, #2167 ) ;
#2464 = STYLED_ITEM ( 'NONE', ( #3770 ), #1160 ) ;
#2465 = SURFACE_STYLE_USAGE ( .BOTH. , #680 ) ;
#2466 = VERTEX_POINT ( 'NONE', #2000 ) ;
#2467 = LINE ( 'NONE', #4420, #2181 ) ;
#2468 = CARTESIAN_POINT ( 'NONE',  ( 2.405954395228023124, 6.921432421494547071, -7.149999999999997691 ) ) ;
#2469 = DIRECTION ( 'NONE',  ( 1.000000000000000000, 0.000000000000000000, 0.000000000000000000 ) ) ;
#2470 = MECHANICAL_DESIGN_GEOMETRIC_PRESENTATION_REPRESENTATION (  '', ( #2862 ), #310 ) ;
#2471 = CARTESIAN_POINT ( 'NONE',  ( 5.100000000000001421, -5.000000000000000888, -0.05000000000000000278 ) ) ;
#2472 = VERTEX_POINT ( 'NONE', #1503 ) ;
#2473 = SURFACE_STYLE_USAGE ( .BOTH. , #2054 ) ;
#2474 = MECHANICAL_DESIGN_GEOMETRIC_PRESENTATION_REPRESENTATION (  '', ( #3426 ), #4060 ) ;
#2475 = EDGE_CURVE ( 'NONE', #3896, #2109, #2261, .T. ) ;
#2476 = COLOUR_RGB ( '',1.000000000000000000, 1.000000000000000000, 1.000000000000000000 ) ;
#2477 = ORIENTED_EDGE ( 'NONE', *, *, #378, .F. ) ;
#2478 = FILL_AREA_STYLE_COLOUR ( '', #693 ) ;
#2479 = VERTEX_POINT ( 'NONE', #2331 ) ;
#2480 = AXIS2_PLACEMENT_3D ( 'NONE', #387, #1863, #3356 ) ;
#2481 = STYLED_ITEM ( 'NONE', ( #369 ), #2714 ) ;
#2482 = SURFACE_SIDE_STYLE ('',( #4756 ) ) ;
#2483 = PRODUCT_RELATED_PRODUCT_CATEGORY ( 'part', '', ( #3446 ) ) ;
#2484 = ORIENTED_EDGE ( 'NONE', *, *, #4025, .T. ) ;
#2485 = SURFACE_STYLE_FILL_AREA ( #3591 ) ;
#2486 = SURFACE_SIDE_STYLE ('',( #1402 ) ) ;
#2487 = ADVANCED_FACE ( 'NONE', ( #1578 ), #3042, .T. ) ;
#2488 = PRESENTATION_LAYER_ASSIGNMENT (  '', '', ( #3362 ) ) ;
#2489 = ORIENTED_EDGE ( 'NONE', *, *, #2792, .F. ) ;
#2490 = DIRECTION ( 'NONE',  ( 0.000000000000000000, 1.000000000000000000, 0.000000000000000000 ) ) ;
#2491 = DIRECTION ( 'NONE',  ( 1.000000000000000000, 0.000000000000000000, 0.000000000000000000 ) ) ;
#2492 = VECTOR ( 'NONE', #1785, 1000.000000000000000 ) ;
#2493 = FACE_OUTER_BOUND ( 'NONE', #334, .T. ) ;
#2494 = SURFACE_SIDE_STYLE ('',( #1015 ) ) ;
#2495 = ORIENTED_EDGE ( 'NONE', *, *, #2643, .T. ) ;
#2496 = SURFACE_STYLE_FILL_AREA ( #1384 ) ;
#2497 = UNCERTAINTY_MEASURE_WITH_UNIT (LENGTH_MEASURE( 1.000000000000000082E-05 ), #4718, 'distance_accuracy_value', 'NONE');
#2498 = COLOUR_RGB ( '',1.000000000000000000, 1.000000000000000000, 1.000000000000000000 ) ;
#2499 = DIRECTION ( 'NONE',  ( -0.000000000000000000, -0.000000000000000000, 1.000000000000000000 ) ) ;
#2500 = ORIENTED_EDGE ( 'NONE', *, *, #2027, .T. ) ;
#2501 = SURFACE_SIDE_STYLE ('',( #2126 ) ) ;
#2502 = ORIENTED_EDGE ( 'NONE', *, *, #2212, .T. ) ;
#2503 = FACE_OUTER_BOUND ( 'NONE', #3013, .T. ) ;
#2504 = EDGE_CURVE ( 'NONE', #3593, #207, #4521, .T. ) ;
#2505 = UNCERTAINTY_MEASURE_WITH_UNIT (LENGTH_MEASURE( 1.000000000000000082E-05 ), #4585, 'distance_accuracy_value', 'NONE');
#2506 = EDGE_CURVE ( 'NONE', #174, #1330, #4167, .T. ) ;
#2507 = FILL_AREA_STYLE_COLOUR ( '', #3655 ) ;
#2508 = SURFACE_STYLE_USAGE ( .BOTH. , #654 ) ;
#2509 = PRESENTATION_STYLE_ASSIGNMENT (( #1831 ) ) ;
#2510 = PRESENTATION_STYLE_ASSIGNMENT (( #1744 ) ) ;
#2511 = SURFACE_STYLE_FILL_AREA ( #1787 ) ;
#2512 = CARTESIAN_POINT ( 'NONE',  ( 3.000000000000000000, -5.999999999999999112, -2.770399538941273665 ) ) ;
#2513 = VECTOR ( 'NONE', #4621, 1000.000000000000114 ) ;
#2514 =( NAMED_UNIT ( * ) PLANE_ANGLE_UNIT ( ) SI_UNIT ( $, .RADIAN. ) );
#2515 = VERTEX_POINT ( 'NONE', #3818 ) ;
#2516 = DIRECTION ( 'NONE',  ( 0.000000000000000000, 1.000000000000000000, 0.000000000000000000 ) ) ;
#2517 = CARTESIAN_POINT ( 'NONE',  ( -3.529354242847078105, -3.871192841101213755, -0.05000000000000000278 ) ) ;
#2518 = EDGE_CURVE ( 'NONE', #1838, #3934, #166, .T. ) ;
#2519 = PRESENTATION_STYLE_ASSIGNMENT (( #2119 ) ) ;
#2520 = DIRECTION ( 'NONE',  ( 0.2488271308658504544, -0.2751748116042141423, -0.9286354946929684662 ) ) ;
#2521 =( LENGTH_UNIT ( ) NAMED_UNIT ( * ) SI_UNIT ( .MILLI., .METRE. ) );
#2522 = VERTEX_POINT ( 'NONE', #3935 ) ;
#2523 = DIRECTION ( 'NONE',  ( 0.000000000000000000, 0.000000000000000000, 1.000000000000000000 ) ) ;
#2524 = DIRECTION ( 'NONE',  ( 0.000000000000000000, -0.000000000000000000, -1.000000000000000000 ) ) ;
#2525 = VERTEX_POINT ( 'NONE', #4262 ) ;
#2526 = DIRECTION ( 'NONE',  ( 0.000000000000000000, 0.000000000000000000, 1.000000000000000000 ) ) ;
#2527 = ORIENTED_EDGE ( 'NONE', *, *, #4194, .T. ) ;
#2528 = CARTESIAN_POINT ( 'NONE',  ( -2.000000000000000000, 6.449086202862900130, -3.683745183551862201 ) ) ;
#2529 = AXIS2_PLACEMENT_3D ( 'NONE', #4563, #2398, #3490 ) ;
#2530 = COLOUR_RGB ( '',1.000000000000000000, 1.000000000000000000, 1.000000000000000000 ) ;
#2531 = ORIENTED_EDGE ( 'NONE', *, *, #1449, .T. ) ;
#2532 = STYLED_ITEM ( 'NONE', ( #1379 ), #3697 ) ;
#2533 =( NAMED_UNIT ( * ) SI_UNIT ( $, .STERADIAN. ) SOLID_ANGLE_UNIT ( ) );
#2534 = PLANE ( 'NONE',  #1218 ) ;
#2535 = COLOUR_RGB ( '',0.2509803921568627416, 0.2509803921568627416, 0.2509803921568627416 ) ;
#2536 = CARTESIAN_POINT ( 'NONE',  ( 3.829354242847077039, -3.871192841101213755, 0.4999999999999997780 ) ) ;
#2537 = STYLED_ITEM ( 'NONE', ( #2547 ), #4323 ) ;
#2538 = SURFACE_SIDE_STYLE ('',( #2485 ) ) ;
#2539 = SURFACE_SIDE_STYLE ('',( #2206 ) ) ;
#2540 = CIRCLE ( 'NONE', #3172, 0.1000000000000002554 ) ;
#2541 = EDGE_CURVE ( 'NONE', #1880, #902, #3575, .T. ) ;
#2542 = ORIENTED_EDGE ( 'NONE', *, *, #775, .F. ) ;
#2543 = CARTESIAN_POINT ( 'NONE',  ( -2.000000000000000888, 6.498044693033954822, -5.634957571453075964 ) ) ;
#2544 =( NAMED_UNIT ( * ) SI_UNIT ( $, .STERADIAN. ) SOLID_ANGLE_UNIT ( ) );
#2545 = PRESENTATION_LAYER_ASSIGNMENT (  '', '', ( #2464 ) ) ;
#2546 = LINE ( 'NONE', #1066, #2681 ) ;
#2547 = PRESENTATION_STYLE_ASSIGNMENT (( #4767 ) ) ;
#2548 = STYLED_ITEM ( 'NONE', ( #2317 ), #4533 ) ;
#2549 = ORIENTED_EDGE ( 'NONE', *, *, #4137, .F. ) ;
#2550 = FILL_AREA_STYLE_COLOUR ( '', #3720 ) ;
#2551 = CARTESIAN_POINT ( 'NONE',  ( 3.000000000000000000, -5.999999999999999112, -2.770399538941273665 ) ) ;
#2552 = VERTEX_POINT ( 'NONE', #2821 ) ;
#2553 = CARTESIAN_POINT ( 'NONE',  ( 4.999999999999992006, 5.999999999999999112, -3.500000000000000000 ) ) ;
#2554 = EDGE_LOOP ( 'NONE', ( #3573, #38, #3939, #316 ) ) ;
#2555 = UNCERTAINTY_MEASURE_WITH_UNIT (LENGTH_MEASURE( 1.000000000000000082E-05 ), #1475, 'distance_accuracy_value', 'NONE');
#2556 = AXIS2_PLACEMENT_3D ( 'NONE', #2536, #657, #676 ) ;
#2557 = LINE ( 'NONE', #382, #4699 ) ;
#2558 = VECTOR ( 'NONE', #3384, 1000.000000000000000 ) ;
#2559 = ORIENTED_EDGE ( 'NONE', *, *, #3869, .T. ) ;
#2560 = DIRECTION ( 'NONE',  ( 0.000000000000000000, 0.000000000000000000, -1.000000000000000000 ) ) ;
#2561 = DIRECTION ( 'NONE',  ( 0.000000000000000000, -0.9580185337468396511, -0.2867062765227777477 ) ) ;
#2562 = VECTOR ( 'NONE', #1413, 1000.000000000000000 ) ;
#2563 = FACE_BOUND ( 'NONE', #2234, .T. ) ;
#2564 =( NAMED_UNIT ( * ) SI_UNIT ( $, .STERADIAN. ) SOLID_ANGLE_UNIT ( ) );
#2565 = MECHANICAL_DESIGN_GEOMETRIC_PRESENTATION_REPRESENTATION (  '', ( #410 ), #325 ) ;
#2566 = CARTESIAN_POINT ( 'NONE',  ( -2.622818899316228247, 6.393818723261949444, -7.042616602859713915 ) ) ;
#2567 = ORIENTED_EDGE ( 'NONE', *, *, #1862, .F. ) ;
#2568 = CARTESIAN_POINT ( 'NONE',  ( 5.000000000000000888, -5.000000000000000888, -3.500000000000000000 ) ) ;
#2569 = EDGE_CURVE ( 'NONE', #1109, #943, #1622, .T. ) ;
#2570 = FILL_AREA_STYLE_COLOUR ( '', #144 ) ;
#2571 = ORIENTED_EDGE ( 'NONE', *, *, #1394, .F. ) ;
#2572 = EDGE_CURVE ( 'NONE', #2466, #3228, #1282, .T. ) ;
#2573 = DIRECTION ( 'NONE',  ( 0.000000000000000000, 1.000000000000000000, 0.000000000000000000 ) ) ;
#2574 =( NAMED_UNIT ( * ) SI_UNIT ( $, .STERADIAN. ) SOLID_ANGLE_UNIT ( ) );
#2575 = EDGE_LOOP ( 'NONE', ( #581, #3768 ) ) ;
#2576 = ORIENTED_EDGE ( 'NONE', *, *, #232, .T. ) ;
#2577 = EDGE_CURVE ( 'NONE', #614, #844, #4138, .T. ) ;
#2578 =( LENGTH_UNIT ( ) NAMED_UNIT ( * ) SI_UNIT ( .MILLI., .METRE. ) );
#2579 =( NAMED_UNIT ( * ) SI_UNIT ( $, .STERADIAN. ) SOLID_ANGLE_UNIT ( ) );
#2580 = FACE_OUTER_BOUND ( 'NONE', #4159, .T. ) ;
#2581 = DIRECTION ( 'NONE',  ( 0.000000000000000000, 0.000000000000000000, 1.000000000000000000 ) ) ;
#2582 = VECTOR ( 'NONE', #4661, 1000.000000000000000 ) ;
#2583 = PRESENTATION_STYLE_ASSIGNMENT (( #1116 ) ) ;
#2584 =( GEOMETRIC_REPRESENTATION_CONTEXT ( 3 ) GLOBAL_UNCERTAINTY_ASSIGNED_CONTEXT ( ( #3936 ) ) GLOBAL_UNIT_ASSIGNED_CONTEXT ( ( #3203, #1735, #1044 ) ) REPRESENTATION_CONTEXT ( 'NONE', 'WORKASPACE' ) );
#2585 = SURFACE_SIDE_STYLE ('',( #2612 ) ) ;
#2586 = EDGE_LOOP ( 'NONE', ( #1353, #3706, #949, #851 ) ) ;
#2587 = FILL_AREA_STYLE ('',( #2679 ) ) ;
#2588 = CARTESIAN_POINT ( 'NONE',  ( 2.000000000000000000, 6.810938584589628420, -5.634957571453078629 ) ) ;
#2589 = DIRECTION ( 'NONE',  ( -0.000000000000000000, 0.000000000000000000, 1.000000000000000000 ) ) ;
#2590 =( NAMED_UNIT ( * ) PLANE_ANGLE_UNIT ( ) SI_UNIT ( $, .RADIAN. ) );
#2591 = CARTESIAN_POINT ( 'NONE',  ( -2.000000000000000000, -6.449086202862900130, -3.683745183551860425 ) ) ;
#2592 = EDGE_CURVE ( 'NONE', #1326, #260, #4302, .T. ) ;
#2593 = ORIENTED_EDGE ( 'NONE', *, *, #2, .F. ) ;
#2594 = EDGE_CURVE ( 'NONE', #786, #4146, #3053, .T. ) ;
#2595 = SURFACE_SIDE_STYLE ('',( #4123 ) ) ;
#2596 = PRESENTATION_STYLE_ASSIGNMENT (( #404 ) ) ;
#2597 = ORIENTED_EDGE ( 'NONE', *, *, #4112, .F. ) ;
#2598 = EDGE_CURVE ( 'NONE', #3593, #895, #950, .T. ) ;
#2599 =( NAMED_UNIT ( * ) PLANE_ANGLE_UNIT ( ) SI_UNIT ( $, .RADIAN. ) );
#2600 = ORIENTED_EDGE ( 'NONE', *, *, #1808, .F. ) ;
#2601 = UNCERTAINTY_MEASURE_WITH_UNIT (LENGTH_MEASURE( 1.000000000000000082E-05 ), #4182, 'distance_accuracy_value', 'NONE');
#2602 = FILL_AREA_STYLE ('',( #37 ) ) ;
#2603 = EDGE_LOOP ( 'NONE', ( #830, #1261, #3635, #1779 ) ) ;
#2604 = EDGE_CURVE ( 'NONE', #875, #1802, #1628, .T. ) ;
#2605 = FILL_AREA_STYLE_COLOUR ( '', #1411 ) ;
#2606 =( NAMED_UNIT ( * ) PLANE_ANGLE_UNIT ( ) SI_UNIT ( $, .RADIAN. ) );
#2607 = AXIS2_PLACEMENT_3D ( 'NONE', #1149, #2263, #1434 ) ;
#2608 = DIRECTION ( 'NONE',  ( 0.000000000000000000, 0.2841106857314363299, -0.9587914884129984383 ) ) ;
#2609 = CIRCLE ( 'NONE', #2295, 1.000000000000000000 ) ;
#2610 = AXIS2_PLACEMENT_3D ( 'NONE', #2301, #1526, #3766 ) ;
#2611 = AXIS2_PLACEMENT_3D ( 'NONE', #4150, #428, #4124 ) ;
#2612 = SURFACE_STYLE_FILL_AREA ( #4532 ) ;
#2613 = VERTEX_POINT ( 'NONE', #2440 ) ;
#2614 =( NAMED_UNIT ( * ) SI_UNIT ( $, .STERADIAN. ) SOLID_ANGLE_UNIT ( ) );
#2615 = DIRECTION ( 'NONE',  ( 1.000000000000000000, -0.000000000000000000, -0.000000000000000000 ) ) ;
#2616 =( GEOMETRIC_REPRESENTATION_CONTEXT ( 3 ) GLOBAL_UNCERTAINTY_ASSIGNED_CONTEXT ( ( #672 ) ) GLOBAL_UNIT_ASSIGNED_CONTEXT ( ( #1166, #3711, #2564 ) ) REPRESENTATION_CONTEXT ( 'NONE', 'WORKASPACE' ) );
#2617 = LINE ( 'NONE', #2981, #1228 ) ;
#2618 = FILL_AREA_STYLE_COLOUR ( '', #2801 ) ;
#2619 = CARTESIAN_POINT ( 'NONE',  ( 4.020519679137760427, -3.871192841101213755, -0.05000000000000000278 ) ) ;
#2620 = VECTOR ( 'NONE', #4222, 1000.000000000000000 ) ;
#2621 =( GEOMETRIC_REPRESENTATION_CONTEXT ( 3 ) GLOBAL_UNCERTAINTY_ASSIGNED_CONTEXT ( ( #3613 ) ) GLOBAL_UNIT_ASSIGNED_CONTEXT ( ( #313, #4478, #3454 ) ) REPRESENTATION_CONTEXT ( 'NONE', 'WORKASPACE' ) );
#2622 = ORIENTED_EDGE ( 'NONE', *, *, #2106, .T. ) ;
#2623 =( NAMED_UNIT ( * ) SI_UNIT ( $, .STERADIAN. ) SOLID_ANGLE_UNIT ( ) );
#2624 = AXIS2_PLACEMENT_3D ( 'NONE', #2856, #3617, #4341 ) ;
#2625 = DIRECTION ( 'NONE',  ( -0.000000000000000000, 0.2841106857314363299, 0.9587914884129984383 ) ) ;
#2626 = DIRECTION ( 'NONE',  ( 1.141265444721583757E-16, -1.000000000000000000, 0.000000000000000000 ) ) ;
#2627 = ORIENTED_EDGE ( 'NONE', *, *, #3780, .T. ) ;
#2628 = CIRCLE ( 'NONE', #914, 3.549999999999999822 ) ;
#2629 = FILL_AREA_STYLE ('',( #33 ) ) ;
#2630 = ORIENTED_EDGE ( 'NONE', *, *, #3108, .F. ) ;
#2631 = MANIFOLD_SOLID_BREP ( 'Cut-Extrude2', #3649 ) ;
#2632 = FACE_OUTER_BOUND ( 'NONE', #4424, .T. ) ;
#2633 = SURFACE_SIDE_STYLE ('',( #456 ) ) ;
#2634 = SURFACE_SIDE_STYLE ('',( #1184 ) ) ;
#2635 =( GEOMETRIC_REPRESENTATION_CONTEXT ( 3 ) GLOBAL_UNCERTAINTY_ASSIGNED_CONTEXT ( ( #994 ) ) GLOBAL_UNIT_ASSIGNED_CONTEXT ( ( #1360, #3859, #565 ) ) REPRESENTATION_CONTEXT ( 'NONE', 'WORKASPACE' ) );
#2636 = VECTOR ( 'NONE', #3124, 1000.000000000000000 ) ;
#2637 =( LENGTH_UNIT ( ) NAMED_UNIT ( * ) SI_UNIT ( .MILLI., .METRE. ) );
#2638 = ORIENTED_EDGE ( 'NONE', *, *, #3712, .T. ) ;
#2639 = DIRECTION ( 'NONE',  ( 0.000000000000000000, 0.000000000000000000, -1.000000000000000000 ) ) ;
#2640 = TOROIDAL_SURFACE ( 'NONE', #3430, 0.1911654362906827498, 0.2999999999999999889 ) ;
#2641 = FILL_AREA_STYLE ('',( #3760 ) ) ;
#2642 = VECTOR ( 'NONE', #4322, 1000.000000000000000 ) ;
#2643 = EDGE_CURVE ( 'NONE', #628, #1577, #2742, .T. ) ;
#2644 = COLOUR_RGB ( '',1.000000000000000000, 1.000000000000000000, 1.000000000000000000 ) ;
#2645 =( GEOMETRIC_REPRESENTATION_CONTEXT ( 3 ) GLOBAL_UNCERTAINTY_ASSIGNED_CONTEXT ( ( #3943 ) ) GLOBAL_UNIT_ASSIGNED_CONTEXT ( ( #3615, #3181, #3587 ) ) REPRESENTATION_CONTEXT ( 'NONE', 'WORKASPACE' ) );
#2646 = LINE ( 'NONE', #3389, #3801 ) ;
#2647 = SURFACE_SIDE_STYLE ('',( #76 ) ) ;
#2648 = ORIENTED_EDGE ( 'NONE', *, *, #4098, .F. ) ;
#2649 = LINE ( 'NONE', #3441, #3190 ) ;
#2650 = SURFACE_STYLE_FILL_AREA ( #4518 ) ;
#2651 = SURFACE_STYLE_FILL_AREA ( #405 ) ;
#2652 = ORIENTED_EDGE ( 'NONE', *, *, #505, .F. ) ;
#2653 =( GEOMETRIC_REPRESENTATION_CONTEXT ( 3 ) GLOBAL_UNCERTAINTY_ASSIGNED_CONTEXT ( ( #2798 ) ) GLOBAL_UNIT_ASSIGNED_CONTEXT ( ( #4244, #2356, #3866 ) ) REPRESENTATION_CONTEXT ( 'NONE', 'WORKASPACE' ) );
#2654 = DIRECTION ( 'NONE',  ( 1.000000000000000000, -0.000000000000000000, -0.000000000000000000 ) ) ;
#2655 = CARTESIAN_POINT ( 'NONE',  ( 2.645657067957061681, -6.106181276738047892, -6.957383397140285197 ) ) ;
#2656 = UNCERTAINTY_MEASURE_WITH_UNIT (LENGTH_MEASURE( 1.000000000000000082E-05 ), #1816, 'distance_accuracy_value', 'NONE');
#2657 = DIRECTION ( 'NONE',  ( -0.2488271308658521197, 0.2751748116042139203, -0.9286354946929680221 ) ) ;
#2658 = AXIS2_PLACEMENT_3D ( 'NONE', #1399, #4758, #89 ) ;
#2659 = EDGE_LOOP ( 'NONE', ( #3090, #3745, #491, #1034 ) ) ;
#2660 = EDGE_CURVE ( 'NONE', #1391, #4190, #2375, .T. ) ;
#2661 = CIRCLE ( 'NONE', #427, 0.4911654362906824334 ) ;
#2662 = CARTESIAN_POINT ( 'NONE',  ( -3.000000000000000000, -6.608412929275197634, -5.262496658105771274 ) ) ;
#2663 = ORIENTED_EDGE ( 'NONE', *, *, #970, .T. ) ;
#2664 = ADVANCED_FACE ( 'NONE', ( #544 ), #2030, .T. ) ;
#2665 = CARTESIAN_POINT ( 'NONE',  ( -2.382458001149005966, 6.075089173487173255, -7.062310263502426189 ) ) ;
#2666 =( LENGTH_UNIT ( ) NAMED_UNIT ( * ) SI_UNIT ( .MILLI., .METRE. ) );
#2667 =( LENGTH_UNIT ( ) NAMED_UNIT ( * ) SI_UNIT ( .MILLI., .METRE. ) );
#2668 = CARTESIAN_POINT ( 'NONE',  ( 5.999999999999999112, 4.999999999999992006, -3.500000000000000000 ) ) ;
#2669 = ORIENTED_EDGE ( 'NONE', *, *, #4499, .F. ) ;
#2670 = DIRECTION ( 'NONE',  ( -1.000000000000000000, -3.614007241618347785E-16, 0.000000000000000000 ) ) ;
#2671 = LINE ( 'NONE', #4217, #2842 ) ;
#2672 = LINE ( 'NONE', #480, #216 ) ;
#2673 = ORIENTED_EDGE ( 'NONE', *, *, #530, .T. ) ;
#2674 = FILL_AREA_STYLE_COLOUR ( '', #1485 ) ;
#2675 = VECTOR ( 'NONE', #964, 1000.000000000000000 ) ;
#2676 = CARTESIAN_POINT ( 'NONE',  ( -3.000000000000000000, -6.921432421494546183, -5.262072792150291001 ) ) ;
#2677 = ORIENTED_EDGE ( 'NONE', *, *, #3838, .T. ) ;
#2678 = LINE ( 'NONE', #838, #3476 ) ;
#2679 = FILL_AREA_STYLE_COLOUR ( '', #2247 ) ;
#2680 = DIRECTION ( 'NONE',  ( 0.000000000000000000, 0.000000000000000000, 1.000000000000000000 ) ) ;
#2681 = VECTOR ( 'NONE', #2909, 1000.000000000000114 ) ;
#2682 = ADVANCED_FACE ( 'NONE', ( #4769 ), #1017, .T. ) ;
#2683 =( GEOMETRIC_REPRESENTATION_CONTEXT ( 3 ) GLOBAL_UNCERTAINTY_ASSIGNED_CONTEXT ( ( #4131 ) ) GLOBAL_UNIT_ASSIGNED_CONTEXT ( ( #2578, #743, #1025 ) ) REPRESENTATION_CONTEXT ( 'NONE', 'WORKASPACE' ) );
#2684 = DIRECTION ( 'NONE',  ( 1.000000000000000000, 0.000000000000000000, 0.000000000000000000 ) ) ;
#2685 = CYLINDRICAL_SURFACE ( 'NONE', #4118, 0.1499999999999999667 ) ;
#2686 = ORIENTED_EDGE ( 'NONE', *, *, #4609, .T. ) ;
#2687 = STYLED_ITEM ( 'NONE', ( #3002 ), #3703 ) ;
#2688 = SURFACE_SIDE_STYLE ('',( #79 ) ) ;
#2689 =( NAMED_UNIT ( * ) PLANE_ANGLE_UNIT ( ) SI_UNIT ( $, .RADIAN. ) );
#2690 = COLOUR_RGB ( '',0.2509803921568627416, 0.2509803921568627416, 0.2509803921568627416 ) ;
#2691 = CIRCLE ( 'NONE', #1233, 0.4911654362906824334 ) ;
#2692 = VECTOR ( 'NONE', #4429, 1000.000000000000000 ) ;
#2693 = SURFACE_SIDE_STYLE ('',( #375 ) ) ;
#2694 = ORIENTED_EDGE ( 'NONE', *, *, #488, .F. ) ;
#2695 =( LENGTH_UNIT ( ) NAMED_UNIT ( * ) SI_UNIT ( .MILLI., .METRE. ) );
#2696 = CARTESIAN_POINT ( 'NONE',  ( 0.000000000000000000, -5.100000000000001421, -0.05000000000000000278 ) ) ;
#2697 = DIRECTION ( 'NONE',  ( -0.000000000000000000, 0.000000000000000000, 1.000000000000000000 ) ) ;
#2698 = VECTOR ( 'NONE', #2904, 1000.000000000000000 ) ;
#2699 = COLOUR_RGB ( '',0.2509803921568627416, 0.2509803921568627416, 0.2509803921568627416 ) ;
#2700 = UNCERTAINTY_MEASURE_WITH_UNIT (LENGTH_MEASURE( 1.000000000000000082E-05 ), #3805, 'distance_accuracy_value', 'NONE');
#2701 = CARTESIAN_POINT ( 'NONE',  ( -3.000000000000000000, -6.149086202862900308, -2.770399538941273665 ) ) ;
#2702 = EDGE_LOOP ( 'NONE', ( #2663, #2500 ) ) ;
#2703 = FILL_AREA_STYLE_COLOUR ( '', #1882 ) ;
#2704 = FILL_AREA_STYLE ('',( #2039 ) ) ;
#2705 = CIRCLE ( 'NONE', #3497, 0.1911654362906816118 ) ;
#2706 =( NAMED_UNIT ( * ) SI_UNIT ( $, .STERADIAN. ) SOLID_ANGLE_UNIT ( ) );
#2707 = VECTOR ( 'NONE', #3417, 1000.000000000000000 ) ;
#2708 =( NAMED_UNIT ( * ) SI_UNIT ( $, .STERADIAN. ) SOLID_ANGLE_UNIT ( ) );
#2709 = CYLINDRICAL_SURFACE ( 'NONE', #3748, 0.1000000000000002554 ) ;
#2710 = MECHANICAL_DESIGN_GEOMETRIC_PRESENTATION_REPRESENTATION (  '', ( #3023 ), #4727 ) ;
#2711 = MECHANICAL_DESIGN_GEOMETRIC_PRESENTATION_REPRESENTATION (  '', ( #3681 ), #1550 ) ;
#2712 = SURFACE_SIDE_STYLE ('',( #1591 ) ) ;
#2713 = ORIENTED_EDGE ( 'NONE', *, *, #3149, .T. ) ;
#2714 = ADVANCED_FACE ( 'NONE', ( #4400 ), #4381, .F. ) ;
#2715 = PLANE ( 'NONE',  #3795 ) ;
#2716 = ADVANCED_FACE ( 'NONE', ( #3344 ), #4062, .F. ) ;
#2717 = MECHANICAL_DESIGN_GEOMETRIC_PRESENTATION_REPRESENTATION (  '', ( #4067 ), #2186 ) ;
#2718 =( GEOMETRIC_REPRESENTATION_CONTEXT ( 3 ) GLOBAL_UNCERTAINTY_ASSIGNED_CONTEXT ( ( #230 ) ) GLOBAL_UNIT_ASSIGNED_CONTEXT ( ( #3677, #1820, #3273 ) ) REPRESENTATION_CONTEXT ( 'NONE', 'WORKASPACE' ) );
#2719 = PRESENTATION_STYLE_ASSIGNMENT (( #3491 ) ) ;
#2720 = ORIENTED_EDGE ( 'NONE', *, *, #2114, .F. ) ;
#2721 = SURFACE_STYLE_FILL_AREA ( #3422 ) ;
#2722 = DIRECTION ( 'NONE',  ( 0.000000000000000000, -1.000000000000000000, 0.000000000000000000 ) ) ;
#2723 = ORIENTED_EDGE ( 'NONE', *, *, #1567, .F. ) ;
#2724 = LINE ( 'NONE', #832, #2620 ) ;
#2725 = EDGE_CURVE ( 'NONE', #1798, #2207, #481, .T. ) ;
#2726 = CIRCLE ( 'NONE', #3692, 3.549999999999999822 ) ;
#2727 = FILL_AREA_STYLE_COLOUR ( '', #2462 ) ;
#2728 = VECTOR ( 'NONE', #1028, 1000.000000000000000 ) ;
#2729 = LINE ( 'NONE', #3147, #3907 ) ;
#2730 = CARTESIAN_POINT ( 'NONE',  ( 3.000000000000000000, -6.498044693033953045, -5.634957571453078629 ) ) ;
#2731 = SURFACE_STYLE_FILL_AREA ( #1693 ) ;
#2732 = DIRECTION ( 'NONE',  ( 1.711898167082375266E-16, -1.000000000000000000, -0.000000000000000000 ) ) ;
#2733 = AXIS2_PLACEMENT_3D ( 'NONE', #4184, #4160, #814 ) ;
#2734 = DIRECTION ( 'NONE',  ( 1.000000000000000000, 0.000000000000000000, 0.000000000000000000 ) ) ;
#2735 = ORIENTED_EDGE ( 'NONE', *, *, #1414, .F. ) ;
#2736 = DIRECTION ( 'NONE',  ( 1.000000000000000000, 0.000000000000000000, 0.000000000000000000 ) ) ;
#2737 =( NAMED_UNIT ( * ) SI_UNIT ( $, .STERADIAN. ) SOLID_ANGLE_UNIT ( ) );
#2738 = LINE ( 'NONE', #4165, #841 ) ;
#2739 = PRESENTATION_LAYER_ASSIGNMENT (  '', '', ( #2273 ) ) ;
#2740 = SURFACE_STYLE_FILL_AREA ( #1278 ) ;
#2741 = VERTEX_POINT ( 'NONE', #3464 ) ;
#2742 = LINE ( 'NONE', #2841, #3755 ) ;
#2743 = CARTESIAN_POINT ( 'NONE',  ( 2.622818899316224694, -6.393818723261950332, -7.042616602859716579 ) ) ;
#2744 = SURFACE_SIDE_STYLE ('',( #2001 ) ) ;
#2745 = UNCERTAINTY_MEASURE_WITH_UNIT (LENGTH_MEASURE( 1.000000000000000082E-05 ), #2438, 'distance_accuracy_value', 'NONE');
#2746 = FACE_OUTER_BOUND ( 'NONE', #182, .T. ) ;
#2747 = EDGE_CURVE ( 'NONE', #4221, #3277, #1571, .T. ) ;
#2748 = SURFACE_SIDE_STYLE ('',( #3288 ) ) ;
#2749 = ORIENTED_EDGE ( 'NONE', *, *, #2604, .F. ) ;
#2750 = PLANE ( 'NONE',  #503 ) ;
#2751 =( NAMED_UNIT ( * ) SI_UNIT ( $, .STERADIAN. ) SOLID_ANGLE_UNIT ( ) );
#2752 = ORIENTED_EDGE ( 'NONE', *, *, #231, .F. ) ;
#2753 = PLANE ( 'NONE',  #2189 ) ;
#2754 = SURFACE_SIDE_STYLE ('',( #209 ) ) ;
#2755 = PRESENTATION_STYLE_ASSIGNMENT (( #609 ) ) ;
#2756 = VECTOR ( 'NONE', #164, 1000.000000000000000 ) ;
#2757 = DIRECTION ( 'NONE',  ( 0.000000000000000000, 0.000000000000000000, -1.000000000000000000 ) ) ;
#2758 = EDGE_CURVE ( 'NONE', #1608, #3371, #2649, .T. ) ;
#2759 = FACE_BOUND ( 'NONE', #2849, .T. ) ;
#2760 = FILL_AREA_STYLE_COLOUR ( '', #4638 ) ;
#2761 = ORIENTED_EDGE ( 'NONE', *, *, #3170, .F. ) ;
#2762 = PLANE ( 'NONE',  #4202 ) ;
#2763 = SURFACE_STYLE_FILL_AREA ( #2416 ) ;
#2764 = STYLED_ITEM ( 'NONE', ( #4320 ), #3543 ) ;
#2765 = CIRCLE ( 'NONE', #1993, 0.4911654362906811011 ) ;
#2766 = STYLED_ITEM ( 'NONE', ( #2258 ), #4253 ) ;
#2768 = DIRECTION ( 'NONE',  ( 1.000000000000000000, -0.000000000000000000, -0.000000000000000000 ) ) ;
#2767 = VECTOR ( 'NONE', #1276, 1000.000000000000000 ) ;
#2769 = AXIS2_PLACEMENT_3D ( 'NONE', #4631, #3088, #3862 ) ;
#2770 = ORIENTED_EDGE ( 'NONE', *, *, #3221, .T. ) ;
#2771 = SURFACE_SIDE_STYLE ('',( #1298 ) ) ;
#2772 = STYLED_ITEM ( 'NONE', ( #3240 ), #4319 ) ;
#2773 =( NAMED_UNIT ( * ) SI_UNIT ( $, .STERADIAN. ) SOLID_ANGLE_UNIT ( ) );
#2774 = VERTEX_POINT ( 'NONE', #1875 ) ;
#2775 =( NAMED_UNIT ( * ) PLANE_ANGLE_UNIT ( ) SI_UNIT ( $, .RADIAN. ) );
#2776 = ORIENTED_EDGE ( 'NONE', *, *, #3672, .T. ) ;
#2777 = PRESENTATION_LAYER_ASSIGNMENT (  '', '', ( #833 ) ) ;
#2778 = PRESENTATION_STYLE_ASSIGNMENT (( #159 ) ) ;
#2779 = EDGE_CURVE ( 'NONE', #1427, #1540, #1236, .T. ) ;
#2780 = CARTESIAN_POINT ( 'NONE',  ( 2.622818899316224694, -6.393818723261950332, -7.042616602859716579 ) ) ;
#2781 = PRESENTATION_LAYER_ASSIGNMENT (  '', '', ( #771 ) ) ;
#2782 = VECTOR ( 'NONE', #2889, 1000.000000000000000 ) ;
#2783 = DIRECTION ( 'NONE',  ( -1.734723475976809560E-16, 1.000000000000000000, -0.000000000000000000 ) ) ;
#2784 = SURFACE_STYLE_FILL_AREA ( #910 ) ;
#2785 = DIRECTION ( 'NONE',  ( 0.000000000000000000, 0.000000000000000000, 1.000000000000000000 ) ) ;
#2786 = ADVANCED_FACE ( 'NONE', ( #4164 ), #425, .T. ) ;
#2787 = SURFACE_SIDE_STYLE ('',( #2392 ) ) ;
#2788 = ORIENTED_EDGE ( 'NONE', *, *, #947, .F. ) ;
#2789 = STYLED_ITEM ( 'NONE', ( #1524 ), #2786 ) ;
#2790 = SURFACE_SIDE_STYLE ('',( #4234 ) ) ;
#2791 = CARTESIAN_POINT ( 'NONE',  ( 3.000000000000000000, -6.149086202862900308, -3.727673206435405451 ) ) ;
#2792 = EDGE_CURVE ( 'NONE', #207, #1176, #4147, .T. ) ;
#2793 = PRESENTATION_LAYER_ASSIGNMENT (  '', '', ( #2870 ) ) ;
#2794 = FILL_AREA_STYLE ('',( #147 ) ) ;
#2795 = EDGE_LOOP ( 'NONE', ( #2210, #2058, #2576, #4753 ) ) ;
#2796 = CARTESIAN_POINT ( 'NONE',  ( 2.454253322192802234, 6.308585517542519838, -7.330254049383614579 ) ) ;
#2797 = PRESENTATION_LAYER_ASSIGNMENT (  '', '', ( #2956 ) ) ;
#2798 = UNCERTAINTY_MEASURE_WITH_UNIT (LENGTH_MEASURE( 1.000000000000000082E-05 ), #4244, 'distance_accuracy_value', 'NONE');
#2799 = SURFACE_STYLE_FILL_AREA ( #200 ) ;
#2800 = ORIENTED_EDGE ( 'NONE', *, *, #1266, .F. ) ;
#2801 = COLOUR_RGB ( '',0.2509803921568627416, 0.2509803921568627416, 0.2509803921568627416 ) ;
#2802 = ORIENTED_EDGE ( 'NONE', *, *, #4499, .T. ) ;
#2803 = CARTESIAN_POINT ( 'NONE',  ( -3.000000000000000000, 6.149086202862900308, -3.727673206435407227 ) ) ;
#2804 = PRESENTATION_STYLE_ASSIGNMENT (( #4666 ) ) ;
#2805 = EDGE_CURVE ( 'NONE', #3128, #1890, #1090, .T. ) ;
#2806 = ADVANCED_FACE ( 'NONE', ( #1342 ), #2762, .T. ) ;
#2807 = FACE_OUTER_BOUND ( 'NONE', #3582, .T. ) ;
#2808 = LINE ( 'NONE', #3689, #3153 ) ;
#2809 = AXIS2_PLACEMENT_3D ( 'NONE', #4547, #3471, #1509 ) ;
#2810 = FACE_OUTER_BOUND ( 'NONE', #2125, .T. ) ;
#2811 = VECTOR ( 'NONE', #1761, 1000.000000000000000 ) ;
#2812 = EDGE_CURVE ( 'NONE', #2515, #712, #2099, .T. ) ;
#2813 = VERTEX_POINT ( 'NONE', #1618 ) ;
#2814 = CARTESIAN_POINT ( 'NONE',  ( 1.499999999999999112, -1.500000000000000000, 0.7500000000000000000 ) ) ;
#2815 = FILL_AREA_STYLE_COLOUR ( '', #2292 ) ;
#2816 = DIRECTION ( 'NONE',  ( -0.000000000000000000, -0.000000000000000000, 1.000000000000000000 ) ) ;
#2817 = PLANE ( 'NONE',  #3725 ) ;
#2818 = EDGE_CURVE ( 'NONE', #2971, #1989, #1990, .T. ) ;
#2819 = FILL_AREA_STYLE ('',( #3165 ) ) ;
#2820 = EDGE_LOOP ( 'NONE', ( #812, #2922, #2239, #4646 ) ) ;
#2821 = CARTESIAN_POINT ( 'NONE',  ( 2.000000000000000000, -6.149086202862900308, -3.727673206435405451 ) ) ;
#2822 = MECHANICAL_DESIGN_GEOMETRIC_PRESENTATION_REPRESENTATION (  '', ( #4523 ), #4746 ) ;
#2823 = ADVANCED_FACE ( 'NONE', ( #3215 ), #1401, .T. ) ;
#2824 =( NAMED_UNIT ( * ) PLANE_ANGLE_UNIT ( ) SI_UNIT ( $, .RADIAN. ) );
#2825 = ORIENTED_EDGE ( 'NONE', *, *, #3180, .F. ) ;
#2826 = FILL_AREA_STYLE ('',( #1331 ) ) ;
#2827 = ORIENTED_EDGE ( 'NONE', *, *, #1965, .F. ) ;
#2828 = CARTESIAN_POINT ( 'NONE',  ( -2.000000000000000000, 5.999999999999999112, -2.770399538941275441 ) ) ;
#2829 = ORIENTED_EDGE ( 'NONE', *, *, #2908, .T. ) ;
#2830 =( NAMED_UNIT ( * ) PLANE_ANGLE_UNIT ( ) SI_UNIT ( $, .RADIAN. ) );
#2831 = CARTESIAN_POINT ( 'NONE',  ( -5.000000000000000888, 4.999999999999999112, -3.500000000000000000 ) ) ;
#2832 = SURFACE_SIDE_STYLE ('',( #2511 ) ) ;
#2833 = CYLINDRICAL_SURFACE ( 'NONE', #663, 0.4911654362906824334 ) ;
#2834 = SURFACE_SIDE_STYLE ('',( #1723 ) ) ;
#2835 = EDGE_LOOP ( 'NONE', ( #3758, #4779, #3880, #4570 ) ) ;
#2836 =( LENGTH_UNIT ( ) NAMED_UNIT ( * ) SI_UNIT ( .MILLI., .METRE. ) );
#2837 = CARTESIAN_POINT ( 'NONE',  ( -2.405954395228026677, 6.921432421494547071, -7.149999999999994138 ) ) ;
#2838 = DIRECTION ( 'NONE',  ( 0.000000000000000000, 0.2841106857314363299, -0.9587914884129984383 ) ) ;
#2839 = EDGE_CURVE ( 'NONE', #346, #1127, #3129, .T. ) ;
#2840 = VERTEX_POINT ( 'NONE', #2814 ) ;
#2841 = CARTESIAN_POINT ( 'NONE',  ( 2.000000000000000000, -5.999999999999999112, -2.470399538941273843 ) ) ;
#2842 = VECTOR ( 'NONE', #876, 1000.000000000000000 ) ;
#2843 = VECTOR ( 'NONE', #4789, 1000.000000000000000 ) ;
#2844 = COLOUR_RGB ( '',1.000000000000000000, 1.000000000000000000, 1.000000000000000000 ) ;
#2845 =( NAMED_UNIT ( * ) PLANE_ANGLE_UNIT ( ) SI_UNIT ( $, .RADIAN. ) );
#2846 = PRESENTATION_LAYER_ASSIGNMENT (  '', '', ( #1143 ) ) ;
#2847 = ORIENTED_EDGE ( 'NONE', *, *, #2968, .F. ) ;
#2848 = PLANE ( 'NONE',  #1775 ) ;
#2849 = EDGE_LOOP ( 'NONE', ( #2142, #1359, #1581, #4287 ) ) ;
#2850 = SURFACE_STYLE_FILL_AREA ( #998 ) ;
#2851 = VECTOR ( 'NONE', #1727, 1000.000000000000000 ) ;
#2852 = UNCERTAINTY_MEASURE_WITH_UNIT (LENGTH_MEASURE( 1.000000000000000082E-05 ), #412, 'distance_accuracy_value', 'NONE');
#2853 = AXIS2_PLACEMENT_3D ( 'NONE', #450, #2654, #1930 ) ;
#2854 = CARTESIAN_POINT ( 'NONE',  ( -6.000000000000000888, 4.999999999999992006, -3.500000000000000000 ) ) ;
#2855 = VERTEX_POINT ( 'NONE', #2023 ) ;
#2856 = CARTESIAN_POINT ( 'NONE',  ( -4.020519679137759539, -3.871192841101213755, 0.7999999999999998224 ) ) ;
#2857 = DIRECTION ( 'NONE',  ( 0.000000000000000000, 0.000000000000000000, 1.000000000000000000 ) ) ;
#2858 = CARTESIAN_POINT ( 'NONE',  ( -5.100000000000000533, -8.847089727481718154E-16, -0.05000000000000000278 ) ) ;
#2859 = EDGE_LOOP ( 'NONE', ( #4081, #4625, #192, #2373 ) ) ;
#2860 = PRESENTATION_STYLE_ASSIGNMENT (( #2886 ) ) ;
#2861 =( LENGTH_UNIT ( ) NAMED_UNIT ( * ) SI_UNIT ( .MILLI., .METRE. ) );
#2862 = STYLED_ITEM ( 'NONE', ( #871 ), #1436 ) ;
#2863 = CARTESIAN_POINT ( 'NONE',  ( -3.000000000000000000, -6.449086202862900130, -2.470399538941273843 ) ) ;
#2864 = PLANE ( 'NONE',  #2942 ) ;
#2865 = EDGE_CURVE ( 'NONE', #968, #34, #615, .T. ) ;
#2866 = ORIENTED_EDGE ( 'NONE', *, *, #2879, .F. ) ;
#2867 = ADVANCED_FACE ( 'NONE', ( #2093 ), #3533, .T. ) ;
#2868 = MECHANICAL_DESIGN_GEOMETRIC_PRESENTATION_REPRESENTATION (  '', ( #3979 ), #1087 ) ;
#2869 =( LENGTH_UNIT ( ) NAMED_UNIT ( * ) SI_UNIT ( .MILLI., .METRE. ) );
#2870 = STYLED_ITEM ( 'NONE', ( #2755 ), #3116 ) ;
#2871 = DIRECTION ( 'NONE',  ( 1.000000000000000000, 0.000000000000000000, 0.000000000000000000 ) ) ;
#2872 = EDGE_LOOP ( 'NONE', ( #273, #1502, #1960, #2266 ) ) ;
#2873 =( GEOMETRIC_REPRESENTATION_CONTEXT ( 3 ) GLOBAL_UNCERTAINTY_ASSIGNED_CONTEXT ( ( #275 ) ) GLOBAL_UNIT_ASSIGNED_CONTEXT ( ( #3152, #4557, #531 ) ) REPRESENTATION_CONTEXT ( 'NONE', 'WORKASPACE' ) );
#2874 = ORIENTED_EDGE ( 'NONE', *, *, #1953, .F. ) ;
#2875 = FILL_AREA_STYLE_COLOUR ( '', #1716 ) ;
#2876 = VECTOR ( 'NONE', #3033, 1000.000000000000000 ) ;
#2877 = PRESENTATION_STYLE_ASSIGNMENT (( #3327 ) ) ;
#2878 = ORIENTED_EDGE ( 'NONE', *, *, #530, .F. ) ;
#2879 = EDGE_CURVE ( 'NONE', #2109, #968, #317, .T. ) ;
#2880 = SURFACE_STYLE_FILL_AREA ( #1113 ) ;
#2881 = CARTESIAN_POINT ( 'NONE',  ( 3.000000000000000000, 6.449086202862900130, -2.470399538941275619 ) ) ;
#2882 = FACE_OUTER_BOUND ( 'NONE', #3026, .T. ) ;
#2883 = MECHANICAL_DESIGN_GEOMETRIC_PRESENTATION_REPRESENTATION (  '', ( #171 ), #2653 ) ;
#2884 = CYLINDRICAL_SURFACE ( 'NONE', #1936, 0.4911654362906824334 ) ;
#2885 = ORIENTED_EDGE ( 'NONE', *, *, #4194, .F. ) ;
#2886 = SURFACE_STYLE_USAGE ( .BOTH. , #4376 ) ;
#2887 = LINE ( 'NONE', #684, #2923 ) ;
#2888 = CARTESIAN_POINT ( 'NONE',  ( 3.549999999999999822, 4.347496136973103873E-16, 0.7500000000000000000 ) ) ;
#2889 = DIRECTION ( 'NONE',  ( -1.000000000000000000, -0.000000000000000000, -0.000000000000000000 ) ) ;
#2890 = ORIENTED_EDGE ( 'NONE', *, *, #1209, .T. ) ;
#2891 = VECTOR ( 'NONE', #3925, 1000.000000000000000 ) ;
#2892 = DIRECTION ( 'NONE',  ( -0.000000000000000000, 0.000000000000000000, 1.000000000000000000 ) ) ;
#2893 = ORIENTED_EDGE ( 'NONE', *, *, #2242, .T. ) ;
#2894 =( NAMED_UNIT ( * ) PLANE_ANGLE_UNIT ( ) SI_UNIT ( $, .RADIAN. ) );
#2895 = ORIENTED_EDGE ( 'NONE', *, *, #4003, .T. ) ;
#2896 = CARTESIAN_POINT ( 'NONE',  ( -2.405954395228027565, -6.250000000000000888, -7.149999999999997691 ) ) ;
#2897 =( GEOMETRIC_REPRESENTATION_CONTEXT ( 3 ) GLOBAL_UNCERTAINTY_ASSIGNED_CONTEXT ( ( #3650 ) ) GLOBAL_UNIT_ASSIGNED_CONTEXT ( ( #201, #4588, #901 ) ) REPRESENTATION_CONTEXT ( 'NONE', 'WORKASPACE' ) );
#2898 = EDGE_CURVE ( 'NONE', #3065, #1838, #707, .T. ) ;
#2899 =( LENGTH_UNIT ( ) NAMED_UNIT ( * ) SI_UNIT ( .MILLI., .METRE. ) );
#2900 = VERTEX_POINT ( 'NONE', #1406 ) ;
#2901 =( LENGTH_UNIT ( ) NAMED_UNIT ( * ) SI_UNIT ( .MILLI., .METRE. ) );
#2902 =( LENGTH_UNIT ( ) NAMED_UNIT ( * ) SI_UNIT ( .MILLI., .METRE. ) );
#2903 = LINE ( 'NONE', #1032, #4554 ) ;
#2904 = DIRECTION ( 'NONE',  ( 0.000000000000000000, 0.000000000000000000, -1.000000000000000000 ) ) ;
#2905 = ORIENTED_EDGE ( 'NONE', *, *, #4470, .F. ) ;
#2906 = CARTESIAN_POINT ( 'NONE',  ( 4.999999999999999112, 4.999999999999999112, -0.05000000000000000278 ) ) ;
#2907 = SURFACE_SIDE_STYLE ('',( #4093 ) ) ;
#2908 = EDGE_CURVE ( 'NONE', #3364, #2987, #2467, .T. ) ;
#2909 = DIRECTION ( 'NONE',  ( 0.2488271308658504544, -0.2751748116042140313, 0.9286354946929684662 ) ) ;
#2910 = DIRECTION ( 'NONE',  ( -0.000000000000000000, 0.000000000000000000, 1.000000000000000000 ) ) ;
#2911 = ORIENTED_EDGE ( 'NONE', *, *, #3149, .F. ) ;
#2912 = DIRECTION ( 'NONE',  ( 0.000000000000000000, 0.2841106857314363299, -0.9587914884129984383 ) ) ;
#2913 = PRESENTATION_LAYER_ASSIGNMENT (  '', '', ( #3870 ) ) ;
#2914 = VECTOR ( 'NONE', #4168, 1000.000000000000000 ) ;
#2915 = VERTEX_POINT ( 'NONE', #3982 ) ;
#2916 = DIRECTION ( 'NONE',  ( 1.000000000000000000, -5.706327223607918787E-17, -0.000000000000000000 ) ) ;
#2917 = FILL_AREA_STYLE ('',( #1826 ) ) ;
#2918 = PRESENTATION_STYLE_ASSIGNMENT (( #2280 ) ) ;
#2919 =( GEOMETRIC_REPRESENTATION_CONTEXT ( 3 ) GLOBAL_UNCERTAINTY_ASSIGNED_CONTEXT ( ( #1579 ) ) GLOBAL_UNIT_ASSIGNED_CONTEXT ( ( #1899, #3836, #870 ) ) REPRESENTATION_CONTEXT ( 'NONE', 'WORKASPACE' ) );
#2920 = PRESENTATION_LAYER_ASSIGNMENT (  '', '', ( #3653 ) ) ;
#2921 = DIRECTION ( 'NONE',  ( -1.000000000000000000, -0.000000000000000000, -0.000000000000000000 ) ) ;
#2922 = ORIENTED_EDGE ( 'NONE', *, *, #1362, .F. ) ;
#2923 = VECTOR ( 'NONE', #2208, 1000.000000000000000 ) ;
#2924 = LINE ( 'NONE', #3688, #2728 ) ;
#2925 = LINE ( 'NONE', #1832, #2843 ) ;
#2926 = EDGE_CURVE ( 'NONE', #2472, #2900, #2397, .T. ) ;
#2927 = PRESENTATION_LAYER_ASSIGNMENT (  '', '', ( #1226 ) ) ;
#2928 = DIRECTION ( 'NONE',  ( 0.000000000000000000, 0.000000000000000000, 1.000000000000000000 ) ) ;
#2929 = CARTESIAN_POINT ( 'NONE',  ( -3.000000000000000000, 6.921432421494547960, -5.262072792150289224 ) ) ;
#2930 =( NAMED_UNIT ( * ) SI_UNIT ( $, .STERADIAN. ) SOLID_ANGLE_UNIT ( ) );
#2931 = VECTOR ( 'NONE', #3501, 1000.000000000000000 ) ;
#2932 = CIRCLE ( 'NONE', #379, 0.4911654362906824334 ) ;
#2933 = VECTOR ( 'NONE', #738, 1000.000000000000227 ) ;
#2934 = FILL_AREA_STYLE_COLOUR ( '', #1073 ) ;
#2935 = ORIENTED_EDGE ( 'NONE', *, *, #1828, .T. ) ;
#2936 = AXIS2_PLACEMENT_3D ( 'NONE', #1188, #4442, #2999 ) ;
#2937 = STYLED_ITEM ( 'NONE', ( #2804 ), #815 ) ;
#2938 = FACE_OUTER_BOUND ( 'NONE', #1671, .T. ) ;
#2939 = MECHANICAL_DESIGN_GEOMETRIC_PRESENTATION_REPRESENTATION (  '', ( #70 ), #3418 ) ;
#2940 = LINE ( 'NONE', #1363, #608 ) ;
#2941 = LINE ( 'NONE', #2138, #2782 ) ;
#2942 = AXIS2_PLACEMENT_3D ( 'NONE', #4162, #843, #2323 ) ;
#2943 = ORIENTED_EDGE ( 'NONE', *, *, #2114, .T. ) ;
#2944 = FILL_AREA_STYLE ('',( #1478 ) ) ;
#2945 = SURFACE_STYLE_USAGE ( .BOTH. , #276 ) ;
#2946 = CARTESIAN_POINT ( 'NONE',  ( 5.999999999999999112, 4.999999999999992006, 0.000000000000000000 ) ) ;
#2947 = ORIENTED_EDGE ( 'NONE', *, *, #1584, .F. ) ;
#2948 = CARTESIAN_POINT ( 'NONE',  ( -2.000000000000000888, -6.810938584589628420, -5.634957571453075964 ) ) ;
#2949 = FACE_BOUND ( 'NONE', #3523, .T. ) ;
#2950 = CARTESIAN_POINT ( 'NONE',  ( 1.899999999999999023, -1.900000000000001465, 1.949999999999999956 ) ) ;
#2951 = UNCERTAINTY_MEASURE_WITH_UNIT (LENGTH_MEASURE( 1.000000000000000082E-05 ), #2899, 'distance_accuracy_value', 'NONE');
#2952 = LINE ( 'NONE', #3282, #3326 ) ;
#2953 = PRESENTATION_LAYER_ASSIGNMENT (  '', '', ( #4427 ) ) ;
#2954 = ORIENTED_EDGE ( 'NONE', *, *, #1743, .F. ) ;
#2955 = VECTOR ( 'NONE', #860, 1000.000000000000000 ) ;
#2956 = STYLED_ITEM ( 'NONE', ( #3963 ), #2631 ) ;
#2957 = CARTESIAN_POINT ( 'NONE',  ( 2.000000000000000000, -6.000000000000000888, -2.470399538941273399 ) ) ;
#2958 = AXIS2_PLACEMENT_3D ( 'NONE', #4339, #4422, #1751 ) ;
#2959 = EDGE_CURVE ( 'NONE', #2479, #1724, #4013, .T. ) ;
#2960 = EDGE_CURVE ( 'NONE', #362, #597, #3621, .T. ) ;
#2961 = ORIENTED_EDGE ( 'NONE', *, *, #2198, .F. ) ;
#2962 = MECHANICAL_DESIGN_GEOMETRIC_PRESENTATION_REPRESENTATION (  '', ( #2333 ), #1535 ) ;
#2963 = DIRECTION ( 'NONE',  ( 0.000000000000000000, 0.000000000000000000, -1.000000000000000000 ) ) ;
#2964 = SURFACE_STYLE_USAGE ( .BOTH. , #1794 ) ;
#2965 = EDGE_CURVE ( 'NONE', #3196, #2613, #4744, .T. ) ;
#2966 = DIRECTION ( 'NONE',  ( 0.000000000000000000, -1.000000000000000000, -0.000000000000000000 ) ) ;
#2967 = EDGE_LOOP ( 'NONE', ( #376, #303, #2735, #4155, #3500, #2825, #1823, #1043 ) ) ;
#2968 = EDGE_CURVE ( 'NONE', #3144, #1332, #4763, .T. ) ;
#2969 = DIRECTION ( 'NONE',  ( -0.000000000000000000, -1.000000000000000000, -0.000000000000000000 ) ) ;
#2970 = VERTEX_POINT ( 'NONE', #2543 ) ;
#2971 = VERTEX_POINT ( 'NONE', #341 ) ;
#2972 = CARTESIAN_POINT ( 'NONE',  ( -3.000000000000000000, 6.149086202862900308, -3.727673206435407227 ) ) ;
#2973 = EDGE_LOOP ( 'NONE', ( #891, #4121, #4129, #2202, #1027, #351, #4384, #569, #27, #2542 ) ) ;
#2974 = DIRECTION ( 'NONE',  ( 0.000000000000000000, -0.2867062765227776922, 0.9580185337468395401 ) ) ;
#2975 = SURFACE_STYLE_USAGE ( .BOTH. , #1490 ) ;
#2976 = AXIS2_PLACEMENT_3D ( 'NONE', #2005, #3967, #3938 ) ;
#2977 = FILL_AREA_STYLE_COLOUR ( '', #3576 ) ;
#2978 = FILL_AREA_STYLE_COLOUR ( '', #2165 ) ;
#2979 = ORIENTED_EDGE ( 'NONE', *, *, #82, .F. ) ;
#2980 = EDGE_CURVE ( 'NONE', #2472, #2915, #3669, .T. ) ;
#2981 = CARTESIAN_POINT ( 'NONE',  ( 3.000000000000000000, 6.449086202862900130, -2.470399538941275619 ) ) ;
#2982 = CARTESIAN_POINT ( 'NONE',  ( -1.500000000000001110, -1.500000000000000444, 1.949999999999999956 ) ) ;
#2983 = FILL_AREA_STYLE ('',( #4487 ) ) ;
#2984 = ORIENTED_EDGE ( 'NONE', *, *, #497, .T. ) ;
#2985 = ADVANCED_FACE ( 'NONE', ( #4077 ), #2640, .T. ) ;
#2986 = CARTESIAN_POINT ( 'NONE',  ( 3.000000000000000000, 6.921432421494547960, -5.262072792150289224 ) ) ;
#2987 = VERTEX_POINT ( 'NONE', #3694 ) ;
#2988 = FILL_AREA_STYLE_COLOUR ( '', #2161 ) ;
#2989 = SURFACE_SIDE_STYLE ('',( #2215 ) ) ;
#2990 = ORIENTED_EDGE ( 'NONE', *, *, #1643, .T. ) ;
#2991 = UNCERTAINTY_MEASURE_WITH_UNIT (LENGTH_MEASURE( 1.000000000000000082E-05 ), #3396, 'distance_accuracy_value', 'NONE');
#2992 = CARTESIAN_POINT ( 'NONE',  ( 3.000000000000000000, -6.449086202862900130, -3.683745183551860425 ) ) ;
#2993 = ORIENTED_EDGE ( 'NONE', *, *, #1281, .T. ) ;
#2994 = DIRECTION ( 'NONE',  ( 0.000000000000000000, 0.000000000000000000, -1.000000000000000000 ) ) ;
#2995 = CARTESIAN_POINT ( 'NONE',  ( -3.000000000000000888, 6.921432421494547071, -5.634957571453074188 ) ) ;
#2996 = CARTESIAN_POINT ( 'NONE',  ( 3.529354242847077217, 4.119475320510217031, -0.05000000000000000278 ) ) ;
#2997 = COLOUR_RGB ( '',0.2509803921568627416, 0.2509803921568627416, 0.2509803921568627416 ) ;
#2998 =( GEOMETRIC_REPRESENTATION_CONTEXT ( 3 ) GLOBAL_UNCERTAINTY_ASSIGNED_CONTEXT ( ( #2951 ) ) GLOBAL_UNIT_ASSIGNED_CONTEXT ( ( #2899, #3633, #4435 ) ) REPRESENTATION_CONTEXT ( 'NONE', 'WORKASPACE' ) );
#2999 = DIRECTION ( 'NONE',  ( -1.711898167082375020E-16, 1.000000000000000000, 0.000000000000000000 ) ) ;
#3000 = ORIENTED_EDGE ( 'NONE', *, *, #1153, .F. ) ;
#3001 = SURFACE_STYLE_FILL_AREA ( #3313 ) ;
#3002 = PRESENTATION_STYLE_ASSIGNMENT (( #2320 ) ) ;
#3003 = CIRCLE ( 'NONE', #1844, 0.4911654362906815452 ) ;
#3004 = SURFACE_STYLE_FILL_AREA ( #1915 ) ;
#3005 = CARTESIAN_POINT ( 'NONE',  ( -2.377181100683779302, -6.393818723261947667, -7.042616602859716579 ) ) ;
#3006 = LINE ( 'NONE', #397, #3974 ) ;
#3007 = PRESENTATION_LAYER_ASSIGNMENT (  '', '', ( #3334 ) ) ;
#3008 = VERTEX_POINT ( 'NONE', #3458 ) ;
#3009 = SURFACE_SIDE_STYLE ('',( #514 ) ) ;
#3010 = ADVANCED_FACE ( 'NONE', ( #3779 ), #794, .F. ) ;
#3011 = FACE_OUTER_BOUND ( 'NONE', #4108, .T. ) ;
#3012 = EDGE_CURVE ( 'NONE', #4679, #1275, #419, .T. ) ;
#3013 = EDGE_LOOP ( 'NONE', ( #398, #237, #4541, #1906 ) ) ;
#3014 = LINE ( 'NONE', #1904, #4764 ) ;
#3015 = CARTESIAN_POINT ( 'NONE',  ( -2.645657067957063902, -6.106181276738047892, -6.957383397140285197 ) ) ;
#3016 = EDGE_CURVE ( 'NONE', #597, #902, #3410, .T. ) ;
#3017 = EDGE_LOOP ( 'NONE', ( #1189, #3518 ) ) ;
#3018 =( LENGTH_UNIT ( ) NAMED_UNIT ( * ) SI_UNIT ( .MILLI., .METRE. ) );
#3019 = VECTOR ( 'NONE', #3784, 1000.000000000000000 ) ;
#3020 = SURFACE_STYLE_FILL_AREA ( #3378 ) ;
#3021 =( NAMED_UNIT ( * ) SI_UNIT ( $, .STERADIAN. ) SOLID_ANGLE_UNIT ( ) );
#3022 =( GEOMETRIC_REPRESENTATION_CONTEXT ( 3 ) GLOBAL_UNCERTAINTY_ASSIGNED_CONTEXT ( ( #4586 ) ) GLOBAL_UNIT_ASSIGNED_CONTEXT ( ( #71, #3831, #44 ) ) REPRESENTATION_CONTEXT ( 'NONE', 'WORKASPACE' ) );
#3023 = STYLED_ITEM ( 'NONE', ( #590 ), #1438 ) ;
#3024 =( BOUNDED_CURVE ( )  B_SPLINE_CURVE ( 3, ( #2655, #1252, #1956, #2743 ),
 .UNSPECIFIED., .F., .F. ) 
 B_SPLINE_CURVE_WITH_KNOTS ( ( 4, 4 ),
 ( 4.424310216520057182, 7.565902870109797007 ),
 .UNSPECIFIED. ) 
 CURVE ( )  GEOMETRIC_REPRESENTATION_ITEM ( )  RATIONAL_B_SPLINE_CURVE ( ( 1.000000000000000000, 0.3333333333333511339, 0.3333333333333511339, 1.000000000000000000 ) ) 
 REPRESENTATION_ITEM ( '' )  );
#3025 = VECTOR ( 'NONE', #4370, 1000.000000000000000 ) ;
#3026 = EDGE_LOOP ( 'NONE', ( #3526, #3302, #717, #3214, #739, #2346, #3981, #1103 ) ) ;
#3027 = CARTESIAN_POINT ( 'NONE',  ( -4.999999999999998224, -5.100000000000001421, 0.000000000000000000 ) ) ;
#3028 = AXIS2_PLACEMENT_3D ( 'NONE', #1104, #274, #4082 ) ;
#3029 = DIRECTION ( 'NONE',  ( 0.000000000000000000, 0.000000000000000000, -1.000000000000000000 ) ) ;
#3030 = VECTOR ( 'NONE', #645, 1000.000000000000000 ) ;
#3031 = VECTOR ( 'NONE', #3554, 1000.000000000000000 ) ;
#3032 = LINE ( 'NONE', #4513, #458 ) ;
#3033 = DIRECTION ( 'NONE',  ( 1.000000000000000000, -0.000000000000000000, -0.000000000000000000 ) ) ;
#3034 = SURFACE_STYLE_USAGE ( .BOTH. , #4464 ) ;
#3035 = ORIENTED_EDGE ( 'NONE', *, *, #661, .T. ) ;
#3036 =( NAMED_UNIT ( * ) PLANE_ANGLE_UNIT ( ) SI_UNIT ( $, .RADIAN. ) );
#3037 = DIRECTION ( 'NONE',  ( -0.000000000000000000, -0.000000000000000000, -1.000000000000000000 ) ) ;
#3038 = CARTESIAN_POINT ( 'NONE',  ( -1.900000000000000577, -1.900000000000001243, 1.949999999999999956 ) ) ;
#3039 = SURFACE_STYLE_FILL_AREA ( #3815 ) ;
#3040 =( NAMED_UNIT ( * ) PLANE_ANGLE_UNIT ( ) SI_UNIT ( $, .RADIAN. ) );
#3041 = ORIENTED_EDGE ( 'NONE', *, *, #1715, .T. ) ;
#3042 = CYLINDRICAL_SURFACE ( 'NONE', #2853, 0.1499999999999999667 ) ;
#3043 =( NAMED_UNIT ( * ) SI_UNIT ( $, .STERADIAN. ) SOLID_ANGLE_UNIT ( ) );
#3044 = PRODUCT_DEFINITION_CONTEXT ( 'detailed design', #4551, 'design' ) ;
#3045 = FILL_AREA_STYLE_COLOUR ( '', #132 ) ;
#3046 = DIRECTION ( 'NONE',  ( 1.000000000000000000, 0.000000000000000000, 0.000000000000000000 ) ) ;
#3047 = EDGE_CURVE ( 'NONE', #760, #1294, #1891, .T. ) ;
#3048 =( NAMED_UNIT ( * ) PLANE_ANGLE_UNIT ( ) SI_UNIT ( $, .RADIAN. ) );
#3049 = MECHANICAL_DESIGN_GEOMETRIC_PRESENTATION_REPRESENTATION (  '', ( #4153 ), #498 ) ;
#3050 = SURFACE_STYLE_FILL_AREA ( #1889 ) ;
#3051 = DIRECTION ( 'NONE',  ( -0.000000000000000000, -1.000000000000000000, -0.000000000000000000 ) ) ;
#3052 =( NAMED_UNIT ( * ) PLANE_ANGLE_UNIT ( ) SI_UNIT ( $, .RADIAN. ) );
#3053 =( BOUNDED_CURVE ( )  B_SPLINE_CURVE ( 3, ( #3136, #1327, #2796, #1730 ),
 .UNSPECIFIED., .F., .F. ) 
 B_SPLINE_CURVE_WITH_KNOTS ( ( 4, 4 ),
 ( 1.282717562930235200, 4.424310216520034089 ),
 .UNSPECIFIED. ) 
 CURVE ( )  GEOMETRIC_REPRESENTATION_ITEM ( )  RATIONAL_B_SPLINE_CURVE ( ( 1.000000000000000000, 0.3333333333333314275, 0.3333333333333314275, 1.000000000000000000 ) ) 
 REPRESENTATION_ITEM ( '' )  );
#3054 =( NAMED_UNIT ( * ) SI_UNIT ( $, .STERADIAN. ) SOLID_ANGLE_UNIT ( ) );
#3055 = FACE_OUTER_BOUND ( 'NONE', #2872, .T. ) ;
#3056 = ORIENTED_EDGE ( 'NONE', *, *, #2792, .T. ) ;
#3057 = FILL_AREA_STYLE ('',( #4490 ) ) ;
#3058 = CARTESIAN_POINT ( 'NONE',  ( 3.000000000000000000, 5.999999999999999112, -2.470399538941275619 ) ) ;
#3059 = EDGE_CURVE ( 'NONE', #3277, #844, #3597, .T. ) ;
#3060 = DIRECTION ( 'NONE',  ( -0.000000000000000000, -1.000000000000000000, -0.000000000000000000 ) ) ;
#3061 = ORIENTED_EDGE ( 'NONE', *, *, #2442, .F. ) ;
#3062 = SURFACE_SIDE_STYLE ('',( #2721 ) ) ;
#3063 = CARTESIAN_POINT ( 'NONE',  ( -3.000000000000000000, 6.149086202862900308, -3.727673206435407227 ) ) ;
#3064 = LINE ( 'NONE', #2701, #4772 ) ;
#3065 = VERTEX_POINT ( 'NONE', #3027 ) ;
#3066 = SURFACE_SIDE_STYLE ('',( #1263 ) ) ;
#3067 = CARTESIAN_POINT ( 'NONE',  ( -3.000000000000000000, -5.999999999999999112, -2.470399538941273843 ) ) ;
#3068 =( NAMED_UNIT ( * ) PLANE_ANGLE_UNIT ( ) SI_UNIT ( $, .RADIAN. ) );
#3069 = PRESENTATION_STYLE_ASSIGNMENT (( #556 ) ) ;
#3070 = EDGE_CURVE ( 'NONE', #4336, #78, #4444, .T. ) ;
#3071 = PRESENTATION_LAYER_ASSIGNMENT (  '', '', ( #4691 ) ) ;
#3072 = VECTOR ( 'NONE', #995, 1000.000000000000000 ) ;
#3073 = CARTESIAN_POINT ( 'NONE',  ( -3.000000000000000888, 6.810938584589628420, -5.634957571453074188 ) ) ;
#3074 = PRESENTATION_STYLE_ASSIGNMENT (( #4648 ) ) ;
#3075 = AXIS2_PLACEMENT_3D ( 'NONE', #593, #3599, #2052 ) ;
#3076 = SURFACE_SIDE_STYLE ('',( #2272 ) ) ;
#3077 = PRESENTATION_LAYER_ASSIGNMENT (  '', '', ( #1523 ) ) ;
#3078 =( GEOMETRIC_REPRESENTATION_CONTEXT ( 3 ) GLOBAL_UNCERTAINTY_ASSIGNED_CONTEXT ( ( #1881 ) ) GLOBAL_UNIT_ASSIGNED_CONTEXT ( ( #4505, #3472, #2751 ) ) REPRESENTATION_CONTEXT ( 'NONE', 'WORKASPACE' ) );
#3079 = CIRCLE ( 'NONE', #4324, 0.4911654362906815452 ) ;
#3080 =( GEOMETRIC_REPRESENTATION_CONTEXT ( 3 ) GLOBAL_UNCERTAINTY_ASSIGNED_CONTEXT ( ( #4002 ) ) GLOBAL_UNIT_ASSIGNED_CONTEXT ( ( #1580, #3375, #3846 ) ) REPRESENTATION_CONTEXT ( 'NONE', 'WORKASPACE' ) );
#3081 = ADVANCED_FACE ( 'NONE', ( #4534 ), #1211, .F. ) ;
#3082 = ORIENTED_EDGE ( 'NONE', *, *, #877, .T. ) ;
#3083 =( LENGTH_UNIT ( ) NAMED_UNIT ( * ) SI_UNIT ( .MILLI., .METRE. ) );
#3084 = PRESENTATION_LAYER_ASSIGNMENT (  '', '', ( #3730 ) ) ;
#3085 = SURFACE_STYLE_USAGE ( .BOTH. , #3009 ) ;
#3086 = CARTESIAN_POINT ( 'NONE',  ( 0.000000000000000000, 0.000000000000000000, 0.7500000000000000000 ) ) ;
#3087 = STYLED_ITEM ( 'NONE', ( #804 ), #2487 ) ;
#3088 = DIRECTION ( 'NONE',  ( 0.000000000000000000, 0.000000000000000000, 1.000000000000000000 ) ) ;
#3089 = EDGE_CURVE ( 'NONE', #2078, #4096, #2018, .T. ) ;
#3090 = ORIENTED_EDGE ( 'NONE', *, *, #2818, .F. ) ;
#3091 = CARTESIAN_POINT ( 'NONE',  ( 1.499999999999999112, -1.500000000000000000, 1.949999999999999956 ) ) ;
#3092 = UNCERTAINTY_MEASURE_WITH_UNIT (LENGTH_MEASURE( 1.000000000000000082E-05 ), #1165, 'distance_accuracy_value', 'NONE');
#3093 = COLOUR_RGB ( '',0.2509803921568627416, 0.2509803921568627416, 0.2509803921568627416 ) ;
#3094 = SURFACE_SIDE_STYLE ('',( #545 ) ) ;
#3095 = VERTEX_POINT ( 'NONE', #3557 ) ;
#3096 = FILL_AREA_STYLE ('',( #2674 ) ) ;
#3097 = SURFACE_STYLE_USAGE ( .BOTH. , #1306 ) ;
#3098 =( NAMED_UNIT ( * ) SI_UNIT ( $, .STERADIAN. ) SOLID_ANGLE_UNIT ( ) );
#3099 = LINE ( 'NONE', #4574, #4351 ) ;
#3100 = CARTESIAN_POINT ( 'NONE',  ( -1.900000000000000577, -1.900000000000001243, 3.649999999999999467 ) ) ;
#3101 =( NAMED_UNIT ( * ) SI_UNIT ( $, .STERADIAN. ) SOLID_ANGLE_UNIT ( ) );
#3102 = VECTOR ( 'NONE', #1096, 1000.000000000000000 ) ;
#3103 =( NAMED_UNIT ( * ) SI_UNIT ( $, .STERADIAN. ) SOLID_ANGLE_UNIT ( ) );
#3104 = ORIENTED_EDGE ( 'NONE', *, *, #3070, .F. ) ;
#3105 = VECTOR ( 'NONE', #2783, 1000.000000000000000 ) ;
#3106 =( LENGTH_UNIT ( ) NAMED_UNIT ( * ) SI_UNIT ( .MILLI., .METRE. ) );
#3107 = VECTOR ( 'NONE', #504, 1000.000000000000114 ) ;
#3108 = EDGE_CURVE ( 'NONE', #4516, #4318, #138, .T. ) ;
#3109 = VECTOR ( 'NONE', #1365, 1000.000000000000227 ) ;
#3110 = DIRECTION ( 'NONE',  ( 1.141265444721583511E-16, -1.000000000000000000, 0.000000000000000000 ) ) ;
#3111 = FILL_AREA_STYLE ('',( #517 ) ) ;
#3112 = ORIENTED_EDGE ( 'NONE', *, *, #1242, .T. ) ;
#3113 = LINE ( 'NONE', #176, #3671 ) ;
#3114 = CARTESIAN_POINT ( 'NONE',  ( 2.000000000000000000, 5.999999999999999112, -2.470399538941275619 ) ) ;
#3115 = TOROIDAL_SURFACE ( 'NONE', #3202, 0.1911654362906815563, 0.2999999999999999889 ) ;
#3116 = ADVANCED_FACE ( 'NONE', ( #965 ), #2709, .F. ) ;
#3117 = FILL_AREA_STYLE_COLOUR ( '', #4382 ) ;
#3118 = ORIENTED_EDGE ( 'NONE', *, *, #3578, .T. ) ;
#3119 = CARTESIAN_POINT ( 'NONE',  ( 2.000000000000000000, 6.921432421494547960, -5.262072792150289224 ) ) ;
#3120 = ORIENTED_EDGE ( 'NONE', *, *, #568, .F. ) ;
#3121 = FACE_OUTER_BOUND ( 'NONE', #715, .T. ) ;
#3122 = DIRECTION ( 'NONE',  ( 1.000000000000000000, 0.000000000000000000, 0.000000000000000000 ) ) ;
#3123 = DIRECTION ( 'NONE',  ( -1.000000000000000000, -0.000000000000000000, -0.000000000000000000 ) ) ;
#3124 = DIRECTION ( 'NONE',  ( -0.2488271308658504544, 0.2751748116042141423, -0.9286354946929684662 ) ) ;
#3125 = DIRECTION ( 'NONE',  ( 0.2488271308658488445, 0.2751748116042141978, -0.9286354946929687992 ) ) ;
#3126 = VECTOR ( 'NONE', #2757, 1000.000000000000000 ) ;
#3127 = LINE ( 'NONE', #3926, #2113 ) ;
#3128 = VERTEX_POINT ( 'NONE', #1589 ) ;
#3129 = LINE ( 'NONE', #3512, #4502 ) ;
#3130 = CARTESIAN_POINT ( 'NONE',  ( 1.499999999999999112, 1.500000000000000000, 0.7500000000000000000 ) ) ;
#3131 = COLOUR_RGB ( '',0.2509803921568627416, 0.2509803921568627416, 0.2509803921568627416 ) ;
#3132 = CARTESIAN_POINT ( 'NONE',  ( -3.000000000000000000, 6.449086202862900130, -2.470399538941275619 ) ) ;
#3133 = SURFACE_STYLE_FILL_AREA ( #894 ) ;
#3134 = ORIENTED_EDGE ( 'NONE', *, *, #2818, .T. ) ;
#3135 = EDGE_CURVE ( 'NONE', #362, #1880, #1986, .T. ) ;
#3136 = CARTESIAN_POINT ( 'NONE',  ( 2.354342932042938319, 6.106181276738049668, -6.957383397140283421 ) ) ;
#3137 = ADVANCED_BREP_SHAPE_REPRESENTATION ( 'ADTS24NV', ( #2631, #753 ), #3162 ) ;
#3138 = UNCERTAINTY_MEASURE_WITH_UNIT (LENGTH_MEASURE( 1.000000000000000082E-05 ), #4250, 'distance_accuracy_value', 'NONE');
#3139 = CARTESIAN_POINT ( 'NONE',  ( 2.000000000000000000, 6.449086202862900130, -2.470399538941275619 ) ) ;
#3140 = ORIENTED_EDGE ( 'NONE', *, *, #3726, .F. ) ;
#3141 = ADVANCED_FACE ( 'NONE', ( #4575, #1271 ), #584, .T. ) ;
#3142 = DIRECTION ( 'NONE',  ( 0.000000000000000000, 0.000000000000000000, 1.000000000000000000 ) ) ;
#3143 = DIRECTION ( 'NONE',  ( 1.734723475976809560E-16, -1.000000000000000000, 0.000000000000000000 ) ) ;
#3144 = VERTEX_POINT ( 'NONE', #2881 ) ;
#3145 = SURFACE_STYLE_FILL_AREA ( #1585 ) ;
#3146 =( LENGTH_UNIT ( ) NAMED_UNIT ( * ) SI_UNIT ( .MILLI., .METRE. ) );
#3147 = CARTESIAN_POINT ( 'NONE',  ( -3.000000000000000000, -6.449086202862900130, -2.470399538941273843 ) ) ;
#3148 = ORIENTED_EDGE ( 'NONE', *, *, #1862, .T. ) ;
#3149 = EDGE_CURVE ( 'NONE', #734, #668, #1470, .T. ) ;
#3150 =( NAMED_UNIT ( * ) SI_UNIT ( $, .STERADIAN. ) SOLID_ANGLE_UNIT ( ) );
#3151 = CARTESIAN_POINT ( 'NONE',  ( -2.000000000000000000, -6.449086202862900130, -2.470399538941273843 ) ) ;
#3152 =( LENGTH_UNIT ( ) NAMED_UNIT ( * ) SI_UNIT ( .MILLI., .METRE. ) );
#3153 = VECTOR ( 'NONE', #4292, 1000.000000000000000 ) ;
#3154 = CARTESIAN_POINT ( 'NONE',  ( -2.000000000000000000, -6.149086202862900308, -3.727673206435405451 ) ) ;
#3155 = PRESENTATION_LAYER_ASSIGNMENT (  '', '', ( #1596 ) ) ;
#3156 = DIRECTION ( 'NONE',  ( -1.000000000000000000, 0.000000000000000000, 0.000000000000000000 ) ) ;
#3157 = DIRECTION ( 'NONE',  ( -0.000000000000000000, 0.000000000000000000, 1.000000000000000000 ) ) ;
#3158 = VERTEX_POINT ( 'NONE', #3590 ) ;
#3159 = SURFACE_STYLE_USAGE ( .BOTH. , #4580 ) ;
#3160 = CARTESIAN_POINT ( 'NONE',  ( -4.020519679137759539, 4.119475320510217031, -0.05000000000000000278 ) ) ;
#3161 = MECHANICAL_DESIGN_GEOMETRIC_PRESENTATION_REPRESENTATION (  '', ( #822 ), #3876 ) ;
#3162 =( GEOMETRIC_REPRESENTATION_CONTEXT ( 3 ) GLOBAL_UNCERTAINTY_ASSIGNED_CONTEXT ( ( #126 ) ) GLOBAL_UNIT_ASSIGNED_CONTEXT ( ( #1824, #669, #3683 ) ) REPRESENTATION_CONTEXT ( 'NONE', 'WORKASPACE' ) );
#3164 = CARTESIAN_POINT ( 'NONE',  ( 1.899999999999999023, -1.900000000000001465, 3.649999999999999467 ) ) ;
#3163 = VECTOR ( 'NONE', #4446, 1000.000000000000000 ) ;
#3165 = FILL_AREA_STYLE_COLOUR ( '', #60 ) ;
#3166 = ORIENTED_EDGE ( 'NONE', *, *, #3300, .T. ) ;
#3167 = DIRECTION ( 'NONE',  ( -0.000000000000000000, -0.000000000000000000, -1.000000000000000000 ) ) ;
#3168 = PRESENTATION_LAYER_ASSIGNMENT (  '', '', ( #2537 ) ) ;
#3169 = VECTOR ( 'NONE', #2670, 1000.000000000000000 ) ;
#3170 = EDGE_CURVE ( 'NONE', #2613, #12, #4760, .T. ) ;
#3171 = EDGE_CURVE ( 'NONE', #2855, #2970, #724, .T. ) ;
#3172 = AXIS2_PLACEMENT_3D ( 'NONE', #1390, #2892, #4706 ) ;
#3173 = PRESENTATION_STYLE_ASSIGNMENT (( #3605 ) ) ;
#3174 = EDGE_LOOP ( 'NONE', ( #3189, #367, #3391, #3415, #991, #4237, #1767, #4101, #4639, #3166 ) ) ;
#3175 = ORIENTED_EDGE ( 'NONE', *, *, #3059, .T. ) ;
#3176 = STYLED_ITEM ( 'NONE', ( #772 ), #747 ) ;
#3177 = DIRECTION ( 'NONE',  ( -1.734723475976809560E-16, 1.000000000000000000, 0.000000000000000000 ) ) ;
#3178 = PLANE ( 'NONE',  #4787 ) ;
#3179 = AXIS2_PLACEMENT_3D ( 'NONE', #650, #236, #4663 ) ;
#3180 = EDGE_CURVE ( 'NONE', #4328, #778, #3309, .T. ) ;
#3181 =( NAMED_UNIT ( * ) PLANE_ANGLE_UNIT ( ) SI_UNIT ( $, .RADIAN. ) );
#3182 = ORIENTED_EDGE ( 'NONE', *, *, #3824, .F. ) ;
#3183 = VECTOR ( 'NONE', #886, 1000.000000000000000 ) ;
#3184 = CARTESIAN_POINT ( 'NONE',  ( -2.000000000000000000, -6.921432421494546183, -5.262072792150291001 ) ) ;
#3185 = SURFACE_STYLE_FILL_AREA ( #3949 ) ;
#3186 = CARTESIAN_POINT ( 'NONE',  ( -3.000000000000000000, -6.250000000000000888, -7.149999999999997691 ) ) ;
#3187 = ADVANCED_FACE ( 'NONE', ( #3690 ), #337, .T. ) ;
#3188 = CARTESIAN_POINT ( 'NONE',  ( -5.100000000000001421, 4.999999999999998224, -0.05000000000000000278 ) ) ;
#3189 = ORIENTED_EDGE ( 'NONE', *, *, #1469, .T. ) ;
#3190 = VECTOR ( 'NONE', #1948, 1000.000000000000000 ) ;
#3191 = CARTESIAN_POINT ( 'NONE',  ( -2.000000000000000000, 6.149086202862900308, -2.770399538941275441 ) ) ;
#3192 = AXIS2_PLACEMENT_3D ( 'NONE', #4142, #2271, #2963 ) ;
#3193 = MECHANICAL_DESIGN_GEOMETRIC_PRESENTATION_REPRESENTATION (  '', ( #9 ), #1173 ) ;
#3194 = PRESENTATION_STYLE_ASSIGNMENT (( #2051 ) ) ;
#3195 = CARTESIAN_POINT ( 'NONE',  ( 1.499999999999999112, 1.500000000000000000, 1.949999999999999956 ) ) ;
#3196 = VERTEX_POINT ( 'NONE', #4073 ) ;
#3197 = MECHANICAL_DESIGN_GEOMETRIC_PRESENTATION_REPRESENTATION (  '', ( #2956 ), #4732 ) ;
#3198 = UNCERTAINTY_MEASURE_WITH_UNIT (LENGTH_MEASURE( 1.000000000000000082E-05 ), #3106, 'distance_accuracy_value', 'NONE');
#3199 = MECHANICAL_DESIGN_GEOMETRIC_PRESENTATION_REPRESENTATION (  '', ( #3756 ), #939 ) ;
#3200 = CYLINDRICAL_SURFACE ( 'NONE', #3265, 0.1000000000000002554 ) ;
#3201 = PLANE ( 'NONE',  #3776 ) ;
#3202 = AXIS2_PLACEMENT_3D ( 'NONE', #3857, #4598, #967 ) ;
#3203 =( LENGTH_UNIT ( ) NAMED_UNIT ( * ) SI_UNIT ( .MILLI., .METRE. ) );
#3204 = DIRECTION ( 'NONE',  ( 0.000000000000000000, -0.2867062765227775811, 0.9580185337468395401 ) ) ;
#3205 = EDGE_LOOP ( 'NONE', ( #1383, #4460, #120, #4589 ) ) ;
#3206 = DIRECTION ( 'NONE',  ( 0.000000000000000000, 0.2841106857314363299, -0.9587914884129984383 ) ) ;
#3207 = FACE_OUTER_BOUND ( 'NONE', #2659, .T. ) ;
#3208 = VERTEX_POINT ( 'NONE', #4741 ) ;
#3209 = SURFACE_STYLE_USAGE ( .BOTH. , #3229 ) ;
#3210 = FACE_OUTER_BOUND ( 'NONE', #3693, .T. ) ;
#3211 = ADVANCED_FACE ( 'NONE', ( #3287 ), #266, .F. ) ;
#3212 =( LENGTH_UNIT ( ) NAMED_UNIT ( * ) SI_UNIT ( .MILLI., .METRE. ) );
#3213 = PRESENTATION_LAYER_ASSIGNMENT (  '', '', ( #1112 ) ) ;
#3214 = ORIENTED_EDGE ( 'NONE', *, *, #791, .T. ) ;
#3215 = FACE_OUTER_BOUND ( 'NONE', #3296, .T. ) ;
#3216 = PLANE ( 'NONE',  #3324 ) ;
#3217 = SURFACE_STYLE_FILL_AREA ( #3236 ) ;
#3218 = CARTESIAN_POINT ( 'NONE',  ( -3.000000000000000000, 6.608412929275199410, -5.262496658105769498 ) ) ;
#3219 = DIRECTION ( 'NONE',  ( 1.000000000000000000, 0.000000000000000000, 0.000000000000000000 ) ) ;
#3220 = ORIENTED_EDGE ( 'NONE', *, *, #4698, .F. ) ;
#3221 = EDGE_CURVE ( 'NONE', #4232, #4328, #4275, .T. ) ;
#3222 =( NAMED_UNIT ( * ) SI_UNIT ( $, .STERADIAN. ) SOLID_ANGLE_UNIT ( ) );
#3223 = VECTOR ( 'NONE', #2421, 1000.000000000000000 ) ;
#3224 = DIRECTION ( 'NONE',  ( -0.000000000000000000, -0.000000000000000000, 1.000000000000000000 ) ) ;
#3225 = EDGE_LOOP ( 'NONE', ( #340, #3182, #2885, #3970 ) ) ;
#3226 = ORIENTED_EDGE ( 'NONE', *, *, #1099, .T. ) ;
#3227 = CARTESIAN_POINT ( 'NONE',  ( 4.211685115428442927, 4.119475320510217031, 0.7999999999999998224 ) ) ;
#3228 = VERTEX_POINT ( 'NONE', #811 ) ;
#3229 = SURFACE_SIDE_STYLE ('',( #2784 ) ) ;
#3230 = LINE ( 'NONE', #336, #1048 ) ;
#3231 = SURFACE_SIDE_STYLE ('',( #1811 ) ) ;
#3232 = CARTESIAN_POINT ( 'NONE',  ( -3.549999999999999822, 0.000000000000000000, -0.05000000000000000278 ) ) ;
#3233 = ADVANCED_FACE ( 'NONE', ( #1939 ), #459, .T. ) ;
#3234 = ORIENTED_EDGE ( 'NONE', *, *, #2908, .F. ) ;
#3235 = DIRECTION ( 'NONE',  ( -0.000000000000000000, -0.000000000000000000, -1.000000000000000000 ) ) ;
#3236 = FILL_AREA_STYLE ('',( #1196 ) ) ;
#3237 = COLOUR_RGB ( '',0.2509803921568627416, 0.2509803921568627416, 0.2509803921568627416 ) ;
#3238 = DIRECTION ( 'NONE',  ( 0.000000000000000000, -0.2841106857314363299, -0.9587914884129984383 ) ) ;
#3239 = LINE ( 'NONE', #1381, #249 ) ;
#3240 = PRESENTATION_STYLE_ASSIGNMENT (( #1703 ) ) ;
#3241 = ORIENTED_EDGE ( 'NONE', *, *, #25, .T. ) ;
#3242 = SURFACE_STYLE_USAGE ( .BOTH. , #713 ) ;
#3243 = CIRCLE ( 'NONE', #4613, 0.1911654362906825000 ) ;
#3244 = UNCERTAINTY_MEASURE_WITH_UNIT (LENGTH_MEASURE( 1.000000000000000082E-05 ), #4564, 'distance_accuracy_value', 'NONE');
#3245 = EDGE_CURVE ( 'NONE', #986, #260, #1511, .T. ) ;
#3246 = VECTOR ( 'NONE', #2232, 1000.000000000000227 ) ;
#3247 = COLOUR_RGB ( '',0.2509803921568627416, 0.2509803921568627416, 0.2509803921568627416 ) ;
#3248 = DIRECTION ( 'NONE',  ( -1.000000000000000000, -0.000000000000000000, -0.000000000000000000 ) ) ;
#3249 = ORIENTED_EDGE ( 'NONE', *, *, #3245, .F. ) ;
#3250 = SHAPE_DEFINITION_REPRESENTATION ( #98, #3137 ) ;
#3251 =( LENGTH_UNIT ( ) NAMED_UNIT ( * ) SI_UNIT ( .MILLI., .METRE. ) );
#3252 = ORIENTED_EDGE ( 'NONE', *, *, #877, .F. ) ;
#3253 = STYLED_ITEM ( 'NONE', ( #2583 ), #679 ) ;
#3254 = UNCERTAINTY_MEASURE_WITH_UNIT (LENGTH_MEASURE( 1.000000000000000082E-05 ), #4471, 'distance_accuracy_value', 'NONE');
#3255 = CIRCLE ( 'NONE', #68, 0.4911654362906824334 ) ;
#3256 = SURFACE_STYLE_FILL_AREA ( #283 ) ;
#3257 = VECTOR ( 'NONE', #2608, 1000.000000000000227 ) ;
#3258 = EDGE_LOOP ( 'NONE', ( #4103, #4069 ) ) ;
#3259 = CARTESIAN_POINT ( 'NONE',  ( 4.999999999999992006, 5.999999999999999112, 0.000000000000000000 ) ) ;
#3260 = DIRECTION ( 'NONE',  ( 0.000000000000000000, -0.2841106857314363299, -0.9587914884129984383 ) ) ;
#3261 =( LENGTH_UNIT ( ) NAMED_UNIT ( * ) SI_UNIT ( .MILLI., .METRE. ) );
#3262 =( GEOMETRIC_REPRESENTATION_CONTEXT ( 3 ) GLOBAL_UNCERTAINTY_ASSIGNED_CONTEXT ( ( #3349 ) ) GLOBAL_UNIT_ASSIGNED_CONTEXT ( ( #637, #1059, #1747 ) ) REPRESENTATION_CONTEXT ( 'NONE', 'WORKASPACE' ) );
#3263 = PRESENTATION_STYLE_ASSIGNMENT (( #290 ) ) ;
#3264 = MECHANICAL_DESIGN_GEOMETRIC_PRESENTATION_REPRESENTATION (  '', ( #1613 ), #697 ) ;
#3265 = AXIS2_PLACEMENT_3D ( 'NONE', #2403, #3521, #1259 ) ;
#3266 = DIRECTION ( 'NONE',  ( 0.000000000000000000, 0.000000000000000000, 1.000000000000000000 ) ) ;
#3267 = EDGE_LOOP ( 'NONE', ( #3734, #4041, #298, #2053 ) ) ;
#3268 =( NAMED_UNIT ( * ) PLANE_ANGLE_UNIT ( ) SI_UNIT ( $, .RADIAN. ) );
#3269 = CARTESIAN_POINT ( 'NONE',  ( 3.000000000000000000, -6.149086202862900308, -2.770399538941273665 ) ) ;
#3270 = DIRECTION ( 'NONE',  ( -1.000000000000000000, 0.000000000000000000, 0.000000000000000000 ) ) ;
#3271 = DIRECTION ( 'NONE',  ( -1.000000000000000000, 0.000000000000000000, -0.000000000000000000 ) ) ;
#3272 = ORIENTED_EDGE ( 'NONE', *, *, #907, .F. ) ;
#3273 =( NAMED_UNIT ( * ) SI_UNIT ( $, .STERADIAN. ) SOLID_ANGLE_UNIT ( ) );
#3274 = ADVANCED_FACE ( 'NONE', ( #3710 ), #358, .T. ) ;
#3275 = PRESENTATION_LAYER_ASSIGNMENT (  '', '', ( #4350 ) ) ;
#3276 = DIRECTION ( 'NONE',  ( 1.734723475976809560E-16, -1.000000000000000000, 0.000000000000000000 ) ) ;
#3277 = VERTEX_POINT ( 'NONE', #1235 ) ;
#3278 = PRESENTATION_LAYER_ASSIGNMENT (  '', '', ( #3353 ) ) ;
#3279 = EDGE_LOOP ( 'NONE', ( #2652, #4288, #1230, #1346 ) ) ;
#3280 =( NAMED_UNIT ( * ) PLANE_ANGLE_UNIT ( ) SI_UNIT ( $, .RADIAN. ) );
#3281 = MECHANICAL_DESIGN_GEOMETRIC_PRESENTATION_REPRESENTATION (  '', ( #2481 ), #2718 ) ;
#3282 = CARTESIAN_POINT ( 'NONE',  ( 3.000000000000000000, -6.149086202862900308, -2.770399538941273665 ) ) ;
#3283 =( NAMED_UNIT ( * ) PLANE_ANGLE_UNIT ( ) SI_UNIT ( $, .RADIAN. ) );
#3284 = ORIENTED_EDGE ( 'NONE', *, *, #2592, .F. ) ;
#3285 = CARTESIAN_POINT ( 'NONE',  ( -3.000000000000000000, 6.449086202862900130, -3.683745183551862201 ) ) ;
#3286 = DIRECTION ( 'NONE',  ( 1.000000000000000000, 0.000000000000000000, 0.000000000000000000 ) ) ;
#3287 = FACE_OUTER_BOUND ( 'NONE', #4606, .T. ) ;
#3288 = SURFACE_STYLE_FILL_AREA ( #1788 ) ;
#3289 = PLANE ( 'NONE',  #221 ) ;
#3290 = COLOUR_RGB ( '',0.2509803921568627416, 0.2509803921568627416, 0.2509803921568627416 ) ;
#3291 =( LENGTH_UNIT ( ) NAMED_UNIT ( * ) SI_UNIT ( .MILLI., .METRE. ) );
#3292 = ORIENTED_EDGE ( 'NONE', *, *, #3851, .T. ) ;
#3293 = SURFACE_STYLE_FILL_AREA ( #1062 ) ;
#3294 = DIRECTION ( 'NONE',  ( 0.000000000000000000, -0.9587914884129985493, 0.2841106857314363854 ) ) ;
#3295 =( NAMED_UNIT ( * ) SI_UNIT ( $, .STERADIAN. ) SOLID_ANGLE_UNIT ( ) );
#3296 = EDGE_LOOP ( 'NONE', ( #2911, #1630, #4584, #4686 ) ) ;
#3297 = PRESENTATION_STYLE_ASSIGNMENT (( #2171 ) ) ;
#3298 = EDGE_CURVE ( 'NONE', #2379, #1095, #113, .T. ) ;
#3299 = FILL_AREA_STYLE ('',( #3628 ) ) ;
#3300 = EDGE_CURVE ( 'NONE', #4469, #1275, #4592, .T. ) ;
#3301 = SURFACE_STYLE_USAGE ( .BOTH. , #1480 ) ;
#3302 = ORIENTED_EDGE ( 'NONE', *, *, #1593, .T. ) ;
#3303 = EDGE_LOOP ( 'NONE', ( #2451, #257, #4749, #1713, #4525 ) ) ;
#3304 = SURFACE_STYLE_FILL_AREA ( #1858 ) ;
#3305 = ADVANCED_FACE ( 'NONE', ( #3121 ), #3453, .T. ) ;
#3306 = ORIENTED_EDGE ( 'NONE', *, *, #1970, .F. ) ;
#3307 = FACE_OUTER_BOUND ( 'NONE', #1853, .T. ) ;
#3308 = DIRECTION ( 'NONE',  ( 0.000000000000000000, 0.000000000000000000, 1.000000000000000000 ) ) ;
#3309 = LINE ( 'NONE', #287, #3903 ) ;
#3310 = CARTESIAN_POINT ( 'NONE',  ( -3.000000000000000000, 6.149086202862900308, -2.770399538941275441 ) ) ;
#3311 = PRESENTATION_STYLE_ASSIGNMENT (( #4011 ) ) ;
#3312 = ORIENTED_EDGE ( 'NONE', *, *, #2569, .F. ) ;
#3313 = FILL_AREA_STYLE ('',( #1815 ) ) ;
#3314 = LINE ( 'NONE', #363, #1064 ) ;
#3315 = DIRECTION ( 'NONE',  ( -0.000000000000000000, 0.000000000000000000, 1.000000000000000000 ) ) ;
#3316 = EDGE_LOOP ( 'NONE', ( #2571, #4781, #3220, #4363 ) ) ;
#3317 = PLANE ( 'NONE',  #525 ) ;
#3318 = DIRECTION ( 'NONE',  ( 0.000000000000000000, 0.000000000000000000, 1.000000000000000000 ) ) ;
#3319 = MECHANICAL_DESIGN_GEOMETRIC_PRESENTATION_REPRESENTATION (  '', ( #4100 ), #1219 ) ;
#3320 = ORIENTED_EDGE ( 'NONE', *, *, #1300, .F. ) ;
#3321 = FACE_BOUND ( 'NONE', #2795, .T. ) ;
#3322 = SURFACE_SIDE_STYLE ('',( #4736 ) ) ;
#3323 = EDGE_CURVE ( 'NONE', #4537, #3354, #551, .T. ) ;
#3324 = AXIS2_PLACEMENT_3D ( 'NONE', #2837, #4581, #987 ) ;
#3325 = EDGE_CURVE ( 'NONE', #1422, #1540, #2041, .T. ) ;
#3326 = VECTOR ( 'NONE', #2921, 1000.000000000000000 ) ;
#3327 = SURFACE_STYLE_USAGE ( .BOTH. , #2482 ) ;
#3328 = ORIENTED_EDGE ( 'NONE', *, *, #488, .T. ) ;
#3329 = MECHANICAL_DESIGN_GEOMETRIC_PRESENTATION_REPRESENTATION (  '', ( #2532 ), #4038 ) ;
#3330 = CARTESIAN_POINT ( 'NONE',  ( -3.549999999999999822, 0.000000000000000000, 0.7500000000000000000 ) ) ;
#3331 =( GEOMETRIC_REPRESENTATION_CONTEXT ( 3 ) GLOBAL_UNCERTAINTY_ASSIGNED_CONTEXT ( ( #4088 ) ) GLOBAL_UNIT_ASSIGNED_CONTEXT ( ( #1452, #2437, #3695 ) ) REPRESENTATION_CONTEXT ( 'NONE', 'WORKASPACE' ) );
#3332 = PRESENTATION_STYLE_ASSIGNMENT (( #3731 ) ) ;
#3333 = EDGE_CURVE ( 'NONE', #3420, #2855, #4550, .T. ) ;
#3334 = STYLED_ITEM ( 'NONE', ( #1586 ), #735 ) ;
#3335 = MECHANICAL_DESIGN_GEOMETRIC_PRESENTATION_REPRESENTATION (  '', ( #460 ), #3577 ) ;
#3336 = FILL_AREA_STYLE_COLOUR ( '', #1849 ) ;
#3337 = ORIENTED_EDGE ( 'NONE', *, *, #4373, .F. ) ;
#3338 = CARTESIAN_POINT ( 'NONE',  ( -3.000000000000000000, 5.999999999999999112, -2.770399538941275441 ) ) ;
#3339 = PRESENTATION_STYLE_ASSIGNMENT (( #2964 ) ) ;
#3340 = ADVANCED_FACE ( 'NONE', ( #2359 ), #1683, .T. ) ;
#3341 = DIRECTION ( 'NONE',  ( 1.000000000000000000, -0.000000000000000000, -0.000000000000000000 ) ) ;
#3342 = CIRCLE ( 'NONE', #3814, 1.000000000000000000 ) ;
#3343 = ORIENTED_EDGE ( 'NONE', *, *, #1953, .T. ) ;
#3344 = FACE_OUTER_BOUND ( 'NONE', #2009, .T. ) ;
#3345 = CIRCLE ( 'NONE', #4717, 1.000000000000000000 ) ;
#3346 = CARTESIAN_POINT ( 'NONE',  ( -6.000000000000000888, 4.999999999999992006, -3.500000000000000000 ) ) ;
#3347 = VERTEX_POINT ( 'NONE', #834 ) ;
#3348 = PLANE ( 'NONE',  #4615 ) ;
#3349 = UNCERTAINTY_MEASURE_WITH_UNIT (LENGTH_MEASURE( 1.000000000000000082E-05 ), #637, 'distance_accuracy_value', 'NONE');
#3350 = AXIS2_PLACEMENT_3D ( 'NONE', #3086, #1277, #3882 ) ;
#3351 = STYLED_ITEM ( 'NONE', ( #3332 ), #3233 ) ;
#3352 = LINE ( 'NONE', #354, #4325 ) ;
#3353 = STYLED_ITEM ( 'NONE', ( #1241 ), #3081 ) ;
#3354 = VERTEX_POINT ( 'NONE', #3823 ) ;
#3355 = DIRECTION ( 'NONE',  ( 1.224646799147353207E-16, 1.000000000000000000, -0.000000000000000000 ) ) ;
#3356 = DIRECTION ( 'NONE',  ( 1.000000000000000000, 0.000000000000000000, -0.000000000000000000 ) ) ;
#3357 = AXIS2_PLACEMENT_3D ( 'NONE', #2299, #469, #3365 ) ;
#3358 = PRESENTATION_STYLE_ASSIGNMENT (( #1492 ) ) ;
#3359 = ORIENTED_EDGE ( 'NONE', *, *, #4698, .T. ) ;
#3360 = MECHANICAL_DESIGN_GEOMETRIC_PRESENTATION_REPRESENTATION (  '', ( #4578 ), #411 ) ;
#3361 = CARTESIAN_POINT ( 'NONE',  ( 3.000000000000000000, -6.449086202862900130, -2.470399538941273843 ) ) ;
#3362 = STYLED_ITEM ( 'NONE', ( #3609 ), #4731 ) ;
#3363 = DIRECTION ( 'NONE',  ( -0.000000000000000000, -0.000000000000000000, -1.000000000000000000 ) ) ;
#3364 = VERTEX_POINT ( 'NONE', #2828 ) ;
#3365 = DIRECTION ( 'NONE',  ( 0.000000000000000000, 0.000000000000000000, -1.000000000000000000 ) ) ;
#3366 = FACE_BOUND ( 'NONE', #2575, .T. ) ;
#3367 = STYLED_ITEM ( 'NONE', ( #1156 ), #4713 ) ;
#3368 = MECHANICAL_DESIGN_GEOMETRIC_PRESENTATION_REPRESENTATION (  '', ( #3844 ), #4149 ) ;
#3369 = CARTESIAN_POINT ( 'NONE',  ( -3.000000000000000000, 5.999999999999999112, -2.770399538941275441 ) ) ;
#3370 = EDGE_CURVE ( 'NONE', #494, #2056, #1758, .T. ) ;
#3371 = VERTEX_POINT ( 'NONE', #2179 ) ;
#3372 = FACE_OUTER_BOUND ( 'NONE', #2145, .T. ) ;
#3373 = VERTEX_POINT ( 'NONE', #2896 ) ;
#3374 = VECTOR ( 'NONE', #4230, 1000.000000000000000 ) ;
#3375 =( NAMED_UNIT ( * ) PLANE_ANGLE_UNIT ( ) SI_UNIT ( $, .RADIAN. ) );
#3376 = ORIENTED_EDGE ( 'NONE', *, *, #148, .F. ) ;
#3377 = FACE_OUTER_BOUND ( 'NONE', #518, .T. ) ;
#3378 = FILL_AREA_STYLE ('',( #3404 ) ) ;
#3379 = FILL_AREA_STYLE_COLOUR ( '', #2476 ) ;
#3380 = PRESENTATION_LAYER_ASSIGNMENT (  '', '', ( #4671 ) ) ;
#3381 = CARTESIAN_POINT ( 'NONE',  ( 0.000000000000000000, 0.000000000000000000, 0.7500000000000000000 ) ) ;
#3382 =( BOUNDED_CURVE ( )  B_SPLINE_CURVE ( 3, ( #3015, #3401, #1958, #3424 ),
 .UNSPECIFIED., .F., .T. ) 
 B_SPLINE_CURVE_WITH_KNOTS ( ( 4, 4 ),
 ( 4.424310216520057182, 6.283185307179586232 ),
 .UNSPECIFIED. ) 
 CURVE ( )  GEOMETRIC_REPRESENTATION_ITEM ( )  RATIONAL_B_SPLINE_CURVE ( ( 1.000000000000000000, 0.7321898417193803965, 0.7321898417193803965, 1.000000000000000000 ) ) 
 REPRESENTATION_ITEM ( '' )  );
#3383 = ORIENTED_EDGE ( 'NONE', *, *, #992, .F. ) ;
#3384 = DIRECTION ( 'NONE',  ( -0.000000000000000000, -0.000000000000000000, 1.000000000000000000 ) ) ;
#3385 = DIRECTION ( 'NONE',  ( -0.000000000000000000, 0.000000000000000000, 1.000000000000000000 ) ) ;
#3386 = AXIS2_PLACEMENT_3D ( 'NONE', #1007, #1763, #1400 ) ;
#3387 = EDGE_CURVE ( 'NONE', #1724, #346, #696, .T. ) ;
#3388 = ADVANCED_FACE ( 'NONE', ( #3684 ), #1805, .T. ) ;
#3389 = CARTESIAN_POINT ( 'NONE',  ( 3.529354242847077217, -3.871192841101213755, -0.05000000000000000278 ) ) ;
#3390 = SURFACE_SIDE_STYLE ('',( #1896 ) ) ;
#3391 = ORIENTED_EDGE ( 'NONE', *, *, #3170, .T. ) ;
#3392 = DIRECTION ( 'NONE',  ( 0.000000000000000000, 0.000000000000000000, 1.000000000000000000 ) ) ;
#3393 = CARTESIAN_POINT ( 'NONE',  ( -2.594045604771979541, -6.250000000000000888, -7.149999999999997691 ) ) ;
#3394 = CARTESIAN_POINT ( 'NONE',  ( 4.020519679137760427, -3.871192841101213755, 0.7999999999999998224 ) ) ;
#3395 = ORIENTED_EDGE ( 'NONE', *, *, #511, .T. ) ;
#3396 =( LENGTH_UNIT ( ) NAMED_UNIT ( * ) SI_UNIT ( .MILLI., .METRE. ) );
#3397 = CARTESIAN_POINT ( 'NONE',  ( 3.000000000000000000, -6.149086202862900308, -2.770399538941273665 ) ) ;
#3398 = UNCERTAINTY_MEASURE_WITH_UNIT (LENGTH_MEASURE( 1.000000000000000082E-05 ), #1239, 'distance_accuracy_value', 'NONE');
#3399 = EDGE_CURVE ( 'NONE', #547, #2971, #4289, .T. ) ;
#3400 = MECHANICAL_DESIGN_GEOMETRIC_PRESENTATION_REPRESENTATION (  '', ( #1055 ), #447 ) ;
#3401 = CARTESIAN_POINT ( 'NONE',  ( -2.617541998851001139, -6.075089173487177696, -7.062310263502427965 ) ) ;
#3402 = ORIENTED_EDGE ( 'NONE', *, *, #1678, .F. ) ;
#3403 = CARTESIAN_POINT ( 'NONE',  ( -3.000000000000000000, -6.921432421494546183, -5.262072792150291001 ) ) ;
#3404 = FILL_AREA_STYLE_COLOUR ( '', #4770 ) ;
#3405 = STYLED_ITEM ( 'NONE', ( #4539 ), #3485 ) ;
#3406 = STYLED_ITEM ( 'NONE', ( #2719 ), #4294 ) ;
#3407 = AXIS2_PLACEMENT_3D ( 'NONE', #2162, #342, #3670 ) ;
#3408 = MECHANICAL_DESIGN_GEOMETRIC_PRESENTATION_REPRESENTATION (  '', ( #3653 ), #131 ) ;
#3409 =( NAMED_UNIT ( * ) SI_UNIT ( $, .STERADIAN. ) SOLID_ANGLE_UNIT ( ) );
#3410 = LINE ( 'NONE', #3759, #245 ) ;
#3411 = FILL_AREA_STYLE_COLOUR ( '', #2298 ) ;
#3412 = CIRCLE ( 'NONE', #1311, 0.4911654362906811011 ) ;
#3413 = FILL_AREA_STYLE_COLOUR ( '', #3437 ) ;
#3414 = SURFACE_STYLE_USAGE ( .BOTH. , #3390 ) ;
#3415 = ORIENTED_EDGE ( 'NONE', *, *, #3899, .T. ) ;
#3416 = DIRECTION ( 'NONE',  ( 1.000000000000000000, 0.000000000000000000, 0.000000000000000000 ) ) ;
#3417 = DIRECTION ( 'NONE',  ( -1.000000000000000000, -3.614007241618347785E-16, 0.000000000000000000 ) ) ;
#3418 =( GEOMETRIC_REPRESENTATION_CONTEXT ( 3 ) GLOBAL_UNCERTAINTY_ASSIGNED_CONTEXT ( ( #3254 ) ) GLOBAL_UNIT_ASSIGNED_CONTEXT ( ( #4471, #2599, #4780 ) ) REPRESENTATION_CONTEXT ( 'NONE', 'WORKASPACE' ) );
#3419 = SURFACE_STYLE_FILL_AREA ( #1576 ) ;
#3420 = VERTEX_POINT ( 'NONE', #4042 ) ;
#3421 = EDGE_CURVE ( 'NONE', #1847, #3158, #2425, .T. ) ;
#3422 = FILL_AREA_STYLE ('',( #3789 ) ) ;
#3423 = FACE_OUTER_BOUND ( 'NONE', #1633, .T. ) ;
#3424 = CARTESIAN_POINT ( 'NONE',  ( -2.594045604771979541, -6.250000000000000888, -7.149999999999997691 ) ) ;
#3425 = ORIENTED_EDGE ( 'NONE', *, *, #2758, .F. ) ;
#3426 = STYLED_ITEM ( 'NONE', ( #588 ), #2823 ) ;
#3427 = DIRECTION ( 'NONE',  ( -1.000000000000000000, -0.000000000000000000, -0.000000000000000000 ) ) ;
#3428 = VECTOR ( 'NONE', #3924, 1000.000000000000000 ) ;
#3429 = SURFACE_STYLE_FILL_AREA ( #4177 ) ;
#3430 = AXIS2_PLACEMENT_3D ( 'NONE', #22, #1942, #813 ) ;
#3431 =( NAMED_UNIT ( * ) SI_UNIT ( $, .STERADIAN. ) SOLID_ANGLE_UNIT ( ) );
#3432 = STYLED_ITEM ( 'NONE', ( #4204 ), #3340 ) ;
#3433 = PLANE ( 'NONE',  #1854 ) ;
#3434 = CARTESIAN_POINT ( 'NONE',  ( 2.000000000000000000, 5.999999999999999112, -2.470399538941275619 ) ) ;
#3435 = VECTOR ( 'NONE', #3167, 1000.000000000000000 ) ;
#3436 = SURFACE_STYLE_USAGE ( .BOTH. , #3076 ) ;
#3437 = COLOUR_RGB ( '',0.2509803921568627416, 0.2509803921568627416, 0.2509803921568627416 ) ;
#3438 = CARTESIAN_POINT ( 'NONE',  ( -5.999999999999999112, -5.000000000000000888, 0.000000000000000000 ) ) ;
#3439 = DIRECTION ( 'NONE',  ( 1.000000000000000000, -0.000000000000000000, -0.000000000000000000 ) ) ;
#3440 = ORIENTED_EDGE ( 'NONE', *, *, #4644, .F. ) ;
#3441 = CARTESIAN_POINT ( 'NONE',  ( -3.000000000000000000, -5.999999999999999112, -2.470399538941273843 ) ) ;
#3442 = LINE ( 'NONE', #4212, #623 ) ;
#3443 = DIRECTION ( 'NONE',  ( -0.000000000000000000, -0.2841106857314363299, -0.9587914884129984383 ) ) ;
#3444 =( NAMED_UNIT ( * ) SI_UNIT ( $, .STERADIAN. ) SOLID_ANGLE_UNIT ( ) );
#3445 = EDGE_LOOP ( 'NONE', ( #4633, #3919, #1447, #1121, #4257, #4662 ) ) ;
#3446 = PRODUCT ( 'ADTS24NV', 'ADTS24NV', '', ( #1078 ) ) ;
#3447 = DIRECTION ( 'NONE',  ( -0.000000000000000000, 0.000000000000000000, -1.000000000000000000 ) ) ;
#3448 = UNCERTAINTY_MEASURE_WITH_UNIT (LENGTH_MEASURE( 1.000000000000000082E-05 ), #1265, 'distance_accuracy_value', 'NONE');
#3449 = EDGE_CURVE ( 'NONE', #655, #1332, #4337, .T. ) ;
#3450 = CARTESIAN_POINT ( 'NONE',  ( -1.968186945856542192, -6.846120243237616698, -5.516229637045746870 ) ) ;
#3451 = ORIENTED_EDGE ( 'NONE', *, *, #1394, .T. ) ;
#3452 = CARTESIAN_POINT ( 'NONE',  ( 4.020519679137760427, 4.119475320510217031, -0.05000000000000000278 ) ) ;
#3453 = PLANE ( 'NONE',  #1473 ) ;
#3454 =( NAMED_UNIT ( * ) SI_UNIT ( $, .STERADIAN. ) SOLID_ANGLE_UNIT ( ) );
#3455 = EDGE_CURVE ( 'NONE', #4398, #2259, #2453, .T. ) ;
#3456 = LINE ( 'NONE', #2012, #3105 ) ;
#3457 = VECTOR ( 'NONE', #421, 1000.000000000000000 ) ;
#3458 = CARTESIAN_POINT ( 'NONE',  ( 4.999999999999998224, 5.099999999999999645, 0.000000000000000000 ) ) ;
#3459 = PRESENTATION_STYLE_ASSIGNMENT (( #3436 ) ) ;
#3460 = ADVANCED_FACE ( 'NONE', ( #2503 ), #238, .T. ) ;
#3461 = LINE ( 'NONE', #1971, #3999 ) ;
#3462 =( LENGTH_UNIT ( ) NAMED_UNIT ( * ) SI_UNIT ( .MILLI., .METRE. ) );
#3463 = ORIENTED_EDGE ( 'NONE', *, *, #591, .T. ) ;
#3464 = CARTESIAN_POINT ( 'NONE',  ( -2.377181100683779302, -6.393818723261947667, -7.042616602859716579 ) ) ;
#3465 = DIRECTION ( 'NONE',  ( 0.000000000000000000, 0.2867062765227760823, 0.9580185337468402063 ) ) ;
#3466 =( NAMED_UNIT ( * ) SI_UNIT ( $, .STERADIAN. ) SOLID_ANGLE_UNIT ( ) );
#3467 = CARTESIAN_POINT ( 'NONE',  ( 2.000000000000000000, -6.810938584589626643, -5.634957571453078629 ) ) ;
#3468 = ORIENTED_EDGE ( 'NONE', *, *, #239, .F. ) ;
#3469 = PRESENTATION_STYLE_ASSIGNMENT (( #124 ) ) ;
#3470 = FILL_AREA_STYLE ('',( #3045 ) ) ;
#3471 = DIRECTION ( 'NONE',  ( -1.000000000000000000, 0.000000000000000000, 0.000000000000000000 ) ) ;
#3472 =( NAMED_UNIT ( * ) PLANE_ANGLE_UNIT ( ) SI_UNIT ( $, .RADIAN. ) );
#3473 = EDGE_CURVE ( 'NONE', #2525, #1326, #552, .T. ) ;
#3474 = EDGE_CURVE ( 'NONE', #2379, #2522, #50, .T. ) ;
#3475 =( LENGTH_UNIT ( ) NAMED_UNIT ( * ) SI_UNIT ( .MILLI., .METRE. ) );
#3476 = VECTOR ( 'NONE', #2785, 1000.000000000000000 ) ;
#3477 = FILL_AREA_STYLE_COLOUR ( '', #1008 ) ;
#3478 = CARTESIAN_POINT ( 'NONE',  ( -3.000000000000000000, -5.999999999999999112, -2.770399538941273665 ) ) ;
#3479 = EDGE_CURVE ( 'NONE', #3373, #3196, #1037, .T. ) ;
#3480 = DIRECTION ( 'NONE',  ( 0.000000000000000000, 0.9580185337468400952, -0.2867062765227762489 ) ) ;
#3481 = MECHANICAL_DESIGN_GEOMETRIC_PRESENTATION_REPRESENTATION (  '', ( #2766 ), #1914 ) ;
#3482 = LINE ( 'NONE', #1694, #3374 ) ;
#3483 = SURFACE_STYLE_USAGE ( .BOTH. , #512 ) ;
#3484 = ORIENTED_EDGE ( 'NONE', *, *, #2572, .T. ) ;
#3485 = ADVANCED_FACE ( 'NONE', ( #1920 ), #2715, .T. ) ;
#3486 = FILL_AREA_STYLE ('',( #918 ) ) ;
#3487 = AXIS2_PLACEMENT_3D ( 'NONE', #3218, #4676, #3238 ) ;
#3488 = PLANE ( 'NONE',  #1141 ) ;
#3489 = FACE_OUTER_BOUND ( 'NONE', #3267, .T. ) ;
#3490 = DIRECTION ( 'NONE',  ( -1.000000000000000000, 0.000000000000000000, 0.000000000000000000 ) ) ;
#3491 = SURFACE_STYLE_USAGE ( .BOTH. , #3517 ) ;
#3492 = ORIENTED_EDGE ( 'NONE', *, *, #505, .T. ) ;
#3493 = DIRECTION ( 'NONE',  ( -0.000000000000000000, -0.000000000000000000, -1.000000000000000000 ) ) ;
#3494 = LINE ( 'NONE', #2696, #925 ) ;
#3495 = FILL_AREA_STYLE_COLOUR ( '', #604 ) ;
#3496 = UNCERTAINTY_MEASURE_WITH_UNIT (LENGTH_MEASURE( 1.000000000000000082E-05 ), #4495, 'distance_accuracy_value', 'NONE');
#3497 = AXIS2_PLACEMENT_3D ( 'NONE', #1038, #1102, #1382 ) ;
#3498 = FILL_AREA_STYLE_COLOUR ( '', #2535 ) ;
#3499 = CARTESIAN_POINT ( 'NONE',  ( 5.100000000000000533, 8.847089727481724070E-16, 0.000000000000000000 ) ) ;
#3500 = ORIENTED_EDGE ( 'NONE', *, *, #2172, .F. ) ;
#3501 = DIRECTION ( 'NONE',  ( -0.000000000000000000, -1.000000000000000000, 0.000000000000000000 ) ) ;
#3502 = VERTEX_POINT ( 'NONE', #3860 ) ;
#3503 = SURFACE_STYLE_FILL_AREA ( #2011 ) ;
#3504 = CARTESIAN_POINT ( 'NONE',  ( -4.020519679137759539, 4.119475320510217031, 0.4999999999999997780 ) ) ;
#3505 =( NAMED_UNIT ( * ) SI_UNIT ( $, .STERADIAN. ) SOLID_ANGLE_UNIT ( ) );
#3506 = DIRECTION ( 'NONE',  ( -1.000000000000000000, 0.000000000000000000, -0.000000000000000000 ) ) ;
#3507 = DIRECTION ( 'NONE',  ( 1.000000000000000000, -0.000000000000000000, -0.000000000000000000 ) ) ;
#3508 = EDGE_CURVE ( 'NONE', #2136, #3158, #1518, .T. ) ;
#3509 = COLOUR_RGB ( '',0.2509803921568627416, 0.2509803921568627416, 0.2509803921568627416 ) ;
#3510 = STYLED_ITEM ( 'NONE', ( #1164 ), #3010 ) ;
#3511 = ORIENTED_EDGE ( 'NONE', *, *, #941, .T. ) ;
#3512 = CARTESIAN_POINT ( 'NONE',  ( 1.968186945856540415, -6.846120243237617586, -5.516229637045745093 ) ) ;
#3513 = LINE ( 'NONE', #470, #2095 ) ;
#3514 = COLOUR_RGB ( '',1.000000000000000000, 1.000000000000000000, 1.000000000000000000 ) ;
#3515 = MECHANICAL_DESIGN_GEOMETRIC_PRESENTATION_REPRESENTATION (  '', ( #2107 ), #2645 ) ;
#3516 = SURFACE_STYLE_USAGE ( .BOTH. , #4236 ) ;
#3517 = SURFACE_SIDE_STYLE ('',( #4583 ) ) ;
#3518 = ORIENTED_EDGE ( 'NONE', *, *, #87, .F. ) ;
#3519 = DIRECTION ( 'NONE',  ( 1.000000000000000000, 0.000000000000000000, 0.000000000000000000 ) ) ;
#3520 = ADVANCED_FACE ( 'NONE', ( #1991 ), #3488, .F. ) ;
#3521 = DIRECTION ( 'NONE',  ( -0.000000000000000000, -0.000000000000000000, 1.000000000000000000 ) ) ;
#3522 =( GEOMETRIC_REPRESENTATION_CONTEXT ( 3 ) GLOBAL_UNCERTAINTY_ASSIGNED_CONTEXT ( ( #4637 ) ) GLOBAL_UNIT_ASSIGNED_CONTEXT ( ( #4308, #2038, #3548 ) ) REPRESENTATION_CONTEXT ( 'NONE', 'WORKASPACE' ) );
#3523 = EDGE_LOOP ( 'NONE', ( #2434, #1020, #2622, #1737 ) ) ;
#3524 = SURFACE_SIDE_STYLE ('',( #903 ) ) ;
#3525 = CARTESIAN_POINT ( 'NONE',  ( -3.000000000000000000, 6.608412929275199410, -5.262496658105769498 ) ) ;
#3526 = ORIENTED_EDGE ( 'NONE', *, *, #4274, .T. ) ;
#3527 = DIRECTION ( 'NONE',  ( 0.2488271308658521197, 0.2751748116042139203, 0.9286354946929680221 ) ) ;
#3528 = DIRECTION ( 'NONE',  ( 0.000000000000000000, 0.000000000000000000, -1.000000000000000000 ) ) ;
#3529 = DIRECTION ( 'NONE',  ( -0.000000000000000000, -0.000000000000000000, 1.000000000000000000 ) ) ;
#3530 = CARTESIAN_POINT ( 'NONE',  ( -4.999999999999993783, 5.999999999999999112, -3.500000000000000000 ) ) ;
#3531 = COLOUR_RGB ( '',0.2509803921568627416, 0.2509803921568627416, 0.2509803921568627416 ) ;
#3532 = ORIENTED_EDGE ( 'NONE', *, *, #2959, .F. ) ;
#3533 = PLANE ( 'NONE',  #3679 ) ;
#3534 = ADVANCED_FACE ( 'NONE', ( #919 ), #1295, .F. ) ;
#3535 = CARTESIAN_POINT ( 'NONE',  ( -2.000000000000000000, -5.999999999999999112, -2.770399538941273665 ) ) ;
#3536 = CARTESIAN_POINT ( 'NONE',  ( -2.000000000000000000, -6.149086202862900308, -2.770399538941273665 ) ) ;
#3537 = EDGE_CURVE ( 'NONE', #2987, #931, #2366, .T. ) ;
#3538 = DIRECTION ( 'NONE',  ( 1.000000000000000000, 0.000000000000000000, 0.000000000000000000 ) ) ;
#3539 = DIRECTION ( 'NONE',  ( 0.000000000000000000, -0.2867062765227762489, -0.9580185337468400952 ) ) ;
#3540 =( BOUNDED_CURVE ( )  B_SPLINE_CURVE ( 3, ( #4628, #1322, #3984, #2117 ),
 .UNSPECIFIED., .F., .F. ) 
 B_SPLINE_CURVE_WITH_KNOTS ( ( 4, 4 ),
 ( 1.858875090659581675, 5.000467744249322166 ),
 .UNSPECIFIED. ) 
 CURVE ( )  GEOMETRIC_REPRESENTATION_ITEM ( )  RATIONAL_B_SPLINE_CURVE ( ( 1.000000000000000000, 0.3333333333333508564, 0.3333333333333508564, 1.000000000000000000 ) ) 
 REPRESENTATION_ITEM ( '' )  );
#3541 = ORIENTED_EDGE ( 'NONE', *, *, #3640, .F. ) ;
#3542 = SURFACE_STYLE_FILL_AREA ( #2072 ) ;
#3543 = ADVANCED_FACE ( 'NONE', ( #969 ), #3216, .F. ) ;
#3544 = VECTOR ( 'NONE', #190, 1000.000000000000000 ) ;
#3545 =( NAMED_UNIT ( * ) PLANE_ANGLE_UNIT ( ) SI_UNIT ( $, .RADIAN. ) );
#3546 = DIRECTION ( 'NONE',  ( 0.000000000000000000, -0.2867062765227762489, -0.9580185337468400952 ) ) ;
#3547 = ORIENTED_EDGE ( 'NONE', *, *, #291, .T. ) ;
#3548 =( NAMED_UNIT ( * ) SI_UNIT ( $, .STERADIAN. ) SOLID_ANGLE_UNIT ( ) );
#3549 = EDGE_LOOP ( 'NONE', ( #2439, #2199 ) ) ;
#3550 = DIRECTION ( 'NONE',  ( 0.000000000000000000, 0.2867062765227775811, -0.9580185337468395401 ) ) ;
#3551 = EDGE_CURVE ( 'NONE', #1461, #1163, #2395, .T. ) ;
#3552 = UNCERTAINTY_MEASURE_WITH_UNIT (LENGTH_MEASURE( 1.000000000000000082E-05 ), #930, 'distance_accuracy_value', 'NONE');
#3553 = SURFACE_SIDE_STYLE ('',( #2042 ) ) ;
#3554 = DIRECTION ( 'NONE',  ( -1.734723475976809560E-16, 1.000000000000000000, -0.000000000000000000 ) ) ;
#3555 = ORIENTED_EDGE ( 'NONE', *, *, #1318, .T. ) ;
#3556 =( NAMED_UNIT ( * ) PLANE_ANGLE_UNIT ( ) SI_UNIT ( $, .RADIAN. ) );
#3557 = CARTESIAN_POINT ( 'NONE',  ( 2.622818899316225583, 6.393818723261949444, -7.042616602859713915 ) ) ;
#3558 = MECHANICAL_DESIGN_GEOMETRIC_PRESENTATION_REPRESENTATION (  '', ( #3870 ), #4029 ) ;
#3559 = PLANE ( 'NONE',  #185 ) ;
#3560 = PRESENTATION_LAYER_ASSIGNMENT (  '', '', ( #54 ) ) ;
#3561 = PLANE ( 'NONE',  #1237 ) ;
#3562 = ORIENTED_EDGE ( 'NONE', *, *, #601, .F. ) ;
#3563 = CARTESIAN_POINT ( 'NONE',  ( 4.020519679137760427, -3.871192841101213755, -0.05000000000000000278 ) ) ;
#3564 =( NAMED_UNIT ( * ) SI_UNIT ( $, .STERADIAN. ) SOLID_ANGLE_UNIT ( ) );
#3566 = DIRECTION ( 'NONE',  ( 1.000000000000000000, 0.000000000000000000, 0.000000000000000000 ) ) ;
#3565 = AXIS2_PLACEMENT_3D ( 'NONE', #2468, #1700, #641 ) ;
#3567 = CIRCLE ( 'NONE', #2529, 1.000000000000000000 ) ;
#3569 = LINE ( 'NONE', #2026, #4176 ) ;
#3568 = AXIS2_PLACEMENT_3D ( 'NONE', #2568, #4394, #2491 ) ;
#3570 = SURFACE_SIDE_STYLE ('',( #948 ) ) ;
#3571 = AXIS2_PLACEMENT_3D ( 'NONE', #4590, #1264, #549 ) ;
#3572 = PRESENTATION_LAYER_ASSIGNMENT (  '', '', ( #374 ) ) ;
#3573 = ORIENTED_EDGE ( 'NONE', *, *, #453, .T. ) ;
#3574 = AXIS2_PLACEMENT_3D ( 'NONE', #4045, #720, #698 ) ;
#3575 = LINE ( 'NONE', #2420, #3030 ) ;
#3576 = COLOUR_RGB ( '',0.2509803921568627416, 0.2509803921568627416, 0.2509803921568627416 ) ;
#3577 =( GEOMETRIC_REPRESENTATION_CONTEXT ( 3 ) GLOBAL_UNCERTAINTY_ASSIGNED_CONTEXT ( ( #3244 ) ) GLOBAL_UNIT_ASSIGNED_CONTEXT ( ( #4564, #3040, #3444 ) ) REPRESENTATION_CONTEXT ( 'NONE', 'WORKASPACE' ) );
#3578 = EDGE_CURVE ( 'NONE', #1127, #1477, #3540, .T. ) ;
#3579 = SURFACE_STYLE_USAGE ( .BOTH. , #2748 ) ;
#3580 = ORIENTED_EDGE ( 'NONE', *, *, #3969, .F. ) ;
#3581 = CYLINDRICAL_SURFACE ( 'NONE', #3179, 0.1000000000000002554 ) ;
#3582 = EDGE_LOOP ( 'NONE', ( #3241, #4488, #1729, #1710 ) ) ;
#3583 = DIRECTION ( 'NONE',  ( 1.000000000000000000, -0.000000000000000000, -0.000000000000000000 ) ) ;
#3584 = DIRECTION ( 'NONE',  ( 0.000000000000000000, 0.000000000000000000, 1.000000000000000000 ) ) ;
#3585 = MECHANICAL_DESIGN_GEOMETRIC_PRESENTATION_REPRESENTATION (  '', ( #3665 ), #229 ) ;
#3586 = COLOUR_RGB ( '',1.000000000000000000, 1.000000000000000000, 1.000000000000000000 ) ;
#3587 =( NAMED_UNIT ( * ) SI_UNIT ( $, .STERADIAN. ) SOLID_ANGLE_UNIT ( ) );
#3588 = ORIENTED_EDGE ( 'NONE', *, *, #2518, .T. ) ;
#3589 = CARTESIAN_POINT ( 'NONE',  ( 1.899999999999999023, -1.900000000000001465, 3.649999999999999467 ) ) ;
#3590 = CARTESIAN_POINT ( 'NONE',  ( -4.511685115428440085, -3.871192841101213755, 0.4999999999999997780 ) ) ;
#3591 = FILL_AREA_STYLE ('',( #2088 ) ) ;
#3592 = EDGE_CURVE ( 'NONE', #424, #671, #4282, .T. ) ;
#3593 = VERTEX_POINT ( 'NONE', #944 ) ;
#3594 = PRESENTATION_STYLE_ASSIGNMENT (( #3159 ) ) ;
#3595 = DIRECTION ( 'NONE',  ( 0.000000000000000000, -0.000000000000000000, 1.000000000000000000 ) ) ;
#3596 = CARTESIAN_POINT ( 'NONE',  ( 2.000000000000000000, -6.149086202862900308, -2.770399538941273665 ) ) ;
#3597 = CIRCLE ( 'NONE', #3192, 0.2999999999999999889 ) ;
#3598 = SURFACE_SIDE_STYLE ('',( #3644 ) ) ;
#3599 = DIRECTION ( 'NONE',  ( 0.000000000000000000, 0.000000000000000000, 1.000000000000000000 ) ) ;
#3600 = ORIENTED_EDGE ( 'NONE', *, *, #4680, .F. ) ;
#3601 = DIRECTION ( 'NONE',  ( 0.000000000000000000, 0.000000000000000000, 1.000000000000000000 ) ) ;
#3602 = VECTOR ( 'NONE', #1982, 1000.000000000000000 ) ;
#3603 = PRESENTATION_LAYER_ASSIGNMENT (  '', '', ( #1335 ) ) ;
#3604 = UNCERTAINTY_MEASURE_WITH_UNIT (LENGTH_MEASURE( 1.000000000000000082E-05 ), #4562, 'distance_accuracy_value', 'NONE');
#3605 = SURFACE_STYLE_USAGE ( .BOTH. , #233 ) ;
#3606 = DIRECTION ( 'NONE',  ( 1.224646799147353207E-16, 1.000000000000000000, -0.000000000000000000 ) ) ;
#3607 = EDGE_LOOP ( 'NONE', ( #742, #4280, #3947, #996 ) ) ;
#3608 = VECTOR ( 'NONE', #3156, 1000.000000000000000 ) ;
#3609 = PRESENTATION_STYLE_ASSIGNMENT (( #2007 ) ) ;
#3610 = FACE_OUTER_BOUND ( 'NONE', #4353, .T. ) ;
#3611 = SURFACE_SIDE_STYLE ('',( #4364 ) ) ;
#3612 = ADVANCED_FACE ( 'NONE', ( #2938 ), #4377, .T. ) ;
#3613 = UNCERTAINTY_MEASURE_WITH_UNIT (LENGTH_MEASURE( 1.000000000000000082E-05 ), #313, 'distance_accuracy_value', 'NONE');
#3614 = EDGE_CURVE ( 'NONE', #968, #2987, #2887, .T. ) ;
#3615 =( LENGTH_UNIT ( ) NAMED_UNIT ( * ) SI_UNIT ( .MILLI., .METRE. ) );
#3616 = ORIENTED_EDGE ( 'NONE', *, *, #2725, .F. ) ;
#3617 = DIRECTION ( 'NONE',  ( 0.000000000000000000, 0.000000000000000000, 1.000000000000000000 ) ) ;
#3618 = LINE ( 'NONE', #3976, #2675 ) ;
#3619 = FACE_OUTER_BOUND ( 'NONE', #1305, .T. ) ;
#3620 = ORIENTED_EDGE ( 'NONE', *, *, #349, .F. ) ;
#3621 = LINE ( 'NONE', #1378, #3827 ) ;
#3622 = CARTESIAN_POINT ( 'NONE',  ( 3.549999999999999822, 4.347496136973103873E-16, 0.7500000000000000000 ) ) ;
#3623 = SURFACE_STYLE_USAGE ( .BOTH. , #642 ) ;
#3624 =( NAMED_UNIT ( * ) PLANE_ANGLE_UNIT ( ) SI_UNIT ( $, .RADIAN. ) );
#3625 =( LENGTH_UNIT ( ) NAMED_UNIT ( * ) SI_UNIT ( .MILLI., .METRE. ) );
#3626 = ORIENTED_EDGE ( 'NONE', *, *, #3656, .F. ) ;
#3627 = VECTOR ( 'NONE', #3916, 1000.000000000000000 ) ;
#3628 = FILL_AREA_STYLE_COLOUR ( '', #2372 ) ;
#3629 = CARTESIAN_POINT ( 'NONE',  ( 1.899999999999999023, -1.900000000000001465, 1.949999999999999956 ) ) ;
#3630 = ORIENTED_EDGE ( 'NONE', *, *, #4274, .F. ) ;
#3631 = ORIENTED_EDGE ( 'NONE', *, *, #3370, .F. ) ;
#3632 = DIRECTION ( 'NONE',  ( -0.000000000000000000, -0.000000000000000000, 1.000000000000000000 ) ) ;
#3633 =( NAMED_UNIT ( * ) PLANE_ANGLE_UNIT ( ) SI_UNIT ( $, .RADIAN. ) );
#3634 = CARTESIAN_POINT ( 'NONE',  ( 2.000000000000000000, -6.921432421494546183, -5.262072792150291001 ) ) ;
#3635 = ORIENTED_EDGE ( 'NONE', *, *, #19, .T. ) ;
#3636 = LINE ( 'NONE', #4049, #4466 ) ;
#3637 = PRESENTATION_STYLE_ASSIGNMENT (( #3978 ) ) ;
#3638 = CARTESIAN_POINT ( 'NONE',  ( -2.645657067957064346, 6.106181276738049668, -6.957383397140283421 ) ) ;
#3639 = FILL_AREA_STYLE ('',( #1835 ) ) ;
#3640 = EDGE_CURVE ( 'NONE', #2132, #4469, #1014, .T. ) ;
#3641 = CARTESIAN_POINT ( 'NONE',  ( -2.000000000000000000, 6.449086202862900130, -2.470399538941275619 ) ) ;
#3642 = VERTEX_POINT ( 'NONE', #2517 ) ;
#3643 = CIRCLE ( 'NONE', #1515, 0.1911654362906825000 ) ;
#3644 = SURFACE_STYLE_FILL_AREA ( #662 ) ;
#3645 = SURFACE_STYLE_USAGE ( .BOTH. , #2494 ) ;
#3646 = EDGE_LOOP ( 'NONE', ( #1774, #1592, #1181, #227 ) ) ;
#3647 = MECHANICAL_DESIGN_GEOMETRIC_PRESENTATION_REPRESENTATION (  '', ( #3405 ), #2919 ) ;
#3648 =( NAMED_UNIT ( * ) PLANE_ANGLE_UNIT ( ) SI_UNIT ( $, .RADIAN. ) );
#3649 = CLOSED_SHELL ( 'NONE', ( #4395, #4242, #735, #4508, #4731, #1894, #2985, #3962, #1438, #1160, #1746, #1122, #3612, #136, #1616, #4056, #4059, #733, #3305, #4755, #3944, #1587, #1061, #3520, #1024, #3707, #3116, #1069, #3840, #3460, #1959, #3187, #1092, #1301, #2867, #797, #198, #4533, #4294, #4672, #2823, #2315, #1436, #3141, #1797, #2460, #4713, #4253, #1922, #2013, #4538, #251, #4215, #2664, #920, #2716, #1091, #172, #3388, #394, #2256, #93, #2019, #4319, #2806, #2268, #2050, #3081, #4559, #3233, #2714, #3697, #83, #2343, #31, #3010, #2071, #3703, #3485, #4739, #2487, #815, #4304, #4323, #3274, #1053, #679, #2786, #1741, #2682, #3912, #4582, #473, #3340, #624, #4677, #3211, #4359, #883, #2157, #3543, #747, #3534, #1931, #1645, #1003 ) ) ;
#3650 = UNCERTAINTY_MEASURE_WITH_UNIT (LENGTH_MEASURE( 1.000000000000000082E-05 ), #201, 'distance_accuracy_value', 'NONE');
#3651 = PRODUCT_DEFINITION_FORMATION_WITH_SPECIFIED_SOURCE ( 'ANY', '', #3446, .NOT_KNOWN. ) ;
#3652 = AXIS2_PLACEMENT_3D ( 'NONE', #718, #3037, #799 ) ;
#3653 = STYLED_ITEM ( 'NONE', ( #1018 ), #172 ) ;
#3654 =( NAMED_UNIT ( * ) SI_UNIT ( $, .STERADIAN. ) SOLID_ANGLE_UNIT ( ) );
#3655 = COLOUR_RGB ( '',1.000000000000000000, 1.000000000000000000, 1.000000000000000000 ) ;
#3656 = EDGE_CURVE ( 'NONE', #3914, #1427, #3314, .T. ) ;
#3657 = FACE_OUTER_BOUND ( 'NONE', #1760, .T. ) ;
#3658 = VERTEX_POINT ( 'NONE', #1839 ) ;
#3659 =( NAMED_UNIT ( * ) SI_UNIT ( $, .STERADIAN. ) SOLID_ANGLE_UNIT ( ) );
#3660 =( LENGTH_UNIT ( ) NAMED_UNIT ( * ) SI_UNIT ( .MILLI., .METRE. ) );
#3661 = ORIENTED_EDGE ( 'NONE', *, *, #1358, .F. ) ;
#3662 = SURFACE_STYLE_USAGE ( .BOTH. , #2151 ) ;
#3663 = DIRECTION ( 'NONE',  ( 1.000000000000000000, 0.000000000000000000, -0.000000000000000000 ) ) ;
#3664 = FILL_AREA_STYLE_COLOUR ( '', #3131 ) ;
#3665 = STYLED_ITEM ( 'NONE', ( #4075 ), #2050 ) ;
#3666 = VECTOR ( 'NONE', #2021, 1000.000000000000000 ) ;
#3667 = MECHANICAL_DESIGN_GEOMETRIC_PRESENTATION_REPRESENTATION (  '', ( #771 ), #1539 ) ;
#3668 = ORIENTED_EDGE ( 'NONE', *, *, #766, .F. ) ;
#3669 = LINE ( 'NONE', #2193, #3102 ) ;
#3670 = DIRECTION ( 'NONE',  ( 0.000000000000000000, 0.000000000000000000, -1.000000000000000000 ) ) ;
#3671 = VECTOR ( 'NONE', #2017, 1000.000000000000000 ) ;
#3672 = EDGE_CURVE ( 'NONE', #1508, #2971, #709, .T. ) ;
#3673 = LINE ( 'NONE', #1380, #689 ) ;
#3674 = STYLED_ITEM ( 'NONE', ( #3594 ), #2806 ) ;
#3675 = CARTESIAN_POINT ( 'NONE',  ( -3.000000000000000000, -6.449086202862900130, -2.470399538941273843 ) ) ;
#3676 = ORIENTED_EDGE ( 'NONE', *, *, #2291, .F. ) ;
#3677 =( LENGTH_UNIT ( ) NAMED_UNIT ( * ) SI_UNIT ( .MILLI., .METRE. ) );
#3678 = EDGE_CURVE ( 'NONE', #4318, #943, #4695, .T. ) ;
#3679 = AXIS2_PLACEMENT_3D ( 'NONE', #3, #1013, #1768 ) ;
#3680 = DIRECTION ( 'NONE',  ( 0.000000000000000000, -1.000000000000000000, 0.000000000000000000 ) ) ;
#3681 = STYLED_ITEM ( 'NONE', ( #3637 ), #3187 ) ;
#3682 = ORIENTED_EDGE ( 'NONE', *, *, #1970, .T. ) ;
#3683 =( NAMED_UNIT ( * ) SI_UNIT ( $, .STERADIAN. ) SOLID_ANGLE_UNIT ( ) );
#3684 = FACE_OUTER_BOUND ( 'NONE', #2449, .T. ) ;
#3685 = EDGE_CURVE ( 'NONE', #2083, #1802, #2150, .T. ) ;
#3686 = PRESENTATION_LAYER_ASSIGNMENT (  '', '', ( #410 ) ) ;
#3687 = VERTEX_POINT ( 'NONE', #2588 ) ;
#3688 = CARTESIAN_POINT ( 'NONE',  ( 2.000000000000000000, 5.999999999999999112, -2.770399538941275441 ) ) ;
#3689 = CARTESIAN_POINT ( 'NONE',  ( 2.000000000000000000, 5.999999999999999112, -3.500000000000000000 ) ) ;
#3690 = FACE_OUTER_BOUND ( 'NONE', #2586, .T. ) ;
#3691 = TOROIDAL_SURFACE ( 'NONE', #2260, 0.1911654362906827498, 0.2999999999999999889 ) ;
#3692 = AXIS2_PLACEMENT_3D ( 'NONE', #1182, #1231, #3046 ) ;
#3693 = EDGE_LOOP ( 'NONE', ( #978, #2893, #4047, #651, #2297 ) ) ;
#3694 = CARTESIAN_POINT ( 'NONE',  ( -2.000000000000000000, 6.149086202862900308, -2.770399538941275441 ) ) ;
#3695 =( NAMED_UNIT ( * ) SI_UNIT ( $, .STERADIAN. ) SOLID_ANGLE_UNIT ( ) );
#3696 = VERTEX_POINT ( 'NONE', #3269 ) ;
#3697 = ADVANCED_FACE ( 'NONE', ( #4745 ), #1472, .F. ) ;
#3698 = DIRECTION ( 'NONE',  ( 1.000000000000000000, 0.000000000000000000, -0.000000000000000000 ) ) ;
#3699 = SURFACE_STYLE_FILL_AREA ( #1042 ) ;
#3700 = COLOUR_RGB ( '',0.2509803921568627416, 0.2509803921568627416, 0.2509803921568627416 ) ;
#3701 = FILL_AREA_STYLE ('',( #714 ) ) ;
#3702 = ORIENTED_EDGE ( 'NONE', *, *, #2569, .T. ) ;
#3703 = ADVANCED_FACE ( 'NONE', ( #1566 ), #1969, .T. ) ;
#3704 = ORIENTED_EDGE ( 'NONE', *, *, #1469, .F. ) ;
#3705 = FACE_OUTER_BOUND ( 'NONE', #4458, .T. ) ;
#3706 = ORIENTED_EDGE ( 'NONE', *, *, #87, .T. ) ;
#3707 = ADVANCED_FACE ( 'NONE', ( #1542 ), #73, .F. ) ;
#3708 = SURFACE_SIDE_STYLE ('',( #2880 ) ) ;
#3709 = CARTESIAN_POINT ( 'NONE',  ( -4.211685115428440263, -3.871192841101213755, 0.4999999999999997780 ) ) ;
#3710 = FACE_OUTER_BOUND ( 'NONE', #699, .T. ) ;
#3711 =( NAMED_UNIT ( * ) PLANE_ANGLE_UNIT ( ) SI_UNIT ( $, .RADIAN. ) );
#3712 = EDGE_CURVE ( 'NONE', #3354, #2079, #1943, .T. ) ;
#3713 = VERTEX_POINT ( 'NONE', #4511 ) ;
#3714 = DIRECTION ( 'NONE',  ( 1.000000000000000000, -0.000000000000000000, -0.000000000000000000 ) ) ;
#3715 =( NAMED_UNIT ( * ) PLANE_ANGLE_UNIT ( ) SI_UNIT ( $, .RADIAN. ) );
#3716 = ORIENTED_EDGE ( 'NONE', *, *, #1358, .T. ) ;
#3717 = SURFACE_STYLE_USAGE ( .BOTH. , #736 ) ;
#3718 =( NAMED_UNIT ( * ) PLANE_ANGLE_UNIT ( ) SI_UNIT ( $, .RADIAN. ) );
#3719 = LINE ( 'NONE', #277, #2692 ) ;
#3720 = COLOUR_RGB ( '',0.2509803921568627416, 0.2509803921568627416, 0.2509803921568627416 ) ;
#3721 = ORIENTED_EDGE ( 'NONE', *, *, #2223, .T. ) ;
#3722 = SURFACE_STYLE_USAGE ( .BOTH. , #785 ) ;
#3723 = DIRECTION ( 'NONE',  ( 1.000000000000000000, -5.706327223607918787E-17, -0.000000000000000000 ) ) ;
#3724 = VECTOR ( 'NONE', #3583, 1000.000000000000000 ) ;
#3725 = AXIS2_PLACEMENT_3D ( 'NONE', #3164, #3839, #3110 ) ;
#3726 = EDGE_CURVE ( 'NONE', #34, #931, #1134, .T. ) ;
#3727 = AXIS2_PLACEMENT_3D ( 'NONE', #435, #1607, #4107 ) ;
#3728 = CARTESIAN_POINT ( 'NONE',  ( -3.000000000000000000, 6.921432421494547960, -5.262072792150289224 ) ) ;
#3729 = ORIENTED_EDGE ( 'NONE', *, *, #1266, .T. ) ;
#3730 = STYLED_ITEM ( 'NONE', ( #2519 ), #473 ) ;
#3731 = SURFACE_STYLE_USAGE ( .BOTH. , #2634 ) ;
#3732 = FILL_AREA_STYLE ('',( #461 ) ) ;
#3733 = AXIS2_PLACEMENT_3D ( 'NONE', #2339, #1310, #1289 ) ;
#3734 = ORIENTED_EDGE ( 'NONE', *, *, #3592, .F. ) ;
#3735 =( LENGTH_UNIT ( ) NAMED_UNIT ( * ) SI_UNIT ( .MILLI., .METRE. ) );
#3736 =( GEOMETRIC_REPRESENTATION_CONTEXT ( 3 ) GLOBAL_UNCERTAINTY_ASSIGNED_CONTEXT ( ( #1738 ) ) GLOBAL_UNIT_ASSIGNED_CONTEXT ( ( #4595, #1334, #3098 ) ) REPRESENTATION_CONTEXT ( 'NONE', 'WORKASPACE' ) );
#3737 = SURFACE_SIDE_STYLE ('',( #24 ) ) ;
#3738 = EDGE_CURVE ( 'NONE', #1095, #3696, #4117, .T. ) ;
#3739 = SURFACE_STYLE_USAGE ( .BOTH. , #422 ) ;
#3740 = CARTESIAN_POINT ( 'NONE',  ( 5.999999999999999112, 4.999999999999992006, -3.500000000000000000 ) ) ;
#3741 =( NAMED_UNIT ( * ) PLANE_ANGLE_UNIT ( ) SI_UNIT ( $, .RADIAN. ) );
#3742 = ORIENTED_EDGE ( 'NONE', *, *, #568, .T. ) ;
#3743 = LINE ( 'NONE', #1144, #1913 ) ;
#3744 = PLANE ( 'NONE',  #4693 ) ;
#3745 = ORIENTED_EDGE ( 'NONE', *, *, #3672, .F. ) ;
#3746 = CARTESIAN_POINT ( 'NONE',  ( -2.000000000000000000, -6.000000000000000888, -2.770399538941273665 ) ) ;
#3747 = ORIENTED_EDGE ( 'NONE', *, *, #4790, .T. ) ;
#3748 = AXIS2_PLACEMENT_3D ( 'NONE', #865, #3529, #4619 ) ;
#3749 = VECTOR ( 'NONE', #683, 1000.000000000000114 ) ;
#3750 = ORIENTED_EDGE ( 'NONE', *, *, #2839, .T. ) ;
#3751 =( LENGTH_UNIT ( ) NAMED_UNIT ( * ) SI_UNIT ( .MILLI., .METRE. ) );
#3752 = EDGE_CURVE ( 'NONE', #760, #4221, #2661, .T. ) ;
#3753 =( NAMED_UNIT ( * ) PLANE_ANGLE_UNIT ( ) SI_UNIT ( $, .RADIAN. ) );
#3754 = VECTOR ( 'NONE', #183, 1000.000000000000227 ) ;
#3755 = VECTOR ( 'NONE', #896, 1000.000000000000000 ) ;
#3756 = STYLED_ITEM ( 'NONE', ( #3762 ), #1746 ) ;
#3757 = PRESENTATION_STYLE_ASSIGNMENT (( #439 ) ) ;
#3758 = ORIENTED_EDGE ( 'NONE', *, *, #1209, .F. ) ;
#3759 = CARTESIAN_POINT ( 'NONE',  ( 1.899999999999998579, 1.899999999999999245, 1.949999999999999956 ) ) ;
#3760 = FILL_AREA_STYLE_COLOUR ( '', #2062 ) ;
#3761 = DIRECTION ( 'NONE',  ( 1.000000000000000000, -0.000000000000000000, -0.000000000000000000 ) ) ;
#3762 = PRESENTATION_STYLE_ASSIGNMENT (( #4449 ) ) ;
#3763 = CARTESIAN_POINT ( 'NONE',  ( -3.000000000000000000, 6.249999999999999112, -6.999999999999999112 ) ) ;
#3764 = ORIENTED_EDGE ( 'NONE', *, *, #1770, .F. ) ;
#3765 = EDGE_CURVE ( 'NONE', #1577, #1946, #1517, .T. ) ;
#3766 = DIRECTION ( 'NONE',  ( 1.000000000000000000, 0.000000000000000000, 0.000000000000000000 ) ) ;
#3767 = CARTESIAN_POINT ( 'NONE',  ( -3.000000000000000000, -6.449086202862900130, -3.683745183551860425 ) ) ;
#3768 = ORIENTED_EDGE ( 'NONE', *, *, #2812, .F. ) ;
#3769 = SURFACE_STYLE_FILL_AREA ( #784 ) ;
#3770 = PRESENTATION_STYLE_ASSIGNMENT (( #3722 ) ) ;
#3771 = LINE ( 'NONE', #2950, #1519 ) ;
#3772 = PRESENTATION_LAYER_ASSIGNMENT (  '', '', ( #2055 ) ) ;
#3773 = ORIENTED_EDGE ( 'NONE', *, *, #497, .F. ) ;
#3774 = FILL_AREA_STYLE ('',( #4475 ) ) ;
#3775 =( LENGTH_UNIT ( ) NAMED_UNIT ( * ) SI_UNIT ( .MILLI., .METRE. ) );
#3776 = AXIS2_PLACEMENT_3D ( 'NONE', #3346, #4404, #3276 ) ;
#3777 = LINE ( 'NONE', #2676, #3257 ) ;
#3778 = EDGE_LOOP ( 'NONE', ( #279, #21, #2673, #4788, #3864, #4673 ) ) ;
#3779 = FACE_OUTER_BOUND ( 'NONE', #2973, .T. ) ;
#3780 = EDGE_CURVE ( 'NONE', #3696, #722, #3482, .T. ) ;
#3781 = LINE ( 'NONE', #4448, #827 ) ;
#3782 = CARTESIAN_POINT ( 'NONE',  ( 4.999999999999999112, 4.999999999999999112, 0.000000000000000000 ) ) ;
#3783 = ORIENTED_EDGE ( 'NONE', *, *, #2812, .T. ) ;
#3784 = DIRECTION ( 'NONE',  ( -0.000000000000000000, -0.000000000000000000, -1.000000000000000000 ) ) ;
#3785 = DIRECTION ( 'NONE',  ( 0.000000000000000000, 0.9580185337468402063, -0.2867062765227760823 ) ) ;
#3786 = DIRECTION ( 'NONE',  ( 0.000000000000000000, 0.000000000000000000, 1.000000000000000000 ) ) ;
#3787 = CARTESIAN_POINT ( 'NONE',  ( -1.500000000000001110, -1.500000000000000444, 0.7500000000000000000 ) ) ;
#3788 = ORIENTED_EDGE ( 'NONE', *, *, #2223, .F. ) ;
#3789 = FILL_AREA_STYLE_COLOUR ( '', #533 ) ;
#3790 = UNCERTAINTY_MEASURE_WITH_UNIT (LENGTH_MEASURE( 1.000000000000000082E-05 ), #94, 'distance_accuracy_value', 'NONE');
#3791 = MECHANICAL_DESIGN_GEOMETRIC_PRESENTATION_REPRESENTATION (  '', ( #1596 ), #1308 ) ;
#3792 = CARTESIAN_POINT ( 'NONE',  ( 2.000000000000000000, 6.449086202862900130, -3.683745183551862201 ) ) ;
#3793 = VERTEX_POINT ( 'NONE', #1638 ) ;
#3794 =( NAMED_UNIT ( * ) PLANE_ANGLE_UNIT ( ) SI_UNIT ( $, .RADIAN. ) );
#3795 = AXIS2_PLACEMENT_3D ( 'NONE', #2348, #3785, #3465 ) ;
#3796 = STYLED_ITEM ( 'NONE', ( #3194 ), #251 ) ;
#3797 = DIRECTION ( 'NONE',  ( 1.000000000000000000, 0.000000000000000000, 0.000000000000000000 ) ) ;
#3798 = COLOUR_RGB ( '',1.000000000000000000, 1.000000000000000000, 1.000000000000000000 ) ;
#3799 = COLOUR_RGB ( '',1.000000000000000000, 1.000000000000000000, 1.000000000000000000 ) ;
#3800 = CARTESIAN_POINT ( 'NONE',  ( 2.000000000000000000, 6.149086202862900308, -2.770399538941275441 ) ) ;
#3801 = VECTOR ( 'NONE', #26, 1000.000000000000000 ) ;
#3802 = MECHANICAL_DESIGN_GEOMETRIC_PRESENTATION_REPRESENTATION (  '', ( #454 ), #137 ) ;
#3803 = PLANE ( 'NONE',  #2936 ) ;
#3804 =( GEOMETRIC_REPRESENTATION_CONTEXT ( 3 ) GLOBAL_UNCERTAINTY_ASSIGNED_CONTEXT ( ( #1625 ) ) GLOBAL_UNIT_ASSIGNED_CONTEXT ( ( #4327, #4016, #1818 ) ) REPRESENTATION_CONTEXT ( 'NONE', 'WORKASPACE' ) );
#3805 =( LENGTH_UNIT ( ) NAMED_UNIT ( * ) SI_UNIT ( .MILLI., .METRE. ) );
#3806 = PRESENTATION_LAYER_ASSIGNMENT (  '', '', ( #3176 ) ) ;
#3807 = STYLED_ITEM ( 'NONE', ( #3841 ), #4242 ) ;
#3808 = CARTESIAN_POINT ( 'NONE',  ( -4.211685115428440263, -3.871192841101213755, 0.7999999999999998224 ) ) ;
#3809 = MECHANICAL_DESIGN_GEOMETRIC_PRESENTATION_REPRESENTATION (  '', ( #1457 ), #4786 ) ;
#3810 = ORIENTED_EDGE ( 'NONE', *, *, #135, .F. ) ;
#3811 = CARTESIAN_POINT ( 'NONE',  ( -2.000000000000000000, 5.999999999999999112, -2.470399538941275175 ) ) ;
#3812 = EDGE_CURVE ( 'NONE', #1880, #2230, #4316, .T. ) ;
#3813 = PRESENTATION_LAYER_ASSIGNMENT (  '', '', ( #2090 ) ) ;
#3814 = AXIS2_PLACEMENT_3D ( 'NONE', #3782, #4450, #1213 ) ;
#3815 = FILL_AREA_STYLE ('',( #849 ) ) ;
#3816 =( NAMED_UNIT ( * ) SI_UNIT ( $, .STERADIAN. ) SOLID_ANGLE_UNIT ( ) );
#3817 = ORIENTED_EDGE ( 'NONE', *, *, #3171, .F. ) ;
#3818 = CARTESIAN_POINT ( 'NONE',  ( 3.529354242847077217, -3.871192841101213755, -0.05000000000000000278 ) ) ;
#3819 = AXIS2_PLACEMENT_3D ( 'NONE', #3478, #3528, #3506 ) ;
#3820 = DIRECTION ( 'NONE',  ( 1.000000000000000000, -0.000000000000000000, -0.000000000000000000 ) ) ;
#3821 = FILL_AREA_STYLE ('',( #1203 ) ) ;
#3822 = DIRECTION ( 'NONE',  ( 1.000000000000000000, 0.000000000000000000, 0.000000000000000000 ) ) ;
#3823 = CARTESIAN_POINT ( 'NONE',  ( 3.000000000000000000, -6.449086202862900130, -2.470399538941273843 ) ) ;
#3824 = EDGE_CURVE ( 'NONE', #2813, #3065, #888, .T. ) ;
#3825 = PRESENTATION_LAYER_ASSIGNMENT (  '', '', ( #3681 ) ) ;
#3826 = SURFACE_SIDE_STYLE ('',( #3429 ) ) ;
#3827 = VECTOR ( 'NONE', #3235, 1000.000000000000000 ) ;
#3828 = CARTESIAN_POINT ( 'NONE',  ( -4.999999999999992006, -6.000000000000000888, -3.500000000000000000 ) ) ;
#3829 = MECHANICAL_DESIGN_GEOMETRIC_PRESENTATION_REPRESENTATION (  '', ( #3432 ), #2105 ) ;
#3830 = LINE ( 'NONE', #3100, #152 ) ;
#3831 =( NAMED_UNIT ( * ) PLANE_ANGLE_UNIT ( ) SI_UNIT ( $, .RADIAN. ) );
#3832 = COLOUR_RGB ( '',0.2509803921568627416, 0.2509803921568627416, 0.2509803921568627416 ) ;
#3833 = CARTESIAN_POINT ( 'NONE',  ( -2.405954395228027565, -6.250000000000000888, -7.149999999999997691 ) ) ;
#3834 = FILL_AREA_STYLE_COLOUR ( '', #3586 ) ;
#3835 = ORIENTED_EDGE ( 'NONE', *, *, #2572, .F. ) ;
#3836 =( NAMED_UNIT ( * ) PLANE_ANGLE_UNIT ( ) SI_UNIT ( $, .RADIAN. ) );
#3837 = DIRECTION ( 'NONE',  ( -0.000000000000000000, 0.000000000000000000, 1.000000000000000000 ) ) ;
#3838 = EDGE_CURVE ( 'NONE', #2525, #3373, #585, .T. ) ;
#3839 = DIRECTION ( 'NONE',  ( -1.000000000000000000, -1.141265444721583511E-16, 0.000000000000000000 ) ) ;
#3840 = ADVANCED_FACE ( 'NONE', ( #2810 ), #2833, .T. ) ;
#3841 = PRESENTATION_STYLE_ASSIGNMENT (( #1145 ) ) ;
#3842 = ORIENTED_EDGE ( 'NONE', *, *, #36, .F. ) ;
#3843 = FILL_AREA_STYLE ('',( #898 ) ) ;
#3844 = STYLED_ITEM ( 'NONE', ( #1051 ), #4582 ) ;
#3845 = UNCERTAINTY_MEASURE_WITH_UNIT (LENGTH_MEASURE( 1.000000000000000082E-05 ), #122, 'distance_accuracy_value', 'NONE');
#3846 =( NAMED_UNIT ( * ) SI_UNIT ( $, .STERADIAN. ) SOLID_ANGLE_UNIT ( ) );
#3847 = EDGE_CURVE ( 'NONE', #986, #3927, #1272, .T. ) ;
#3848 = ORIENTED_EDGE ( 'NONE', *, *, #4035, .T. ) ;
#3849 = CARTESIAN_POINT ( 'NONE',  ( 5.999999999999999112, 4.999999999999992006, -3.500000000000000000 ) ) ;
#3850 = CARTESIAN_POINT ( 'NONE',  ( 4.999999999999992006, 5.999999999999999112, 0.000000000000000000 ) ) ;
#3851 = EDGE_CURVE ( 'NONE', #3642, #1847, #2269, .T. ) ;
#3852 = LINE ( 'NONE', #3828, #403 ) ;
#3853 = MECHANICAL_DESIGN_GEOMETRIC_PRESENTATION_REPRESENTATION (  '', ( #4671 ), #4084 ) ;
#3854 = LINE ( 'NONE', #4228, #1706 ) ;
#3855 = CARTESIAN_POINT ( 'NONE',  ( 3.000000000000000000, 6.449086202862900130, -3.683745183551862201 ) ) ;
#3856 = CARTESIAN_POINT ( 'NONE',  ( 2.000000000000000000, 6.608412929275199410, -5.262496658105769498 ) ) ;
#3857 = CARTESIAN_POINT ( 'NONE',  ( -4.020519679137759539, 4.119475320510217031, 0.4999999999999997780 ) ) ;
#3858 = ORIENTED_EDGE ( 'NONE', *, *, #3016, .T. ) ;
#3859 =( NAMED_UNIT ( * ) PLANE_ANGLE_UNIT ( ) SI_UNIT ( $, .RADIAN. ) );
#3860 = CARTESIAN_POINT ( 'NONE',  ( 2.000000000000000000, 6.149086202862900308, -3.727673206435407227 ) ) ;
#3861 = SURFACE_STYLE_FILL_AREA ( #4519 ) ;
#3862 = DIRECTION ( 'NONE',  ( 1.000000000000000000, 0.000000000000000000, 0.000000000000000000 ) ) ;
#3863 = FACE_OUTER_BOUND ( 'NONE', #32, .T. ) ;
#3864 = ORIENTED_EDGE ( 'NONE', *, *, #3333, .F. ) ;
#3865 = CARTESIAN_POINT ( 'NONE',  ( 3.000000000000000000, -5.999999999999999112, -2.620399538941273754 ) ) ;
#3866 =( NAMED_UNIT ( * ) SI_UNIT ( $, .STERADIAN. ) SOLID_ANGLE_UNIT ( ) );
#3867 = LINE ( 'NONE', #523, #2931 ) ;
#3868 = ORIENTED_EDGE ( 'NONE', *, *, #1874, .T. ) ;
#3869 = EDGE_CURVE ( 'NONE', #778, #1312, #4251, .T. ) ;
#3870 = STYLED_ITEM ( 'NONE', ( #2510 ), #2157 ) ;
#3871 = DIRECTION ( 'NONE',  ( 0.000000000000000000, -0.9587914884129985493, -0.2841106857314363854 ) ) ;
#3872 = FACE_OUTER_BOUND ( 'NONE', #2092, .T. ) ;
#3873 = DIRECTION ( 'NONE',  ( 0.000000000000000000, -0.000000000000000000, 1.000000000000000000 ) ) ;
#3874 =( GEOMETRIC_REPRESENTATION_CONTEXT ( 3 ) GLOBAL_UNCERTAINTY_ASSIGNED_CONTEXT ( ( #2745 ) ) GLOBAL_UNIT_ASSIGNED_CONTEXT ( ( #2438, #971, #4659 ) ) REPRESENTATION_CONTEXT ( 'NONE', 'WORKASPACE' ) );
#3875 = PRESENTATION_LAYER_ASSIGNMENT (  '', '', ( #1142 ) ) ;
#3876 =( GEOMETRIC_REPRESENTATION_CONTEXT ( 3 ) GLOBAL_UNCERTAINTY_ASSIGNED_CONTEXT ( ( #630 ) ) GLOBAL_UNIT_ASSIGNED_CONTEXT ( ( #105, #1174, #1901 ) ) REPRESENTATION_CONTEXT ( 'NONE', 'WORKASPACE' ) );
#3877 = MECHANICAL_DESIGN_GEOMETRIC_PRESENTATION_REPRESENTATION (  '', ( #1143 ), #1923 ) ;
#3878 = DIRECTION ( 'NONE',  ( 0.000000000000000000, 0.000000000000000000, 1.000000000000000000 ) ) ;
#3879 = LINE ( 'NONE', #535, #3666 ) ;
#3880 = ORIENTED_EDGE ( 'NONE', *, *, #2249, .T. ) ;
#3881 =( LENGTH_UNIT ( ) NAMED_UNIT ( * ) SI_UNIT ( .MILLI., .METRE. ) );
#3882 = DIRECTION ( 'NONE',  ( -1.000000000000000000, 0.000000000000000000, 0.000000000000000000 ) ) ;
#3883 = EDGE_CURVE ( 'NONE', #1312, #803, #1197, .T. ) ;
#3884 = MECHANICAL_DESIGN_GEOMETRIC_PRESENTATION_REPRESENTATION (  '', ( #3176 ), #764 ) ;
#3885 = CARTESIAN_POINT ( 'NONE',  ( 1.899999999999998579, 1.899999999999999245, 3.649999999999999467 ) ) ;
#3886 = PLANE ( 'NONE',  #2448 ) ;
#3887 = ORIENTED_EDGE ( 'NONE', *, *, #3473, .T. ) ;
#3888 = CARTESIAN_POINT ( 'NONE',  ( 1.899999999999999023, -1.900000000000001465, 3.649999999999999467 ) ) ;
#3889 = DIRECTION ( 'NONE',  ( 0.000000000000000000, 0.000000000000000000, 1.000000000000000000 ) ) ;
#3890 =( NAMED_UNIT ( * ) SI_UNIT ( $, .STERADIAN. ) SOLID_ANGLE_UNIT ( ) );
#3891 = AXIS2_PLACEMENT_3D ( 'NONE', #293, #3266, #1011 ) ;
#3892 = UNCERTAINTY_MEASURE_WITH_UNIT (LENGTH_MEASURE( 1.000000000000000082E-05 ), #263, 'distance_accuracy_value', 'NONE');
#3893 =( GEOMETRIC_REPRESENTATION_CONTEXT ( 3 ) GLOBAL_UNCERTAINTY_ASSIGNED_CONTEXT ( ( #1484 ) ) GLOBAL_UNIT_ASSIGNED_CONTEXT ( ( #2637, #4091, #1514 ) ) REPRESENTATION_CONTEXT ( 'NONE', 'WORKASPACE' ) );
#3894 = EDGE_LOOP ( 'NONE', ( #3337, #2419, #2770, #284 ) ) ;
#3895 = DIRECTION ( 'NONE',  ( 1.000000000000000000, 0.000000000000000000, 0.000000000000000000 ) ) ;
#3896 = VERTEX_POINT ( 'NONE', #1664 ) ;
#3897 = VECTOR ( 'NONE', #476, 1000.000000000000000 ) ;
#3898 = FILL_AREA_STYLE ('',( #2082 ) ) ;
#3899 = EDGE_CURVE ( 'NONE', #12, #2422, #2412, .T. ) ;
#3900 = EDGE_CURVE ( 'NONE', #2382, #927, #1315, .T. ) ;
#3901 = CARTESIAN_POINT ( 'NONE',  ( -5.100000000000001421, 4.999999999999998224, -0.05000000000000000278 ) ) ;
#3902 = DIRECTION ( 'NONE',  ( 1.000000000000000000, -0.000000000000000000, -0.000000000000000000 ) ) ;
#3903 = VECTOR ( 'NONE', #4026, 1000.000000000000000 ) ;
#3904 = EDGE_CURVE ( 'NONE', #1553, #1285, #244, .T. ) ;
#3905 = SURFACE_STYLE_USAGE ( .BOTH. , #2787 ) ;
#3906 = ORIENTED_EDGE ( 'NONE', *, *, #2980, .F. ) ;
#3907 = VECTOR ( 'NONE', #4226, 1000.000000000000000 ) ;
#3908 = CARTESIAN_POINT ( 'NONE',  ( -3.000000000000000000, 6.149086202862900308, -2.770399538941275441 ) ) ;
#3909 = CARTESIAN_POINT ( 'NONE',  ( -2.594045604771979097, 6.140563414850690904, -7.149999999999999467 ) ) ;
#3910 = AXIS2_PLACEMENT_3D ( 'NONE', #49, #4517, #798 ) ;
#3911 = PRESENTATION_STYLE_ASSIGNMENT (( #3516 ) ) ;
#3912 = ADVANCED_FACE ( 'NONE', ( #1987 ), #3559, .T. ) ;
#3913 = DIRECTION ( 'NONE',  ( 0.000000000000000000, -0.9580185337468400952, 0.2867062765227762489 ) ) ;
#3914 = VERTEX_POINT ( 'NONE', #3638 ) ;
#3915 = COLOUR_RGB ( '',1.000000000000000000, 1.000000000000000000, 1.000000000000000000 ) ;
#3916 = DIRECTION ( 'NONE',  ( -0.000000000000000000, -1.000000000000000000, -0.000000000000000000 ) ) ;
#3917 = ORIENTED_EDGE ( 'NONE', *, *, #3474, .T. ) ;
#3918 = DIRECTION ( 'NONE',  ( 0.000000000000000000, 0.9587914884129985493, 0.2841106857314363854 ) ) ;
#3919 = ORIENTED_EDGE ( 'NONE', *, *, #3656, .T. ) ;
#3920 = CARTESIAN_POINT ( 'NONE',  ( 2.000000000000000000, -6.149086202862900308, -3.727673206435405451 ) ) ;
#3921 = ORIENTED_EDGE ( 'NONE', *, *, #1593, .F. ) ;
#3922 = CARTESIAN_POINT ( 'NONE',  ( 3.000000000000000000, -6.921432421494546183, -5.262072792150291001 ) ) ;
#3923 = DIRECTION ( 'NONE',  ( -0.000000000000000000, -0.000000000000000000, -1.000000000000000000 ) ) ;
#3924 = DIRECTION ( 'NONE',  ( -1.000000000000000000, -1.141265444721583757E-16, 0.000000000000000000 ) ) ;
#3925 = DIRECTION ( 'NONE',  ( 0.000000000000000000, 0.000000000000000000, 1.000000000000000000 ) ) ;
#3926 = CARTESIAN_POINT ( 'NONE',  ( -2.999999999999999112, -6.000000000000000888, -3.500000000000000000 ) ) ;
#3927 = VERTEX_POINT ( 'NONE', #4414 ) ;
#3928 = SURFACE_STYLE_FILL_AREA ( #3486 ) ;
#3929 = CARTESIAN_POINT ( 'NONE',  ( 0.000000000000000000, 5.099999999999999645, -0.05000000000000000278 ) ) ;
#3930 = CARTESIAN_POINT ( 'NONE',  ( -3.000000000000000000, 6.449086202862900130, -3.683745183551862201 ) ) ;
#3931 = EDGE_CURVE ( 'NONE', #1294, #3277, #4378, .T. ) ;
#3932 = PLANE ( 'NONE',  #1375 ) ;
#3933 = CARTESIAN_POINT ( 'NONE',  ( 5.000000000000000888, -5.000000000000000888, 0.000000000000000000 ) ) ;
#3934 = VERTEX_POINT ( 'NONE', #1088 ) ;
#3935 = CARTESIAN_POINT ( 'NONE',  ( 2.000000000000000000, -6.608412929275197634, -5.262496658105771274 ) ) ;
#3936 = UNCERTAINTY_MEASURE_WITH_UNIT (LENGTH_MEASURE( 1.000000000000000082E-05 ), #3203, 'distance_accuracy_value', 'NONE');
#3937 = DIRECTION ( 'NONE',  ( 1.000000000000000000, 0.000000000000000000, 0.000000000000000000 ) ) ;
#3938 = DIRECTION ( 'NONE',  ( 1.000000000000000000, 0.000000000000000000, 0.000000000000000000 ) ) ;
#3939 = ORIENTED_EDGE ( 'NONE', *, *, #2926, .F. ) ;
#3940 = DIRECTION ( 'NONE',  ( 0.000000000000000000, -1.000000000000000000, 0.000000000000000000 ) ) ;
#3941 = ORIENTED_EDGE ( 'NONE', *, *, #3847, .F. ) ;
#3942 = CARTESIAN_POINT ( 'NONE',  ( 2.000000000000000000, -6.921432421494546183, -5.262072792150291001 ) ) ;
#3943 = UNCERTAINTY_MEASURE_WITH_UNIT (LENGTH_MEASURE( 1.000000000000000082E-05 ), #3615, 'distance_accuracy_value', 'NONE');
#3944 = ADVANCED_FACE ( 'NONE', ( #2563, #2882 ), #2461, .T. ) ;
#3945 = LINE ( 'NONE', #3850, #3965 ) ;
#3946 = LINE ( 'NONE', #2108, #3031 ) ;
#3947 = ORIENTED_EDGE ( 'NONE', *, *, #4729, .F. ) ;
#3948 = LINE ( 'NONE', #2110, #897 ) ;
#3949 = FILL_AREA_STYLE ('',( #1293 ) ) ;
#3950 = DIRECTION ( 'NONE',  ( 1.000000000000000000, 0.000000000000000000, 0.000000000000000000 ) ) ;
#3951 = LINE ( 'NONE', #705, #1154 ) ;
#3952 = ORIENTED_EDGE ( 'NONE', *, *, #4338, .F. ) ;
#3953 =( NAMED_UNIT ( * ) SI_UNIT ( $, .STERADIAN. ) SOLID_ANGLE_UNIT ( ) );
#3954 = SURFACE_SIDE_STYLE ('',( #2763 ) ) ;
#3956 = LINE ( 'NONE', #618, #2642 ) ;
#3955 = VECTOR ( 'NONE', #2048, 1000.000000000000000 ) ;
#3957 = AXIS2_PLACEMENT_3D ( 'NONE', #4300, #493, #893 ) ;
#3958 = VECTOR ( 'NONE', #4410, 1000.000000000000227 ) ;
#3959 = DIRECTION ( 'NONE',  ( 0.000000000000000000, -0.2841106857314363299, -0.9587914884129984383 ) ) ;
#3960 = CIRCLE ( 'NONE', #1842, 3.549999999999999822 ) ;
#3961 = ORIENTED_EDGE ( 'NONE', *, *, #1246, .F. ) ;
#3962 = ADVANCED_FACE ( 'NONE', ( #3619 ), #2155, .T. ) ;
#3963 = PRESENTATION_STYLE_ASSIGNMENT (( #2473 ) ) ;
#3964 = AXIS2_PLACEMENT_3D ( 'NONE', #4778, #1409, #4453 ) ;
#3965 = VECTOR ( 'NONE', #1612, 1000.000000000000000 ) ;
#3966 = FACE_OUTER_BOUND ( 'NONE', #248, .T. ) ;
#3967 = DIRECTION ( 'NONE',  ( -0.000000000000000000, -0.000000000000000000, 1.000000000000000000 ) ) ;
#3968 = ORIENTED_EDGE ( 'NONE', *, *, #4447, .T. ) ;
#3969 = EDGE_CURVE ( 'NONE', #2079, #2479, #2036, .T. ) ;
#3970 = ORIENTED_EDGE ( 'NONE', *, *, #1408, .T. ) ;
#3971 = MECHANICAL_DESIGN_GEOMETRIC_PRESENTATION_REPRESENTATION (  '', ( #225 ), #3736 ) ;
#3972 = PRESENTATION_LAYER_ASSIGNMENT (  '', '', ( #4485 ) ) ;
#3973 = PRESENTATION_LAYER_ASSIGNMENT (  '', '', ( #2389 ) ) ;
#3974 = VECTOR ( 'NONE', #1872, 1000.000000000000000 ) ;
#3975 = EDGE_CURVE ( 'NONE', #3934, #2915, #1350, .T. ) ;
#3976 = CARTESIAN_POINT ( 'NONE',  ( 3.000000000000000000, -5.999999999999999112, -5.634957571453078629 ) ) ;
#3977 = PRESENTATION_LAYER_ASSIGNMENT (  '', '', ( #2862 ) ) ;
#3978 = SURFACE_STYLE_USAGE ( .BOTH. , #2832 ) ;
#3979 = STYLED_ITEM ( 'NONE', ( #210 ), #2071 ) ;
#3980 = FILL_AREA_STYLE_COLOUR ( '', #3531 ) ;
#3981 = ORIENTED_EDGE ( 'NONE', *, *, #388, .T. ) ;
#3982 = CARTESIAN_POINT ( 'NONE',  ( 5.099999999999999645, 4.999999999999992006, 0.000000000000000000 ) ) ;
#3983 = COLOUR_RGB ( '',0.2509803921568627416, 0.2509803921568627416, 0.2509803921568627416 ) ;
#3984 = CARTESIAN_POINT ( 'NONE',  ( 2.431415153551962138, -6.020948071018632497, -7.245020843664172538 ) ) ;
#3985 = LINE ( 'NONE', #2791, #1951 ) ;
#3986 = COLOUR_RGB ( '',1.000000000000000000, 1.000000000000000000, 1.000000000000000000 ) ;
#3987 =( GEOMETRIC_REPRESENTATION_CONTEXT ( 3 ) GLOBAL_UNCERTAINTY_ASSIGNED_CONTEXT ( ( #1387 ) ) GLOBAL_UNIT_ASSIGNED_CONTEXT ( ( #2836, #3268, #1035 ) ) REPRESENTATION_CONTEXT ( 'NONE', 'WORKASPACE' ) );
#3988 = MECHANICAL_DESIGN_GEOMETRIC_PRESENTATION_REPRESENTATION (  '', ( #555 ), #88 ) ;
#3989 = SURFACE_STYLE_FILL_AREA ( #4423 ) ;
#3990 = EDGE_LOOP ( 'NONE', ( #2495, #2961, #158, #1405 ) ) ;
#3991 =( LENGTH_UNIT ( ) NAMED_UNIT ( * ) SI_UNIT ( .MILLI., .METRE. ) );
#3992 = PRESENTATION_LAYER_ASSIGNMENT (  '', '', ( #10 ) ) ;
#3993 = VECTOR ( 'NONE', #3493, 1000.000000000000000 ) ;
#3994 = UNCERTAINTY_MEASURE_WITH_UNIT (LENGTH_MEASURE( 1.000000000000000082E-05 ), #77, 'distance_accuracy_value', 'NONE');
#3995 = AXIS2_PLACEMENT_3D ( 'NONE', #1871, #1498, #2684 ) ;
#3996 = EDGE_CURVE ( 'NONE', #207, #494, #546, .T. ) ;
#3997 = PLANE ( 'NONE',  #2148 ) ;
#3998 = CARTESIAN_POINT ( 'NONE',  ( 2.000000000000000000, 6.921432421494547071, -5.634957571453078629 ) ) ;
#3999 = VECTOR ( 'NONE', #563, 1000.000000000000227 ) ;
#4000 =( NAMED_UNIT ( * ) SI_UNIT ( $, .STERADIAN. ) SOLID_ANGLE_UNIT ( ) );
#4001 = ORIENTED_EDGE ( 'NONE', *, *, #1874, .F. ) ;
#4002 = UNCERTAINTY_MEASURE_WITH_UNIT (LENGTH_MEASURE( 1.000000000000000082E-05 ), #1580, 'distance_accuracy_value', 'NONE');
#4003 = EDGE_CURVE ( 'NONE', #4451, #1483, #4306, .T. ) ;
#4004 = DIRECTION ( 'NONE',  ( -0.000000000000000000, -0.000000000000000000, 1.000000000000000000 ) ) ;
#4005 = PRESENTATION_STYLE_ASSIGNMENT (( #1397 ) ) ;
#4006 = ORIENTED_EDGE ( 'NONE', *, *, #1556, .F. ) ;
#4007 =( LENGTH_UNIT ( ) NAMED_UNIT ( * ) SI_UNIT ( .MILLI., .METRE. ) );
#4008 =( LENGTH_UNIT ( ) NAMED_UNIT ( * ) SI_UNIT ( .MILLI., .METRE. ) );
#4009 = CARTESIAN_POINT ( 'NONE',  ( 3.000000000000000000, 5.999999999999999112, -2.770399538941275441 ) ) ;
#4010 = EDGE_CURVE ( 'NONE', #638, #3095, #179, .T. ) ;
#4011 = SURFACE_STYLE_USAGE ( .BOTH. , #2834 ) ;
#4012 = ORIENTED_EDGE ( 'NONE', *, *, #2898, .F. ) ;
#4013 = LINE ( 'NONE', #4723, #4726 ) ;
#4014 = DIRECTION ( 'NONE',  ( -1.000000000000000000, -0.000000000000000000, -0.000000000000000000 ) ) ;
#4015 = FACE_OUTER_BOUND ( 'NONE', #3445, .T. ) ;
#4016 =( NAMED_UNIT ( * ) PLANE_ANGLE_UNIT ( ) SI_UNIT ( $, .RADIAN. ) );
#4017 = EDGE_LOOP ( 'NONE', ( #2800, #2890, #4591, #3118 ) ) ;
#4018 = PRESENTATION_LAYER_ASSIGNMENT (  '', '', ( #1284 ) ) ;
#4019 = CARTESIAN_POINT ( 'NONE',  ( 6.000000000000000888, -4.999999999999993783, -3.500000000000000000 ) ) ;
#4020 = ORIENTED_EDGE ( 'NONE', *, *, #3969, .T. ) ;
#4021 = ORIENTED_EDGE ( 'NONE', *, *, #4668, .T. ) ;
#4022 =( NAMED_UNIT ( * ) SI_UNIT ( $, .STERADIAN. ) SOLID_ANGLE_UNIT ( ) );
#4023 = EDGE_LOOP ( 'NONE', ( #974, #2677, #3764, #4361 ) ) ;
#4024 = CARTESIAN_POINT ( 'NONE',  ( 4.020519679137760427, -3.871192841101213755, 0.7999999999999998224 ) ) ;
#4025 = EDGE_CURVE ( 'NONE', #2552, #1557, #1652, .T. ) ;
#4026 = DIRECTION ( 'NONE',  ( -1.000000000000000000, 0.000000000000000000, 0.000000000000000000 ) ) ;
#4027 = CARTESIAN_POINT ( 'NONE',  ( 3.000000000000000000, 6.810938584589628420, -5.634957571453078629 ) ) ;
#4028 = FACE_OUTER_BOUND ( 'NONE', #2835, .T. ) ;
#4029 =( GEOMETRIC_REPRESENTATION_CONTEXT ( 3 ) GLOBAL_UNCERTAINTY_ASSIGNED_CONTEXT ( ( #765 ) ) GLOBAL_UNIT_ASSIGNED_CONTEXT ( ( #4008, #264, #2086 ) ) REPRESENTATION_CONTEXT ( 'NONE', 'WORKASPACE' ) );
#4030 = ORIENTED_EDGE ( 'NONE', *, *, #2156, .F. ) ;
#4031 = CARTESIAN_POINT ( 'NONE',  ( 0.000000000000000000, -5.100000000000001421, 0.000000000000000000 ) ) ;
#4032 = CARTESIAN_POINT ( 'NONE',  ( 3.000000000000000000, 6.449086202862900130, -3.683745183551862201 ) ) ;
#4033 = CARTESIAN_POINT ( 'NONE',  ( -4.020519679137759539, -3.871192841101213755, 0.4999999999999997780 ) ) ;
#4034 = ORIENTED_EDGE ( 'NONE', *, *, #231, .T. ) ;
#4035 = EDGE_CURVE ( 'NONE', #943, #4336, #2378, .T. ) ;
#4036 =( NAMED_UNIT ( * ) SI_UNIT ( $, .STERADIAN. ) SOLID_ANGLE_UNIT ( ) );
#4037 = AXIS2_PLACEMENT_3D ( 'NONE', #3397, #2722, #108 ) ;
#4038 =( GEOMETRIC_REPRESENTATION_CONTEXT ( 3 ) GLOBAL_UNCERTAINTY_ASSIGNED_CONTEXT ( ( #2656 ) ) GLOBAL_UNIT_ASSIGNED_CONTEXT ( ( #1816, #1749, #660 ) ) REPRESENTATION_CONTEXT ( 'NONE', 'WORKASPACE' ) );
#4039 = AXIS2_PLACEMENT_3D ( 'NONE', #3394, #1952, #1575 ) ;
#4040 =( NAMED_UNIT ( * ) PLANE_ANGLE_UNIT ( ) SI_UNIT ( $, .RADIAN. ) );
#4041 = ORIENTED_EDGE ( 'NONE', *, *, #970, .F. ) ;
#4042 = CARTESIAN_POINT ( 'NONE',  ( -2.377181100683778414, 6.393818723261949444, -7.042616602859713915 ) ) ;
#4043 = VECTOR ( 'NONE', #4120, 1000.000000000000000 ) ;
#4044 = UNCERTAINTY_MEASURE_WITH_UNIT (LENGTH_MEASURE( 1.000000000000000082E-05 ), #154, 'distance_accuracy_value', 'NONE');
#4045 = CARTESIAN_POINT ( 'NONE',  ( -2.405954395228026677, 6.921432421494547071, -7.149999999999994138 ) ) ;
#4046 = MECHANICAL_DESIGN_GEOMETRIC_PRESENTATION_REPRESENTATION (  '', ( #3334 ), #4782 ) ;
#4047 = ORIENTED_EDGE ( 'NONE', *, *, #1444, .T. ) ;
#4048 =( LENGTH_UNIT ( ) NAMED_UNIT ( * ) SI_UNIT ( .MILLI., .METRE. ) );
#4049 = CARTESIAN_POINT ( 'NONE',  ( -3.093727995198390257, 6.914591202095645706, -5.285159931281102175 ) ) ;
#4050 = CARTESIAN_POINT ( 'NONE',  ( -2.000000000000000000, 5.999999999999999112, -5.634957571453075964 ) ) ;
#4051 = DIRECTION ( 'NONE',  ( 0.000000000000000000, 0.9587914884129985493, -0.2841106857314363854 ) ) ;
#4052 = VECTOR ( 'NONE', #432, 1000.000000000000227 ) ;
#4053 = PRESENTATION_LAYER_ASSIGNMENT (  '', '', ( #1932 ) ) ;
#4054 = AXIS2_PLACEMENT_3D ( 'NONE', #3675, #366, #345 ) ;
#4055 = EDGE_CURVE ( 'NONE', #1294, #614, #4452, .T. ) ;
#4056 = ADVANCED_FACE ( 'NONE', ( #4333 ), #3201, .T. ) ;
#4057 = DIRECTION ( 'NONE',  ( -0.000000000000000000, -0.000000000000000000, 1.000000000000000000 ) ) ;
#4058 = ORIENTED_EDGE ( 'NONE', *, *, #4083, .F. ) ;
#4059 = ADVANCED_FACE ( 'NONE', ( #3657 ), #4360, .T. ) ;
#4060 =( GEOMETRIC_REPRESENTATION_CONTEXT ( 3 ) GLOBAL_UNCERTAINTY_ASSIGNED_CONTEXT ( ( #478 ) ) GLOBAL_UNIT_ASSIGNED_CONTEXT ( ( #4674, #1668, #3953 ) ) REPRESENTATION_CONTEXT ( 'NONE', 'WORKASPACE' ) );
#4061 = ORIENTED_EDGE ( 'NONE', *, *, #2390, .F. ) ;
#4062 = PLANE ( 'NONE',  #3910 ) ;
#4063 = COLOUR_RGB ( '',0.2509803921568627416, 0.2509803921568627416, 0.2509803921568627416 ) ;
#4064 = AXIS2_PLACEMENT_3D ( 'NONE', #2290, #465, #2639 ) ;
#4065 = EDGE_CURVE ( 'NONE', #3347, #4430, #1229, .T. ) ;
#4066 = PLANE ( 'NONE',  #2611 ) ;
#4067 = STYLED_ITEM ( 'NONE', ( #2778 ), #3305 ) ;
#4068 = PLANE ( 'NONE',  #1456 ) ;
#4069 = ORIENTED_EDGE ( 'NONE', *, *, #2577, .T. ) ;
#4070 = STYLED_ITEM ( 'NONE', ( #1973 ), #2716 ) ;
#4071 = VERTEX_POINT ( 'NONE', #2946 ) ;
#4072 = CARTESIAN_POINT ( 'NONE',  ( -4.211685115428441151, 4.119475320510217031, 0.4999999999999997780 ) ) ;
#4073 = CARTESIAN_POINT ( 'NONE',  ( -2.354342932042942760, -6.106181276738047892, -6.957383397140285197 ) ) ;
#4074 = DIRECTION ( 'NONE',  ( -0.000000000000000000, -0.2841106857314363299, 0.9587914884129984383 ) ) ;
#4075 = PRESENTATION_STYLE_ASSIGNMENT (( #1941 ) ) ;
#4076 = ORIENTED_EDGE ( 'NONE', *, *, #791, .F. ) ;
#4077 = FACE_OUTER_BOUND ( 'NONE', #2859, .T. ) ;
#4078 = MECHANICAL_DESIGN_GEOMETRIC_PRESENTATION_REPRESENTATION (  '', ( #4218 ), #1884 ) ;
#4079 = FILL_AREA_STYLE ('',( #1097 ) ) ;
#4080 = CARTESIAN_POINT ( 'NONE',  ( -2.000000000000000000, -6.000000000000000888, -3.500000000000000000 ) ) ;
#4081 = ORIENTED_EDGE ( 'NONE', *, *, #3931, .F. ) ;
#4082 = DIRECTION ( 'NONE',  ( 0.000000000000000000, -0.2867062765227776922, 0.9580185337468395401 ) ) ;
#4083 = EDGE_CURVE ( 'NONE', #1336, #2006, #3003, .T. ) ;
#4084 =( GEOMETRIC_REPRESENTATION_CONTEXT ( 3 ) GLOBAL_UNCERTAINTY_ASSIGNED_CONTEXT ( ( #2122 ) ) GLOBAL_UNIT_ASSIGNED_CONTEXT ( ( #1366, #2824, #952 ) ) REPRESENTATION_CONTEXT ( 'NONE', 'WORKASPACE' ) );
#4085 = ORIENTED_EDGE ( 'NONE', *, *, #2310, .T. ) ;
#4086 = DIRECTION ( 'NONE',  ( -1.000000000000000000, -0.000000000000000000, -0.000000000000000000 ) ) ;
#4087 = ORIENTED_EDGE ( 'NONE', *, *, #4470, .T. ) ;
#4088 = UNCERTAINTY_MEASURE_WITH_UNIT (LENGTH_MEASURE( 1.000000000000000082E-05 ), #1452, 'distance_accuracy_value', 'NONE');
#4089 =( NAMED_UNIT ( * ) SI_UNIT ( $, .STERADIAN. ) SOLID_ANGLE_UNIT ( ) );
#4090 =( NAMED_UNIT ( * ) SI_UNIT ( $, .STERADIAN. ) SOLID_ANGLE_UNIT ( ) );
#4091 =( NAMED_UNIT ( * ) PLANE_ANGLE_UNIT ( ) SI_UNIT ( $, .RADIAN. ) );
#4092 = VERTEX_POINT ( 'NONE', #4019 ) ;
#4093 = SURFACE_STYLE_FILL_AREA ( #1424 ) ;
#4094 = PLANE ( 'NONE',  #4775 ) ;
#4095 = DIRECTION ( 'NONE',  ( -0.2488271308658504544, 0.2751748116042140313, 0.9286354946929684662 ) ) ;
#4096 = VERTEX_POINT ( 'NONE', #2174 ) ;
#4097 = PRESENTATION_STYLE_ASSIGNMENT (( #3242 ) ) ;
#4098 = EDGE_CURVE ( 'NONE', #3687, #927, #1124, .T. ) ;
#4099 = DIRECTION ( 'NONE',  ( 1.000000000000000000, -0.000000000000000000, -0.000000000000000000 ) ) ;
#4100 = STYLED_ITEM ( 'NONE', ( #153 ), #83 ) ;
#4101 = ORIENTED_EDGE ( 'NONE', *, *, #2084, .T. ) ;
#4102 = DIRECTION ( 'NONE',  ( -0.000000000000000000, -0.000000000000000000, 1.000000000000000000 ) ) ;
#4103 = ORIENTED_EDGE ( 'NONE', *, *, #2275, .T. ) ;
#4104 = VECTOR ( 'NONE', #3632, 1000.000000000000000 ) ;
#4105 = VECTOR ( 'NONE', #2625, 1000.000000000000227 ) ;
#4106 = COLOUR_RGB ( '',1.000000000000000000, 1.000000000000000000, 1.000000000000000000 ) ;
#4107 = DIRECTION ( 'NONE',  ( 1.000000000000000000, 0.000000000000000000, -0.000000000000000000 ) ) ;
#4108 = EDGE_LOOP ( 'NONE', ( #3359, #4561, #3620, #1287 ) ) ;
#4109 = CARTESIAN_POINT ( 'NONE',  ( 3.000000000000000000, 6.106181276738049668, -6.957383397140283421 ) ) ;
#4110 = DIRECTION ( 'NONE',  ( 1.000000000000000000, 0.000000000000000000, 0.000000000000000000 ) ) ;
#4111 = SURFACE_STYLE_USAGE ( .BOTH. , #3826 ) ;
#4112 = EDGE_CURVE ( 'NONE', #3502, #2382, #1822, .T. ) ;
#4113 = CARTESIAN_POINT ( 'NONE',  ( 0.000000000000000000, 0.000000000000000000, 0.7500000000000000000 ) ) ;
#4114 = ORIENTED_EDGE ( 'NONE', *, *, #2779, .F. ) ;
#4115 = DIRECTION ( 'NONE',  ( 1.000000000000000000, -0.000000000000000000, -0.000000000000000000 ) ) ;
#4116 = PRESENTATION_LAYER_ASSIGNMENT (  '', '', ( #1457 ) ) ;
#4117 = LINE ( 'NONE', #774, #3457 ) ;
#4118 = AXIS2_PLACEMENT_3D ( 'NONE', #3763, #3439, #2277 ) ;
#4119 = COLOUR_RGB ( '',0.2509803921568627416, 0.2509803921568627416, 0.2509803921568627416 ) ;
#4120 = DIRECTION ( 'NONE',  ( 0.000000000000000000, 0.000000000000000000, -1.000000000000000000 ) ) ;
#4121 = ORIENTED_EDGE ( 'NONE', *, *, #1556, .T. ) ;
#4122 = SURFACE_STYLE_USAGE ( .BOTH. , #2688 ) ;
#4123 = SURFACE_STYLE_FILL_AREA ( #1072 ) ;
#4124 = DIRECTION ( 'NONE',  ( 0.000000000000000000, 0.2841106857314363299, 0.9587914884129984383 ) ) ;
#4125 = SURFACE_STYLE_USAGE ( .BOTH. , #2693 ) ;
#4126 = ORIENTED_EDGE ( 'NONE', *, *, #1532, .T. ) ;
#4127 = FACE_OUTER_BOUND ( 'NONE', #3607, .T. ) ;
#4128 = CARTESIAN_POINT ( 'NONE',  ( -4.020519679137759539, 4.119475320510217031, -0.05000000000000000278 ) ) ;
#4129 = ORIENTED_EDGE ( 'NONE', *, *, #3387, .F. ) ;
#4130 = COLOUR_RGB ( '',1.000000000000000000, 1.000000000000000000, 1.000000000000000000 ) ;
#4131 = UNCERTAINTY_MEASURE_WITH_UNIT (LENGTH_MEASURE( 1.000000000000000082E-05 ), #2578, 'distance_accuracy_value', 'NONE');
#4132 = CYLINDRICAL_SURFACE ( 'NONE', #2374, 0.1000000000000002554 ) ;
#4133 = MECHANICAL_DESIGN_GEOMETRIC_PRESENTATION_REPRESENTATION (  '', ( #4427 ), #3987 ) ;
#4134 = ORIENTED_EDGE ( 'NONE', *, *, #3614, .T. ) ;
#4135 = SURFACE_STYLE_FILL_AREA ( #3821 ) ;
#4136 = PRESENTATION_STYLE_ASSIGNMENT (( #4791 ) ) ;
#4137 = EDGE_CURVE ( 'NONE', #1367, #4654, #3719, .T. ) ;
#4138 = CIRCLE ( 'NONE', #1717, 0.1911654362906825000 ) ;
#4139 = SURFACE_SIDE_STYLE ('',( #1187 ) ) ;
#4140 = FACE_OUTER_BOUND ( 'NONE', #2414, .T. ) ;
#4141 = ORIENTED_EDGE ( 'NONE', *, *, #4668, .F. ) ;
#4142 = CARTESIAN_POINT ( 'NONE',  ( 4.211685115428442927, 4.119475320510217031, 0.4999999999999997780 ) ) ;
#4143 = CARTESIAN_POINT ( 'NONE',  ( -3.000000000000000000, 6.921432421494547960, -5.262072792150289224 ) ) ;
#4144 = LINE ( 'NONE', #3740, #639 ) ;
#4145 = DIRECTION ( 'NONE',  ( -0.000000000000000000, -0.000000000000000000, 1.000000000000000000 ) ) ;
#4146 = VERTEX_POINT ( 'NONE', #1801 ) ;
#4147 = LINE ( 'NONE', #2279, #3019 ) ;
#4148 = CARTESIAN_POINT ( 'NONE',  ( -2.594045604771979541, -6.318964764616931795, -7.149999999999996803 ) ) ;
#4149 =( GEOMETRIC_REPRESENTATION_CONTEXT ( 3 ) GLOBAL_UNCERTAINTY_ASSIGNED_CONTEXT ( ( #2033 ) ) GLOBAL_UNIT_ASSIGNED_CONTEXT ( ( #4388, #308, #2533 ) ) REPRESENTATION_CONTEXT ( 'NONE', 'WORKASPACE' ) );
#4150 = CARTESIAN_POINT ( 'NONE',  ( 3.000000000000000000, 6.608412929275199410, -5.262496658105769498 ) ) ;
#4151 = CARTESIAN_POINT ( 'NONE',  ( 1.899999999999998579, 1.899999999999999245, 3.649999999999999467 ) ) ;
#4152 = ORIENTED_EDGE ( 'NONE', *, *, #1111, .T. ) ;
#4153 = STYLED_ITEM ( 'NONE', ( #4371 ), #3944 ) ;
#4154 = FACE_OUTER_BOUND ( 'NONE', #2554, .T. ) ;
#4155 = ORIENTED_EDGE ( 'NONE', *, *, #4003, .F. ) ;
#4156 = DIRECTION ( 'NONE',  ( 0.000000000000000000, 0.000000000000000000, 1.000000000000000000 ) ) ;
#4157 = EDGE_CURVE ( 'NONE', #2900, #3008, #1019, .T. ) ;
#4158 = FACE_OUTER_BOUND ( 'NONE', #587, .T. ) ;
#4159 = EDGE_LOOP ( 'NONE', ( #3676, #4472, #1364, #3306 ) ) ;
#4160 = DIRECTION ( 'NONE',  ( 1.000000000000000000, 1.734723475976808327E-16, 0.000000000000000000 ) ) ;
#4161 = DIRECTION ( 'NONE',  ( 0.000000000000000000, -0.2841106857314363299, 0.9587914884129984383 ) ) ;
#4162 = CARTESIAN_POINT ( 'NONE',  ( -2.000000000000000000, 5.999999999999999112, -2.620399538941275530 ) ) ;
#4163 = EDGE_LOOP ( 'NONE', ( #431, #2489, #406, #1415 ) ) ;
#4164 = FACE_OUTER_BOUND ( 'NONE', #858, .T. ) ;
#4165 = CARTESIAN_POINT ( 'NONE',  ( 5.100000000000000533, 8.847089727481724070E-16, -0.05000000000000000278 ) ) ;
#4166 = EDGE_LOOP ( 'NONE', ( #522, #4683, #2597, #2246, #594, #2502, #3104, #972, #3312, #4722 ) ) ;
#4167 = LINE ( 'NONE', #824, #763 ) ;
#4168 = DIRECTION ( 'NONE',  ( 1.000000000000000000, -0.000000000000000000, -0.000000000000000000 ) ) ;
#4169 = UNCERTAINTY_MEASURE_WITH_UNIT (LENGTH_MEASURE( 1.000000000000000082E-05 ), #4216, 'distance_accuracy_value', 'NONE');
#4170 = LINE ( 'NONE', #3450, #828 ) ;
#4171 = STYLED_ITEM ( 'NONE', ( #1325 ), #4304 ) ;
#4172 = ORIENTED_EDGE ( 'NONE', *, *, #1153, .T. ) ;
#4173 = SURFACE_STYLE_USAGE ( .BOTH. , #3066 ) ;
#4174 = CARTESIAN_POINT ( 'NONE',  ( 3.000000000000000000, -6.608412929275197634, -5.262496658105771274 ) ) ;
#4175 = CARTESIAN_POINT ( 'NONE',  ( 3.000000000000000000, -6.250000000000000888, -6.999999999999997335 ) ) ;
#4176 = VECTOR ( 'NONE', #173, 1000.000000000000114 ) ;
#4177 = FILL_AREA_STYLE ('',( #2977 ) ) ;
#4178 = AXIS2_PLACEMENT_3D ( 'NONE', #4535, #839, #117 ) ;
#4179 = SURFACE_STYLE_USAGE ( .BOTH. , #2360 ) ;
#4180 = EDGE_LOOP ( 'NONE', ( #3588, #2694, #3668, #917 ) ) ;
#4181 = PRESENTATION_LAYER_ASSIGNMENT (  '', '', ( #686 ) ) ;
#4182 =( LENGTH_UNIT ( ) NAMED_UNIT ( * ) SI_UNIT ( .MILLI., .METRE. ) );
#4183 = DIRECTION ( 'NONE',  ( -1.000000000000000000, -1.141265444721583757E-16, 0.000000000000000000 ) ) ;
#4184 = CARTESIAN_POINT ( 'NONE',  ( 5.100000000000000533, 8.847089727481724070E-16, -0.05000000000000000278 ) ) ;
#4185 = EDGE_CURVE ( 'NONE', #722, #3793, #2141, .T. ) ;
#4186 = EDGE_CURVE ( 'NONE', #768, #1367, #2540, .T. ) ;
#4187 = FILL_AREA_STYLE ('',( #2618 ) ) ;
#4188 = CARTESIAN_POINT ( 'NONE',  ( -4.999999999999992006, -6.000000000000000888, 0.000000000000000000 ) ) ;
#4189 = STYLED_ITEM ( 'NONE', ( #3358 ), #2019 ) ;
#4190 = VERTEX_POINT ( 'NONE', #3629 ) ;
#4191 = CARTESIAN_POINT ( 'NONE',  ( -2.605101340599980553, -6.374225096695323778, -7.108739432174838058 ) ) ;
#4192 = CARTESIAN_POINT ( 'NONE',  ( -4.511685115428440973, 4.119475320510217031, -0.05000000000000000278 ) ) ;
#4193 = AXIS2_PLACEMENT_3D ( 'NONE', #1681, #3940, #576 ) ;
#4194 = EDGE_CURVE ( 'NONE', #150, #2813, #4784, .T. ) ;
#4195 = AXIS2_PLACEMENT_3D ( 'NONE', #864, #2361, #3873 ) ;
#4196 = MECHANICAL_DESIGN_GEOMETRIC_PRESENTATION_REPRESENTATION (  '', ( #2548 ), #4712 ) ;
#4197 = LINE ( 'NONE', #802, #4409 ) ;
#4198 = ORIENTED_EDGE ( 'NONE', *, *, #299, .F. ) ;
#4199 = AXIS2_PLACEMENT_3D ( 'NONE', #2197, #1428, #4402 ) ;
#4200 = SURFACE_SIDE_STYLE ('',( #3769 ) ) ;
#4201 = ORIENTED_EDGE ( 'NONE', *, *, #3685, .F. ) ;
#4202 = AXIS2_PLACEMENT_3D ( 'NONE', #4281, #250, #2347 ) ;
#4203 = PRESENTATION_LAYER_ASSIGNMENT (  '', '', ( #3023 ) ) ;
#4204 = PRESENTATION_STYLE_ASSIGNMENT (( #3097 ) ) ;
#4205 = AXIS2_PLACEMENT_3D ( 'NONE', #1538, #1467, #2581 ) ;
#4206 = COLOUR_RGB ( '',0.2509803921568627416, 0.2509803921568627416, 0.2509803921568627416 ) ;
#4207 = AXIS2_PLACEMENT_3D ( 'NONE', #4675, #2816, #2469 ) ;
#4208 = COLOUR_RGB ( '',1.000000000000000000, 1.000000000000000000, 1.000000000000000000 ) ;
#4209 = CARTESIAN_POINT ( 'NONE',  ( 3.000000000000000000, -6.449086202862900130, -3.683745183551860425 ) ) ;
#4210 =( LENGTH_UNIT ( ) NAMED_UNIT ( * ) SI_UNIT ( .MILLI., .METRE. ) );
#4211 = ORIENTED_EDGE ( 'NONE', *, *, #3752, .F. ) ;
#4212 = CARTESIAN_POINT ( 'NONE',  ( -2.000000000000000000, 6.608412929275199410, -5.262496658105769498 ) ) ;
#4213 = LINE ( 'NONE', #2418, #2152 ) ;
#4214 = ORIENTED_EDGE ( 'NONE', *, *, #1408, .F. ) ;
#4215 = ADVANCED_FACE ( 'NONE', ( #1106 ), #4068, .F. ) ;
#4216 =( LENGTH_UNIT ( ) NAMED_UNIT ( * ) SI_UNIT ( .MILLI., .METRE. ) );
#4217 = CARTESIAN_POINT ( 'NONE',  ( 3.000000000000000000, -6.393818723261950332, -7.042616602859716579 ) ) ;
#4218 = STYLED_ITEM ( 'NONE', ( #241 ), #4538 ) ;
#4219 = UNCERTAINTY_MEASURE_WITH_UNIT (LENGTH_MEASURE( 1.000000000000000082E-05 ), #2902, 'distance_accuracy_value', 'NONE');
#4220 =( LENGTH_UNIT ( ) NAMED_UNIT ( * ) SI_UNIT ( .MILLI., .METRE. ) );
#4221 = VERTEX_POINT ( 'NONE', #1530 ) ;
#4222 = DIRECTION ( 'NONE',  ( 0.000000000000000000, 0.000000000000000000, 1.000000000000000000 ) ) ;
#4223 =( NAMED_UNIT ( * ) SI_UNIT ( $, .STERADIAN. ) SOLID_ANGLE_UNIT ( ) );
#4224 = APPLICATION_CONTEXT ( 'automotive_design' ) ;
#4225 = FILL_AREA_STYLE ('',( #2727 ) ) ;
#4226 = DIRECTION ( 'NONE',  ( 1.000000000000000000, -0.000000000000000000, -0.000000000000000000 ) ) ;
#4227 = AXIS2_PLACEMENT_3D ( 'NONE', #1629, #3606, #234 ) ;
#4228 = CARTESIAN_POINT ( 'NONE',  ( -2.000000000000000000, -5.999999999999999112, -2.470399538941273843 ) ) ;
#4229 = SURFACE_SIDE_STYLE ('',( #2731 ) ) ;
#4230 = DIRECTION ( 'NONE',  ( -0.000000000000000000, 1.000000000000000000, -0.000000000000000000 ) ) ;
#4231 = CARTESIAN_POINT ( 'NONE',  ( 0.000000000000000000, 0.000000000000000000, 1.949999999999999956 ) ) ;
#4232 = VERTEX_POINT ( 'NONE', #2668 ) ;
#4233 = DIRECTION ( 'NONE',  ( 0.000000000000000000, 0.000000000000000000, 1.000000000000000000 ) ) ;
#4234 = SURFACE_STYLE_FILL_AREA ( #222 ) ;
#4235 = DIRECTION ( 'NONE',  ( -0.000000000000000000, -0.000000000000000000, 1.000000000000000000 ) ) ;
#4236 = SURFACE_SIDE_STYLE ('',( #2740 ) ) ;
#4237 = ORIENTED_EDGE ( 'NONE', *, *, #3551, .T. ) ;
#4238 = DIRECTION ( 'NONE',  ( 1.000000000000000000, 0.000000000000000000, 0.000000000000000000 ) ) ;
#4239 = LINE ( 'NONE', #4568, #466 ) ;
#4240 = DIRECTION ( 'NONE',  ( 1.000000000000000000, 0.000000000000000000, 0.000000000000000000 ) ) ;
#4241 = EDGE_CURVE ( 'NONE', #4667, #1410, #4197, .T. ) ;
#4242 = ADVANCED_FACE ( 'NONE', ( #850 ), #782, .T. ) ;
#4243 = ORIENTED_EDGE ( 'NONE', *, *, #1186, .F. ) ;
#4244 =( LENGTH_UNIT ( ) NAMED_UNIT ( * ) SI_UNIT ( .MILLI., .METRE. ) );
#4245 = VERTEX_POINT ( 'NONE', #1198 ) ;
#4246 = CARTESIAN_POINT ( 'NONE',  ( -4.020519679137759539, 4.119475320510217031, 0.7999999999999998224 ) ) ;
#4247 = CARTESIAN_POINT ( 'NONE',  ( 3.000000000000000000, 6.393818723261949444, -7.042616602859713915 ) ) ;
#4248 = MECHANICAL_DESIGN_GEOMETRIC_PRESENTATION_REPRESENTATION (  '', ( #1523 ), #2147 ) ;
#4249 = FACE_BOUND ( 'NONE', #4565, .T. ) ;
#4250 =( LENGTH_UNIT ( ) NAMED_UNIT ( * ) SI_UNIT ( .MILLI., .METRE. ) );
#4251 = LINE ( 'NONE', #3530, #3544 ) ;
#4252 = MECHANICAL_DESIGN_GEOMETRIC_PRESENTATION_REPRESENTATION (  '', ( #826 ), #612 ) ;
#4253 = ADVANCED_FACE ( 'NONE', ( #1954 ), #3744, .F. ) ;
#4254 = CIRCLE ( 'NONE', #3957, 0.2999999999999999889 ) ;
#4255 = PRESENTATION_LAYER_ASSIGNMENT (  '', '', ( #1762 ) ) ;
#4256 =( NAMED_UNIT ( * ) PLANE_ANGLE_UNIT ( ) SI_UNIT ( $, .RADIAN. ) );
#4257 = ORIENTED_EDGE ( 'NONE', *, *, #2014, .F. ) ;
#4258 = FILL_AREA_STYLE ('',( #169 ) ) ;
#4259 =( NAMED_UNIT ( * ) PLANE_ANGLE_UNIT ( ) SI_UNIT ( $, .RADIAN. ) );
#4260 =( NAMED_UNIT ( * ) SI_UNIT ( $, .STERADIAN. ) SOLID_ANGLE_UNIT ( ) );
#4261 = ORIENTED_EDGE ( 'NONE', *, *, #3726, .T. ) ;
#4262 = CARTESIAN_POINT ( 'NONE',  ( -2.594045604771979541, -6.250000000000000888, -7.149999999999997691 ) ) ;
#4263 = VECTOR ( 'NONE', #4086, 1000.000000000000000 ) ;
#4264 = MECHANICAL_DESIGN_GEOMETRIC_PRESENTATION_REPRESENTATION (  '', ( #1932 ), #3262 ) ;
#4265 = UNCERTAINTY_MEASURE_WITH_UNIT (LENGTH_MEASURE( 1.000000000000000082E-05 ), #3991, 'distance_accuracy_value', 'NONE');
#4266 = DIRECTION ( 'NONE',  ( -0.000000000000000000, -0.000000000000000000, 1.000000000000000000 ) ) ;
#4267 = SURFACE_SIDE_STYLE ('',( #4610 ) ) ;
#4268 = ORIENTED_EDGE ( 'NONE', *, *, #3883, .F. ) ;
#4269 = ORIENTED_EDGE ( 'NONE', *, *, #2577, .F. ) ;
#4270 =( NAMED_UNIT ( * ) PLANE_ANGLE_UNIT ( ) SI_UNIT ( $, .RADIAN. ) );
#4271 = SURFACE_STYLE_FILL_AREA ( #909 ) ;
#4272 = EDGE_LOOP ( 'NONE', ( #1742, #2175, #4641, #3917 ) ) ;
#4273 = LINE ( 'NONE', #3901, #748 ) ;
#4274 = EDGE_CURVE ( 'NONE', #2259, #2329, #2609, .T. ) ;
#4275 = CIRCLE ( 'NONE', #475, 1.000000000000000000 ) ;
#4276 = PRESENTATION_STYLE_ASSIGNMENT (( #1339 ) ) ;
#4277 = VECTOR ( 'NONE', #2047, 1000.000000000000000 ) ;
#4278 = PRESENTATION_LAYER_ASSIGNMENT (  '', '', ( #2031 ) ) ;
#4279 = SURFACE_STYLE_FILL_AREA ( #1340 ) ;
#4280 = ORIENTED_EDGE ( 'NONE', *, *, #595, .F. ) ;
#4281 = CARTESIAN_POINT ( 'NONE',  ( 2.000000000000000000, 5.999999999999999112, -2.620399538941275530 ) ) ;
#4282 = LINE ( 'NONE', #3622, #2767 ) ;
#4283 = DIRECTION ( 'NONE',  ( -1.000000000000000000, -0.000000000000000000, -0.000000000000000000 ) ) ;
#4284 = ORIENTED_EDGE ( 'NONE', *, *, #2156, .T. ) ;
#4285 = DIRECTION ( 'NONE',  ( -0.2488271308658488168, -0.2751748116042141423, 0.9286354946929687992 ) ) ;
#4286 =( GEOMETRIC_REPRESENTATION_CONTEXT ( 3 ) GLOBAL_UNCERTAINTY_ASSIGNED_CONTEXT ( ( #1299 ) ) GLOBAL_UNIT_ASSIGNED_CONTEXT ( ( #2336, #501, #455 ) ) REPRESENTATION_CONTEXT ( 'NONE', 'WORKASPACE' ) );
#4287 = ORIENTED_EDGE ( 'NONE', *, *, #114, .T. ) ;
#4288 = ORIENTED_EDGE ( 'NONE', *, *, #4010, .F. ) ;
#4289 = LINE ( 'NONE', #2528, #2445 ) ;
#4290 = LINE ( 'NONE', #673, #2192 ) ;
#4291 = PLANE ( 'NONE',  #489 ) ;
#4292 = DIRECTION ( 'NONE',  ( 0.000000000000000000, 0.000000000000000000, 1.000000000000000000 ) ) ;
#4293 = SURFACE_STYLE_FILL_AREA ( #4577 ) ;
#4294 = ADVANCED_FACE ( 'NONE', ( #1728 ), #4620, .T. ) ;
#4295 = PRESENTATION_LAYER_ASSIGNMENT (  '', '', ( #1418 ) ) ;
#4296 =( NAMED_UNIT ( * ) PLANE_ANGLE_UNIT ( ) SI_UNIT ( $, .RADIAN. ) );
#4297 = EDGE_LOOP ( 'NONE', ( #3541, #2947, #3112, #2457 ) ) ;
#4298 = SURFACE_SIDE_STYLE ('',( #1698 ) ) ;
#4299 = CARTESIAN_POINT ( 'NONE',  ( -3.000000000000000000, -6.608412929275197634, -5.262496658105771274 ) ) ;
#4300 = CARTESIAN_POINT ( 'NONE',  ( -3.829354242847077927, -3.871192841101213755, 0.4999999999999997780 ) ) ;
#4301 = VERTEX_POINT ( 'NONE', #253 ) ;
#4302 = LINE ( 'NONE', #973, #4355 ) ;
#4303 = UNCERTAINTY_MEASURE_WITH_UNIT (LENGTH_MEASURE( 1.000000000000000082E-05 ), #3735, 'distance_accuracy_value', 'NONE');
#4304 = ADVANCED_FACE ( 'NONE', ( #3863 ), #3886, .T. ) ;
#4305 = PRESENTATION_STYLE_ASSIGNMENT (( #2354 ) ) ;
#4306 = LINE ( 'NONE', #625, #3223 ) ;
#4307 = ORIENTED_EDGE ( 'NONE', *, *, #745, .T. ) ;
#4308 =( LENGTH_UNIT ( ) NAMED_UNIT ( * ) SI_UNIT ( .MILLI., .METRE. ) );
#4309 = PRESENTATION_STYLE_ASSIGNMENT (( #670 ) ) ;
#4310 = FILL_AREA_STYLE ('',( #1393 ) ) ;
#4311 = UNCERTAINTY_MEASURE_WITH_UNIT (LENGTH_MEASURE( 1.000000000000000082E-05 ), #666, 'distance_accuracy_value', 'NONE');
#4312 = FILL_AREA_STYLE_COLOUR ( '', #1179 ) ;
#4313 = ORIENTED_EDGE ( 'NONE', *, *, #2133, .T. ) ;
#4314 = CARTESIAN_POINT ( 'NONE',  ( -3.000000000000000000, 6.498044693033953934, -5.634957571453078629 ) ) ;
#4315 =( NAMED_UNIT ( * ) PLANE_ANGLE_UNIT ( ) SI_UNIT ( $, .RADIAN. ) );
#4316 = LINE ( 'NONE', #214, #1283 ) ;
#4317 = CARTESIAN_POINT ( 'NONE',  ( 2.594045604771976876, 6.921432421494547071, -7.149999999999997691 ) ) ;
#4318 = VERTEX_POINT ( 'NONE', #2069 ) ;
#4319 = ADVANCED_FACE ( 'NONE', ( #196 ), #1670, .F. ) ;
#4320 = PRESENTATION_STYLE_ASSIGNMENT (( #4655 ) ) ;
#4322 = DIRECTION ( 'NONE',  ( 0.000000000000000000, -1.000000000000000000, -0.000000000000000000 ) ) ;
#4321 = AXIS2_PLACEMENT_3D ( 'NONE', #280, #4664, #1435 ) ;
#4323 = ADVANCED_FACE ( 'NONE', ( #4678 ), #1453, .T. ) ;
#4324 = AXIS2_PLACEMENT_3D ( 'NONE', #1995, #541, #3538 ) ;
#4325 = VECTOR ( 'NONE', #2130, 1000.000000000000000 ) ;
#4326 = LINE ( 'NONE', #4379, #2851 ) ;
#4327 =( LENGTH_UNIT ( ) NAMED_UNIT ( * ) SI_UNIT ( .MILLI., .METRE. ) );
#4328 = VERTEX_POINT ( 'NONE', #1752 ) ;
#4329 = CARTESIAN_POINT ( 'NONE',  ( -4.020519679137759539, 4.119475320510217031, 0.7999999999999998224 ) ) ;
#4330 = EDGE_CURVE ( 'NONE', #4654, #3065, #1699, .T. ) ;
#4331 = VECTOR ( 'NONE', #4548, 1000.000000000000000 ) ;
#4332 = MECHANICAL_DESIGN_GEOMETRIC_PRESENTATION_REPRESENTATION (  '', ( #3253 ), #1317 ) ;
#4333 = FACE_OUTER_BOUND ( 'NONE', #4743, .T. ) ;
#4334 = ORIENTED_EDGE ( 'NONE', *, *, #51, .F. ) ;
#4335 = SURFACE_STYLE_USAGE ( .BOTH. , #975 ) ;
#4336 = VERTEX_POINT ( 'NONE', #4748 ) ;
#4337 = LINE ( 'NONE', #1354, #4696 ) ;
#4338 = EDGE_CURVE ( 'NONE', #3228, #2382, #2941, .T. ) ;
#4339 = CARTESIAN_POINT ( 'NONE',  ( -3.000000000000000000, 6.449086202862900130, -2.470399538941275619 ) ) ;
#4340 = ORIENTED_EDGE ( 'NONE', *, *, #1246, .T. ) ;
#4341 = DIRECTION ( 'NONE',  ( 1.000000000000000000, 0.000000000000000000, -0.000000000000000000 ) ) ;
#4342 = DIRECTION ( 'NONE',  ( -1.000000000000000000, 0.000000000000000000, 0.000000000000000000 ) ) ;
#4343 =( NAMED_UNIT ( * ) SI_UNIT ( $, .STERADIAN. ) SOLID_ANGLE_UNIT ( ) );
#4344 = EDGE_CURVE ( 'NONE', #1802, #875, #2705, .T. ) ;
#4345 = MECHANICAL_DESIGN_GEOMETRIC_PRESENTATION_REPRESENTATION (  '', ( #4189 ), #3893 ) ;
#4346 = CYLINDRICAL_SURFACE ( 'NONE', #2229, 1.000000000000000000 ) ;
#4347 = LINE ( 'NONE', #2091, #2698 ) ;
#4348 = ORIENTED_EDGE ( 'NONE', *, *, #3900, .T. ) ;
#4349 = AXIS2_PLACEMENT_3D ( 'NONE', #1898, #3392, #4489 ) ;
#4350 = STYLED_ITEM ( 'NONE', ( #4136 ), #3274 ) ;
#4351 = VECTOR ( 'NONE', #884, 1000.000000000000000 ) ;
#4352 = FILL_AREA_STYLE ('',( #2570 ) ) ;
#4353 = EDGE_LOOP ( 'NONE', ( #605, #3952, #3835, #4419 ) ) ;
#4354 =( LENGTH_UNIT ( ) NAMED_UNIT ( * ) SI_UNIT ( .MILLI., .METRE. ) );
#4355 = VECTOR ( 'NONE', #4285, 1000.000000000000227 ) ;
#4356 = UNCERTAINTY_MEASURE_WITH_UNIT (LENGTH_MEASURE( 1.000000000000000082E-05 ), #3475, 'distance_accuracy_value', 'NONE');
#4357 = STYLED_ITEM ( 'NONE', ( #396 ), #1797 ) ;
#4358 = SURFACE_SIDE_STYLE ('',( #2173 ) ) ;
#4359 = ADVANCED_FACE ( 'NONE', ( #1426 ), #2864, .T. ) ;
#4360 = CYLINDRICAL_SURFACE ( 'NONE', #613, 1.000000000000000000 ) ;
#4361 = ORIENTED_EDGE ( 'NONE', *, *, #933, .F. ) ;
#4362 = DIRECTION ( 'NONE',  ( 1.000000000000000000, 0.000000000000000000, 0.000000000000000000 ) ) ;
#4363 = ORIENTED_EDGE ( 'NONE', *, *, #25, .F. ) ;
#4364 = SURFACE_STYLE_FILL_AREA ( #4310 ) ;
#4365 = UNCERTAINTY_MEASURE_WITH_UNIT (LENGTH_MEASURE( 1.000000000000000082E-05 ), #2861, 'distance_accuracy_value', 'NONE');
#4366 = FILL_AREA_STYLE_COLOUR ( '', #92 ) ;
#4367 = ORIENTED_EDGE ( 'NONE', *, *, #1186, .T. ) ;
#4368 = SURFACE_STYLE_FILL_AREA ( #4437 ) ;
#4369 = CARTESIAN_POINT ( 'NONE',  ( -2.605101340599981441, 6.374225096695325554, -7.108739432174837169 ) ) ;
#4370 = DIRECTION ( 'NONE',  ( -0.000000000000000000, -1.000000000000000000, 0.000000000000000000 ) ) ;
#4371 = PRESENTATION_STYLE_ASSIGNMENT (( #312 ) ) ;
#4372 = CARTESIAN_POINT ( 'NONE',  ( -2.000000000000000000, -5.999999999999999112, -2.620399538941273754 ) ) ;
#4373 = EDGE_CURVE ( 'NONE', #4071, #4611, #3342, .T. ) ;
#4374 = CARTESIAN_POINT ( 'NONE',  ( -2.394898659400026997, 6.374225096695325554, -7.108739432174837169 ) ) ;
#4375 = EDGE_LOOP ( 'NONE', ( #524, #2355, #2350, #4261 ) ) ;
#4376 = SURFACE_SIDE_STYLE ('',( #3293 ) ) ;
#4377 = CYLINDRICAL_SURFACE ( 'NONE', #3568, 1.000000000000000000 ) ;
#4378 = CIRCLE ( 'NONE', #3386, 0.4911654362906824334 ) ;
#4379 = CARTESIAN_POINT ( 'NONE',  ( 3.000000000000000000, 6.921432421494547071, -5.634957571453078629 ) ) ;
#4380 = ORIENTED_EDGE ( 'NONE', *, *, #610, .T. ) ;
#4381 = PLANE ( 'NONE',  #2187 ) ;
#4382 = COLOUR_RGB ( '',0.2509803921568627416, 0.2509803921568627416, 0.2509803921568627416 ) ;
#4383 =( NAMED_UNIT ( * ) SI_UNIT ( $, .STERADIAN. ) SOLID_ANGLE_UNIT ( ) );
#4384 = ORIENTED_EDGE ( 'NONE', *, *, #610, .F. ) ;
#4385 = EDGE_CURVE ( 'NONE', #655, #3208, #777, .T. ) ;
#4386 = LINE ( 'NONE', #1049, #4776 ) ;
#4387 = EDGE_LOOP ( 'NONE', ( #1621, #4600, #3887, #123, #3249 ) ) ;
#4388 =( LENGTH_UNIT ( ) NAMED_UNIT ( * ) SI_UNIT ( .MILLI., .METRE. ) );
#4389 =( NAMED_UNIT ( * ) PLANE_ANGLE_UNIT ( ) SI_UNIT ( $, .RADIAN. ) );
#4390 =( BOUNDED_CURVE ( )  B_SPLINE_CURVE ( 3, ( #3005, #4486, #99, #3833 ),
 .UNSPECIFIED., .F., .F. ) 
 B_SPLINE_CURVE_WITH_KNOTS ( ( 4, 4 ),
 ( 1.858875090659589224, 3.141592653589793116 ),
 .UNSPECIFIED. ) 
 CURVE ( )  GEOMETRIC_REPRESENTATION_ITEM ( )  RATIONAL_B_SPLINE_CURVE ( ( 1.000000000000000000, 0.8675223730585492898, 0.8675223730585492898, 1.000000000000000000 ) ) 
 REPRESENTATION_ITEM ( '' )  );
#4391 = FACE_OUTER_BOUND ( 'NONE', #818, .T. ) ;
#4392 = EDGE_LOOP ( 'NONE', ( #1536, #2399, #3729, #1146, #3035, #2393 ) ) ;
#4393 = DIRECTION ( 'NONE',  ( -1.000000000000000000, -0.000000000000000000, -0.000000000000000000 ) ) ;
#4394 = DIRECTION ( 'NONE',  ( 0.000000000000000000, 0.000000000000000000, 1.000000000000000000 ) ) ;
#4395 = ADVANCED_FACE ( 'NONE', ( #47 ), #2685, .T. ) ;
#4396 = STYLED_ITEM ( 'NONE', ( #1978 ), #93 ) ;
#4397 = DIRECTION ( 'NONE',  ( -0.000000000000000000, -0.000000000000000000, -1.000000000000000000 ) ) ;
#4398 = VERTEX_POINT ( 'NONE', #4188 ) ;
#4399 = COLOUR_RGB ( '',0.2509803921568627416, 0.2509803921568627416, 0.2509803921568627416 ) ;
#4400 = FACE_OUTER_BOUND ( 'NONE', #4392, .T. ) ;
#4401 = VECTOR ( 'NONE', #1646, 1000.000000000000227 ) ;
#4402 = DIRECTION ( 'NONE',  ( 1.000000000000000000, 0.000000000000000000, 0.000000000000000000 ) ) ;
#4403 = CARTESIAN_POINT ( 'NONE',  ( 3.000000000000000000, 6.449086202862900130, -2.470399538941275619 ) ) ;
#4404 = DIRECTION ( 'NONE',  ( -1.000000000000000000, -1.734723475976809560E-16, 0.000000000000000000 ) ) ;
#4405 = ORIENTED_EDGE ( 'NONE', *, *, #1983, .F. ) ;
#4406 = LINE ( 'NONE', #1462, #4052 ) ;
#4407 = DIRECTION ( 'NONE',  ( 0.000000000000000000, 1.000000000000000000, 0.000000000000000000 ) ) ;
#4408 = UNCERTAINTY_MEASURE_WITH_UNIT (LENGTH_MEASURE( 1.000000000000000082E-05 ), #46, 'distance_accuracy_value', 'NONE');
#4409 = VECTOR ( 'NONE', #106, 1000.000000000000000 ) ;
#4410 = DIRECTION ( 'NONE',  ( 0.000000000000000000, 0.2841106857314363299, 0.9587914884129984383 ) ) ;
#4411 = AXIS2_PLACEMENT_3D ( 'NONE', #3504, #603, #3122 ) ;
#4412 = ORIENTED_EDGE ( 'NONE', *, *, #400, .T. ) ;
#4413 = DIRECTION ( 'NONE',  ( 0.000000000000000000, 0.2867062765227776922, -0.9580185337468395401 ) ) ;
#4414 = CARTESIAN_POINT ( 'NONE',  ( -2.645657067957063902, -6.106181276738047892, -6.957383397140285197 ) ) ;
#4415 = VECTOR ( 'NONE', #2916, 1000.000000000000000 ) ;
#4416 = COLOUR_RGB ( '',1.000000000000000000, 1.000000000000000000, 1.000000000000000000 ) ;
#4417 = EDGE_CURVE ( 'NONE', #2006, #2083, #490, .T. ) ;
#4418 = PLANE ( 'NONE',  #4709 ) ;
#4419 = ORIENTED_EDGE ( 'NONE', *, *, #4528, .T. ) ;
#4420 = CARTESIAN_POINT ( 'NONE',  ( -2.000000000000000000, 5.999999999999999112, -2.770399538941275441 ) ) ;
#4421 = AXIS2_PLACEMENT_3D ( 'NONE', #3563, #143, #2736 ) ;
#4422 = DIRECTION ( 'NONE',  ( 0.000000000000000000, 1.000000000000000000, -0.000000000000000000 ) ) ;
#4423 = FILL_AREA_STYLE ('',( #1796 ) ) ;
#4424 = EDGE_LOOP ( 'NONE', ( #955, #2713, #4030, #3616 ) ) ;
#4425 =( NAMED_UNIT ( * ) PLANE_ANGLE_UNIT ( ) SI_UNIT ( $, .RADIAN. ) );
#4426 = AXIS2_PLACEMENT_3D ( 'NONE', #2185, #2111, #702 ) ;
#4427 = STYLED_ITEM ( 'NONE', ( #2860 ), #2867 ) ;
#4428 = CARTESIAN_POINT ( 'NONE',  ( 1.499999999999999112, -1.500000000000000000, 1.949999999999999956 ) ) ;
#4429 = DIRECTION ( 'NONE',  ( 1.734723475976807341E-16, -1.000000000000000000, 0.000000000000000000 ) ) ;
#4430 = VERTEX_POINT ( 'NONE', #3808 ) ;
#4431 = COLOUR_RGB ( '',0.2509803921568627416, 0.2509803921568627416, 0.2509803921568627416 ) ;
#4432 = SURFACE_STYLE_USAGE ( .BOTH. , #2989 ) ;
#4433 = PRESENTATION_STYLE_ASSIGNMENT (( #1412 ) ) ;
#4434 = COLOUR_RGB ( '',0.2509803921568627416, 0.2509803921568627416, 0.2509803921568627416 ) ;
#4435 =( NAMED_UNIT ( * ) SI_UNIT ( $, .STERADIAN. ) SOLID_ANGLE_UNIT ( ) );
#4436 = ORIENTED_EDGE ( 'NONE', *, *, #740, .F. ) ;
#4437 = FILL_AREA_STYLE ('',( #2605 ) ) ;
#4438 = CARTESIAN_POINT ( 'NONE',  ( 1.499999999999999112, -1.500000000000000000, 0.7500000000000000000 ) ) ;
#4439 = MECHANICAL_DESIGN_GEOMETRIC_PRESENTATION_REPRESENTATION (  '', ( #3362 ), #3522 ) ;
#4440 = FACE_OUTER_BOUND ( 'NONE', #3174, .T. ) ;
#4441 =( GEOMETRIC_REPRESENTATION_CONTEXT ( 3 ) GLOBAL_UNCERTAINTY_ASSIGNED_CONTEXT ( ( #177 ) ) GLOBAL_UNIT_ASSIGNED_CONTEXT ( ( #3018, #3794, #1609 ) ) REPRESENTATION_CONTEXT ( 'NONE', 'WORKASPACE' ) );
#4442 = DIRECTION ( 'NONE',  ( 1.000000000000000000, 1.711898167082375020E-16, -0.000000000000000000 ) ) ;
#4443 = ORIENTED_EDGE ( 'NONE', *, *, #1386, .T. ) ;
#4444 = LINE ( 'NONE', #3434, #635 ) ;
#4445 = CIRCLE ( 'NONE', #420, 0.2999999999999999334 ) ;
#4446 = DIRECTION ( 'NONE',  ( 1.000000000000000000, -0.000000000000000000, -0.000000000000000000 ) ) ;
#4447 = EDGE_CURVE ( 'NONE', #2855, #547, #100, .T. ) ;
#4448 = CARTESIAN_POINT ( 'NONE',  ( 1.499999999999999112, -1.500000000000000000, 1.949999999999999956 ) ) ;
#4449 = SURFACE_STYLE_USAGE ( .BOTH. , #842 ) ;
#4450 = DIRECTION ( 'NONE',  ( 0.000000000000000000, 0.000000000000000000, 1.000000000000000000 ) ) ;
#4451 = VERTEX_POINT ( 'NONE', #1476 ) ;
#4452 = CIRCLE ( 'NONE', #4227, 0.2999999999999999334 ) ;
#4453 = DIRECTION ( 'NONE',  ( 1.000000000000000000, 0.000000000000000000, 0.000000000000000000 ) ) ;
#4454 = ORIENTED_EDGE ( 'NONE', *, *, #4593, .F. ) ;
#4455 = LINE ( 'NONE', #2216, #1834 ) ;
#4456 = UNCERTAINTY_MEASURE_WITH_UNIT (LENGTH_MEASURE( 1.000000000000000082E-05 ), #2043, 'distance_accuracy_value', 'NONE');
#4457 = DIRECTION ( 'NONE',  ( -1.000000000000000000, -0.000000000000000000, -0.000000000000000000 ) ) ;
#4458 = EDGE_LOOP ( 'NONE', ( #2311, #3000, #2593, #413 ) ) ;
#4459 = LINE ( 'NONE', #4109, #2492 ) ;
#4460 = ORIENTED_EDGE ( 'NONE', *, *, #4185, .F. ) ;
#4461 = CARTESIAN_POINT ( 'NONE',  ( -3.000000000000000000, 6.149086202862900308, -3.727673206435407227 ) ) ;
#4462 = PRESENTATION_STYLE_ASSIGNMENT (( #3739 ) ) ;
#4463 = CARTESIAN_POINT ( 'NONE',  ( 4.511685115428442749, -3.871192841101213755, 0.4999999999999997780 ) ) ;
#4464 = SURFACE_SIDE_STYLE ('',( #1547 ) ) ;
#4465 = EDGE_LOOP ( 'NONE', ( #3061, #4211 ) ) ;
#4466 = VECTOR ( 'NONE', #286, 1000.000000000000227 ) ;
#4467 = CARTESIAN_POINT ( 'NONE',  ( -3.000000000000000000, -6.250000000000000888, -6.999999999999997335 ) ) ;
#4468 = AXIS2_PLACEMENT_3D ( 'NONE', #1908, #438, #2219 ) ;
#4469 = VERTEX_POINT ( 'NONE', #2591 ) ;
#4470 = EDGE_CURVE ( 'NONE', #4146, #3687, #1916, .T. ) ;
#4471 =( LENGTH_UNIT ( ) NAMED_UNIT ( * ) SI_UNIT ( .MILLI., .METRE. ) );
#4472 = ORIENTED_EDGE ( 'NONE', *, *, #3508, .F. ) ;
#4473 = EDGE_LOOP ( 'NONE', ( #180, #2527, #4340, #2066, #3555, #1667, #2984, #2405 ) ) ;
#4474 = FACE_OUTER_BOUND ( 'NONE', #773, .T. ) ;
#4475 = FILL_AREA_STYLE_COLOUR ( '', #1135 ) ;
#4476 =( GEOMETRIC_REPRESENTATION_CONTEXT ( 3 ) GLOBAL_UNCERTAINTY_ASSIGNED_CONTEXT ( ( #3552 ) ) GLOBAL_UNIT_ASSIGNED_CONTEXT ( ( #930, #2775, #90 ) ) REPRESENTATION_CONTEXT ( 'NONE', 'WORKASPACE' ) );
#4477 = DIRECTION ( 'NONE',  ( 0.000000000000000000, 0.000000000000000000, 1.000000000000000000 ) ) ;
#4478 =( NAMED_UNIT ( * ) PLANE_ANGLE_UNIT ( ) SI_UNIT ( $, .RADIAN. ) );
#4479 = MECHANICAL_DESIGN_GEOMETRIC_PRESENTATION_REPRESENTATION (  '', ( #833 ), #2621 ) ;
#4480 = DIRECTION ( 'NONE',  ( 0.000000000000000000, 0.000000000000000000, -1.000000000000000000 ) ) ;
#4481 = VERTEX_POINT ( 'NONE', #2228 ) ;
#4482 = SURFACE_STYLE_USAGE ( .BOTH. , #392 ) ;
#4483 = PRESENTATION_LAYER_ASSIGNMENT (  '', '', ( #1771 ) ) ;
#4484 = DIRECTION ( 'NONE',  ( 0.000000000000000000, 1.000000000000000000, -0.000000000000000000 ) ) ;
#4485 = STYLED_ITEM ( 'NONE', ( #1139 ), #4395 ) ;
#4486 = CARTESIAN_POINT ( 'NONE',  ( -2.394898659400026553, -6.374225096695323778, -7.108739432174838058 ) ) ;
#4487 = FILL_AREA_STYLE_COLOUR ( '', #3093 ) ;
#4488 = ORIENTED_EDGE ( 'NONE', *, *, #2660, .F. ) ;
#4489 = DIRECTION ( 'NONE',  ( 1.000000000000000000, 0.000000000000000000, -0.000000000000000000 ) ) ;
#4490 = FILL_AREA_STYLE_COLOUR ( '', #979 ) ;
#4491 = VECTOR ( 'NONE', #4235, 1000.000000000000000 ) ;
#4492 = FACE_BOUND ( 'NONE', #4703, .T. ) ;
#4493 = MECHANICAL_DESIGN_GEOMETRIC_PRESENTATION_REPRESENTATION (  '', ( #2789 ), #314 ) ;
#4494 = CARTESIAN_POINT ( 'NONE',  ( -3.000000000000000000, 6.608412929275199410, -5.262496658105769498 ) ) ;
#4495 =( LENGTH_UNIT ( ) NAMED_UNIT ( * ) SI_UNIT ( .MILLI., .METRE. ) );
#4496 = ORIENTED_EDGE ( 'NONE', *, *, #1444, .F. ) ;
#4497 =( NAMED_UNIT ( * ) SI_UNIT ( $, .STERADIAN. ) SOLID_ANGLE_UNIT ( ) );
#4498 = UNCERTAINTY_MEASURE_WITH_UNIT (LENGTH_MEASURE( 1.000000000000000082E-05 ), #3625, 'distance_accuracy_value', 'NONE');
#4499 = EDGE_CURVE ( 'NONE', #4318, #3144, #3006, .T. ) ;
#4500 = VECTOR ( 'NONE', #2459, 1000.000000000000114 ) ;
#4501 = SURFACE_STYLE_USAGE ( .BOTH. , #807 ) ;
#4502 = VECTOR ( 'NONE', #1320, 1000.000000000000114 ) ;
#4503 = ORIENTED_EDGE ( 'NONE', *, *, #3180, .T. ) ;
#4504 = PRESENTATION_LAYER_ASSIGNMENT (  '', '', ( #555 ) ) ;
#4505 =( LENGTH_UNIT ( ) NAMED_UNIT ( * ) SI_UNIT ( .MILLI., .METRE. ) );
#4506 = CARTESIAN_POINT ( 'NONE',  ( 4.999999999999999112, 4.999999999999999112, -3.500000000000000000 ) ) ;
#4507 = PRESENTATION_LAYER_ASSIGNMENT (  '', '', ( #2107 ) ) ;
#4508 = ADVANCED_FACE ( 'NONE', ( #3055 ), #1938, .T. ) ;
#4509 =( NAMED_UNIT ( * ) SI_UNIT ( $, .STERADIAN. ) SOLID_ANGLE_UNIT ( ) );
#4510 =( LENGTH_UNIT ( ) NAMED_UNIT ( * ) SI_UNIT ( .MILLI., .METRE. ) );
#4511 = CARTESIAN_POINT ( 'NONE',  ( -1.900000000000000577, -1.900000000000001243, 1.949999999999999956 ) ) ;
#4512 = EDGE_CURVE ( 'NONE', #712, #2515, #1158, .T. ) ;
#4513 = CARTESIAN_POINT ( 'NONE',  ( -3.000000000000000000, -6.106181276738047892, -6.957383397140285197 ) ) ;
#4514 =( NAMED_UNIT ( * ) PLANE_ANGLE_UNIT ( ) SI_UNIT ( $, .RADIAN. ) );
#4515 =( NAMED_UNIT ( * ) SI_UNIT ( $, .STERADIAN. ) SOLID_ANGLE_UNIT ( ) );
#4516 = VERTEX_POINT ( 'NONE', #2364 ) ;
#4517 = DIRECTION ( 'NONE',  ( -0.000000000000000000, 1.000000000000000000, 0.000000000000000000 ) ) ;
#4518 = FILL_AREA_STYLE ('',( #145 ) ) ;
#4519 = FILL_AREA_STYLE ('',( #146 ) ) ;
#4520 = ORIENTED_EDGE ( 'NONE', *, *, #793, .F. ) ;
#4521 = LINE ( 'NONE', #1200, #3169 ) ;
#4522 =( NAMED_UNIT ( * ) PLANE_ANGLE_UNIT ( ) SI_UNIT ( $, .RADIAN. ) );
#4523 = STYLED_ITEM ( 'NONE', ( #3459 ), #3707 ) ;
#4524 = SURFACE_STYLE_FILL_AREA ( #3470 ) ;
#4525 = ORIENTED_EDGE ( 'NONE', *, *, #3479, .T. ) ;
#4526 = CARTESIAN_POINT ( 'NONE',  ( 1.899999999999999023, -1.900000000000001465, 1.949999999999999956 ) ) ;
#4527 = PLANE ( 'NONE',  #1528 ) ;
#4528 = EDGE_CURVE ( 'NONE', #2466, #3502, #3879, .T. ) ;
#4529 = DIRECTION ( 'NONE',  ( 1.000000000000000000, 0.000000000000000000, 0.000000000000000000 ) ) ;
#4530 =( NAMED_UNIT ( * ) PLANE_ANGLE_UNIT ( ) SI_UNIT ( $, .RADIAN. ) );
#4531 = DIRECTION ( 'NONE',  ( -1.000000000000000000, -0.000000000000000000, -0.000000000000000000 ) ) ;
#4532 = FILL_AREA_STYLE ('',( #3336 ) ) ;
#4533 = ADVANCED_FACE ( 'NONE', ( #4599 ), #1291, .T. ) ;
#4534 = FACE_OUTER_BOUND ( 'NONE', #1873, .T. ) ;
#4535 = CARTESIAN_POINT ( 'NONE',  ( 3.000000000000000000, -6.149086202862900308, -3.727673206435405451 ) ) ;
#4536 =( NAMED_UNIT ( * ) SI_UNIT ( $, .STERADIAN. ) SOLID_ANGLE_UNIT ( ) );
#4537 = VERTEX_POINT ( 'NONE', #2063 ) ;
#4538 = ADVANCED_FACE ( 'NONE', ( #2807 ), #4291, .F. ) ;
#4539 = PRESENTATION_STYLE_ASSIGNMENT (( #3085 ) ) ;
#4540 = LINE ( 'NONE', #3130, #2707 ) ;
#4541 = ORIENTED_EDGE ( 'NONE', *, *, #4417, .T. ) ;
#4542 = DIRECTION ( 'NONE',  ( -1.445602896647339163E-16, 1.000000000000000000, 0.000000000000000000 ) ) ;
#4543 = LINE ( 'NONE', #519, #2220 ) ;
#4544 = UNCERTAINTY_MEASURE_WITH_UNIT (LENGTH_MEASURE( 1.000000000000000082E-05 ), #2287, 'distance_accuracy_value', 'NONE');
#4545 = CARTESIAN_POINT ( 'NONE',  ( 0.000000000000000000, 0.000000000000000000, 0.7500000000000000000 ) ) ;
#4546 = ORIENTED_EDGE ( 'NONE', *, *, #1866, .F. ) ;
#4547 = CARTESIAN_POINT ( 'NONE',  ( 1.499999999999999112, -1.500000000000000000, 1.949999999999999956 ) ) ;
#4548 = DIRECTION ( 'NONE',  ( 0.000000000000000000, -1.000000000000000000, 0.000000000000000000 ) ) ;
#4549 =( GEOMETRIC_REPRESENTATION_CONTEXT ( 3 ) GLOBAL_UNCERTAINTY_ASSIGNED_CONTEXT ( ( #899 ) ) GLOBAL_UNIT_ASSIGNED_CONTEXT ( ( #3660, #629, #261 ) ) REPRESENTATION_CONTEXT ( 'NONE', 'WORKASPACE' ) );
#4550 = LINE ( 'NONE', #881, #1098 ) ;
#4551 = APPLICATION_CONTEXT ( 'automotive_design' ) ;
#4552 = PRESENTATION_LAYER_ASSIGNMENT (  '', '', ( #2153 ) ) ;
#4553 = DIRECTION ( 'NONE',  ( -0.000000000000000000, -0.000000000000000000, -1.000000000000000000 ) ) ;
#4554 = VECTOR ( 'NONE', #4074, 1000.000000000000114 ) ;
#4555 = SURFACE_STYLE_USAGE ( .BOTH. , #1985 ) ;
#4556 = CARTESIAN_POINT ( 'NONE',  ( 3.529354242847077217, 4.119475320510217031, 0.4999999999999997780 ) ) ;
#4557 =( NAMED_UNIT ( * ) PLANE_ANGLE_UNIT ( ) SI_UNIT ( $, .RADIAN. ) );
#4558 = COLOUR_RGB ( '',0.2509803921568627416, 0.2509803921568627416, 0.2509803921568627416 ) ;
#4559 = ADVANCED_FACE ( 'NONE', ( #2429 ), #2410, .F. ) ;
#4560 =( NAMED_UNIT ( * ) PLANE_ANGLE_UNIT ( ) SI_UNIT ( $, .RADIAN. ) );
#4561 = ORIENTED_EDGE ( 'NONE', *, *, #2960, .F. ) ;
#4562 =( LENGTH_UNIT ( ) NAMED_UNIT ( * ) SI_UNIT ( .MILLI., .METRE. ) );
#4563 = CARTESIAN_POINT ( 'NONE',  ( -4.999999999999999112, -5.000000000000000888, 0.000000000000000000 ) ) ;
#4564 =( LENGTH_UNIT ( ) NAMED_UNIT ( * ) SI_UNIT ( .MILLI., .METRE. ) );
#4565 = EDGE_LOOP ( 'NONE', ( #436, #3600 ) ) ;
#4566 = CARTESIAN_POINT ( 'NONE',  ( -3.000000000000000888, 5.999999999999999112, -3.500000000000000000 ) ) ;
#4567 = PRESENTATION_LAYER_ASSIGNMENT (  '', '', ( #3979 ) ) ;
#4568 = CARTESIAN_POINT ( 'NONE',  ( -3.000000000000000000, -6.449086202862900130, -2.470399538941273843 ) ) ;
#4569 =( NAMED_UNIT ( * ) PLANE_ANGLE_UNIT ( ) SI_UNIT ( $, .RADIAN. ) );
#4570 = ORIENTED_EDGE ( 'NONE', *, *, #416, .F. ) ;
#4571 = DIRECTION ( 'NONE',  ( 1.000000000000000000, 0.000000000000000000, 0.000000000000000000 ) ) ;
#4572 = FACE_OUTER_BOUND ( 'NONE', #1856, .T. ) ;
#4573 = AXIS2_PLACEMENT_3D ( 'NONE', #3160, #2417, #3566 ) ;
#4574 = CARTESIAN_POINT ( 'NONE',  ( 3.000000000000000000, -6.000000000000000888, -3.500000000000000000 ) ) ;
#4575 = FACE_BOUND ( 'NONE', #2820, .T. ) ;
#4576 = AXIS2_PLACEMENT_3D ( 'NONE', #474, #495, #1347 ) ;
#4577 = FILL_AREA_STYLE ('',( #139 ) ) ;
#4578 = STYLED_ITEM ( 'NONE', ( #4624 ), #1894 ) ;
#4579 = ORIENTED_EDGE ( 'NONE', *, *, #3135, .F. ) ;
#4580 = SURFACE_SIDE_STYLE ('',( #3928 ) ) ;
#4581 = DIRECTION ( 'NONE',  ( -0.9659258262890695335, 0.000000000000000000, 0.2588190451025161321 ) ) ;
#4582 = ADVANCED_FACE ( 'NONE', ( #1130 ), #2183, .T. ) ;
#4583 = SURFACE_STYLE_FILL_AREA ( #3111 ) ;
#4584 = ORIENTED_EDGE ( 'NONE', *, *, #2725, .T. ) ;
#4585 =( LENGTH_UNIT ( ) NAMED_UNIT ( * ) SI_UNIT ( .MILLI., .METRE. ) );
#4586 = UNCERTAINTY_MEASURE_WITH_UNIT (LENGTH_MEASURE( 1.000000000000000082E-05 ), #71, 'distance_accuracy_value', 'NONE');
#4587 =( NAMED_UNIT ( * ) PLANE_ANGLE_UNIT ( ) SI_UNIT ( $, .RADIAN. ) );
#4588 =( NAMED_UNIT ( * ) PLANE_ANGLE_UNIT ( ) SI_UNIT ( $, .RADIAN. ) );
#4589 = ORIENTED_EDGE ( 'NONE', *, *, #874, .T. ) ;
#4590 = CARTESIAN_POINT ( 'NONE',  ( 4.020519679137760427, -3.871192841101213755, 0.7999999999999998224 ) ) ;
#4591 = ORIENTED_EDGE ( 'NONE', *, *, #36, .T. ) ;
#4592 = LINE ( 'NONE', #4642, #3754 ) ;
#4593 = EDGE_CURVE ( 'NONE', #4667, #786, #4459, .T. ) ;
#4594 = VECTOR ( 'NONE', #3125, 1000.000000000000114 ) ;
#4595 =( LENGTH_UNIT ( ) NAMED_UNIT ( * ) SI_UNIT ( .MILLI., .METRE. ) );
#4596 = SURFACE_SIDE_STYLE ('',( #2431 ) ) ;
#4597 = DIRECTION ( 'NONE',  ( -0.000000000000000000, 0.000000000000000000, 1.000000000000000000 ) ) ;
#4598 = DIRECTION ( 'NONE',  ( 0.000000000000000000, 0.000000000000000000, 1.000000000000000000 ) ) ;
#4599 = FACE_OUTER_BOUND ( 'NONE', #1129, .T. ) ;
#4600 = ORIENTED_EDGE ( 'NONE', *, *, #935, .T. ) ;
#4601 =( GEOMETRIC_REPRESENTATION_CONTEXT ( 3 ) GLOBAL_UNCERTAINTY_ASSIGNED_CONTEXT ( ( #4219 ) ) GLOBAL_UNIT_ASSIGNED_CONTEXT ( ( #2902, #1745, #1442 ) ) REPRESENTATION_CONTEXT ( 'NONE', 'WORKASPACE' ) );
#4602 = SURFACE_STYLE_USAGE ( .BOTH. , #2790 ) ;
#4603 = CARTESIAN_POINT ( 'NONE',  ( -5.099999999999999645, -5.000000000000000888, -0.05000000000000000278 ) ) ;
#4604 = FACE_OUTER_BOUND ( 'NONE', #934, .T. ) ;
#4605 =( LENGTH_UNIT ( ) NAMED_UNIT ( * ) SI_UNIT ( .MILLI., .METRE. ) );
#4606 = EDGE_LOOP ( 'NONE', ( #1208, #1125, #2408, #3272, #953, #2866, #1169, #3320, #1617, #3440 ) ) ;
#4607 = FILL_AREA_STYLE ('',( #175 ) ) ;
#4608 = SURFACE_STYLE_FILL_AREA ( #1651 ) ;
#4609 = EDGE_CURVE ( 'NONE', #4694, #875, #4445, .T. ) ;
#4610 = SURFACE_STYLE_FILL_AREA ( #573 ) ;
#4611 = VERTEX_POINT ( 'NONE', #3259 ) ;
#4612 = DIRECTION ( 'NONE',  ( 0.000000000000000000, -0.9580185337468397622, -0.2867062765227776366 ) ) ;
#4613 = AXIS2_PLACEMENT_3D ( 'NONE', #2204, #3308, #4110 ) ;
#4614 = SURFACE_STYLE_USAGE ( .BOTH. , #3553 ) ;
#4615 = AXIS2_PLACEMENT_3D ( 'NONE', #3865, #805, #2332 ) ;
#4616 = VECTOR ( 'NONE', #1725, 1000.000000000000000 ) ;
#4617 = SURFACE_STYLE_USAGE ( .BOTH. , #2754 ) ;
#4618 = VECTOR ( 'NONE', #873, 1000.000000000000000 ) ;
#4619 = DIRECTION ( 'NONE',  ( 1.000000000000000000, 0.000000000000000000, 0.000000000000000000 ) ) ;
#4620 = TOROIDAL_SURFACE ( 'NONE', #3075, 0.1911654362906827498, 0.2999999999999999889 ) ;
#4621 = DIRECTION ( 'NONE',  ( 0.000000000000000000, 0.2867062765227760268, 0.9580185337468402063 ) ) ;
#4622 =( GEOMETRIC_REPRESENTATION_CONTEXT ( 3 ) GLOBAL_UNCERTAINTY_ASSIGNED_CONTEXT ( ( #3092 ) ) GLOBAL_UNIT_ASSIGNED_CONTEXT ( ( #1165, #3052, #393 ) ) REPRESENTATION_CONTEXT ( 'NONE', 'WORKASPACE' ) );
#4623 = AXIS2_PLACEMENT_3D ( 'NONE', #2076, #1302, #1349 ) ;
#4624 = PRESENTATION_STYLE_ASSIGNMENT (( #2064 ) ) ;
#4625 = ORIENTED_EDGE ( 'NONE', *, *, #4055, .T. ) ;
#4626 = AXIS2_PLACEMENT_3D ( 'NONE', #3091, #4542, #1554 ) ;
#4627 = VECTOR ( 'NONE', #1772, 1000.000000000000000 ) ;
#4628 = CARTESIAN_POINT ( 'NONE',  ( 2.377181100683774417, -6.393818723261950332, -7.042616602859716579 ) ) ;
#4629 = LINE ( 'NONE', #223, #1947 ) ;
#4630 = COLOUR_RGB ( '',1.000000000000000000, 1.000000000000000000, 1.000000000000000000 ) ;
#4631 = CARTESIAN_POINT ( 'NONE',  ( 5.000000000000000888, -5.000000000000000888, -3.500000000000000000 ) ) ;
#4632 = DIRECTION ( 'NONE',  ( 0.000000000000000000, 0.000000000000000000, 1.000000000000000000 ) ) ;
#4633 = ORIENTED_EDGE ( 'NONE', *, *, #381, .F. ) ;
#4634 = DIRECTION ( 'NONE',  ( -0.000000000000000000, -0.2867062765227776922, 0.9580185337468395401 ) ) ;
#4635 = VECTOR ( 'NONE', #1855, 1000.000000000000000 ) ;
#4636 = MECHANICAL_DESIGN_GEOMETRIC_PRESENTATION_REPRESENTATION (  '', ( #1771 ), #2308 ) ;
#4637 = UNCERTAINTY_MEASURE_WITH_UNIT (LENGTH_MEASURE( 1.000000000000000082E-05 ), #4308, 'distance_accuracy_value', 'NONE');
#4638 = COLOUR_RGB ( '',0.2509803921568627416, 0.2509803921568627416, 0.2509803921568627416 ) ;
#4639 = ORIENTED_EDGE ( 'NONE', *, *, #3640, .T. ) ;
#4640 =( NAMED_UNIT ( * ) SI_UNIT ( $, .STERADIAN. ) SOLID_ANGLE_UNIT ( ) );
#4641 = ORIENTED_EDGE ( 'NONE', *, *, #3298, .F. ) ;
#4642 = CARTESIAN_POINT ( 'NONE',  ( -2.000000000000000000, -6.449086202862900130, -3.683745183551860425 ) ) ;
#4643 = UNCERTAINTY_MEASURE_WITH_UNIT (LENGTH_MEASURE( 1.000000000000000082E-05 ), #91, 'distance_accuracy_value', 'NONE');
#4644 = EDGE_CURVE ( 'NONE', #4730, #1508, #335, .T. ) ;
#4645 = PRESENTATION_STYLE_ASSIGNMENT (( #4614 ) ) ;
#4646 = ORIENTED_EDGE ( 'NONE', *, *, #2302, .F. ) ;
#4647 = DIRECTION ( 'NONE',  ( -0.000000000000000000, 0.000000000000000000, 1.000000000000000000 ) ) ;
#4648 = SURFACE_STYLE_USAGE ( .BOTH. , #4229 ) ;
#4649 =( GEOMETRIC_REPRESENTATION_CONTEXT ( 3 ) GLOBAL_UNCERTAINTY_ASSIGNED_CONTEXT ( ( #3138 ) ) GLOBAL_UNIT_ASSIGNED_CONTEXT ( ( #4250, #887, #1663 ) ) REPRESENTATION_CONTEXT ( 'NONE', 'WORKASPACE' ) );
#4650 = SURFACE_SIDE_STYLE ('',( #4293 ) ) ;
#4651 = COLOUR_RGB ( '',0.2509803921568627416, 0.2509803921568627416, 0.2509803921568627416 ) ;
#4652 = PRESENTATION_LAYER_ASSIGNMENT (  '', '', ( #1474 ) ) ;
#4653 = FACE_OUTER_BOUND ( 'NONE', #3316, .T. ) ;
#4654 = VERTEX_POINT ( 'NONE', #1489 ) ;
#4655 = SURFACE_STYLE_USAGE ( .BOTH. , #3954 ) ;
#4656 = EDGE_CURVE ( 'NONE', #3208, #1601, #2924, .T. ) ;
#4657 = PRESENTATION_LAYER_ASSIGNMENT (  '', '', ( #4357 ) ) ;
#4658 =( LENGTH_UNIT ( ) NAMED_UNIT ( * ) SI_UNIT ( .MILLI., .METRE. ) );
#4659 =( NAMED_UNIT ( * ) SI_UNIT ( $, .STERADIAN. ) SOLID_ANGLE_UNIT ( ) );
#4660 = ORIENTED_EDGE ( 'NONE', *, *, #2518, .F. ) ;
#4661 = DIRECTION ( 'NONE',  ( -1.734723475976808327E-16, 1.000000000000000000, 0.000000000000000000 ) ) ;
#4662 = ORIENTED_EDGE ( 'NONE', *, *, #184, .T. ) ;
#4663 = DIRECTION ( 'NONE',  ( 1.000000000000000000, 0.000000000000000000, 0.000000000000000000 ) ) ;
#4664 = DIRECTION ( 'NONE',  ( -1.000000000000000000, -0.000000000000000000, -0.000000000000000000 ) ) ;
#4665 =( BOUNDED_CURVE ( )  B_SPLINE_CURVE ( 3, ( #1323, #3909, #2049, #2068 ),
 .UNSPECIFIED., .F., .F. ) 
 B_SPLINE_CURVE_WITH_KNOTS ( ( 4, 4 ),
 ( 0.000000000000000000, 1.858875090659558138 ),
 .UNSPECIFIED. ) 
 CURVE ( )  GEOMETRIC_REPRESENTATION_ITEM ( )  RATIONAL_B_SPLINE_CURVE ( ( 1.000000000000000000, 0.7321898417193726250, 0.7321898417193726250, 1.000000000000000000 ) ) 
 REPRESENTATION_ITEM ( '' )  );
#4666 = SURFACE_STYLE_USAGE ( .BOTH. , #133 ) ;
#4667 = VERTEX_POINT ( 'NONE', #769 ) ;
#4668 = EDGE_CURVE ( 'NONE', #1330, #2259, #2240, .T. ) ;
#4669 = FILL_AREA_STYLE_COLOUR ( '', #3237 ) ;
#4670 = CARTESIAN_POINT ( 'NONE',  ( -2.000000000000000000, -6.608412929275197634, -5.262496658105771274 ) ) ;
#4671 = STYLED_ITEM ( 'NONE', ( #4681 ), #3962 ) ;
#4672 = ADVANCED_FACE ( 'NONE', ( #1416 ), #721, .T. ) ;
#4673 = ORIENTED_EDGE ( 'NONE', *, *, #2100, .F. ) ;
#4674 =( LENGTH_UNIT ( ) NAMED_UNIT ( * ) SI_UNIT ( .MILLI., .METRE. ) );
#4675 = CARTESIAN_POINT ( 'NONE',  ( 4.020519679137760427, -3.871192841101213755, -0.05000000000000000278 ) ) ;
#4676 = DIRECTION ( 'NONE',  ( 0.000000000000000000, -0.9587914884129985493, 0.2841106857314363854 ) ) ;
#4677 = ADVANCED_FACE ( 'NONE', ( #3307 ), #111, .T. ) ;
#4678 = FACE_OUTER_BOUND ( 'NONE', #4297, .T. ) ;
#4679 = VERTEX_POINT ( 'NONE', #3403 ) ;
#4680 = EDGE_CURVE ( 'NONE', #671, #626, #2726, .T. ) ;
#4681 = PRESENTATION_STYLE_ASSIGNMENT (( #3579 ) ) ;
#4682 = ORIENTED_EDGE ( 'NONE', *, *, #2959, .T. ) ;
#4683 = ORIENTED_EDGE ( 'NONE', *, *, #3900, .F. ) ;
#4684 = CARTESIAN_POINT ( 'NONE',  ( -1.500000000000001110, -1.500000000000000444, 1.949999999999999956 ) ) ;
#4685 = UNCERTAINTY_MEASURE_WITH_UNIT (LENGTH_MEASURE( 1.000000000000000082E-05 ), #3146, 'distance_accuracy_value', 'NONE');
#4686 = ORIENTED_EDGE ( 'NONE', *, *, #2330, .F. ) ;
#4687 = SURFACE_SIDE_STYLE ('',( #2430 ) ) ;
#4688 = PRESENTATION_STYLE_ASSIGNMENT (( #1720 ) ) ;
#4689 =( NAMED_UNIT ( * ) SI_UNIT ( $, .STERADIAN. ) SOLID_ANGLE_UNIT ( ) );
#4690 = DIRECTION ( 'NONE',  ( 1.000000000000000000, 0.000000000000000000, 0.000000000000000000 ) ) ;
#4691 = STYLED_ITEM ( 'NONE', ( #1374 ), #2256 ) ;
#4692 = PRESENTATION_STYLE_ASSIGNMENT (( #2465 ) ) ;
#4693 = AXIS2_PLACEMENT_3D ( 'NONE', #3195, #2028, #1249 ) ;
#4694 = VERTEX_POINT ( 'NONE', #63 ) ;
#4695 = LINE ( 'NONE', #4032, #4773 ) ;
#4696 = VECTOR ( 'NONE', #4711, 1000.000000000000000 ) ;
#4697 = VECTOR ( 'NONE', #1795, 1000.000000000000000 ) ;
#4698 = EDGE_CURVE ( 'NONE', #4190, #597, #1582, .T. ) ;
#4699 = VECTOR ( 'NONE', #4004, 1000.000000000000000 ) ;
#4700 = CARTESIAN_POINT ( 'NONE',  ( -1.500000000000001110, -1.500000000000000444, 1.949999999999999956 ) ) ;
#4701 = CARTESIAN_POINT ( 'NONE',  ( 3.000000000000000000, 5.999999999999999112, -2.620399538941275530 ) ) ;
#4702 = COLOUR_RGB ( '',1.000000000000000000, 1.000000000000000000, 1.000000000000000000 ) ;
#4703 = EDGE_LOOP ( 'NONE', ( #1225, #4058 ) ) ;
#4704 = SURFACE_STYLE_FILL_AREA ( #2944 ) ;
#4705 = LINE ( 'NONE', #4428, #365 ) ;
#4706 = DIRECTION ( 'NONE',  ( 1.000000000000000000, 0.000000000000000000, 0.000000000000000000 ) ) ;
#4707 = ORIENTED_EDGE ( 'NONE', *, *, #3551, .F. ) ;
#4708 = DIRECTION ( 'NONE',  ( 0.000000000000000000, 0.000000000000000000, 1.000000000000000000 ) ) ;
#4709 = AXIS2_PLACEMENT_3D ( 'NONE', #4317, #269, #315 ) ;
#4710 = ORIENTED_EDGE ( 'NONE', *, *, #4528, .F. ) ;
#4711 = DIRECTION ( 'NONE',  ( 0.000000000000000000, 0.000000000000000000, 1.000000000000000000 ) ) ;
#4712 =( GEOMETRIC_REPRESENTATION_CONTEXT ( 3 ) GLOBAL_UNCERTAINTY_ASSIGNED_CONTEXT ( ( #3790 ) ) GLOBAL_UNIT_ASSIGNED_CONTEXT ( ( #94, #507, #4509 ) ) REPRESENTATION_CONTEXT ( 'NONE', 'WORKASPACE' ) );
#4713 = ADVANCED_FACE ( 'NONE', ( #3377 ), #1537, .F. ) ;
#4714 = CARTESIAN_POINT ( 'NONE',  ( 1.499999999999999112, 1.500000000000000000, 0.7500000000000000000 ) ) ;
#4715 = PLANE ( 'NONE',  #1100 ) ;
#4716 = ORIENTED_EDGE ( 'NONE', *, *, #1866, .T. ) ;
#4717 = AXIS2_PLACEMENT_3D ( 'NONE', #2326, #3837, #104 ) ;
#4718 =( LENGTH_UNIT ( ) NAMED_UNIT ( * ) SI_UNIT ( .MILLI., .METRE. ) );
#4719 =( NAMED_UNIT ( * ) PLANE_ANGLE_UNIT ( ) SI_UNIT ( $, .RADIAN. ) );
#4720 = CARTESIAN_POINT ( 'NONE',  ( 3.549999999999999822, 4.347496136973103873E-16, -0.05000000000000000278 ) ) ;
#4721 = FILL_AREA_STYLE ('',( #2158 ) ) ;
#4722 = ORIENTED_EDGE ( 'NONE', *, *, #2363, .F. ) ;
#4723 = CARTESIAN_POINT ( 'NONE',  ( 3.000000000000000000, -6.921432421494546183, -5.262072792150291001 ) ) ;
#4724 = DIRECTION ( 'NONE',  ( 0.000000000000000000, 0.000000000000000000, -1.000000000000000000 ) ) ;
#4725 =( GEOMETRIC_REPRESENTATION_CONTEXT ( 3 ) GLOBAL_UNCERTAINTY_ASSIGNED_CONTEXT ( ( #4544 ) ) GLOBAL_UNIT_ASSIGNED_CONTEXT ( ( #2287, #3753, #65 ) ) REPRESENTATION_CONTEXT ( 'NONE', 'WORKASPACE' ) );
#4726 = VECTOR ( 'NONE', #4393, 1000.000000000000000 ) ;
#4727 =( GEOMETRIC_REPRESENTATION_CONTEXT ( 3 ) GLOBAL_UNCERTAINTY_ASSIGNED_CONTEXT ( ( #4365 ) ) GLOBAL_UNIT_ASSIGNED_CONTEXT ( ( #2861, #1343, #1726 ) ) REPRESENTATION_CONTEXT ( 'NONE', 'WORKASPACE' ) );
#4728 = CARTESIAN_POINT ( 'NONE',  ( -3.000000000000000000, -6.449086202862900130, -3.683745183551860425 ) ) ;
#4729 = EDGE_CURVE ( 'NONE', #494, #577, #1886, .T. ) ;
#4730 = VERTEX_POINT ( 'NONE', #39 ) ;
#4731 = ADVANCED_FACE ( 'NONE', ( #2632 ), #3691, .T. ) ;
#4732 =( GEOMETRIC_REPRESENTATION_CONTEXT ( 3 ) GLOBAL_UNCERTAINTY_ASSIGNED_CONTEXT ( ( #4265 ) ) GLOBAL_UNIT_ASSIGNED_CONTEXT ( ( #3991, #1672, #3222 ) ) REPRESENTATION_CONTEXT ( 'NONE', 'WORKASPACE' ) );
#4733 = FILL_AREA_STYLE_COLOUR ( '', #1650 ) ;
#4734 = ORIENTED_EDGE ( 'NONE', *, *, #3678, .T. ) ;
#4735 = PLANE ( 'NONE',  #4193 ) ;
#4736 = SURFACE_STYLE_FILL_AREA ( #2917 ) ;
#4737 = UNCERTAINTY_MEASURE_WITH_UNIT (LENGTH_MEASURE( 1.000000000000000082E-05 ), #2667, 'distance_accuracy_value', 'NONE');
#4738 = EDGE_LOOP ( 'NONE', ( #4061, #2600, #808, #823 ) ) ;
#4739 = ADVANCED_FACE ( 'NONE', ( #4474 ), #598, .T. ) ;
#4740 = CARTESIAN_POINT ( 'NONE',  ( -2.594045604771980429, 6.921432421494547071, -7.149999999999994138 ) ) ;
#4741 = CARTESIAN_POINT ( 'NONE',  ( 2.000000000000000000, 5.999999999999999112, -2.770399538941275441 ) ) ;
#4742 = CARTESIAN_POINT ( 'NONE',  ( 2.000000000000000000, -6.449086202862900130, -3.683745183551860425 ) ) ;
#4743 = EDGE_LOOP ( 'NONE', ( #418, #3402, #2895, #4313 ) ) ;
#4744 = LINE ( 'NONE', #659, #3749 ) ;
#4745 = FACE_OUTER_BOUND ( 'NONE', #4272, .T. ) ;
#4746 =( GEOMETRIC_REPRESENTATION_CONTEXT ( 3 ) GLOBAL_UNCERTAINTY_ASSIGNED_CONTEXT ( ( #2700 ) ) GLOBAL_UNIT_ASSIGNED_CONTEXT ( ( #3805, #1495, #2248 ) ) REPRESENTATION_CONTEXT ( 'NONE', 'WORKASPACE' ) );
#4747 = LINE ( 'NONE', #2096, #4697 ) ;
#4748 = CARTESIAN_POINT ( 'NONE',  ( 2.000000000000000000, 6.449086202862900130, -2.470399538941275619 ) ) ;
#4749 = ORIENTED_EDGE ( 'NONE', *, *, #947, .T. ) ;
#4750 = PRESENTATION_STYLE_ASSIGNMENT (( #3301 ) ) ;
#4751 = EDGE_LOOP ( 'NONE', ( #2149, #2214, #1023, #1755 ) ) ;
#4752 = PLANE ( 'NONE',  #464 ) ;
#4753 = ORIENTED_EDGE ( 'NONE', *, *, #848, .F. ) ;
#4754 =( LENGTH_UNIT ( ) NAMED_UNIT ( * ) SI_UNIT ( .MILLI., .METRE. ) );
#4755 = ADVANCED_FACE ( 'NONE', ( #575 ), #2750, .F. ) ;
#4756 = SURFACE_STYLE_FILL_AREA ( #1396 ) ;
#4757 = VERTEX_POINT ( 'NONE', #2948 ) ;
#4758 = DIRECTION ( 'NONE',  ( 0.000000000000000000, 0.000000000000000000, 1.000000000000000000 ) ) ;
#4759 = DIRECTION ( 'NONE',  ( -1.000000000000000000, 0.000000000000000000, 0.000000000000000000 ) ) ;
#4760 = LINE ( 'NONE', #4670, #4500 ) ;
#4761 = FILL_AREA_STYLE_COLOUR ( '', #529 ) ;
#4762 = EDGE_LOOP ( 'NONE', ( #2648, #2905, #331, #2954 ) ) ;
#4763 = LINE ( 'NONE', #1423, #1545 ) ;
#4764 = VECTOR ( 'NONE', #125, 1000.000000000000114 ) ;
#4765 = MECHANICAL_DESIGN_GEOMETRIC_PRESENTATION_REPRESENTATION (  '', ( #4171 ), #1597 ) ;
#4766 = FILL_AREA_STYLE_COLOUR ( '', #1926 ) ;
#4767 = SURFACE_STYLE_USAGE ( .BOTH. , #2120 ) ;
#4768 = EDGE_LOOP ( 'NONE', ( #1656, #3906, #1819, #3328 ) ) ;
#4769 = FACE_OUTER_BOUND ( 'NONE', #1214, .T. ) ;
#4770 = COLOUR_RGB ( '',0.2509803921568627416, 0.2509803921568627416, 0.2509803921568627416 ) ;
#4771 =( GEOMETRIC_REPRESENTATION_CONTEXT ( 3 ) GLOBAL_UNCERTAINTY_ASSIGNED_CONTEXT ( ( #1110 ) ) GLOBAL_UNIT_ASSIGNED_CONTEXT ( ( #226, #3624, #1817 ) ) REPRESENTATION_CONTEXT ( 'NONE', 'WORKASPACE' ) );
#4772 = VECTOR ( 'NONE', #3820, 1000.000000000000000 ) ;
#4773 = VECTOR ( 'NONE', #4014, 1000.000000000000000 ) ;
#4774 = STYLED_ITEM ( 'NONE', ( #1981 ), #2343 ) ;
#4775 = AXIS2_PLACEMENT_3D ( 'NONE', #3310, #359, #1468 ) ;
#4776 = VECTOR ( 'NONE', #1084, 1000.000000000000000 ) ;
#4777 =( GEOMETRIC_REPRESENTATION_CONTEXT ( 3 ) GLOBAL_UNCERTAINTY_ASSIGNED_CONTEXT ( ( #520 ) ) GLOBAL_UNIT_ASSIGNED_CONTEXT ( ( #350, #4040, #2574 ) ) REPRESENTATION_CONTEXT ( 'NONE', 'WORKASPACE' ) );
#4778 = CARTESIAN_POINT ( 'NONE',  ( -4.020519679137759539, -3.871192841101213755, 0.7999999999999998224 ) ) ;
#4779 = ORIENTED_EDGE ( 'NONE', *, *, #3089, .F. ) ;
#4780 =( NAMED_UNIT ( * ) SI_UNIT ( $, .STERADIAN. ) SOLID_ANGLE_UNIT ( ) );
#4781 = ORIENTED_EDGE ( 'NONE', *, *, #3016, .F. ) ;
#4782 =( GEOMETRIC_REPRESENTATION_CONTEXT ( 3 ) GLOBAL_UNCERTAINTY_ASSIGNED_CONTEXT ( ( #380 ) ) GLOBAL_UNIT_ASSIGNED_CONTEXT ( ( #792, #1910, #67 ) ) REPRESENTATION_CONTEXT ( 'NONE', 'WORKASPACE' ) );
#4783 = UNCERTAINTY_MEASURE_WITH_UNIT (LENGTH_MEASURE( 1.000000000000000082E-05 ), #3291, 'distance_accuracy_value', 'NONE');
#4784 = CIRCLE ( 'NONE', #224, 0.1000000000000002554 ) ;
#4785 = FACE_OUTER_BOUND ( 'NONE', #754, .T. ) ;
#4786 =( GEOMETRIC_REPRESENTATION_CONTEXT ( 3 ) GLOBAL_UNCERTAINTY_ASSIGNED_CONTEXT ( ( #4783 ) ) GLOBAL_UNIT_ASSIGNED_CONTEXT ( ( #3291, #2514, #1421 ) ) REPRESENTATION_CONTEXT ( 'NONE', 'WORKASPACE' ) );
#4787 = AXIS2_PLACEMENT_3D ( 'NONE', #861, #3871, #527 ) ;
#4788 = ORIENTED_EDGE ( 'NONE', *, *, #4447, .F. ) ;
#4789 = DIRECTION ( 'NONE',  ( -0.000000000000000000, 1.000000000000000000, -0.000000000000000000 ) ) ;
#4790 = EDGE_CURVE ( 'NONE', #2230, #1391, #2176, .T. ) ;
#4791 = SURFACE_STYLE_USAGE ( .BOTH. , #1833 ) ;
#4792 = VECTOR ( 'NONE', #3786, 1000.000000000000000 ) ;
#4793 = CARTESIAN_POINT ( 'NONE',  ( -3.529354242847077661, 4.119475320510217031, -0.05000000000000000278 ) ) ;
ENDSEC;
END-ISO-10303-21;
