ISO-10303-21;
HEADER;
FILE_DESCRIPTION (( 'STEP AP214' ),
    '1' );
FILE_NAME ('1-1337445-0.STEP',
    '2022-11-20T15:31:20',
    ( '' ),
    ( '' ),
    'SwSTEP 2.0',
    'SolidWorks 2017',
    '' );
FILE_SCHEMA (( 'AUTOMOTIVE_DESIGN' ));
ENDSEC;

DATA;
#1 = CYLINDRICAL_SURFACE ( 'NONE', #1453, 2.325000000000001100 ) ;
#2 = STYLED_ITEM ( 'NONE', ( #1325 ), #381 ) ;
#3 = CARTESIAN_POINT ( 'NONE',  ( -5.500000000000000000, 8.790000000000002700, 0.0000000000000000000 ) ) ;
#4 = ORIENTED_EDGE ( 'NONE', *, *, #744, .T. ) ;
#5 = EDGE_CURVE ( 'NONE', #1648, #554, #1957, .T. ) ;
#6 = CARTESIAN_POINT ( 'NONE',  ( -4.624999999999998200, 0.0000000000000000000, 5.474999999999997900 ) ) ;
#7 = AXIS2_PLACEMENT_3D ( 'NONE', #2331, #1257, #1249 ) ;
#8 = ORIENTED_EDGE ( 'NONE', *, *, #552, .T. ) ;
#9 = CARTESIAN_POINT ( 'NONE',  ( 0.0000000000000000000, 4.300000000000000700, 0.0000000000000000000 ) ) ;
#10 = CARTESIAN_POINT ( 'NONE',  ( 4.624999999999991100, -3.999999999999998200, -5.474999999999997900 ) ) ;
#11 = VECTOR ( 'NONE', #597, 1000.000000000000000 ) ;
#12 = DIRECTION ( 'NONE',  ( 0.0000000000000000000, -0.0000000000000000000, -1.000000000000000000 ) ) ;
#13 = CARTESIAN_POINT ( 'NONE',  ( -5.474999999999995200, -0.0000000000000000000, -4.625000000000004400 ) ) ;
#14 = EDGE_CURVE ( 'NONE', #474, #1342, #1191, .T. ) ;
#15 = VERTEX_POINT ( 'NONE', #195 ) ;
#16 = DIRECTION ( 'NONE',  ( -0.0000000000000000000, 1.000000000000000000, -0.0000000000000000000 ) ) ;
#17 = CARTESIAN_POINT ( 'NONE',  ( 6.123233995736763600E-017, -4.500000000000000000, 0.4999999999999997800 ) ) ;
#18 = ORIENTED_EDGE ( 'NONE', *, *, #194, .F. ) ;
#19 = VECTOR ( 'NONE', #372, 1000.000000000000000 ) ;
#20 = ORIENTED_EDGE ( 'NONE', *, *, #2033, .T. ) ;
#21 = ORIENTED_EDGE ( 'NONE', *, *, #1274, .T. ) ;
#22 = PLANE ( 'NONE',  #331 ) ;
#23 = CIRCLE ( 'NONE', #383, 1.149999999999999200 ) ;
#24 = VECTOR ( 'NONE', #2209, 1000.000000000000000 ) ;
#25 = CARTESIAN_POINT ( 'NONE',  ( 1.149999999999998800, 13.00000000000000200, 1.408343819019455500E-016 ) ) ;
#26 = ORIENTED_EDGE ( 'NONE', *, *, #375, .F. ) ;
#27 = LINE ( 'NONE', #1189, #754 ) ;
#28 = DIRECTION ( 'NONE',  ( -1.000000000000000000, 0.0000000000000000000, 0.0000000000000000000 ) ) ;
#29 = VERTEX_POINT ( 'NONE', #610 ) ;
#30 = EDGE_CURVE ( 'NONE', #474, #112, #1547, .T. ) ;
#31 = CARTESIAN_POINT ( 'NONE',  ( -4.150000000000001200, 4.900000000000000400, 0.0000000000000000000 ) ) ;
#32 = CARTESIAN_POINT ( 'NONE',  ( 0.0000000000000000000, 0.0000000000000000000, 4.150000000000001200 ) ) ;
#33 = ORIENTED_EDGE ( 'NONE', *, *, #710, .T. ) ;
#34 = DIRECTION ( 'NONE',  ( -1.000000000000000000, 0.0000000000000000000, 0.0000000000000000000 ) ) ;
#35 = EDGE_CURVE ( 'NONE', #1185, #2048, #2093, .T. ) ;
#36 = CARTESIAN_POINT ( 'NONE',  ( -4.733907661942931900, 8.175070249025633700, 0.7992094767330545400 ) ) ;
#37 = ADVANCED_FACE ( 'NONE', ( #2154 ), #207, .T. ) ;
#38 = AXIS2_PLACEMENT_3D ( 'NONE', #1536, #1718, #624 ) ;
#39 = CARTESIAN_POINT ( 'NONE',  ( -5.474999999999995200, -3.999999999999998200, -5.475000000000004100 ) ) ;
#40 = DIRECTION ( 'NONE',  ( -0.0000000000000000000, 1.000000000000000000, -0.0000000000000000000 ) ) ;
#41 = PLANE ( 'NONE',  #1908 ) ;
#42 = DIRECTION ( 'NONE',  ( -1.670116974983498900E-016, 1.000000000000000000, -0.0000000000000000000 ) ) ;
#43 = ORIENTED_EDGE ( 'NONE', *, *, #246, .T. ) ;
#44 = AXIS2_PLACEMENT_3D ( 'NONE', #1852, #1528, #1715 ) ;
#45 = CARTESIAN_POINT ( 'NONE',  ( -2.325000000000002400, 13.00000000000000200, 0.0000000000000000000 ) ) ;
#46 = CIRCLE ( 'NONE', #511, 4.150000000000002100 ) ;
#47 = ORIENTED_EDGE ( 'NONE', *, *, #127, .T. ) ;
#48 = ORIENTED_EDGE ( 'NONE', *, *, #518, .T. ) ;
#49 = CARTESIAN_POINT ( 'NONE',  ( 4.999999999999992000, 2.200000000000003300, 0.0000000000000000000 ) ) ;
#50 = DIRECTION ( 'NONE',  ( -1.000000000000000000, -1.807003620809173200E-016, 0.0000000000000000000 ) ) ;
#51 = ORIENTED_EDGE ( 'NONE', *, *, #1235, .F. ) ;
#52 = CARTESIAN_POINT ( 'NONE',  ( 5.474999999999994300, -3.999999999999998200, 5.475000000000000500 ) ) ;
#53 = CONICAL_SURFACE ( 'NONE', #204, 4.999999999999991100, 0.7853981633974533900 ) ;
#54 = CIRCLE ( 'NONE', #656, 0.6999999999999999600 ) ;
#55 = EDGE_LOOP ( 'NONE', ( #768, #344, #218, #813, #862 ) ) ;
#56 = DIRECTION ( 'NONE',  ( -0.0000000000000000000, -1.000000000000000000, -0.0000000000000000000 ) ) ;
#57 = CARTESIAN_POINT ( 'NONE',  ( 2.625000000000000900, 13.00000000000000200, 3.214697847761804500E-016 ) ) ;
#58 = EDGE_LOOP ( 'NONE', ( #1502, #1367 ) ) ;
#59 = ADVANCED_FACE ( 'NONE', ( #322, #1420 ), #405, .T. ) ;
#60 = ORIENTED_EDGE ( 'NONE', *, *, #1989, .F. ) ;
#61 = DIRECTION ( 'NONE',  ( -1.866425866029935800E-016, 1.000000000000000000, -0.0000000000000000000 ) ) ;
#62 = EDGE_CURVE ( 'NONE', #1584, #1783, #1813, .T. ) ;
#63 = PLANE ( 'NONE',  #2063 ) ;
#64 = DIRECTION ( 'NONE',  ( -1.020425574104004200E-015, 0.0000000000000000000, 1.000000000000000000 ) ) ;
#65 = DIRECTION ( 'NONE',  ( 0.0000000000000000000, 0.0000000000000000000, 1.000000000000000000 ) ) ;
#66 = DIRECTION ( 'NONE',  ( 0.0000000000000000000, 0.7071067811865487900, 0.7071067811865463500 ) ) ;
#67 = DIRECTION ( 'NONE',  ( -0.0000000000000000000, -1.000000000000000000, -0.0000000000000000000 ) ) ;
#68 = ADVANCED_FACE ( 'NONE', ( #573 ), #342, .F. ) ;
#69 = FILL_AREA_STYLE_COLOUR ( '', #899 ) ;
#70 = DIRECTION ( 'NONE',  ( 8.659560562354923000E-017, 0.7071067811865483500, -0.7071067811865465700 ) ) ;
#71 = EDGE_CURVE ( 'NONE', #29, #285, #1364, .T. ) ;
#72 = EDGE_LOOP ( 'NONE', ( #409, #340, #1687, #268 ) ) ;
#73 = LINE ( 'NONE', #1695, #2123 ) ;
#74 = AXIS2_PLACEMENT_3D ( 'NONE', #128, #1041, #1742 ) ;
#75 = CARTESIAN_POINT ( 'NONE',  ( 0.0000000000000000000, -4.299999999999999800, 0.4999999999999994400 ) ) ;
#76 = CARTESIAN_POINT ( 'NONE',  ( 8.572527594031472000E-017, 9.500000000000001800, -0.6999999999999999600 ) ) ;
#77 = DIRECTION ( 'NONE',  ( -1.000000000000000000, -3.614007241618350200E-016, 0.0000000000000000000 ) ) ;
#78 = VERTEX_POINT ( 'NONE', #1506 ) ;
#79 = LINE ( 'NONE', #462, #255 ) ;
#80 = VECTOR ( 'NONE', #1359, 999.9999999999998900 ) ;
#81 = EDGE_CURVE ( 'NONE', #1574, #554, #2177, .T. ) ;
#82 = ORIENTED_EDGE ( 'NONE', *, *, #1553, .T. ) ;
#83 = VERTEX_POINT ( 'NONE', #1485 ) ;
#84 = DIRECTION ( 'NONE',  ( 0.0000000000000000000, 0.0000000000000000000, 1.000000000000000000 ) ) ;
#85 = FACE_OUTER_BOUND ( 'NONE', #1898, .T. ) ;
#86 = CARTESIAN_POINT ( 'NONE',  ( 4.799999999999999800, 2.200000000000003300, 5.878304635907295200E-016 ) ) ;
#87 = ADVANCED_FACE ( 'NONE', ( #2294, #832 ), #2018, .F. ) ;
#88 = LINE ( 'NONE', #1534, #1111 ) ;
#89 = VERTEX_POINT ( 'NONE', #1113 ) ;
#90 = ORIENTED_EDGE ( 'NONE', *, *, #1565, .T. ) ;
#91 = CARTESIAN_POINT ( 'NONE',  ( -7.572992989214474100E-016, 13.00000000000000200, 0.0000000000000000000 ) ) ;
#92 = CARTESIAN_POINT ( 'NONE',  ( 1.150000000000001200, 1.920634521231023500E-016, 1.408343819019456800E-016 ) ) ;
#93 = EDGE_CURVE ( 'NONE', #794, #1112, #562, .T. ) ;
#94 = CARTESIAN_POINT ( 'NONE',  ( -4.799999999999998000, 7.790000000000002700, -1.173965342809814100E-016 ) ) ;
#95 = CIRCLE ( 'NONE', #1995, 3.500000000000000400 ) ;
#96 = ADVANCED_FACE ( 'NONE', ( #368 ), #973, .F. ) ;
#97 = DIRECTION ( 'NONE',  ( -1.000000000000000000, -3.614007241618349800E-016, 0.0000000000000000000 ) ) ;
#98 = DIRECTION ( 'NONE',  ( 0.0000000000000000000, 1.000000000000000000, 0.0000000000000000000 ) ) ;
#99 = DIRECTION ( 'NONE',  ( -0.0000000000000000000, -1.000000000000000000, -0.0000000000000000000 ) ) ;
#100 = CARTESIAN_POINT ( 'NONE',  ( 4.720188545265556500, 9.294711693722193900, -0.8731816880111664700 ) ) ;
#101 = VERTEX_POINT ( 'NONE', #1728 ) ;
#102 = VECTOR ( 'NONE', #2325, 1000.000000000000000 ) ;
#103 = VECTOR ( 'NONE', #2313, 1000.000000000000000 ) ;
#104 = AXIS2_PLACEMENT_3D ( 'NONE', #3, #741, #1267 ) ;
#105 = EDGE_LOOP ( 'NONE', ( #534, #1418, #21, #1552 ) ) ;
#106 = FACE_OUTER_BOUND ( 'NONE', #1333, .T. ) ;
#107 = DIRECTION ( 'NONE',  ( -1.000000000000000000, -1.865294060190113500E-016, 0.0000000000000000000 ) ) ;
#108 = ADVANCED_FACE ( 'NONE', ( #1330 ), #694, .F. ) ;
#109 = ORIENTED_EDGE ( 'NONE', *, *, #565, .T. ) ;
#110 = LINE ( 'NONE', #75, #1129 ) ;
#111 = DIRECTION ( 'NONE',  ( -0.0000000000000000000, -0.0000000000000000000, -1.000000000000000000 ) ) ;
#112 = VERTEX_POINT ( 'NONE', #86 ) ;
#113 = ORIENTED_EDGE ( 'NONE', *, *, #2264, .F. ) ;
#114 = FACE_OUTER_BOUND ( 'NONE', #2231, .T. ) ;
#115 = LINE ( 'NONE', #280, #2012 ) ;
#116 = CARTESIAN_POINT ( 'NONE',  ( 5.474999999999990800, -3.999999999999998200, -5.474999999999998800 ) ) ;
#117 =( NAMED_UNIT ( * ) SI_UNIT ( $, .STERADIAN. ) SOLID_ANGLE_UNIT ( ) );
#118 = ORIENTED_EDGE ( 'NONE', *, *, #504, .F. ) ;
#119 = DIRECTION ( 'NONE',  ( 0.0000000000000000000, 0.0000000000000000000, 1.000000000000000000 ) ) ;
#120 = AXIS2_PLACEMENT_3D ( 'NONE', #1264, #1385, #134 ) ;
#121 = CARTESIAN_POINT ( 'NONE',  ( -4.624999999999998200, -3.999999999999998200, 5.474999999999997900 ) ) ;
#122 = ORIENTED_EDGE ( 'NONE', *, *, #1721, .F. ) ;
#123 = ORIENTED_EDGE ( 'NONE', *, *, #1260, .F. ) ;
#124 = EDGE_CURVE ( 'NONE', #345, #1821, #802, .T. ) ;
#125 = DIRECTION ( 'NONE',  ( -0.0000000000000000000, 1.000000000000000000, -0.0000000000000000000 ) ) ;
#126 = VECTOR ( 'NONE', #776, 1000.000000000000000 ) ;
#127 = EDGE_CURVE ( 'NONE', #83, #525, #861, .T. ) ;
#128 = CARTESIAN_POINT ( 'NONE',  ( 0.0000000000000000000, 0.0000000000000000000, 0.0000000000000000000 ) ) ;
#129 =( LENGTH_UNIT ( ) NAMED_UNIT ( * ) SI_UNIT ( .MILLI., .METRE. ) );
#130 = AXIS2_PLACEMENT_3D ( 'NONE', #1195, #641, #1184 ) ;
#131 = DIRECTION ( 'NONE',  ( -0.0000000000000000000, 1.000000000000000000, -0.0000000000000000000 ) ) ;
#132 = CARTESIAN_POINT ( 'NONE',  ( 4.799999999999998000, 7.790000000000002700, 5.878702912946443700E-016 ) ) ;
#133 = ORIENTED_EDGE ( 'NONE', *, *, #1589, .F. ) ;
#134 = DIRECTION ( 'NONE',  ( -1.000000000000000000, 0.0000000000000000000, 0.0000000000000000000 ) ) ;
#135 = AXIS2_PLACEMENT_3D ( 'NONE', #2021, #234, #585 ) ;
#136 = ORIENTED_EDGE ( 'NONE', *, *, #30, .T. ) ;
#137 = LINE ( 'NONE', #2068, #1544 ) ;
#138 = CIRCLE ( 'NONE', #2227, 2.325000000000002000 ) ;
#139 = DIRECTION ( 'NONE',  ( 1.000000000000000000, 0.0000000000000000000, 1.020425574104004200E-015 ) ) ;
#140 = PRODUCT_CONTEXT ( 'NONE', #2124, 'mechanical' ) ;
#141 = EDGE_LOOP ( 'NONE', ( #1277, #496, #2151, #1138 ) ) ;
#142 = EDGE_CURVE ( 'NONE', #345, #2048, #399, .T. ) ;
#143 = CARTESIAN_POINT ( 'NONE',  ( -4.720161887847146100, 9.294513971650648200, -0.8733273528632986600 ) ) ;
#144 = VECTOR ( 'NONE', #1289, 1000.000000000000000 ) ;
#145 = PLANE ( 'NONE',  #2153 ) ;
#146 = FACE_BOUND ( 'NONE', #189, .T. ) ;
#147 = ORIENTED_EDGE ( 'NONE', *, *, #1634, .T. ) ;
#148 = DIRECTION ( 'NONE',  ( -1.000000000000000000, -1.807003620809174400E-016, 0.0000000000000000000 ) ) ;
#149 = EDGE_LOOP ( 'NONE', ( #2204, #748 ) ) ;
#150 = CARTESIAN_POINT ( 'NONE',  ( -0.3000000000000004900, -4.500000000000000000, 0.0000000000000000000 ) ) ;
#151 = DIRECTION ( 'NONE',  ( 0.0000000000000000000, 0.0000000000000000000, -1.000000000000000000 ) ) ;
#152 = EDGE_CURVE ( 'NONE', #1106, #2267, #2233, .T. ) ;
#153 = FACE_BOUND ( 'NONE', #2057, .T. ) ;
#154 = CARTESIAN_POINT ( 'NONE',  ( -4.799999999999998900, 7.790000000000001800, -0.1325689902970183000 ) ) ;
#155 = AXIS2_PLACEMENT_3D ( 'NONE', #2317, #1234, #148 ) ;
#156 = DIRECTION ( 'NONE',  ( -0.0000000000000000000, -1.000000000000000000, -0.0000000000000000000 ) ) ;
#157 = EDGE_CURVE ( 'NONE', #1142, #1963, #1900, .T. ) ;
#158 = PRODUCT_DEFINITION ( 'UNKNOWN', '', #326, #940 ) ;
#159 = CARTESIAN_POINT ( 'NONE',  ( -4.799999999999998000, 7.790000000000002700, -1.173965342809814100E-016 ) ) ;
#160 = AXIS2_PLACEMENT_3D ( 'NONE', #1677, #222, #1148 ) ;
#161 = ORIENTED_EDGE ( 'NONE', *, *, #865, .F. ) ;
#162 = CARTESIAN_POINT ( 'NONE',  ( -4.733830569980201000, 9.404476150236623900, -0.7997939767503061700 ) ) ;
#163 = LINE ( 'NONE', #32, #1269 ) ;
#164 = ORIENTED_EDGE ( 'NONE', *, *, #273, .F. ) ;
#165 = FACE_OUTER_BOUND ( 'NONE', #2087, .T. ) ;
#166 = ORIENTED_EDGE ( 'NONE', *, *, #152, .T. ) ;
#167 = CARTESIAN_POINT ( 'NONE',  ( 4.794344110123748100, 7.816269471332202700, -0.2625468230528248400 ) ) ;
#168 = ORIENTED_EDGE ( 'NONE', *, *, #2291, .T. ) ;
#169 = LINE ( 'NONE', #720, #1082 ) ;
#170 = FACE_OUTER_BOUND ( 'NONE', #299, .T. ) ;
#171 = CARTESIAN_POINT ( 'NONE',  ( 4.624999999999991100, -3.999999999999998200, -5.474999999999997900 ) ) ;
#172 = ORIENTED_EDGE ( 'NONE', *, *, #648, .T. ) ;
#173 = AXIS2_PLACEMENT_3D ( 'NONE', #2335, #156, #901 ) ;
#174 = VERTEX_POINT ( 'NONE', #622 ) ;
#175 = VERTEX_POINT ( 'NONE', #2043 ) ;
#176 = CARTESIAN_POINT ( 'NONE',  ( -4.774933424019626400, 7.916830725784208800, -0.5047362729958607700 ) ) ;
#177 = CARTESIAN_POINT ( 'NONE',  ( 5.082284216461516100E-016, 4.900000000000000400, -4.150000000000001200 ) ) ;
#178 = AXIS2_PLACEMENT_3D ( 'NONE', #270, #432, #1576 ) ;
#179 = PRESENTATION_STYLE_ASSIGNMENT (( #1603 ) ) ;
#180 = DIRECTION ( 'NONE',  ( 0.0000000000000000000, 0.0000000000000000000, 1.000000000000000000 ) ) ;
#181 = EDGE_CURVE ( 'NONE', #2048, #571, #1270, .T. ) ;
#182 = DIRECTION ( 'NONE',  ( 1.000000000000000000, 1.670116974983498900E-016, 0.0000000000000000000 ) ) ;
#183 = VERTEX_POINT ( 'NONE', #2245 ) ;
#184 = CYLINDRICAL_SURFACE ( 'NONE', #1694, 2.325000000000001500 ) ;
#185 = ORIENTED_EDGE ( 'NONE', *, *, #897, .F. ) ;
#186 = LINE ( 'NONE', #241, #1595 ) ;
#187 = CONICAL_SURFACE ( 'NONE', #1315, 4.500000000000000900, 0.7853981633974470600 ) ;
#188 = PLANE ( 'NONE',  #1470 ) ;
#189 = EDGE_LOOP ( 'NONE', ( #1862, #2236 ) ) ;
#190 = CARTESIAN_POINT ( 'NONE',  ( 4.694677837722198700, 8.790000000000002700, -1.000000000000000200 ) ) ;
#191 = ORIENTED_EDGE ( 'NONE', *, *, #1244, .T. ) ;
#192 = ORIENTED_EDGE ( 'NONE', *, *, #2184, .F. ) ;
#193 = FACE_OUTER_BOUND ( 'NONE', #1845, .T. ) ;
#194 = EDGE_CURVE ( 'NONE', #1990, #1399, #2061, .T. ) ;
#195 = CARTESIAN_POINT ( 'NONE',  ( 4.800000000001293900, 9.790000000006219900, 6.923496838431421500E-013 ) ) ;
#196 = CYLINDRICAL_SURFACE ( 'NONE', #1855, 3.500000000000000400 ) ;
#197 = AXIS2_PLACEMENT_3D ( 'NONE', #1255, #2330, #1259 ) ;
#198 = LINE ( 'NONE', #1609, #2102 ) ;
#199 = CARTESIAN_POINT ( 'NONE',  ( 4.799999999999968700, 9.789999999999858800, 0.1308237595791638700 ) ) ;
#200 = ORIENTED_EDGE ( 'NONE', *, *, #933, .F. ) ;
#201 = EDGE_CURVE ( 'NONE', #1511, #223, #2198, .T. ) ;
#202 = DIRECTION ( 'NONE',  ( -1.670116974983498900E-016, 1.000000000000000000, -0.0000000000000000000 ) ) ;
#203 = DIRECTION ( 'NONE',  ( -0.0000000000000000000, 1.000000000000000000, -0.0000000000000000000 ) ) ;
#204 = AXIS2_PLACEMENT_3D ( 'NONE', #2155, #2142, #708 ) ;
#205 = EDGE_LOOP ( 'NONE', ( #2247, #2107, #1737, #1051 ) ) ;
#206 = SURFACE_STYLE_USAGE ( .BOTH. , #1504 ) ;
#207 = PLANE ( 'NONE',  #731 ) ;
#208 = AXIS2_PLACEMENT_3D ( 'NONE', #653, #1789, #1969 ) ;
#209 = LINE ( 'NONE', #1532, #1889 ) ;
#210 = CARTESIAN_POINT ( 'NONE',  ( -5.474999999999995200, -3.999999999999998200, -5.475000000000004100 ) ) ;
#211 = CARTESIAN_POINT ( 'NONE',  ( -5.474999999999995200, -0.0000000000000000000, -5.475000000000004100 ) ) ;
#212 = CARTESIAN_POINT ( 'NONE',  ( -2.312124518016452700E-016, 9.850000000000001400, 0.0000000000000000000 ) ) ;
#213 = CARTESIAN_POINT ( 'NONE',  ( -4.624999999999995600, 0.0000000000000000000, -5.475000000000003200 ) ) ;
#214 = CARTESIAN_POINT ( 'NONE',  ( -6.000000000000002700, 1.200000000000000000, -6.000000000000001800 ) ) ;
#215 = EDGE_CURVE ( 'NONE', #525, #1365, #1764, .T. ) ;
#216 = CARTESIAN_POINT ( 'NONE',  ( -7.572992989214474100E-016, 13.00000000000000200, 0.0000000000000000000 ) ) ;
#217 = CARTESIAN_POINT ( 'NONE',  ( 0.0000000000000000000, 0.0000000000000000000, 0.0000000000000000000 ) ) ;
#218 = ORIENTED_EDGE ( 'NONE', *, *, #904, .T. ) ;
#219 = CIRCLE ( 'NONE', #1500, 6.000000000000002700 ) ;
#220 = CYLINDRICAL_SURFACE ( 'NONE', #1756, 2.625000000000001800 ) ;
#221 = DIRECTION ( 'NONE',  ( -1.000000000000000000, -1.670116974983498900E-016, 0.0000000000000000000 ) ) ;
#222 = DIRECTION ( 'NONE',  ( 1.020425574104004200E-015, 0.0000000000000000000, -1.000000000000000000 ) ) ;
#223 = VERTEX_POINT ( 'NONE', #2118 ) ;
#224 = CIRCLE ( 'NONE', #2192, 2.325000000000001100 ) ;
#225 = FACE_OUTER_BOUND ( 'NONE', #1372, .T. ) ;
#226 = DIRECTION ( 'NONE',  ( -1.000000000000000000, 0.0000000000000000000, 0.0000000000000000000 ) ) ;
#227 = VECTOR ( 'NONE', #1013, 1000.000000000000000 ) ;
#228 = VERTEX_POINT ( 'NONE', #1769 ) ;
#229 = CARTESIAN_POINT ( 'NONE',  ( 0.0000000000000000000, 9.850000000000001400, 0.0000000000000000000 ) ) ;
#230 = DIRECTION ( 'NONE',  ( 0.0000000000000000000, 0.0000000000000000000, 1.000000000000000000 ) ) ;
#231 = FACE_OUTER_BOUND ( 'NONE', #1618, .T. ) ;
#232 = FACE_OUTER_BOUND ( 'NONE', #1027, .T. ) ;
#233 = ORIENTED_EDGE ( 'NONE', *, *, #336, .F. ) ;
#234 = DIRECTION ( 'NONE',  ( -0.0000000000000000000, 1.000000000000000000, -0.0000000000000000000 ) ) ;
#235 = SURFACE_STYLE_USAGE ( .BOTH. , #793 ) ;
#236 = ORIENTED_EDGE ( 'NONE', *, *, #1879, .F. ) ;
#237 = CARTESIAN_POINT ( 'NONE',  ( -4.694677837722198700, 8.790000000000002700, 1.000000000000000200 ) ) ;
#238 = ORIENTED_EDGE ( 'NONE', *, *, #412, .T. ) ;
#239 = CARTESIAN_POINT ( 'NONE',  ( -5.474999999999995200, -3.999999999999998200, -4.625000000000004400 ) ) ;
#240 = PRESENTATION_LAYER_ASSIGNMENT (  '', '', ( #1252 ) ) ;
#241 = CARTESIAN_POINT ( 'NONE',  ( 6.001000000000004800, 8.790000000000002700, 1.000000000000000200 ) ) ;
#242 =( GEOMETRIC_REPRESENTATION_CONTEXT ( 3 ) GLOBAL_UNCERTAINTY_ASSIGNED_CONTEXT ( ( #2225 ) ) GLOBAL_UNIT_ASSIGNED_CONTEXT ( ( #1520, #1120, #1692 ) ) REPRESENTATION_CONTEXT ( 'NONE', 'WORKASPACE' ) );
#243 = CARTESIAN_POINT ( 'NONE',  ( 4.733761902406432600, 9.403956467511870100, 0.8001937308823188200 ) ) ;
#244 = ADVANCED_FACE ( 'NONE', ( #1669 ), #722, .F. ) ;
#245 = DIRECTION ( 'NONE',  ( 1.000000000000000000, 0.0000000000000000000, 0.0000000000000000000 ) ) ;
#246 = EDGE_CURVE ( 'NONE', #1457, #1980, #1706, .T. ) ;
#247 = DIRECTION ( 'NONE',  ( 0.0000000000000000000, 0.0000000000000000000, -1.000000000000000000 ) ) ;
#248 = DIRECTION ( 'NONE',  ( -0.0000000000000000000, 1.000000000000000000, -0.0000000000000000000 ) ) ;
#249 = DIRECTION ( 'NONE',  ( 1.000000000000000000, 0.0000000000000000000, -1.020425574104004200E-015 ) ) ;
#250 = ORIENTED_EDGE ( 'NONE', *, *, #1308, .T. ) ;
#251 = VECTOR ( 'NONE', #1488, 1000.000000000000000 ) ;
#252 = AXIS2_PLACEMENT_3D ( 'NONE', #1776, #677, #666 ) ;
#253 = DIRECTION ( 'NONE',  ( -1.000000000000000000, 0.0000000000000000000, 0.0000000000000000000 ) ) ;
#254 = ORIENTED_EDGE ( 'NONE', *, *, #930, .T. ) ;
#255 = VECTOR ( 'NONE', #1894, 1000.000000000000000 ) ;
#256 = VERTEX_POINT ( 'NONE', #2287 ) ;
#257 = CARTESIAN_POINT ( 'NONE',  ( -4.624999999999995600, -3.999999999999998200, -5.475000000000003200 ) ) ;
#258 = AXIS2_PLACEMENT_3D ( 'NONE', #823, #855, #1356 ) ;
#259 = ADVANCED_FACE ( 'NONE', ( #1215 ), #187, .F. ) ;
#260 = ORIENTED_EDGE ( 'NONE', *, *, #1632, .F. ) ;
#261 = ORIENTED_EDGE ( 'NONE', *, *, #1869, .T. ) ;
#262 = CARTESIAN_POINT ( 'NONE',  ( 0.0000000000000000000, 9.500000000000001800, 0.6999999999999999600 ) ) ;
#263 = FACE_OUTER_BOUND ( 'NONE', #105, .T. ) ;
#264 = LINE ( 'NONE', #2307, #1371 ) ;
#265 = AXIS2_PLACEMENT_3D ( 'NONE', #339, #1794, #1968 ) ;
#266 = CARTESIAN_POINT ( 'NONE',  ( 0.0000000000000000000, 4.900000000000000400, 4.150000000000001200 ) ) ;
#267 = CARTESIAN_POINT ( 'NONE',  ( 0.0000000000000000000, 9.500000000000001800, 0.0000000000000000000 ) ) ;
#268 = ORIENTED_EDGE ( 'NONE', *, *, #481, .F. ) ;
#269 = CARTESIAN_POINT ( 'NONE',  ( -4.624999999999995600, -3.999999999999998200, -5.475000000000003200 ) ) ;
#270 = CARTESIAN_POINT ( 'NONE',  ( 0.0000000000000000000, 1003.600000000000000, 0.0000000000000000000 ) ) ;
#271 = ORIENTED_EDGE ( 'NONE', *, *, #1915, .F. ) ;
#272 = CARTESIAN_POINT ( 'NONE',  ( 5.474999999999990800, -3.999999999999998200, -4.625000000000000000 ) ) ;
#273 = EDGE_CURVE ( 'NONE', #1875, #490, #2128, .T. ) ;
#274 = CARTESIAN_POINT ( 'NONE',  ( 6.123233995736766000E-017, 0.0000000000000000000, 0.5000000000000000000 ) ) ;
#275 = ADVANCED_FACE ( 'NONE', ( #1241 ), #312, .T. ) ;
#276 = CARTESIAN_POINT ( 'NONE',  ( 0.0000000000000000000, 0.0000000000000000000, 0.0000000000000000000 ) ) ;
#277 = CONICAL_SURFACE ( 'NONE', #2315, 4.500000000000000900, 0.7853981633974470600 ) ;
#278 = DIRECTION ( 'NONE',  ( -1.020425574104006200E-015, 0.0000000000000000000, 1.000000000000000000 ) ) ;
#279 = CARTESIAN_POINT ( 'NONE',  ( 0.0000000000000000000, -4.500000000000000000, -0.6999999999999996200 ) ) ;
#280 = CARTESIAN_POINT ( 'NONE',  ( 4.624999999999991100, -3.999999999999998200, -5.474999999999997900 ) ) ;
#281 = EDGE_CURVE ( 'NONE', #1457, #1511, #995, .T. ) ;
#282 = AXIS2_PLACEMENT_3D ( 'NONE', #1286, #1639, #928 ) ;
#283 = DIRECTION ( 'NONE',  ( -1.670116974983498900E-016, 1.000000000000000000, 0.0000000000000000000 ) ) ;
#284 = ADVANCED_FACE ( 'NONE', ( #1187 ), #220, .T. ) ;
#285 = VERTEX_POINT ( 'NONE', #2101 ) ;
#286 = LINE ( 'NONE', #766, #1700 ) ;
#287 = LINE ( 'NONE', #467, #1072 ) ;
#288 = EDGE_CURVE ( 'NONE', #1821, #1162, #523, .T. ) ;
#289 = VERTEX_POINT ( 'NONE', #1758 ) ;
#290 = LINE ( 'NONE', #262, #320 ) ;
#291 = EDGE_LOOP ( 'NONE', ( #733, #133, #315, #109 ) ) ;
#292 = EDGE_LOOP ( 'NONE', ( #2156, #123 ) ) ;
#293 = LINE ( 'NONE', #49, #750 ) ;
#294 = VERTEX_POINT ( 'NONE', #2086 ) ;
#295 = DIRECTION ( 'NONE',  ( 0.0000000000000000000, -0.0000000000000000000, 1.000000000000000000 ) ) ;
#296 = AXIS2_PLACEMENT_3D ( 'NONE', #1334, #248, #453 ) ;
#297 = DIRECTION ( 'NONE',  ( -0.0000000000000000000, -1.000000000000000000, -0.0000000000000000000 ) ) ;
#298 = LINE ( 'NONE', #1236, #728 ) ;
#299 = EDGE_LOOP ( 'NONE', ( #1471, #1626, #844, #999, #1594 ) ) ;
#300 = CARTESIAN_POINT ( 'NONE',  ( -6.000000000000000900, 0.0000000000000000000, 6.000000000000000000 ) ) ;
#301 = ADVANCED_FACE ( 'NONE', ( #1616, #1160 ), #321, .T. ) ;
#302 = ORIENTED_EDGE ( 'NONE', *, *, #633, .T. ) ;
#303 = EDGE_CURVE ( 'NONE', #319, #1291, #1103, .T. ) ;
#304 = PLANE ( 'NONE',  #1285 ) ;
#305 = EDGE_LOOP ( 'NONE', ( #1833, #164, #2239, #238 ) ) ;
#306 = DIRECTION ( 'NONE',  ( 1.670116974983498900E-016, -1.000000000000000000, 0.0000000000000000000 ) ) ;
#307 = CARTESIAN_POINT ( 'NONE',  ( -6.000000000000002700, 1.200000000000000000, -6.000000000000001800 ) ) ;
#308 = EDGE_CURVE ( 'NONE', #256, #1300, #138, .T. ) ;
#309 = DIRECTION ( 'NONE',  ( -1.020425574104006200E-015, 0.0000000000000000000, 1.000000000000000000 ) ) ;
#310 = AXIS2_PLACEMENT_3D ( 'NONE', #1652, #1993, #1109 ) ;
#311 = DIRECTION ( 'NONE',  ( 1.000000000000000000, 0.0000000000000000000, 1.020425574104004200E-015 ) ) ;
#312 = PLANE ( 'NONE',  #2049 ) ;
#313 = DIRECTION ( 'NONE',  ( 0.0000000000000000000, 1.000000000000000000, 0.0000000000000000000 ) ) ;
#314 = PRESENTATION_LAYER_ASSIGNMENT (  '', '', ( #2 ) ) ;
#315 = ORIENTED_EDGE ( 'NONE', *, *, #2062, .F. ) ;
#316 = FACE_OUTER_BOUND ( 'NONE', #1173, .T. ) ;
#317 = LINE ( 'NONE', #349, #103 ) ;
#318 = EDGE_CURVE ( 'NONE', #868, #175, #2006, .T. ) ;
#319 = VERTEX_POINT ( 'NONE', #1937 ) ;
#320 = VECTOR ( 'NONE', #1538, 999.9999999999998900 ) ;
#321 = PLANE ( 'NONE',  #981 ) ;
#322 = FACE_OUTER_BOUND ( 'NONE', #58, .T. ) ;
#323 = DIRECTION ( 'NONE',  ( -1.000000000000000000, -1.734723475976810300E-016, 0.0000000000000000000 ) ) ;
#324 = ORIENTED_EDGE ( 'NONE', *, *, #1992, .T. ) ;
#325 = ORIENTED_EDGE ( 'NONE', *, *, #62, .F. ) ;
#326 = PRODUCT_DEFINITION_FORMATION_WITH_SPECIFIED_SOURCE ( 'ANY', '', #1484, .NOT_KNOWN. ) ;
#327 = CYLINDRICAL_SURFACE ( 'NONE', #1344, 0.4999999999999997800 ) ;
#328 = VERTEX_POINT ( 'NONE', #870 ) ;
#329 = VERTEX_POINT ( 'NONE', #1065 ) ;
#330 = EDGE_CURVE ( 'NONE', #2038, #1517, #1928, .T. ) ;
#331 = AXIS2_PLACEMENT_3D ( 'NONE', #1991, #34, #943 ) ;
#332 = APPLICATION_CONTEXT ( 'automotive_design' ) ;
#333 = CARTESIAN_POINT ( 'NONE',  ( -4.799999999999998000, 9.790000000000002700, -0.1306961472924905200 ) ) ;
#334 = CARTESIAN_POINT ( 'NONE',  ( 4.799999999999998900, 7.790000000000001800, 0.1320483476558871300 ) ) ;
#335 = LINE ( 'NONE', #2216, #126 ) ;
#336 = EDGE_CURVE ( 'NONE', #1358, #891, #1021, .T. ) ;
#337 = DIRECTION ( 'NONE',  ( -0.0000000000000000000, 1.000000000000000000, -0.0000000000000000000 ) ) ;
#338 = AXIS2_PLACEMENT_3D ( 'NONE', #1044, #1415, #702 ) ;
#339 = CARTESIAN_POINT ( 'NONE',  ( 1.445083222993876600E-015, 1.200000000000001500, 0.0000000000000000000 ) ) ;
#340 = ORIENTED_EDGE ( 'NONE', *, *, #1712, .T. ) ;
#341 = CIRCLE ( 'NONE', #1585, 4.150000000000001200 ) ;
#342 = CYLINDRICAL_SURFACE ( 'NONE', #135, 2.325000000000001100 ) ;
#343 = CARTESIAN_POINT ( 'NONE',  ( 4.799999999999998900, 7.790000000000002700, -0.1319706016345880100 ) ) ;
#344 = ORIENTED_EDGE ( 'NONE', *, *, #425, .T. ) ;
#345 = VERTEX_POINT ( 'NONE', #2321 ) ;
#346 = EDGE_CURVE ( 'NONE', #285, #83, #1978, .T. ) ;
#347 = DIRECTION ( 'NONE',  ( 0.0000000000000000000, 0.0000000000000000000, -1.000000000000000000 ) ) ;
#348 = ORIENTED_EDGE ( 'NONE', *, *, #425, .F. ) ;
#349 = CARTESIAN_POINT ( 'NONE',  ( -4.624999999999998200, -3.999999999999998200, 4.625000000000000000 ) ) ;
#350 = AXIS2_PLACEMENT_3D ( 'NONE', #1405, #1575, #1413 ) ;
#351 = EDGE_LOOP ( 'NONE', ( #680, #1883, #1387, #1629 ) ) ;
#352 = LINE ( 'NONE', #1377, #1844 ) ;
#353 = VERTEX_POINT ( 'NONE', #1049 ) ;
#354 = CARTESIAN_POINT ( 'NONE',  ( -4.694677837722198700, 8.659114466325595700, -1.000000000000000000 ) ) ;
#355 = ORIENTED_EDGE ( 'NONE', *, *, #536, .T. ) ;
#356 = CARTESIAN_POINT ( 'NONE',  ( -1.149999999999998100, -1.920634521231023300E-016, 0.0000000000000000000 ) ) ;
#357 = DIRECTION ( 'NONE',  ( -0.0000000000000000000, -1.000000000000000000, -0.0000000000000000000 ) ) ;
#358 = ORIENTED_EDGE ( 'NONE', *, *, #2332, .F. ) ;
#359 = DIRECTION ( 'NONE',  ( -0.7071067811865510100, -0.7071067811865441300, 8.659560562354978500E-017 ) ) ;
#360 = CARTESIAN_POINT ( 'NONE',  ( -5.474999999999997900, 0.0000000000000000000, 4.624999999999999100 ) ) ;
#361 = MECHANICAL_DESIGN_GEOMETRIC_PRESENTATION_REPRESENTATION (  '', ( #1252 ), #415 ) ;
#362 = AXIS2_PLACEMENT_3D ( 'NONE', #621, #764, #2211 ) ;
#363 = ORIENTED_EDGE ( 'NONE', *, *, #2291, .F. ) ;
#364 = CARTESIAN_POINT ( 'NONE',  ( -4.624999999999998200, 0.0000000000000000000, 5.474999999999997900 ) ) ;
#365 = DIRECTION ( 'NONE',  ( -0.0000000000000000000, 1.000000000000000000, -0.0000000000000000000 ) ) ;
#366 = ORIENTED_EDGE ( 'NONE', *, *, #346, .F. ) ;
#367 = FACE_OUTER_BOUND ( 'NONE', #805, .T. ) ;
#368 = FACE_OUTER_BOUND ( 'NONE', #394, .T. ) ;
#369 = EDGE_CURVE ( 'NONE', #1963, #1142, #2229, .T. ) ;
#370 = DIRECTION ( 'NONE',  ( -1.000000000000000000, 0.0000000000000000000, 0.0000000000000000000 ) ) ;
#371 = ORIENTED_EDGE ( 'NONE', *, *, #1660, .T. ) ;
#372 = DIRECTION ( 'NONE',  ( 0.0000000000000000000, 0.0000000000000000000, 1.000000000000000000 ) ) ;
#373 = ORIENTED_EDGE ( 'NONE', *, *, #717, .F. ) ;
#374 = LINE ( 'NONE', #486, #1002 ) ;
#375 = EDGE_CURVE ( 'NONE', #1606, #1648, #1808, .T. ) ;
#376 = LINE ( 'NONE', #1698, #1166 ) ;
#377 = CARTESIAN_POINT ( 'NONE',  ( 4.624999999999991100, 0.0000000000000000000, -4.625000000000000900 ) ) ;
#378 = DIRECTION ( 'NONE',  ( -1.000000000000000000, 0.0000000000000000000, 1.445602896647339200E-016 ) ) ;
#379 = AXIS2_PLACEMENT_3D ( 'NONE', #1491, #400, #386 ) ;
#380 = ORIENTED_EDGE ( 'NONE', *, *, #1235, .T. ) ;
#381 = MANIFOLD_SOLID_BREP ( 'Revolve2', #1303 ) ;
#382 = DIRECTION ( 'NONE',  ( -1.670116974983498900E-016, 1.000000000000000000, -0.0000000000000000000 ) ) ;
#383 = AXIS2_PLACEMENT_3D ( 'NONE', #212, #592, #28 ) ;
#384 = VERTEX_POINT ( 'NONE', #689 ) ;
#385 = CARTESIAN_POINT ( 'NONE',  ( 5.474999999999990800, 0.0000000000000000000, -5.474999999999998800 ) ) ;
#386 = DIRECTION ( 'NONE',  ( -1.000000000000000000, -1.865294060190113500E-016, 0.0000000000000000000 ) ) ;
#387 = DIRECTION ( 'NONE',  ( -1.866425866029935800E-016, 1.000000000000000000, -0.0000000000000000000 ) ) ;
#388 = VECTOR ( 'NONE', #16, 1000.000000000000000 ) ;
#389 = DIRECTION ( 'NONE',  ( -1.000000000000000000, -0.0000000000000000000, 1.020425574104005200E-015 ) ) ;
#390 = CARTESIAN_POINT ( 'NONE',  ( 0.0000000000000000000, 0.0000000000000000000, 0.0000000000000000000 ) ) ;
#391 = CARTESIAN_POINT ( 'NONE',  ( -6.001000000000003000, 8.790000000000002700, 1.000000000000000200 ) ) ;
#392 = DIRECTION ( 'NONE',  ( -0.0000000000000000000, 0.0000000000000000000, -1.000000000000000000 ) ) ;
#393 = CARTESIAN_POINT ( 'NONE',  ( 1.445083222993876600E-015, 1.200000000000001500, 0.0000000000000000000 ) ) ;
#394 = EDGE_LOOP ( 'NONE', ( #905, #1913, #1153, #871, #1796 ) ) ;
#395 = CARTESIAN_POINT ( 'NONE',  ( -5.500000000000000000, 8.790000000000002700, 0.0000000000000000000 ) ) ;
#396 = PLANE ( 'NONE',  #282 ) ;
#397 = CLOSED_SHELL ( 'NONE', ( #1339, #1541, #1145, #108, #1562, #642, #986, #2072, #1997, #244, #2055, #1197, #485, #1874, #1172 ) ) ;
#398 = VECTOR ( 'NONE', #675, 1000.000000000000000 ) ;
#399 = LINE ( 'NONE', #279, #1953 ) ;
#400 = DIRECTION ( 'NONE',  ( -1.670116974983498900E-016, 1.000000000000000000, -0.0000000000000000000 ) ) ;
#401 = ORIENTED_EDGE ( 'NONE', *, *, #1498, .T. ) ;
#402 = ORIENTED_EDGE ( 'NONE', *, *, #1059, .T. ) ;
#403 = CARTESIAN_POINT ( 'NONE',  ( 0.0000000000000000000, 3.800000000000000300, 0.0000000000000000000 ) ) ;
#404 = EDGE_CURVE ( 'NONE', #1291, #524, #2027, .T. ) ;
#405 = PLANE ( 'NONE',  #1150 ) ;
#406 = ORIENTED_EDGE ( 'NONE', *, *, #1712, .F. ) ;
#407 = DIRECTION ( 'NONE',  ( 0.0000000000000000000, 0.0000000000000000000, -1.000000000000000000 ) ) ;
#408 = AXIS2_PLACEMENT_3D ( 'NONE', #1389, #1015, #139 ) ;
#409 = ORIENTED_EDGE ( 'NONE', *, *, #760, .F. ) ;
#410 = VECTOR ( 'NONE', #1754, 1000.000000000000000 ) ;
#411 = ORIENTED_EDGE ( 'NONE', *, *, #2115, .F. ) ;
#412 = EDGE_CURVE ( 'NONE', #1081, #441, #317, .T. ) ;
#413 = PLANE ( 'NONE',  #596 ) ;
#414 = CARTESIAN_POINT ( 'NONE',  ( 4.624999999999994700, -3.999999999999998200, 5.474999999999999600 ) ) ;
#415 =( GEOMETRIC_REPRESENTATION_CONTEXT ( 3 ) GLOBAL_UNCERTAINTY_ASSIGNED_CONTEXT ( ( #774 ) ) GLOBAL_UNIT_ASSIGNED_CONTEXT ( ( #2109, #456, #1404 ) ) REPRESENTATION_CONTEXT ( 'NONE', 'WORKASPACE' ) );
#416 = ORIENTED_EDGE ( 'NONE', *, *, #1608, .F. ) ;
#417 = PLANE ( 'NONE',  #44 ) ;
#418 = DIRECTION ( 'NONE',  ( -0.0000000000000000000, 1.000000000000000000, -0.0000000000000000000 ) ) ;
#419 = ORIENTED_EDGE ( 'NONE', *, *, #1092, .F. ) ;
#420 = DIRECTION ( 'NONE',  ( -0.0000000000000000000, 1.000000000000000000, -0.0000000000000000000 ) ) ;
#421 = AXIS2_PLACEMENT_3D ( 'NONE', #2103, #1912, #2083 ) ;
#422 = DIRECTION ( 'NONE',  ( -1.000000000000000000, -0.0000000000000000000, 1.020425574104004200E-015 ) ) ;
#423 = VECTOR ( 'NONE', #1635, 1000.000000000000000 ) ;
#424 = DIRECTION ( 'NONE',  ( 0.0000000000000000000, 0.0000000000000000000, -1.000000000000000000 ) ) ;
#425 = EDGE_CURVE ( 'NONE', #2329, #1731, #1825, .T. ) ;
#426 = CARTESIAN_POINT ( 'NONE',  ( 6.001000000000004800, 8.790000000000002700, 0.0000000000000000000 ) ) ;
#427 = EDGE_CURVE ( 'NONE', #1024, #893, #2174, .T. ) ;
#428 = DIRECTION ( 'NONE',  ( -1.000000000000000000, 0.0000000000000000000, 1.020425574104005200E-015 ) ) ;
#429 = ORIENTED_EDGE ( 'NONE', *, *, #1560, .F. ) ;
#430 = FACE_OUTER_BOUND ( 'NONE', #291, .T. ) ;
#431 = CARTESIAN_POINT ( 'NONE',  ( 0.0000000000000000000, 4.900000000000000400, 0.0000000000000000000 ) ) ;
#432 = DIRECTION ( 'NONE',  ( 0.0000000000000000000, 1.000000000000000000, 0.0000000000000000000 ) ) ;
#433 = ADVANCED_FACE ( 'NONE', ( #1392 ), #522, .T. ) ;
#434 = FILL_AREA_STYLE ('',( #1522 ) ) ;
#435 = EDGE_LOOP ( 'NONE', ( #1074, #1926, #1820 ) ) ;
#436 = VECTOR ( 'NONE', #2269, 1000.000000000000000 ) ;
#437 = ORIENTED_EDGE ( 'NONE', *, *, #1427, .F. ) ;
#438 = CARTESIAN_POINT ( 'NONE',  ( 4.720099652113959500, 9.293828681840388100, 0.8736506742029069800 ) ) ;
#439 = ORIENTED_EDGE ( 'NONE', *, *, #1721, .T. ) ;
#440 = AXIS2_PLACEMENT_3D ( 'NONE', #1779, #1057, #1463 ) ;
#441 = VERTEX_POINT ( 'NONE', #924 ) ;
#442 = DIRECTION ( 'NONE',  ( -1.000000000000000000, -1.670116974983498900E-016, 0.0000000000000000000 ) ) ;
#443 = EDGE_LOOP ( 'NONE', ( #324, #602, #363, #166 ) ) ;
#444 = COLOUR_RGB ( '',0.7921568627450980000, 0.8196078431372548800, 0.9333333333333333500 ) ;
#445 = FACE_OUTER_BOUND ( 'NONE', #305, .T. ) ;
#446 = DIRECTION ( 'NONE',  ( -0.0000000000000000000, -1.000000000000000000, -0.0000000000000000000 ) ) ;
#447 = EDGE_CURVE ( 'NONE', #1205, #1142, #581, .T. ) ;
#448 = B_SPLINE_CURVE_WITH_KNOTS ( 'NONE', 3,
 ( #553, #1064, #531, #143, #162, #2145, #1785, #907, #333, #1803 ),
 .UNSPECIFIED., .F., .F.,
 ( 4, 2, 2, 2, 4 ),
 ( 0.001567924532261068400, 0.001959707867225773600, 0.002351491202190479000, 0.002743274537155184500, 0.003135057872119889900 ),
 .UNSPECIFIED. ) ;
#449 = ORIENTED_EDGE ( 'NONE', *, *, #71, .T. ) ;
#450 = ADVANCED_FACE ( 'NONE', ( #809 ), #513, .F. ) ;
#451 = ORIENTED_EDGE ( 'NONE', *, *, #1780, .F. ) ;
#452 = CARTESIAN_POINT ( 'NONE',  ( -4.794328725858036000, 9.763647542571103300, 0.2626906829859906300 ) ) ;
#453 = DIRECTION ( 'NONE',  ( 0.0000000000000000000, 0.0000000000000000000, 1.000000000000000000 ) ) ;
#454 = CARTESIAN_POINT ( 'NONE',  ( 4.733972489021343000, 9.405438618750558500, -0.7988511674661167300 ) ) ;
#455 = LINE ( 'NONE', #1301, #1611 ) ;
#456 =( NAMED_UNIT ( * ) PLANE_ANGLE_UNIT ( ) SI_UNIT ( $, .RADIAN. ) );
#457 = EDGE_CURVE ( 'NONE', #1399, #1584, #1083, .T. ) ;
#458 = AXIS2_PLACEMENT_3D ( 'NONE', #1559, #990, #654 ) ;
#459 = CARTESIAN_POINT ( 'NONE',  ( 4.624999999999994700, 0.0000000000000000000, 5.474999999999999600 ) ) ;
#460 = PRODUCT_DEFINITION_SHAPE ( 'NONE', 'NONE',  #158 ) ;
#461 = ADVANCED_FACE ( 'NONE', ( #85 ), #1816, .F. ) ;
#462 = CARTESIAN_POINT ( 'NONE',  ( -6.000000000000000900, 1.200000000000000000, 6.000000000000000000 ) ) ;
#463 = EDGE_CURVE ( 'NONE', #329, #1409, #616, .T. ) ;
#464 = ORIENTED_EDGE ( 'NONE', *, *, #1729, .T. ) ;
#465 = EDGE_LOOP ( 'NONE', ( #271, #696, #1134, #2199 ) ) ;
#466 = CYLINDRICAL_SURFACE ( 'NONE', #74, 2.625000000000000400 ) ;
#467 = CARTESIAN_POINT ( 'NONE',  ( 2.325000000000000600, 13.00000000000000200, 2.847303808017598400E-016 ) ) ;
#468 = VECTOR ( 'NONE', #1564, 1000.000000000000000 ) ;
#469 = VERTEX_POINT ( 'NONE', #2164 ) ;
#470 = MECHANICAL_DESIGN_GEOMETRIC_PRESENTATION_REPRESENTATION (  '', ( #1956 ), #587 ) ;
#471 = EDGE_LOOP ( 'NONE', ( #2297, #1508, #437, #623 ) ) ;
#472 = VERTEX_POINT ( 'NONE', #190 ) ;
#473 = CARTESIAN_POINT ( 'NONE',  ( 0.0000000000000000000, 13.00000000000000200, 0.0000000000000000000 ) ) ;
#474 = VERTEX_POINT ( 'NONE', #2344 ) ;
#475 = ADVANCED_FACE ( 'NONE', ( #1455 ), #1003, .T. ) ;
#476 = CIRCLE ( 'NONE', #2165, 3.500000000000001300 ) ;
#477 = DIRECTION ( 'NONE',  ( -1.670116974983498900E-016, 1.000000000000000000, -0.0000000000000000000 ) ) ;
#478 = ORIENTED_EDGE ( 'NONE', *, *, #1498, .F. ) ;
#479 = DIRECTION ( 'NONE',  ( 0.0000000000000000000, 0.0000000000000000000, -1.000000000000000000 ) ) ;
#480 = VERTEX_POINT ( 'NONE', #1110 ) ;
#481 = EDGE_CURVE ( 'NONE', #328, #175, #2134, .T. ) ;
#482 = DIRECTION ( 'NONE',  ( -0.0000000000000000000, -1.000000000000000000, -0.0000000000000000000 ) ) ;
#483 = CARTESIAN_POINT ( 'NONE',  ( 0.0000000000000000000, 0.0000000000000000000, 0.0000000000000000000 ) ) ;
#484 = DIRECTION ( 'NONE',  ( 0.0000000000000000000, -1.000000000000000000, 0.0000000000000000000 ) ) ;
#485 = ADVANCED_FACE ( 'NONE', ( #263 ), #327, .T. ) ;
#486 = CARTESIAN_POINT ( 'NONE',  ( -5.474999999999997900, 0.0000000000000000000, 5.474999999999998800 ) ) ;
#487 = CARTESIAN_POINT ( 'NONE',  ( 4.775052720099412600, 9.663799716366698400, -0.5034290521302928800 ) ) ;
#488 = AXIS2_PLACEMENT_3D ( 'NONE', #390, #2013, #1885 ) ;
#489 = CARTESIAN_POINT ( 'NONE',  ( 0.0000000000000000000, -3.999999999999998200, 0.0000000000000000000 ) ) ;
#490 = VERTEX_POINT ( 'NONE', #6 ) ;
#491 = UNCERTAINTY_MEASURE_WITH_UNIT (LENGTH_MEASURE( 1.000000000000000100E-005 ), #129, 'distance_accuracy_value', 'NONE');
#492 = VECTOR ( 'NONE', #1964, 1000.000000000000000 ) ;
#493 = VECTOR ( 'NONE', #721, 1000.000000000000000 ) ;
#494 = CIRCLE ( 'NONE', #338, 2.625000000000001800 ) ;
#495 = ORIENTED_EDGE ( 'NONE', *, *, #2019, .F. ) ;
#496 = ORIENTED_EDGE ( 'NONE', *, *, #628, .F. ) ;
#497 = PLANE ( 'NONE',  #1925 ) ;
#498 = AXIS2_PLACEMENT_3D ( 'NONE', #431, #1872, #2244 ) ;
#499 = ORIENTED_EDGE ( 'NONE', *, *, #660, .F. ) ;
#500 = CARTESIAN_POINT ( 'NONE',  ( 0.0000000000000000000, 9.850000000000001400, 0.0000000000000000000 ) ) ;
#501 = CYLINDRICAL_SURFACE ( 'NONE', #2111, 1.000000000000000200 ) ;
#502 = FACE_OUTER_BOUND ( 'NONE', #1347, .T. ) ;
#503 = ORIENTED_EDGE ( 'NONE', *, *, #1974, .T. ) ;
#504 = EDGE_CURVE ( 'NONE', #1029, #1401, #1032, .T. ) ;
#505 = PLANE ( 'NONE',  #734 ) ;
#506 = ORIENTED_EDGE ( 'NONE', *, *, #427, .T. ) ;
#507 = CARTESIAN_POINT ( 'NONE',  ( 0.0000000000000000000, 1.200000000000000000, 0.0000000000000000000 ) ) ;
#508 = EDGE_CURVE ( 'NONE', #353, #1253, #1625, .T. ) ;
#509 = LINE ( 'NONE', #1283, #879 ) ;
#510 = CARTESIAN_POINT ( 'NONE',  ( 5.500000000000000000, 8.790000000000002700, -1.000000000000000200 ) ) ;
#511 = AXIS2_PLACEMENT_3D ( 'NONE', #2253, #420, #1892 ) ;
#512 = DIRECTION ( 'NONE',  ( -0.0000000000000000000, -1.000000000000000000, -0.0000000000000000000 ) ) ;
#513 = PLANE ( 'NONE',  #1582 ) ;
#514 = PLANE ( 'NONE',  #1666 ) ;
#515 = MECHANICAL_DESIGN_GEOMETRIC_PRESENTATION_REPRESENTATION (  '', ( #2 ), #1446 ) ;
#516 = ORIENTED_EDGE ( 'NONE', *, *, #1216, .F. ) ;
#517 = CARTESIAN_POINT ( 'NONE',  ( 5.999999999999999100, 1.200000000000000000, -6.000000000000001800 ) ) ;
#518 = EDGE_CURVE ( 'NONE', #2271, #1251, #1651, .T. ) ;
#519 = EDGE_LOOP ( 'NONE', ( #738, #1811 ) ) ;
#520 = FACE_OUTER_BOUND ( 'NONE', #2306, .T. ) ;
#521 = DIRECTION ( 'NONE',  ( -1.000000000000000000, -1.239088197126290300E-016, 0.0000000000000000000 ) ) ;
#522 = PLANE ( 'NONE',  #440 ) ;
#523 = CIRCLE ( 'NONE', #2168, 1.050000000000003200 ) ;
#524 = VERTEX_POINT ( 'NONE', #2183 ) ;
#525 = VERTEX_POINT ( 'NONE', #1100 ) ;
#526 = ORIENTED_EDGE ( 'NONE', *, *, #2327, .T. ) ;
#527 = FACE_OUTER_BOUND ( 'NONE', #1001, .T. ) ;
#528 = LINE ( 'NONE', #1119, #1935 ) ;
#529 = CARTESIAN_POINT ( 'NONE',  ( -4.733880276757144400, 8.175258844098838300, -0.7993884170982801200 ) ) ;
#530 = CYLINDRICAL_SURFACE ( 'NONE', #2237, 2.625000000000000400 ) ;
#531 = CARTESIAN_POINT ( 'NONE',  ( -4.700429458835328600, 9.051998468684372400, -0.9739567830540406500 ) ) ;
#532 = DIRECTION ( 'NONE',  ( 1.000000000000000000, 0.0000000000000000000, 0.0000000000000000000 ) ) ;
#533 = ORIENTED_EDGE ( 'NONE', *, *, #2212, .F. ) ;
#534 = ORIENTED_EDGE ( 'NONE', *, *, #447, .F. ) ;
#535 = B_SPLINE_CURVE_WITH_KNOTS ( 'NONE', 3,
 ( #159, #154, #1438, #176, #1802, #529, #716, #1781, #354, #1085 ),
 .UNSPECIFIED., .F., .F.,
 ( 4, 2, 2, 2, 4 ),
 ( 2.556951393390541200E-019, 0.0003919811330652673100, 0.0007839622661305343000, 0.001175943399195801200, 0.001567924532261068400 ),
 .UNSPECIFIED. ) ;
#536 = EDGE_CURVE ( 'NONE', #29, #319, #1518, .T. ) ;
#537 = ADVANCED_BREP_SHAPE_REPRESENTATION ( '1-1337445-0', ( #381, #1554, #1723, #1587 ), #1290 ) ;
#538 = CARTESIAN_POINT ( 'NONE',  ( 4.720172905443059000, 8.285629170940175900, -0.8732502781341473500 ) ) ;
#539 = AXIS2_PLACEMENT_3D ( 'NONE', #1830, #203, #1527 ) ;
#540 = DIRECTION ( 'NONE',  ( -0.0000000000000000000, -1.000000000000000000, -0.0000000000000000000 ) ) ;
#541 = DIRECTION ( 'NONE',  ( 0.0000000000000000000, 0.0000000000000000000, 1.000000000000000000 ) ) ;
#542 = EDGE_CURVE ( 'NONE', #1623, #2008, #1819, .T. ) ;
#543 = CARTESIAN_POINT ( 'NONE',  ( -7.572992989214474100E-016, 13.00000000000000200, 0.0000000000000000000 ) ) ;
#544 = CARTESIAN_POINT ( 'NONE',  ( 0.0000000000000000000, -4.500000000000000000, 0.0000000000000000000 ) ) ;
#545 = EDGE_CURVE ( 'NONE', #345, #294, #54, .T. ) ;
#546 = ORIENTED_EDGE ( 'NONE', *, *, #1632, .T. ) ;
#547 = CYLINDRICAL_SURFACE ( 'NONE', #1714, 4.799999999999998000 ) ;
#548 = CARTESIAN_POINT ( 'NONE',  ( 4.694677837722198700, 8.790000000000002700, -1.000000000000000200 ) ) ;
#549 = ORIENTED_EDGE ( 'NONE', *, *, #369, .T. ) ;
#550 = CYLINDRICAL_SURFACE ( 'NONE', #130, 1.149999999999998800 ) ;
#551 = EDGE_LOOP ( 'NONE', ( #1431, #1327 ) ) ;
#552 = EDGE_CURVE ( 'NONE', #1045, #1583, #729, .T. ) ;
#553 = CARTESIAN_POINT ( 'NONE',  ( -4.694677837722198700, 8.790000000000002700, -1.000000000000000200 ) ) ;
#554 = VERTEX_POINT ( 'NONE', #582 ) ;
#555 = VERTEX_POINT ( 'NONE', #211 ) ;
#556 = FACE_BOUND ( 'NONE', #2295, .T. ) ;
#557 = VECTOR ( 'NONE', #2037, 1000.000000000000000 ) ;
#558 = DIRECTION ( 'NONE',  ( -0.0000000000000000000, 1.000000000000000000, -0.0000000000000000000 ) ) ;
#559 = EDGE_LOOP ( 'NONE', ( #846, #1203, #649, #1050 ) ) ;
#560 = CARTESIAN_POINT ( 'NONE',  ( -6.001000000000003000, 8.790000000000002700, 0.0000000000000000000 ) ) ;
#561 = ORIENTED_EDGE ( 'NONE', *, *, #2147, .F. ) ;
#562 = B_SPLINE_CURVE_WITH_KNOTS ( 'NONE', 3,
 ( #1891, #1346, #452, #1147, #2076, #1535, #2054, #1702, #2257, #1354 ),
 .UNSPECIFIED., .F., .F.,
 ( 4, 2, 2, 2, 4 ),
 ( 0.003135057872119889900, 0.003526954812304361900, 0.003918851752488833500, 0.004310748692673305500, 0.004702645632857776700 ),
 .UNSPECIFIED. ) ;
#563 = DIRECTION ( 'NONE',  ( -1.000000000000000000, -1.239088197126290300E-016, 0.0000000000000000000 ) ) ;
#564 = CARTESIAN_POINT ( 'NONE',  ( 0.0000000000000000000, -3.999999999999998200, 0.0000000000000000000 ) ) ;
#565 = EDGE_CURVE ( 'NONE', #836, #669, #528, .T. ) ;
#566 = CIRCLE ( 'NONE', #1225, 1.050000000000003200 ) ;
#567 = DIRECTION ( 'NONE',  ( -0.0000000000000000000, -1.000000000000000000, -0.0000000000000000000 ) ) ;
#568 = EDGE_LOOP ( 'NONE', ( #233, #200, #727, #1393, #1238 ) ) ;
#569 = VECTOR ( 'NONE', #42, 1000.000000000000000 ) ;
#570 = DIRECTION ( 'NONE',  ( 1.445602896647339200E-016, 0.0000000000000000000, 1.000000000000000000 ) ) ;
#571 = VERTEX_POINT ( 'NONE', #777 ) ;
#572 = COLOUR_RGB ( '',1.000000000000000000, 0.8117647058823529400, 0.5019607843137254800 ) ;
#573 = FACE_OUTER_BOUND ( 'NONE', #1454, .T. ) ;
#574 = EDGE_CURVE ( 'NONE', #78, #836, #1713, .T. ) ;
#575 = DIRECTION ( 'NONE',  ( -1.866425866029935800E-016, 1.000000000000000000, -0.0000000000000000000 ) ) ;
#576 = ADVANCED_FACE ( 'NONE', ( #971 ), #1, .F. ) ;
#577 = EDGE_LOOP ( 'NONE', ( #842, #1817, #1022, #707 ) ) ;
#578 = CARTESIAN_POINT ( 'NONE',  ( 5.474999999999994300, -3.999999999999998200, 4.625000000000001800 ) ) ;
#579 = ORIENTED_EDGE ( 'NONE', *, *, #181, .F. ) ;
#580 = EDGE_CURVE ( 'NONE', #1623, #1114, #1880, .T. ) ;
#581 = LINE ( 'NONE', #17, #1984 ) ;
#582 = CARTESIAN_POINT ( 'NONE',  ( -5.474999999999995200, 0.0000000000000000000, -4.625000000000004400 ) ) ;
#583 = DIRECTION ( 'NONE',  ( -0.0000000000000000000, 1.000000000000000000, -0.0000000000000000000 ) ) ;
#584 = EDGE_LOOP ( 'NONE', ( #913, #898 ) ) ;
#585 = DIRECTION ( 'NONE',  ( 0.0000000000000000000, 0.0000000000000000000, 1.000000000000000000 ) ) ;
#586 = DIRECTION ( 'NONE',  ( 0.0000000000000000000, 0.0000000000000000000, -1.000000000000000000 ) ) ;
#587 =( GEOMETRIC_REPRESENTATION_CONTEXT ( 3 ) GLOBAL_UNCERTAINTY_ASSIGNED_CONTEXT ( ( #945 ) ) GLOBAL_UNIT_ASSIGNED_CONTEXT ( ( #2056, #2044, #2029 ) ) REPRESENTATION_CONTEXT ( 'NONE', 'WORKASPACE' ) );
#588 = ORIENTED_EDGE ( 'NONE', *, *, #595, .F. ) ;
#589 = DIRECTION ( 'NONE',  ( 0.0000000000000000000, -1.000000000000000000, -0.0000000000000000000 ) ) ;
#590 = DIRECTION ( 'NONE',  ( 1.670116974983498900E-016, -1.000000000000000000, 0.0000000000000000000 ) ) ;
#591 = DIRECTION ( 'NONE',  ( 0.0000000000000000000, 0.0000000000000000000, 1.000000000000000000 ) ) ;
#592 = DIRECTION ( 'NONE',  ( -1.670116974983498900E-016, 1.000000000000000000, -0.0000000000000000000 ) ) ;
#593 = DIRECTION ( 'NONE',  ( -0.0000000000000000000, 1.000000000000000000, -0.0000000000000000000 ) ) ;
#594 = CARTESIAN_POINT ( 'NONE',  ( -7.572992989214474100E-016, 13.00000000000000200, 0.0000000000000000000 ) ) ;
#595 = EDGE_CURVE ( 'NONE', #285, #2278, #938, .T. ) ;
#596 = AXIS2_PLACEMENT_3D ( 'NONE', #239, #1516, #428 ) ;
#597 = DIRECTION ( 'NONE',  ( -1.670116974983498900E-016, 1.000000000000000000, -0.0000000000000000000 ) ) ;
#598 = DIRECTION ( 'NONE',  ( -0.0000000000000000000, -1.000000000000000000, -0.0000000000000000000 ) ) ;
#599 = CARTESIAN_POINT ( 'NONE',  ( 0.0000000000000000000, 1.200000000000000000, 0.0000000000000000000 ) ) ;
#600 = ADVANCED_FACE ( 'NONE', ( #502 ), #196, .F. ) ;
#601 = CARTESIAN_POINT ( 'NONE',  ( -7.572992989214476000E-016, 13.00000000000000400, 0.0000000000000000000 ) ) ;
#602 = ORIENTED_EDGE ( 'NONE', *, *, #412, .F. ) ;
#603 = FACE_OUTER_BOUND ( 'NONE', #443, .T. ) ;
#604 = AXIS2_PLACEMENT_3D ( 'NONE', #758, #575, #1831 ) ;
#605 = DIRECTION ( 'NONE',  ( -1.000000000000000000, -1.866425866029935800E-016, 0.0000000000000000000 ) ) ;
#606 = ORIENTED_EDGE ( 'NONE', *, *, #330, .F. ) ;
#607 = LINE ( 'NONE', #939, #743 ) ;
#608 = ORIENTED_EDGE ( 'NONE', *, *, #2284, .T. ) ;
#609 = LINE ( 'NONE', #1331, #1674 ) ;
#610 = CARTESIAN_POINT ( 'NONE',  ( -6.000000000000000900, 1.200000000000000400, 8.673617379884037400E-016 ) ) ;
#611 = ORIENTED_EDGE ( 'NONE', *, *, #127, .F. ) ;
#612 = DIRECTION ( 'NONE',  ( -1.000000000000000000, 0.0000000000000000000, 0.0000000000000000000 ) ) ;
#613 = AXIS2_PLACEMENT_3D ( 'NONE', #988, #655, #84 ) ;
#614 = LINE ( 'NONE', #364, #1983 ) ;
#615 = DIRECTION ( 'NONE',  ( -0.0000000000000000000, -1.000000000000000000, -0.0000000000000000000 ) ) ;
#616 = LINE ( 'NONE', #1077, #1907 ) ;
#617 = VERTEX_POINT ( 'NONE', #969 ) ;
#618 = ADVANCED_FACE ( 'NONE', ( #1428 ), #41, .F. ) ;
#619 = CARTESIAN_POINT ( 'NONE',  ( -4.799999999999998000, 13.00000000000000200, 0.0000000000000000000 ) ) ;
#620 = ORIENTED_EDGE ( 'NONE', *, *, #595, .T. ) ;
#621 = CARTESIAN_POINT ( 'NONE',  ( 1.258440636390882900E-015, 2.200000000000002400, 0.0000000000000000000 ) ) ;
#622 = CARTESIAN_POINT ( 'NONE',  ( -5.474999999999997900, -3.999999999999998200, 5.474999999999998800 ) ) ;
#623 = ORIENTED_EDGE ( 'NONE', *, *, #375, .T. ) ;
#624 = DIRECTION ( 'NONE',  ( -0.0000000000000000000, 0.0000000000000000000, 1.000000000000000000 ) ) ;
#625 = CARTESIAN_POINT ( 'NONE',  ( 0.0000000000000000000, 3.599999999999993900, 0.0000000000000000000 ) ) ;
#626 = CARTESIAN_POINT ( 'NONE',  ( 6.000000000000000900, 1.200000000000000000, 6.000000000000000000 ) ) ;
#627 = CARTESIAN_POINT ( 'NONE',  ( -1.149999999999999500, 9.850000000000001400, 0.0000000000000000000 ) ) ;
#628 = EDGE_CURVE ( 'NONE', #1444, #669, #751, .T. ) ;
#629 = VECTOR ( 'NONE', #1391, 1000.000000000000000 ) ;
#630 = DIRECTION ( 'NONE',  ( -1.866425866029935800E-016, 1.000000000000000000, -0.0000000000000000000 ) ) ;
#631 = ADVANCED_FACE ( 'NONE', ( #232 ), #947, .F. ) ;
#632 = DIRECTION ( 'NONE',  ( 0.0000000000000000000, 1.000000000000000000, 0.0000000000000000000 ) ) ;
#633 = EDGE_CURVE ( 'NONE', #1480, #384, #2071, .T. ) ;
#634 = CARTESIAN_POINT ( 'NONE',  ( -6.000000000000002700, 1.200000000000000000, -6.000000000000001800 ) ) ;
#635 = ORIENTED_EDGE ( 'NONE', *, *, #457, .T. ) ;
#636 = CYLINDRICAL_SURFACE ( 'NONE', #1945, 1.149999999999998800 ) ;
#637 = CARTESIAN_POINT ( 'NONE',  ( 1.445083222993876600E-015, 1.200000000000001500, 0.0000000000000000000 ) ) ;
#638 = ORIENTED_EDGE ( 'NONE', *, *, #825, .T. ) ;
#639 = SURFACE_STYLE_FILL_AREA ( #434 ) ;
#640 = VECTOR ( 'NONE', #99, 1000.000000000000000 ) ;
#641 = DIRECTION ( 'NONE',  ( -0.0000000000000000000, -1.000000000000000000, -0.0000000000000000000 ) ) ;
#642 = ADVANCED_FACE ( 'NONE', ( #916 ), #866, .F. ) ;
#643 = ORIENTED_EDGE ( 'NONE', *, *, #922, .T. ) ;
#644 = DIRECTION ( 'NONE',  ( 0.0000000000000000000, 1.000000000000000000, 0.0000000000000000000 ) ) ;
#645 = LINE ( 'NONE', #1727, #1337 ) ;
#646 = FACE_OUTER_BOUND ( 'NONE', #1806, .T. ) ;
#647 = CARTESIAN_POINT ( 'NONE',  ( -4.624999999999996400, 0.0000000000000000000, -4.625000000000005300 ) ) ;
#648 = EDGE_CURVE ( 'NONE', #1081, #1875, #1601, .T. ) ;
#649 = ORIENTED_EDGE ( 'NONE', *, *, #2033, .F. ) ;
#650 = DIRECTION ( 'NONE',  ( -1.670116974983498900E-016, 1.000000000000000000, -0.0000000000000000000 ) ) ;
#651 = ORIENTED_EDGE ( 'NONE', *, *, #1178, .F. ) ;
#652 = ADVANCED_FACE ( 'NONE', ( #2104 ), #1533, .T. ) ;
#653 = CARTESIAN_POINT ( 'NONE',  ( 0.0000000000000000000, 0.0000000000000000000, 0.0000000000000000000 ) ) ;
#654 = DIRECTION ( 'NONE',  ( 0.0000000000000000000, 0.0000000000000000000, -1.000000000000000000 ) ) ;
#655 = DIRECTION ( 'NONE',  ( -1.000000000000000000, 0.0000000000000000000, 0.0000000000000000000 ) ) ;
#656 = AXIS2_PLACEMENT_3D ( 'NONE', #1665, #598, #1116 ) ;
#657 = CARTESIAN_POINT ( 'NONE',  ( 5.474999999999990800, 0.0000000000000000000, -4.625000000000000000 ) ) ;
#658 = CARTESIAN_POINT ( 'NONE',  ( 0.0000000000000000000, 9.850000000000001400, 0.0000000000000000000 ) ) ;
#659 = CARTESIAN_POINT ( 'NONE',  ( 5.510910596163089600E-016, 13.00000000000000200, -4.500000000000000900 ) ) ;
#660 = EDGE_CURVE ( 'NONE', #1114, #742, #2301, .T. ) ;
#661 = ADVANCED_FACE ( 'NONE', ( #674 ), #700, .T. ) ;
#662 = ORIENTED_EDGE ( 'NONE', *, *, #2084, .F. ) ;
#663 = FACE_OUTER_BOUND ( 'NONE', #1424, .T. ) ;
#664 = ORIENTED_EDGE ( 'NONE', *, *, #1343, .F. ) ;
#665 = CYLINDRICAL_SURFACE ( 'NONE', #900, 3.500000000000001300 ) ;
#666 = DIRECTION ( 'NONE',  ( -1.000000000000000000, -1.858632295689435100E-016, 0.0000000000000000000 ) ) ;
#667 = DIRECTION ( 'NONE',  ( -1.000000000000000000, -0.0000000000000000000, -0.0000000000000000000 ) ) ;
#668 = ORIENTED_EDGE ( 'NONE', *, *, #2162, .F. ) ;
#669 = VERTEX_POINT ( 'NONE', #2256 ) ;
#670 = FACE_OUTER_BOUND ( 'NONE', #149, .T. ) ;
#671 = ORIENTED_EDGE ( 'NONE', *, *, #710, .F. ) ;
#672 = ORIENTED_EDGE ( 'NONE', *, *, #1121, .T. ) ;
#673 = FACE_OUTER_BOUND ( 'NONE', #2161, .T. ) ;
#674 = FACE_OUTER_BOUND ( 'NONE', #568, .T. ) ;
#675 = DIRECTION ( 'NONE',  ( -1.670116974983498900E-016, 1.000000000000000000, -0.0000000000000000000 ) ) ;
#676 = ORIENTED_EDGE ( 'NONE', *, *, #1947, .F. ) ;
#677 = DIRECTION ( 'NONE',  ( -1.670116974983498900E-016, 1.000000000000000000, -0.0000000000000000000 ) ) ;
#678 = CARTESIAN_POINT ( 'NONE',  ( -6.000000000000000900, 1.200000000000000000, 6.000000000000000000 ) ) ;
#679 = ADVANCED_FACE ( 'NONE', ( #170 ), #1888, .F. ) ;
#680 = ORIENTED_EDGE ( 'NONE', *, *, #1966, .T. ) ;
#681 = EDGE_CURVE ( 'NONE', #1517, #2273, #1486, .T. ) ;
#682 = AXIS2_PLACEMENT_3D ( 'NONE', #698, #306, #1563 ) ;
#683 = ORIENTED_EDGE ( 'NONE', *, *, #2235, .F. ) ;
#684 = PLANE ( 'NONE',  #408 ) ;
#685 = DIRECTION ( 'NONE',  ( -1.000000000000000000, -1.670116974983498900E-016, 0.0000000000000000000 ) ) ;
#686 = SURFACE_STYLE_FILL_AREA ( #1035 ) ;
#687 = CARTESIAN_POINT ( 'NONE',  ( -7.572992989214474100E-016, 13.00000000000000200, 0.0000000000000000000 ) ) ;
#688 = CARTESIAN_POINT ( 'NONE',  ( -6.000000000000002700, 0.0000000000000000000, -6.000000000000001800 ) ) ;
#689 = CARTESIAN_POINT ( 'NONE',  ( 2.625000000000003100, 1.299999999999999600, 3.214697847761804500E-016 ) ) ;
#690 = ORIENTED_EDGE ( 'NONE', *, *, #1398, .F. ) ;
#691 = CIRCLE ( 'NONE', #1086, 1.149999999999998100 ) ;
#692 = ORIENTED_EDGE ( 'NONE', *, *, #1944, .T. ) ;
#693 = FACE_OUTER_BOUND ( 'NONE', #1824, .T. ) ;
#694 = CONICAL_SURFACE ( 'NONE', #740, 999.9999999999867000, 0.7853981633974416200 ) ;
#695 = DIRECTION ( 'NONE',  ( -1.000000000000000000, 0.0000000000000000000, -0.0000000000000000000 ) ) ;
#696 = ORIENTED_EDGE ( 'NONE', *, *, #1222, .F. ) ;
#697 = ORIENTED_EDGE ( 'NONE', *, *, #2119, .T. ) ;
#698 = CARTESIAN_POINT ( 'NONE',  ( -2.625000000000000400, 1.300000000000000000, 0.0000000000000000000 ) ) ;
#699 = DIRECTION ( 'NONE',  ( -0.0000000000000000000, 1.000000000000000000, -0.0000000000000000000 ) ) ;
#700 = CYLINDRICAL_SURFACE ( 'NONE', #613, 1.000000000000000200 ) ;
#701 = ORIENTED_EDGE ( 'NONE', *, *, #1287, .T. ) ;
#702 = DIRECTION ( 'NONE',  ( -1.000000000000000000, -1.670116974983498900E-016, 0.0000000000000000000 ) ) ;
#703 = VECTOR ( 'NONE', #1456, 1000.000000000000000 ) ;
#704 = ORIENTED_EDGE ( 'NONE', *, *, #1053, .F. ) ;
#705 = AXIS2_PLACEMENT_3D ( 'NONE', #784, #2032, #957 ) ;
#706 =( NAMED_UNIT ( * ) PLANE_ANGLE_UNIT ( ) SI_UNIT ( $, .RADIAN. ) );
#707 = ORIENTED_EDGE ( 'NONE', *, *, #574, .T. ) ;
#708 = DIRECTION ( 'NONE',  ( 1.000000000000000000, 1.734723475976810300E-016, 0.0000000000000000000 ) ) ;
#709 = CARTESIAN_POINT ( 'NONE',  ( -7.572992989214476000E-016, 13.00000000000000400, 0.0000000000000000000 ) ) ;
#710 = EDGE_CURVE ( 'NONE', #1583, #1251, #376, .T. ) ;
#711 = AXIS2_PLACEMENT_3D ( 'NONE', #2163, #1967, #347 ) ;
#712 = LINE ( 'NONE', #2251, #629 ) ;
#713 = CARTESIAN_POINT ( 'NONE',  ( 4.733988861209939900, 8.174455818614790200, -0.7987366703657421400 ) ) ;
#714 = CARTESIAN_POINT ( 'NONE',  ( 4.733861099868876800, 8.175378153733834800, 0.7995270257372946200 ) ) ;
#715 = B_SPLINE_CURVE_WITH_KNOTS ( 'NONE', 3,
 ( #1122, #1548, #2085, #100, #454, #1919, #487, #824, #1373, #1750 ),
 .UNSPECIFIED., .F., .F.,
 ( 4, 2, 2, 2, 4 ),
 ( 0.0000000000000000000, 0.0003919784392902898700, 0.0007839568785805797500, 0.001175935317870869700, 0.001567913757161159500 ),
 .UNSPECIFIED. ) ;
#716 = CARTESIAN_POINT ( 'NONE',  ( -4.720067487183841100, 8.286595996069385400, -0.8738125167433760100 ) ) ;
#717 = EDGE_CURVE ( 'NONE', #1007, #384, #2040, .T. ) ;
#718 = ORIENTED_EDGE ( 'NONE', *, *, #93, .F. ) ;
#719 = FACE_OUTER_BOUND ( 'NONE', #72, .T. ) ;
#720 = CARTESIAN_POINT ( 'NONE',  ( 5.999999999999999100, 1.200000000000000000, -6.000000000000001800 ) ) ;
#721 = DIRECTION ( 'NONE',  ( -1.000000000000000000, 0.0000000000000000000, 0.0000000000000000000 ) ) ;
#722 = CONICAL_SURFACE ( 'NONE', #178, 999.9999999999867000, 0.7853981633974416200 ) ;
#723 = LINE ( 'NONE', #1901, #1023 ) ;
#724 = VECTOR ( 'NONE', #387, 1000.000000000000000 ) ;
#725 = VECTOR ( 'NONE', #278, 1000.000000000000000 ) ;
#726 = ORIENTED_EDGE ( 'NONE', *, *, #447, .T. ) ;
#727 = ORIENTED_EDGE ( 'NONE', *, *, #2314, .F. ) ;
#728 = VECTOR ( 'NONE', #1434, 1000.000000000000000 ) ;
#729 = CIRCLE ( 'NONE', #1423, 4.150000000000002100 ) ;
#730 = CARTESIAN_POINT ( 'NONE',  ( 5.474999999999990800, -3.999999999999998200, -5.474999999999998800 ) ) ;
#731 = AXIS2_PLACEMENT_3D ( 'NONE', #599, #1859, #1494 ) ;
#732 = EDGE_LOOP ( 'NONE', ( #874, #2059, #2201, #113 ) ) ;
#733 = ORIENTED_EDGE ( 'NONE', *, *, #1031, .T. ) ;
#734 = AXIS2_PLACEMENT_3D ( 'NONE', #2108, #695, #1208 ) ;
#735 = CARTESIAN_POINT ( 'NONE',  ( 5.999999999999999100, 0.0000000000000000000, -6.000000000000001800 ) ) ;
#736 = DIRECTION ( 'NONE',  ( -1.866425866029935800E-016, 1.000000000000000000, -0.0000000000000000000 ) ) ;
#737 = EDGE_CURVE ( 'NONE', #1904, #1291, #645, .T. ) ;
#738 = ORIENTED_EDGE ( 'NONE', *, *, #1729, .F. ) ;
#739 = LINE ( 'NONE', #1840, #906 ) ;
#740 = AXIS2_PLACEMENT_3D ( 'NONE', #1141, #792, #1176 ) ;
#741 = DIRECTION ( 'NONE',  ( 1.000000000000000000, -0.0000000000000000000, -0.0000000000000000000 ) ) ;
#742 = VERTEX_POINT ( 'NONE', #627 ) ;
#743 = VECTOR ( 'NONE', #389, 1000.000000000000000 ) ;
#744 = EDGE_CURVE ( 'NONE', #1839, #329, #1549, .T. ) ;
#745 = ORIENTED_EDGE ( 'NONE', *, *, #760, .T. ) ;
#746 = DIRECTION ( 'NONE',  ( -0.0000000000000000000, -1.000000000000000000, -0.0000000000000000000 ) ) ;
#747 = AXIS2_PLACEMENT_3D ( 'NONE', #946, #590, #182 ) ;
#748 = ORIENTED_EDGE ( 'NONE', *, *, #194, .T. ) ;
#749 = ORIENTED_EDGE ( 'NONE', *, *, #1780, .T. ) ;
#750 = VECTOR ( 'NONE', #1312, 999.9999999999998900 ) ;
#751 = LINE ( 'NONE', #935, #1137 ) ;
#752 = DIRECTION ( 'NONE',  ( 0.0000000000000000000, 0.0000000000000000000, -1.000000000000000000 ) ) ;
#753 = AXIS2_PLACEMENT_3D ( 'NONE', #927, #382, #563 ) ;
#754 = VECTOR ( 'NONE', #1941, 1000.000000000000000 ) ;
#755 = DIRECTION ( 'NONE',  ( -1.000000000000000000, -0.0000000000000000000, -0.0000000000000000000 ) ) ;
#756 = ORIENTED_EDGE ( 'NONE', *, *, #14, .T. ) ;
#757 = ORIENTED_EDGE ( 'NONE', *, *, #1350, .T. ) ;
#758 = CARTESIAN_POINT ( 'NONE',  ( 1.258440636390882900E-015, 2.200000000000002400, 0.0000000000000000000 ) ) ;
#759 = CARTESIAN_POINT ( 'NONE',  ( -1.149999999999999700, 9.850000000000001400, 0.0000000000000000000 ) ) ;
#760 = EDGE_CURVE ( 'NONE', #469, #328, #1572, .T. ) ;
#761 = VECTOR ( 'NONE', #1842, 1000.000000000000100 ) ;
#762 = DIRECTION ( 'NONE',  ( -0.0000000000000000000, 1.000000000000000000, -0.0000000000000000000 ) ) ;
#763 = CARTESIAN_POINT ( 'NONE',  ( 0.0000000000000000000, 12.65000000000000200, 0.0000000000000000000 ) ) ;
#764 = DIRECTION ( 'NONE',  ( 1.866425866029935800E-016, -1.000000000000000000, 0.0000000000000000000 ) ) ;
#765 = CARTESIAN_POINT ( 'NONE',  ( 0.0000000000000000000, 3.800000000000000300, 0.0000000000000000000 ) ) ;
#766 = CARTESIAN_POINT ( 'NONE',  ( 4.799999999999997200, 13.00000000000000400, 5.878304635907293200E-016 ) ) ;
#767 = DIRECTION ( 'NONE',  ( 0.0000000000000000000, 0.0000000000000000000, 1.000000000000000000 ) ) ;
#768 = ORIENTED_EDGE ( 'NONE', *, *, #2119, .F. ) ;
#769 = CARTESIAN_POINT ( 'NONE',  ( -4.799999999999998900, 13.00000000000000000, 0.0000000000000000000 ) ) ;
#770 = ORIENTED_EDGE ( 'NONE', *, *, #1560, .T. ) ;
#771 = DIRECTION ( 'NONE',  ( 0.0000000000000000000, 0.0000000000000000000, 1.000000000000000000 ) ) ;
#772 = ORIENTED_EDGE ( 'NONE', *, *, #2189, .F. ) ;
#773 = EDGE_CURVE ( 'NONE', #1300, #101, #287, .T. ) ;
#774 = UNCERTAINTY_MEASURE_WITH_UNIT (LENGTH_MEASURE( 1.000000000000000100E-005 ), #2109, 'distance_accuracy_value', 'NONE');
#775 = ORIENTED_EDGE ( 'NONE', *, *, #1826, .F. ) ;
#776 = DIRECTION ( 'NONE',  ( 1.000000000000000000, 0.0000000000000000000, 0.0000000000000000000 ) ) ;
#777 = CARTESIAN_POINT ( 'NONE',  ( 8.572527594031467000E-017, 4.300000000000000700, 0.6999999999999992900 ) ) ;
#778 = CIRCLE ( 'NONE', #173, 0.3000000000000004900 ) ;
#779 = DIRECTION ( 'NONE',  ( 1.000000000000000000, 0.0000000000000000000, -0.0000000000000000000 ) ) ;
#780 = ORIENTED_EDGE ( 'NONE', *, *, #62, .T. ) ;
#781 = DIRECTION ( 'NONE',  ( 0.0000000000000000000, -1.000000000000000000, 0.0000000000000000000 ) ) ;
#782 = CARTESIAN_POINT ( 'NONE',  ( 0.0000000000000000000, -4.500000000000000000, 0.0000000000000000000 ) ) ;
#783 = EDGE_LOOP ( 'NONE', ( #1310, #1224, #579 ) ) ;
#784 = CARTESIAN_POINT ( 'NONE',  ( 0.0000000000000000000, -4.299999999999999800, 0.0000000000000000000 ) ) ;
#785 = ORIENTED_EDGE ( 'NONE', *, *, #1787, .F. ) ;
#786 = CARTESIAN_POINT ( 'NONE',  ( -4.999999999999990200, 2.200000000000000200, 0.0000000000000000000 ) ) ;
#787 = AXIS2_PLACEMENT_3D ( 'NONE', #560, #1262, #902 ) ;
#788 = CARTESIAN_POINT ( 'NONE',  ( -5.474999999999997900, -3.999999999999998200, 4.624999999999999100 ) ) ;
#789 = EDGE_CURVE ( 'NONE', #1767, #78, #115, .T. ) ;
#790 = DIRECTION ( 'NONE',  ( -1.670116974983498900E-016, 1.000000000000000000, -0.0000000000000000000 ) ) ;
#791 = CARTESIAN_POINT ( 'NONE',  ( 5.474999999999990800, -3.999999999999998200, -5.474999999999998800 ) ) ;
#792 = DIRECTION ( 'NONE',  ( 0.0000000000000000000, 1.000000000000000000, 0.0000000000000000000 ) ) ;
#793 = SURFACE_SIDE_STYLE ('',( #639 ) ) ;
#794 = VERTEX_POINT ( 'NONE', #1733 ) ;
#795 = FACE_OUTER_BOUND ( 'NONE', #1939, .T. ) ;
#796 = ADVANCED_FACE ( 'NONE', ( #225 ), #1266, .T. ) ;
#797 = AXIS2_PLACEMENT_3D ( 'NONE', #1271, #736, #1800 ) ;
#798 = DIRECTION ( 'NONE',  ( -1.000000000000000000, -1.866425866029935800E-016, 0.0000000000000000000 ) ) ;
#799 = ORIENTED_EDGE ( 'NONE', *, *, #2332, .T. ) ;
#800 = VECTOR ( 'NONE', #1777, 1000.000000000000000 ) ;
#801 = CARTESIAN_POINT ( 'NONE',  ( -4.624999999999998200, -3.999999999999998200, 5.474999999999997900 ) ) ;
#802 = LINE ( 'NONE', #76, #80 ) ;
#803 = CARTESIAN_POINT ( 'NONE',  ( -5.500000000000000000, 8.790000000000002700, 0.0000000000000000000 ) ) ;
#804 = DIRECTION ( 'NONE',  ( 0.0000000000000000000, 0.0000000000000000000, 1.000000000000000000 ) ) ;
#805 = EDGE_LOOP ( 'NONE', ( #1521, #185, #1598, #8 ) ) ;
#806 = CARTESIAN_POINT ( 'NONE',  ( -5.474999999999995200, -3.999999999999998200, -4.625000000000004400 ) ) ;
#807 = EDGE_CURVE ( 'NONE', #1365, #1904, #2031, .T. ) ;
#808 = ORIENTED_EDGE ( 'NONE', *, *, #1664, .F. ) ;
#809 = FACE_OUTER_BOUND ( 'NONE', #1788, .T. ) ;
#810 = CARTESIAN_POINT ( 'NONE',  ( -4.720116876781793800, 8.286038029158691000, 0.8735569848920665700 ) ) ;
#811 = DIRECTION ( 'NONE',  ( 1.445602896647339200E-016, 0.0000000000000000000, 1.000000000000000000 ) ) ;
#812 = AXIS2_PLACEMENT_3D ( 'NONE', #216, #1126, #253 ) ;
#813 = ORIENTED_EDGE ( 'NONE', *, *, #2212, .T. ) ;
#814 = CARTESIAN_POINT ( 'NONE',  ( 2.847303808017597900E-016, 3.800000000000000300, -2.325000000000001100 ) ) ;
#815 = ADVANCED_FACE ( 'NONE', ( #445 ), #505, .F. ) ;
#816 = ORIENTED_EDGE ( 'NONE', *, *, #2147, .T. ) ;
#817 = CARTESIAN_POINT ( 'NONE',  ( -7.572992989214474100E-016, 13.00000000000000200, 0.0000000000000000000 ) ) ;
#818 = CARTESIAN_POINT ( 'NONE',  ( 2.847303808017597900E-016, 4.900000000000000400, -2.325000000000001100 ) ) ;
#819 = DIRECTION ( 'NONE',  ( 0.0000000000000000000, -1.000000000000000000, 0.0000000000000000000 ) ) ;
#820 = EDGE_CURVE ( 'NONE', #525, #29, #219, .T. ) ;
#821 = FACE_OUTER_BOUND ( 'NONE', #584, .T. ) ;
#822 = CARTESIAN_POINT ( 'NONE',  ( 1.285879139104724900E-016, 9.850000000000001400, -1.050000000000003200 ) ) ;
#823 = CARTESIAN_POINT ( 'NONE',  ( 0.0000000000000000000, -4.500000000000000000, 0.0000000000000000000 ) ) ;
#824 = CARTESIAN_POINT ( 'NONE',  ( 4.794320530691822000, 9.763605061411869500, -0.2627925783665024900 ) ) ;
#825 = EDGE_CURVE ( 'NONE', #353, #1566, #1503, .T. ) ;
#826 = AXIS2_PLACEMENT_3D ( 'NONE', #786, #1857, #798 ) ;
#827 = ADVANCED_FACE ( 'NONE', ( #1211, #2197, #2320, #795, #2088, #1419 ), #304, .F. ) ;
#828 = DIRECTION ( 'NONE',  ( 0.0000000000000000000, 0.0000000000000000000, -1.000000000000000000 ) ) ;
#829 = DIRECTION ( 'NONE',  ( -0.0000000000000000000, -1.000000000000000000, -0.0000000000000000000 ) ) ;
#830 = EDGE_LOOP ( 'NONE', ( #965, #1245, #1765 ) ) ;
#831 = LINE ( 'NONE', #578, #251 ) ;
#832 = FACE_OUTER_BOUND ( 'NONE', #551, .T. ) ;
#833 = ORIENTED_EDGE ( 'NONE', *, *, #1157, .F. ) ;
#834 = ORIENTED_EDGE ( 'NONE', *, *, #1178, .T. ) ;
#835 = CARTESIAN_POINT ( 'NONE',  ( 0.0000000000000000000, -3.999999999999998200, 0.0000000000000000000 ) ) ;
#836 = VERTEX_POINT ( 'NONE', #116 ) ;
#837 = CARTESIAN_POINT ( 'NONE',  ( 3.500000000000000400, 13.00000000000000200, 4.286263797015737600E-016 ) ) ;
#838 = ORIENTED_EDGE ( 'NONE', *, *, #1421, .F. ) ;
#839 = ADVANCED_FACE ( 'NONE', ( #603 ), #684, .F. ) ;
#840 = CIRCLE ( 'NONE', #2121, 0.6999999999999999600 ) ;
#841 = EDGE_CURVE ( 'NONE', #2273, #1839, #2226, .T. ) ;
#842 = ORIENTED_EDGE ( 'NONE', *, *, #2062, .T. ) ;
#843 = AXIS2_PLACEMENT_3D ( 'NONE', #1746, #1209, #1383 ) ;
#844 = ORIENTED_EDGE ( 'NONE', *, *, #536, .F. ) ;
#845 = DIRECTION ( 'NONE',  ( -0.0000000000000000000, -1.000000000000000000, -0.0000000000000000000 ) ) ;
#846 = ORIENTED_EDGE ( 'NONE', *, *, #1597, .T. ) ;
#847 = PLANE ( 'NONE',  #843 ) ;
#848 = DIRECTION ( 'NONE',  ( -0.0000000000000000000, 1.000000000000000000, -0.0000000000000000000 ) ) ;
#849 = LINE ( 'NONE', #391, #1801 ) ;
#850 = AXIS2_PLACEMENT_3D ( 'NONE', #658, #829, #1182 ) ;
#851 = ADVANCED_FACE ( 'NONE', ( #719 ), #466, .F. ) ;
#852 = CARTESIAN_POINT ( 'NONE',  ( 4.694677837722198700, 8.790000000000002700, 1.000000000000000200 ) ) ;
#853 = AXIS2_PLACEMENT_3D ( 'NONE', #966, #2215, #1849 ) ;
#854 = CARTESIAN_POINT ( 'NONE',  ( 0.0000000000000000000, 0.0000000000000000000, 0.0000000000000000000 ) ) ;
#855 = DIRECTION ( 'NONE',  ( -0.0000000000000000000, -1.000000000000000000, -0.0000000000000000000 ) ) ;
#856 = ORIENTED_EDGE ( 'NONE', *, *, #2223, .F. ) ;
#857 = FACE_OUTER_BOUND ( 'NONE', #1425, .T. ) ;
#858 = EDGE_LOOP ( 'NONE', ( #2316, #1512, #2004, #833 ) ) ;
#859 = CYLINDRICAL_SURFACE ( 'NONE', #1256, 4.150000000000001200 ) ;
#860 = CARTESIAN_POINT ( 'NONE',  ( 5.474999999999994300, -3.999999999999998200, 5.475000000000000500 ) ) ;
#861 = CIRCLE ( 'NONE', #1643, 6.000000000000002700 ) ;
#862 = ORIENTED_EDGE ( 'NONE', *, *, #1944, .F. ) ;
#863 = ORIENTED_EDGE ( 'NONE', *, *, #2017, .F. ) ;
#864 = VERTEX_POINT ( 'NONE', #510 ) ;
#865 = EDGE_CURVE ( 'NONE', #89, #1480, #2171, .T. ) ;
#866 = CONICAL_SURFACE ( 'NONE', #1745, 0.6999999999999999600, 0.7853981633974533900 ) ;
#867 = CARTESIAN_POINT ( 'NONE',  ( -3.500000000000002200, 13.00000000000000200, 0.0000000000000000000 ) ) ;
#868 = VERTEX_POINT ( 'NONE', #1199 ) ;
#869 = CARTESIAN_POINT ( 'NONE',  ( 5.474999999999990800, -3.999999999999998200, -4.625000000000000000 ) ) ;
#870 = CARTESIAN_POINT ( 'NONE',  ( 0.0000000000000000000, 0.0000000000000000000, 2.625000000000000400 ) ) ;
#871 = ORIENTED_EDGE ( 'NONE', *, *, #1067, .F. ) ;
#872 = EDGE_CURVE ( 'NONE', #384, #1007, #1836, .T. ) ;
#873 = DIRECTION ( 'NONE',  ( -1.866425866029935800E-016, 1.000000000000000000, -0.0000000000000000000 ) ) ;
#874 = ORIENTED_EDGE ( 'NONE', *, *, #308, .T. ) ;
#875 = DIRECTION ( 'NONE',  ( -1.000000000000000000, -1.807003620809173200E-016, 0.0000000000000000000 ) ) ;
#876 = SURFACE_SIDE_STYLE ('',( #686 ) ) ;
#877 = DIRECTION ( 'NONE',  ( -1.000000000000000000, 0.0000000000000000000, -1.020425574104004200E-015 ) ) ;
#878 = CARTESIAN_POINT ( 'NONE',  ( 0.0000000000000000000, 1.300000000000000000, 0.0000000000000000000 ) ) ;
#879 = VECTOR ( 'NONE', #2193, 1000.000000000000000 ) ;
#880 = CARTESIAN_POINT ( 'NONE',  ( 4.999999999999992000, 2.200000000000003300, 0.0000000000000000000 ) ) ;
#881 = CARTESIAN_POINT ( 'NONE',  ( 5.999999999999999100, 1.200000000000000000, -6.000000000000001800 ) ) ;
#882 = DIRECTION ( 'NONE',  ( -1.000000000000000000, -3.614007241618350200E-016, 0.0000000000000000000 ) ) ;
#883 = EDGE_LOOP ( 'NONE', ( #1932, #1338, #1370, #912 ) ) ;
#884 = ORIENTED_EDGE ( 'NONE', *, *, #1439, .F. ) ;
#885 = LINE ( 'NONE', #10, #1807 ) ;
#886 = CARTESIAN_POINT ( 'NONE',  ( -5.500000000000000000, 8.790000000000002700, -1.000000000000000200 ) ) ;
#887 = EDGE_LOOP ( 'NONE', ( #992, #2345 ) ) ;
#888 = ORIENTED_EDGE ( 'NONE', *, *, #1893, .F. ) ;
#889 = CARTESIAN_POINT ( 'NONE',  ( 6.001000000000004800, 8.790000000000002700, -1.000000000000000200 ) ) ;
#890 = EDGE_LOOP ( 'NONE', ( #43, #503, #1272, #1570 ) ) ;
#891 = VERTEX_POINT ( 'NONE', #886 ) ;
#892 = FACE_OUTER_BOUND ( 'NONE', #1019, .T. ) ;
#893 = VERTEX_POINT ( 'NONE', #2160 ) ;
#894 = CARTESIAN_POINT ( 'NONE',  ( -5.474999999999995200, -3.999999999999998200, -5.475000000000004100 ) ) ;
#895 = ORIENTED_EDGE ( 'NONE', *, *, #1553, .F. ) ;
#896 = SURFACE_STYLE_USAGE ( .BOTH. , #1426 ) ;
#897 = EDGE_CURVE ( 'NONE', #2343, #2149, #341, .T. ) ;
#898 = ORIENTED_EDGE ( 'NONE', *, *, #504, .T. ) ;
#899 = COLOUR_RGB ( '',0.7921568627450980000, 0.8196078431372548800, 0.9333333333333333500 ) ;
#900 = AXIS2_PLACEMENT_3D ( 'NONE', #687, #1038, #2130 ) ;
#901 = DIRECTION ( 'NONE',  ( 0.0000000000000000000, 0.0000000000000000000, -1.000000000000000000 ) ) ;
#902 = DIRECTION ( 'NONE',  ( 0.0000000000000000000, 0.0000000000000000000, -1.000000000000000000 ) ) ;
#903 = CARTESIAN_POINT ( 'NONE',  ( 1.196737561809246800E-015, 1.299999999999999200, 0.0000000000000000000 ) ) ;
#904 = EDGE_CURVE ( 'NONE', #1731, #472, #2346, .T. ) ;
#905 = ORIENTED_EDGE ( 'NONE', *, *, #1608, .T. ) ;
#906 = VECTOR ( 'NONE', #1809, 1000.000000000000000 ) ;
#907 = CARTESIAN_POINT ( 'NONE',  ( -4.794367167811217600, 9.763844585016528300, -0.2621800461067565500 ) ) ;
#908 = AXIS2_PLACEMENT_3D ( 'NONE', #619, #1139, #605 ) ;
#909 = ORIENTED_EDGE ( 'NONE', *, *, #2284, .F. ) ;
#910 = LINE ( 'NONE', #1008, #1929 ) ;
#911 = VECTOR ( 'NONE', #1278, 1000.000000000000000 ) ;
#912 = ORIENTED_EDGE ( 'NONE', *, *, #744, .F. ) ;
#913 = ORIENTED_EDGE ( 'NONE', *, *, #1361, .T. ) ;
#914 = CARTESIAN_POINT ( 'NONE',  ( -4.999999999999990200, 2.200000000000001500, 6.735557395310438100E-016 ) ) ;
#915 = ORIENTED_EDGE ( 'NONE', *, *, #318, .F. ) ;
#916 = FACE_OUTER_BOUND ( 'NONE', #2026, .T. ) ;
#917 = CARTESIAN_POINT ( 'NONE',  ( -4.624999999999995600, -3.999999999999998200, -5.475000000000003200 ) ) ;
#918 = ORIENTED_EDGE ( 'NONE', *, *, #2189, .T. ) ;
#919 = ORIENTED_EDGE ( 'NONE', *, *, #789, .F. ) ;
#920 = ORIENTED_EDGE ( 'NONE', *, *, #2223, .T. ) ;
#921 = CARTESIAN_POINT ( 'NONE',  ( 5.500000000000000000, 8.790000000000002700, 1.000000000000000200 ) ) ;
#922 = EDGE_CURVE ( 'NONE', #1493, #1648, #1863, .T. ) ;
#923 = CARTESIAN_POINT ( 'NONE',  ( -7.572992989214474100E-016, 13.00000000000000200, 0.0000000000000000000 ) ) ;
#924 = CARTESIAN_POINT ( 'NONE',  ( -4.624999999999998200, 0.0000000000000000000, 4.625000000000000000 ) ) ;
#925 = CYLINDRICAL_SURFACE ( 'NONE', #812, 2.625000000000001800 ) ;
#926 = ADVANCED_FACE ( 'NONE', ( #1761 ), #1124, .F. ) ;
#927 = CARTESIAN_POINT ( 'NONE',  ( 7.792083180633715300E-016, 3.800000000000001200, 0.0000000000000000000 ) ) ;
#928 = DIRECTION ( 'NONE',  ( -1.000000000000000000, 0.0000000000000000000, 1.020425574104004200E-015 ) ) ;
#929 = CARTESIAN_POINT ( 'NONE',  ( 0.0000000000000000000, 13.00000000000000200, 4.500000000000000900 ) ) ;
#930 = EDGE_CURVE ( 'NONE', #1029, #29, #1732, .T. ) ;
#931 = ORIENTED_EDGE ( 'NONE', *, *, #580, .F. ) ;
#932 = ORIENTED_EDGE ( 'NONE', *, *, #1467, .F. ) ;
#933 = EDGE_CURVE ( 'NONE', #1342, #1358, #535, .T. ) ;
#934 = EDGE_LOOP ( 'NONE', ( #2322, #2328, #635, #780 ) ) ;
#935 = CARTESIAN_POINT ( 'NONE',  ( 5.474999999999990800, 0.0000000000000000000, -5.474999999999998800 ) ) ;
#936 = ORIENTED_EDGE ( 'NONE', *, *, #14, .F. ) ;
#937 = PRESENTATION_STYLE_ASSIGNMENT (( #206 ) ) ;
#938 = LINE ( 'NONE', #1843, #1403 ) ;
#939 = CARTESIAN_POINT ( 'NONE',  ( -5.474999999999995200, -3.999999999999998200, -4.625000000000004400 ) ) ;
#940 = PRODUCT_DEFINITION_CONTEXT ( 'detailed design', #332, 'design' ) ;
#941 = AXIS2_PLACEMENT_3D ( 'NONE', #1408, #873, #323 ) ;
#942 = LINE ( 'NONE', #869, #1226 ) ;
#943 = DIRECTION ( 'NONE',  ( 0.0000000000000000000, 0.0000000000000000000, 1.000000000000000000 ) ) ;
#944 = ORIENTED_EDGE ( 'NONE', *, *, #773, .F. ) ;
#945 = UNCERTAINTY_MEASURE_WITH_UNIT (LENGTH_MEASURE( 1.000000000000000100E-005 ), #2056, 'distance_accuracy_value', 'NONE');
#946 = CARTESIAN_POINT ( 'NONE',  ( -1.149999999999998100, 1.231711269050332200E-016, 0.0000000000000000000 ) ) ;
#947 = PLANE ( 'NONE',  #1555 ) ;
#948 = ORIENTED_EDGE ( 'NONE', *, *, #2097, .T. ) ;
#949 = DIRECTION ( 'NONE',  ( 1.000000000000000000, 0.0000000000000000000, 0.0000000000000000000 ) ) ;
#950 = DIRECTION ( 'NONE',  ( -0.0000000000000000000, 1.000000000000000000, -0.0000000000000000000 ) ) ;
#951 = DIRECTION ( 'NONE',  ( -0.0000000000000000000, -0.0000000000000000000, -1.000000000000000000 ) ) ;
#952 = EDGE_CURVE ( 'NONE', #1990, #1783, #1020, .T. ) ;
#953 = LINE ( 'NONE', #1684, #1177 ) ;
#954 = DIRECTION ( 'NONE',  ( 0.0000000000000000000, 0.0000000000000000000, 1.000000000000000000 ) ) ;
#955 = CARTESIAN_POINT ( 'NONE',  ( -6.000000000000000900, 1.200000000000000000, 6.000000000000000000 ) ) ;
#956 = DIRECTION ( 'NONE',  ( -0.0000000000000000000, 1.000000000000000000, -0.0000000000000000000 ) ) ;
#957 = DIRECTION ( 'NONE',  ( 0.0000000000000000000, 0.0000000000000000000, 1.000000000000000000 ) ) ;
#958 = DIRECTION ( 'NONE',  ( -0.0000000000000000000, -1.000000000000000000, -0.0000000000000000000 ) ) ;
#959 = DIRECTION ( 'NONE',  ( -1.670116974983498900E-016, 1.000000000000000000, -0.0000000000000000000 ) ) ;
#960 = VERTEX_POINT ( 'NONE', #517 ) ;
#961 = CARTESIAN_POINT ( 'NONE',  ( 0.0000000000000000000, -4.299999999999999800, 0.0000000000000000000 ) ) ;
#962 = PLANE ( 'NONE',  #160 ) ;
#963 = EDGE_LOOP ( 'NONE', ( #20, #168, #172, #672 ) ) ;
#964 = CIRCLE ( 'NONE', #458, 0.5000000000000000000 ) ;
#965 = ORIENTED_EDGE ( 'NONE', *, *, #2116, .F. ) ;
#966 = CARTESIAN_POINT ( 'NONE',  ( 0.0000000000000000000, 1.200000000000000000, 0.0000000000000000000 ) ) ;
#967 = ORIENTED_EDGE ( 'NONE', *, *, #2070, .T. ) ;
#968 = ORIENTED_EDGE ( 'NONE', *, *, #404, .F. ) ;
#969 = CARTESIAN_POINT ( 'NONE',  ( -2.325000000000001100, 9.850000000000001400, 0.0000000000000000000 ) ) ;
#970 = CYLINDRICAL_SURFACE ( 'NONE', #1296, 0.6999999999999996200 ) ;
#971 = FACE_OUTER_BOUND ( 'NONE', #2132, .T. ) ;
#972 = VERTEX_POINT ( 'NONE', #894 ) ;
#973 = PLANE ( 'NONE',  #2131 ) ;
#974 = ADVANCED_FACE ( 'NONE', ( #663 ), #547, .T. ) ;
#975 = DIRECTION ( 'NONE',  ( -1.000000000000000000, 0.0000000000000000000, 0.0000000000000000000 ) ) ;
#976 = EDGE_LOOP ( 'NONE', ( #920, #2098 ) ) ;
#977 = DIRECTION ( 'NONE',  ( -0.0000000000000000000, 1.000000000000000000, -0.0000000000000000000 ) ) ;
#978 = ORIENTED_EDGE ( 'NONE', *, *, #825, .F. ) ;
#979 = CARTESIAN_POINT ( 'NONE',  ( 0.0000000000000000000, 0.0000000000000000000, 2.325000000000001100 ) ) ;
#980 = EDGE_CURVE ( 'NONE', #112, #474, #1927, .T. ) ;
#981 = AXIS2_PLACEMENT_3D ( 'NONE', #2276, #283, #685 ) ;
#982 = CARTESIAN_POINT ( 'NONE',  ( -5.474999999999997900, -3.999999999999998200, 4.624999999999999100 ) ) ;
#983 = DIRECTION ( 'NONE',  ( -1.670116974983498900E-016, 1.000000000000000000, -0.0000000000000000000 ) ) ;
#984 = VECTOR ( 'NONE', #56, 1000.000000000000000 ) ;
#985 = EDGE_CURVE ( 'NONE', #2278, #524, #2289, .T. ) ;
#986 = ADVANCED_FACE ( 'NONE', ( #1567, #2337 ), #1971, .F. ) ;
#987 = CARTESIAN_POINT ( 'NONE',  ( -4.799999999999998000, 7.790000000000002700, -1.173965342809814100E-016 ) ) ;
#988 = CARTESIAN_POINT ( 'NONE',  ( 6.001000000000004800, 8.790000000000002700, 0.0000000000000000000 ) ) ;
#989 = DIRECTION ( 'NONE',  ( 0.0000000000000000000, 0.0000000000000000000, -1.000000000000000000 ) ) ;
#990 = DIRECTION ( 'NONE',  ( -0.0000000000000000000, -1.000000000000000000, -0.0000000000000000000 ) ) ;
#991 = VERTEX_POINT ( 'NONE', #735 ) ;
#992 = ORIENTED_EDGE ( 'NONE', *, *, #508, .F. ) ;
#993 = CIRCLE ( 'NONE', #1510, 0.6999999999999992900 ) ;
#994 = DIRECTION ( 'NONE',  ( 1.000000000000000000, 0.0000000000000000000, -1.445602896647339200E-016 ) ) ;
#995 = LINE ( 'NONE', #1006, #1646 ) ;
#996 = ORIENTED_EDGE ( 'NONE', *, *, #820, .T. ) ;
#997 = DIRECTION ( 'NONE',  ( -1.000000000000000000, 0.0000000000000000000, 0.0000000000000000000 ) ) ;
#998 = ADVANCED_FACE ( 'NONE', ( #316 ), #1115, .T. ) ;
#999 = ORIENTED_EDGE ( 'NONE', *, *, #2137, .F. ) ;
#1000 = EDGE_CURVE ( 'NONE', #2166, #1444, #739, .T. ) ;
#1001 = EDGE_LOOP ( 'NONE', ( #118, #254, #449, #1429, #2206 ) ) ;
#1002 = VECTOR ( 'NONE', #1897, 1000.000000000000000 ) ;
#1003 = CYLINDRICAL_SURFACE ( 'NONE', #787, 1.000000000000000200 ) ;
#1004 = ORIENTED_EDGE ( 'NONE', *, *, #81, .T. ) ;
#1005 = DIRECTION ( 'NONE',  ( -0.0000000000000000000, -1.000000000000000000, -0.0000000000000000000 ) ) ;
#1006 = CARTESIAN_POINT ( 'NONE',  ( 0.0000000000000000000, -4.500000000000000000, -1.149999999999998800 ) ) ;
#1007 = VERTEX_POINT ( 'NONE', #1461 ) ;
#1008 = CARTESIAN_POINT ( 'NONE',  ( 0.0000000000000000000, -4.500000000000000000, -0.4999999999999997800 ) ) ;
#1009 = ADVANCED_FACE ( 'NONE', ( #430 ), #22, .F. ) ;
#1010 = CARTESIAN_POINT ( 'NONE',  ( -7.572992989214474100E-016, 13.00000000000000200, 0.0000000000000000000 ) ) ;
#1011 = EDGE_CURVE ( 'NONE', #78, #1444, #885, .T. ) ;
#1012 = LINE ( 'NONE', #917, #388 ) ;
#1013 = DIRECTION ( 'NONE',  ( -1.000000000000000000, 0.0000000000000000000, -1.020425574104004200E-015 ) ) ;
#1014 = DIRECTION ( 'NONE',  ( -1.000000000000000000, 0.0000000000000000000, 0.0000000000000000000 ) ) ;
#1015 = DIRECTION ( 'NONE',  ( -1.020425574104004200E-015, 0.0000000000000000000, 1.000000000000000000 ) ) ;
#1016 = DIRECTION ( 'NONE',  ( 0.0000000000000000000, 1.000000000000000000, 0.0000000000000000000 ) ) ;
#1017 = PRESENTATION_LAYER_ASSIGNMENT (  '', '', ( #1956 ) ) ;
#1018 = ADVANCED_FACE ( 'NONE', ( #857 ), #396, .F. ) ;
#1019 = EDGE_LOOP ( 'NONE', ( #1101, #2135 ) ) ;
#1020 = LINE ( 'NONE', #1982, #1265 ) ;
#1021 = LINE ( 'NONE', #889, #493 ) ;
#1022 = ORIENTED_EDGE ( 'NONE', *, *, #789, .T. ) ;
#1023 = VECTOR ( 'NONE', #111, 1000.000000000000000 ) ;
#1024 = VERTEX_POINT ( 'NONE', #2002 ) ;
#1025 = DIRECTION ( 'NONE',  ( 0.0000000000000000000, 1.000000000000000000, 0.0000000000000000000 ) ) ;
#1026 = LINE ( 'NONE', #837, #1550 ) ;
#1027 = EDGE_LOOP ( 'NONE', ( #1071, #1676, #588, #516, #1774 ) ) ;
#1028 = DIRECTION ( 'NONE',  ( 0.0000000000000000000, -0.0000000000000000000, 1.000000000000000000 ) ) ;
#1029 = VERTEX_POINT ( 'NONE', #914 ) ;
#1030 = CIRCLE ( 'NONE', #252, 3.500000000000001800 ) ;
#1031 = EDGE_CURVE ( 'NONE', #669, #1762, #1324, .T. ) ;
#1032 = CIRCLE ( 'NONE', #797, 4.999999999999991100 ) ;
#1033 = ORIENTED_EDGE ( 'NONE', *, *, #1412, .T. ) ;
#1034 = CARTESIAN_POINT ( 'NONE',  ( 4.624999999999994700, -3.999999999999998200, 5.474999999999999600 ) ) ;
#1035 = FILL_AREA_STYLE ('',( #69 ) ) ;
#1036 = ORIENTED_EDGE ( 'NONE', *, *, #660, .T. ) ;
#1037 = CARTESIAN_POINT ( 'NONE',  ( 0.0000000000000000000, 9.500000000000001800, 0.0000000000000000000 ) ) ;
#1038 = DIRECTION ( 'NONE',  ( -1.670116974983498900E-016, 1.000000000000000000, -0.0000000000000000000 ) ) ;
#1039 = AXIS2_PLACEMENT_3D ( 'NONE', #1636, #1994, #1091 ) ;
#1040 = LINE ( 'NONE', #1822, #1970 ) ;
#1041 = DIRECTION ( 'NONE',  ( -0.0000000000000000000, 1.000000000000000000, -0.0000000000000000000 ) ) ;
#1042 = EDGE_CURVE ( 'NONE', #1306, #1688, #1388, .T. ) ;
#1043 = CARTESIAN_POINT ( 'NONE',  ( 4.761327086516686800, 7.990903806883465200, 0.6151818860618492000 ) ) ;
#1044 = CARTESIAN_POINT ( 'NONE',  ( 1.413852768557101200E-015, 0.0000000000000000000, 0.0000000000000000000 ) ) ;
#1045 = VERTEX_POINT ( 'NONE', #1095 ) ;
#1046 = CONICAL_SURFACE ( 'NONE', #705, 0.4999999999999994400, 0.7853981633974466100 ) ;
#1047 = CARTESIAN_POINT ( 'NONE',  ( -4.794256179480437500, 7.816705656581700800, 0.2639260225319838800 ) ) ;
#1048 = EDGE_LOOP ( 'NONE', ( #2272, #1084, #1631, #884 ) ) ;
#1049 = CARTESIAN_POINT ( 'NONE',  ( -3.500000000000000400, 1.299999999999998500, 0.0000000000000000000 ) ) ;
#1050 = ORIENTED_EDGE ( 'NONE', *, *, #1650, .T. ) ;
#1051 = ORIENTED_EDGE ( 'NONE', *, *, #142, .F. ) ;
#1052 = CIRCLE ( 'NONE', #1181, 4.799999999999997200 ) ;
#1053 = EDGE_CURVE ( 'NONE', #891, #1708, #1899, .T. ) ;
#1054 = AXIS2_PLACEMENT_3D ( 'NONE', #903, #2167, #1602 ) ;
#1055 = FACE_BOUND ( 'NONE', #292, .T. ) ;
#1056 = DIRECTION ( 'NONE',  ( -0.0000000000000000000, -1.000000000000000000, -0.0000000000000000000 ) ) ;
#1057 = DIRECTION ( 'NONE',  ( 0.0000000000000000000, -1.000000000000000000, 0.0000000000000000000 ) ) ;
#1058 = ORIENTED_EDGE ( 'NONE', *, *, #542, .T. ) ;
#1059 = EDGE_CURVE ( 'NONE', #480, #2038, #831, .T. ) ;
#1060 = PRODUCT_RELATED_PRODUCT_CATEGORY ( 'part', '', ( #1484 ) ) ;
#1061 = ORIENTED_EDGE ( 'NONE', *, *, #1879, .T. ) ;
#1062 = CARTESIAN_POINT ( 'NONE',  ( 4.700563540099254000, 8.526077150594817400, -0.9732937434452724200 ) ) ;
#1063 = AXIS2_PLACEMENT_3D ( 'NONE', #1689, #2230, #989 ) ;
#1064 = CARTESIAN_POINT ( 'NONE',  ( -4.694677837722199600, 8.920819487357974300, -1.000000000000000200 ) ) ;
#1065 = CARTESIAN_POINT ( 'NONE',  ( 4.624999999999994700, 0.0000000000000000000, 4.625000000000002700 ) ) ;
#1066 = DIRECTION ( 'NONE',  ( 0.0000000000000000000, 0.0000000000000000000, 1.000000000000000000 ) ) ;
#1067 = EDGE_CURVE ( 'NONE', #960, #525, #1363, .T. ) ;
#1068 = DIRECTION ( 'NONE',  ( -1.670116974983498900E-016, 1.000000000000000000, -0.0000000000000000000 ) ) ;
#1069 =( LENGTH_UNIT ( ) NAMED_UNIT ( * ) SI_UNIT ( .MILLI., .METRE. ) );
#1070 = AXIS2_PLACEMENT_3D ( 'NONE', #150, #1240, #1612 ) ;
#1071 = ORIENTED_EDGE ( 'NONE', *, *, #404, .T. ) ;
#1072 = VECTOR ( 'NONE', #477, 1000.000000000000000 ) ;
#1073 = CARTESIAN_POINT ( 'NONE',  ( 4.694677837722199600, 8.657536769343591800, -1.000000000000000700 ) ) ;
#1074 = ORIENTED_EDGE ( 'NONE', *, *, #820, .F. ) ;
#1075 = LINE ( 'NONE', #1279, #1867 ) ;
#1076 = EDGE_LOOP ( 'NONE', ( #1955, #2319, #1170, #1451 ) ) ;
#1077 = CARTESIAN_POINT ( 'NONE',  ( 5.474999999999994300, 0.0000000000000000000, 4.625000000000001800 ) ) ;
#1078 = CONICAL_SURFACE ( 'NONE', #362, 4.999999999999991100, 0.7853981633974533900 ) ;
#1079 = AXIS2_PLACEMENT_3D ( 'NONE', #878, #1435, #541 ) ;
#1080 = ORIENTED_EDGE ( 'NONE', *, *, #2070, .F. ) ;
#1081 = VERTEX_POINT ( 'NONE', #1280 ) ;
#1082 = VECTOR ( 'NONE', #1977, 1000.000000000000000 ) ;
#1083 = LINE ( 'NONE', #1469, #2181 ) ;
#1084 = ORIENTED_EDGE ( 'NONE', *, *, #1906, .T. ) ;
#1085 = CARTESIAN_POINT ( 'NONE',  ( -4.694677837722198700, 8.790000000000002700, -1.000000000000000200 ) ) ;
#1086 = AXIS2_PLACEMENT_3D ( 'NONE', #1136, #615, #1878 ) ;
#1087 = ORIENTED_EDGE ( 'NONE', *, *, #1059, .F. ) ;
#1088 = CARTESIAN_POINT ( 'NONE',  ( -3.500000000000000000, 1.300000000000000000, 0.0000000000000000000 ) ) ;
#1089 = VERTEX_POINT ( 'NONE', #921 ) ;
#1090 = DIRECTION ( 'NONE',  ( -1.670116974983498900E-016, 1.000000000000000000, -0.0000000000000000000 ) ) ;
#1091 = DIRECTION ( 'NONE',  ( -1.000000000000000000, -1.858632295689435100E-016, 0.0000000000000000000 ) ) ;
#1092 = EDGE_CURVE ( 'NONE', #15, #893, #286, .T. ) ;
#1093 = PLANE ( 'NONE',  #2275 ) ;
#1094 = AXIS2_PLACEMENT_3D ( 'NONE', #1237, #357, #151 ) ;
#1095 = CARTESIAN_POINT ( 'NONE',  ( 0.0000000000000000000, 12.65000000000000200, 4.150000000000002100 ) ) ;
#1096 = EDGE_CURVE ( 'NONE', #15, #2329, #1436, .T. ) ;
#1097 = ADVANCED_FACE ( 'NONE', ( #1292 ), #1473, .F. ) ;
#1098 = EDGE_LOOP ( 'NONE', ( #931, #192, #2288, #1200 ) ) ;
#1099 = FACE_OUTER_BOUND ( 'NONE', #732, .T. ) ;
#1100 = CARTESIAN_POINT ( 'NONE',  ( 1.445083222993876600E-015, 1.200000000000001500, -6.000000000000000000 ) ) ;
#1101 = ORIENTED_EDGE ( 'NONE', *, *, #201, .T. ) ;
#1102 = CYLINDRICAL_SURFACE ( 'NONE', #1063, 0.4999999999999997800 ) ;
#1103 = LINE ( 'NONE', #678, #640 ) ;
#1104 = DIRECTION ( 'NONE',  ( 1.000000000000000000, -0.0000000000000000000, -0.0000000000000000000 ) ) ;
#1105 = AXIS2_PLACEMENT_3D ( 'NONE', #1954, #1381, #370 ) ;
#1106 = VERTEX_POINT ( 'NONE', #788 ) ;
#1107 = EDGE_LOOP ( 'NONE', ( #429, #915 ) ) ;
#1108 = VECTOR ( 'NONE', #1357, 1000.000000000000000 ) ;
#1109 = DIRECTION ( 'NONE',  ( -1.000000000000000000, -1.670116974983498900E-016, 0.0000000000000000000 ) ) ;
#1110 = CARTESIAN_POINT ( 'NONE',  ( 4.624999999999994700, -3.999999999999998200, 4.625000000000002700 ) ) ;
#1111 = VECTOR ( 'NONE', #1734, 1000.000000000000000 ) ;
#1112 = VERTEX_POINT ( 'NONE', #237 ) ;
#1113 = CARTESIAN_POINT ( 'NONE',  ( -2.625000000000000400, -4.384057059331687500E-016, 0.0000000000000000000 ) ) ;
#1114 = VERTEX_POINT ( 'NONE', #1501 ) ;
#1115 = PLANE ( 'NONE',  #1662 ) ;
#1116 = DIRECTION ( 'NONE',  ( 0.0000000000000000000, 0.0000000000000000000, -1.000000000000000000 ) ) ;
#1117 = CARTESIAN_POINT ( 'NONE',  ( 0.0000000000000000000, 4.900000000000000400, 2.325000000000001100 ) ) ;
#1118 = CIRCLE ( 'NONE', #310, 1.149999999999999700 ) ;
#1119 = CARTESIAN_POINT ( 'NONE',  ( 5.474999999999990800, -3.999999999999998200, -5.474999999999998800 ) ) ;
#1120 =( NAMED_UNIT ( * ) PLANE_ANGLE_UNIT ( ) SI_UNIT ( $, .RADIAN. ) );
#1121 = EDGE_CURVE ( 'NONE', #1875, #174, #73, .T. ) ;
#1122 = CARTESIAN_POINT ( 'NONE',  ( 4.694677837722198700, 8.790000000000002700, -1.000000000000000200 ) ) ;
#1123 = EDGE_LOOP ( 'NONE', ( #2336, #1988, #888, #1657 ) ) ;
#1124 = CYLINDRICAL_SURFACE ( 'NONE', #197, 3.500000000000000400 ) ;
#1125 = VECTOR ( 'NONE', #418, 1000.000000000000000 ) ;
#1126 = DIRECTION ( 'NONE',  ( -1.670116974983498900E-016, 1.000000000000000000, -0.0000000000000000000 ) ) ;
#1127 = PRESENTATION_STYLE_ASSIGNMENT (( #235 ) ) ;
#1128 = ORIENTED_EDGE ( 'NONE', *, *, #1565, .F. ) ;
#1129 = VECTOR ( 'NONE', #66, 999.9999999999998900 ) ;
#1130 = DIRECTION ( 'NONE',  ( -1.866425866029935800E-016, 1.000000000000000000, -0.0000000000000000000 ) ) ;
#1131 = ADVANCED_FACE ( 'NONE', ( #1239 ), #1161, .T. ) ;
#1132 = ORIENTED_EDGE ( 'NONE', *, *, #1915, .T. ) ;
#1133 = CARTESIAN_POINT ( 'NONE',  ( 5.296597406312303800E-016, 12.65000000000000200, -4.150000000000002100 ) ) ;
#1134 = ORIENTED_EDGE ( 'NONE', *, *, #5, .F. ) ;
#1135 = VECTOR ( 'NONE', #1793, 1000.000000000000000 ) ;
#1136 = CARTESIAN_POINT ( 'NONE',  ( 0.0000000000000000000, 0.0000000000000000000, 0.0000000000000000000 ) ) ;
#1137 = VECTOR ( 'NONE', #1311, 1000.000000000000000 ) ;
#1138 = ORIENTED_EDGE ( 'NONE', *, *, #1759, .F. ) ;
#1139 = DIRECTION ( 'NONE',  ( -1.866425866029935800E-016, 1.000000000000000000, 0.0000000000000000000 ) ) ;
#1140 = EDGE_LOOP ( 'NONE', ( #808, #499 ) ) ;
#1141 = CARTESIAN_POINT ( 'NONE',  ( 0.0000000000000000000, 1003.600000000000000, 0.0000000000000000000 ) ) ;
#1142 = VERTEX_POINT ( 'NONE', #2221 ) ;
#1143 = DIRECTION ( 'NONE',  ( 0.0000000000000000000, 0.0000000000000000000, -1.000000000000000000 ) ) ;
#1144 = EDGE_CURVE ( 'NONE', #1574, #972, #1154, .T. ) ;
#1145 = ADVANCED_FACE ( 'NONE', ( #1641 ), #1046, .T. ) ;
#1146 = FILL_AREA_STYLE ('',( #1284 ) ) ;
#1147 = CARTESIAN_POINT ( 'NONE',  ( -4.775044294909192500, 9.663756043705584300, 0.5035338202845520700 ) ) ;
#1148 = DIRECTION ( 'NONE',  ( -1.000000000000000000, 0.0000000000000000000, -1.020425574104004200E-015 ) ) ;
#1149 = CARTESIAN_POINT ( 'NONE',  ( 5.474999999999994300, -3.999999999999998200, 4.625000000000001800 ) ) ;
#1150 = AXIS2_PLACEMENT_3D ( 'NONE', #1854, #1655, #221 ) ;
#1151 = PLANE ( 'NONE',  #908 ) ;
#1152 = DIRECTION ( 'NONE',  ( -1.000000000000000000, 0.0000000000000000000, -1.020425574104004200E-015 ) ) ;
#1153 = ORIENTED_EDGE ( 'NONE', *, *, #215, .F. ) ;
#1154 = LINE ( 'NONE', #39, #1540 ) ;
#1155 = DIRECTION ( 'NONE',  ( -0.0000000000000000000, -1.000000000000000000, -0.0000000000000000000 ) ) ;
#1156 = ADVANCED_FACE ( 'NONE', ( #1099 ), #184, .T. ) ;
#1157 = EDGE_CURVE ( 'NONE', #223, #1511, #691, .T. ) ;
#1158 = ORIENTED_EDGE ( 'NONE', *, *, #124, .T. ) ;
#1159 = CYLINDRICAL_SURFACE ( 'NONE', #2220, 3.500000000000001300 ) ;
#1160 = FACE_BOUND ( 'NONE', #1140, .T. ) ;
#1161 = PLANE ( 'NONE',  #853 ) ;
#1162 = VERTEX_POINT ( 'NONE', #1861 ) ;
#1163 = CARTESIAN_POINT ( 'NONE',  ( -4.799999999999998900, 7.790000000000002700, 0.1324615127158478600 ) ) ;
#1164 = DIRECTION ( 'NONE',  ( -1.000000000000000000, 0.0000000000000000000, 0.0000000000000000000 ) ) ;
#1165 = FACE_OUTER_BOUND ( 'NONE', #205, .T. ) ;
#1166 = VECTOR ( 'NONE', #70, 1000.000000000000100 ) ;
#1167 = CARTESIAN_POINT ( 'NONE',  ( 4.286263797015737100E-016, 3.800000000000000300, -3.500000000000000400 ) ) ;
#1168 = DIRECTION ( 'NONE',  ( -0.0000000000000000000, -1.000000000000000000, -0.0000000000000000000 ) ) ;
#1169 = LINE ( 'NONE', #730, #1135 ) ;
#1170 = ORIENTED_EDGE ( 'NONE', *, *, #574, .F. ) ;
#1171 = CARTESIAN_POINT ( 'NONE',  ( 3.500000000000003100, 1.299999999999999800, 4.286263797015738600E-016 ) ) ;
#1172 = ADVANCED_FACE ( 'NONE', ( #1591 ), #636, .T. ) ;
#1173 = EDGE_LOOP ( 'NONE', ( #1299, #608, #402, #1938 ) ) ;
#1174 = EDGE_CURVE ( 'NONE', #864, #1089, #2001, .T. ) ;
#1175 = DIRECTION ( 'NONE',  ( 0.0000000000000000000, 0.0000000000000000000, -1.000000000000000000 ) ) ;
#1176 = DIRECTION ( 'NONE',  ( 0.0000000000000000000, 0.0000000000000000000, 1.000000000000000000 ) ) ;
#1177 = VECTOR ( 'NONE', #1340, 1000.000000000000000 ) ;
#1178 = EDGE_CURVE ( 'NONE', #89, #1007, #2058, .T. ) ;
#1179 = DIRECTION ( 'NONE',  ( 0.0000000000000000000, 0.0000000000000000000, 1.000000000000000000 ) ) ;
#1180 = DIRECTION ( 'NONE',  ( -1.670116974983498900E-016, 1.000000000000000000, -0.0000000000000000000 ) ) ;
#1181 = AXIS2_PLACEMENT_3D ( 'NONE', #601, #2279, #77 ) ;
#1182 = DIRECTION ( 'NONE',  ( 0.0000000000000000000, 0.0000000000000000000, -1.000000000000000000 ) ) ;
#1183 = ADVANCED_FACE ( 'NONE', ( #1949 ), #63, .F. ) ;
#1184 = DIRECTION ( 'NONE',  ( 0.0000000000000000000, 0.0000000000000000000, -1.000000000000000000 ) ) ;
#1185 = VERTEX_POINT ( 'NONE', #625 ) ;
#1186 = DIRECTION ( 'NONE',  ( -1.866425866029935800E-016, 1.000000000000000000, -0.0000000000000000000 ) ) ;
#1187 = FACE_OUTER_BOUND ( 'NONE', #1917, .T. ) ;
#1188 = CONICAL_SURFACE ( 'NONE', #2186, 0.4999999999999994400, 0.7853981633974466100 ) ;
#1189 = CARTESIAN_POINT ( 'NONE',  ( 5.082284216461516100E-016, 0.0000000000000000000, -4.150000000000001200 ) ) ;
#1190 = DIRECTION ( 'NONE',  ( 0.0000000000000000000, 0.0000000000000000000, -1.000000000000000000 ) ) ;
#1191 = LINE ( 'NONE', #769, #724 ) ;
#1192 = EDGE_CURVE ( 'NONE', #1517, #183, #1394, .T. ) ;
#1193 = ORIENTED_EDGE ( 'NONE', *, *, #369, .F. ) ;
#1194 = LINE ( 'NONE', #257, #725 ) ;
#1195 = CARTESIAN_POINT ( 'NONE',  ( 0.0000000000000000000, -4.500000000000000000, 0.0000000000000000000 ) ) ;
#1196 = ORIENTED_EDGE ( 'NONE', *, *, #1216, .T. ) ;
#1197 = ADVANCED_FACE ( 'NONE', ( #1645 ), #1188, .T. ) ;
#1198 = VECTOR ( 'NONE', #1605, 1000.000000000000000 ) ;
#1199 = CARTESIAN_POINT ( 'NONE',  ( 3.214697847761802600E-016, 1.300000000000000000, -2.625000000000000400 ) ) ;
#1200 = ORIENTED_EDGE ( 'NONE', *, *, #1664, .T. ) ;
#1201 = CARTESIAN_POINT ( 'NONE',  ( -5.474999999999995200, -0.0000000000000000000, -5.475000000000004100 ) ) ;
#1202 = DIRECTION ( 'NONE',  ( 0.0000000000000000000, -0.0000000000000000000, -1.000000000000000000 ) ) ;
#1203 = ORIENTED_EDGE ( 'NONE', *, *, #152, .F. ) ;
#1204 = CARTESIAN_POINT ( 'NONE',  ( 5.474999999999994300, 0.0000000000000000000, 5.475000000000000500 ) ) ;
#1205 = VERTEX_POINT ( 'NONE', #274 ) ;
#1206 = AXIS2_PLACEMENT_3D ( 'NONE', #393, #1130, #1675 ) ;
#1207 = PLANE ( 'NONE',  #1637 ) ;
#1208 = DIRECTION ( 'NONE',  ( -0.0000000000000000000, 0.0000000000000000000, 1.000000000000000000 ) ) ;
#1209 = DIRECTION ( 'NONE',  ( -0.0000000000000000000, 1.000000000000000000, 0.0000000000000000000 ) ) ;
#1210 = VERTEX_POINT ( 'NONE', #2106 ) ;
#1211 = FACE_BOUND ( 'NONE', #141, .T. ) ;
#1212 = CARTESIAN_POINT ( 'NONE',  ( -4.624999999999995600, -3.999999999999998200, -5.475000000000003200 ) ) ;
#1213 = ORIENTED_EDGE ( 'NONE', *, *, #93, .T. ) ;
#1214 = CIRCLE ( 'NONE', #1604, 1.000000000000000200 ) ;
#1215 = FACE_OUTER_BOUND ( 'NONE', #1848, .T. ) ;
#1216 = EDGE_CURVE ( 'NONE', #319, #285, #79, .T. ) ;
#1217 = DIRECTION ( 'NONE',  ( -0.0000000000000000000, 1.000000000000000000, -0.0000000000000000000 ) ) ;
#1218 = ORIENTED_EDGE ( 'NONE', *, *, #142, .T. ) ;
#1219 = EDGE_LOOP ( 'NONE', ( #60, #2090, #1760, #1707, #718 ) ) ;
#1220 = CARTESIAN_POINT ( 'NONE',  ( 4.794382420378353200, 7.816063316898705300, 0.2621810057157135700 ) ) ;
#1221 = LINE ( 'NONE', #272, #1934 ) ;
#1222 = EDGE_CURVE ( 'NONE', #554, #555, #723, .T. ) ;
#1223 = VECTOR ( 'NONE', #959, 1000.000000000000000 ) ;
#1224 = ORIENTED_EDGE ( 'NONE', *, *, #2116, .T. ) ;
#1225 = AXIS2_PLACEMENT_3D ( 'NONE', #229, #958, #2240 ) ;
#1226 = VECTOR ( 'NONE', #877, 1000.000000000000000 ) ;
#1227 = ORIENTED_EDGE ( 'NONE', *, *, #2235, .T. ) ;
#1228 = APPLICATION_PROTOCOL_DEFINITION ( 'draft international standard', 'automotive_design', 1998, #2124 ) ;
#1229 = AXIS2_PLACEMENT_3D ( 'NONE', #403, #583, #1318 ) ;
#1230 = ORIENTED_EDGE ( 'NONE', *, *, #2097, .F. ) ;
#1231 = CARTESIAN_POINT ( 'NONE',  ( 4.286263797015736600E-016, 1.300000000000000000, -3.500000000000000000 ) ) ;
#1232 = B_SPLINE_CURVE_WITH_KNOTS ( 'NONE', 3,
 ( #1697, #1850, #1709, #810, #36, #2117, #1593, #1047, #1163, #987 ),
 .UNSPECIFIED., .F., .F.,
 ( 4, 2, 2, 2, 4 ),
 ( 0.004702645632857776700, 0.005094308975284736300, 0.005485972317711695900, 0.005877635660138654700, 0.006269299002565614300 ),
 .UNSPECIFIED. ) ;
#1233 = FACE_OUTER_BOUND ( 'NONE', #2009, .T. ) ;
#1234 = DIRECTION ( 'NONE',  ( -1.866425866029935800E-016, 1.000000000000000000, -0.0000000000000000000 ) ) ;
#1235 = EDGE_CURVE ( 'NONE', #294, #1162, #290, .T. ) ;
#1236 = CARTESIAN_POINT ( 'NONE',  ( -5.474999999999997900, -3.999999999999998200, 5.474999999999998800 ) ) ;
#1237 = CARTESIAN_POINT ( 'NONE',  ( 0.0000000000000000000, -4.299999999999999800, 0.0000000000000000000 ) ) ;
#1238 = ORIENTED_EDGE ( 'NONE', *, *, #1421, .T. ) ;
#1239 = FACE_OUTER_BOUND ( 'NONE', #2241, .T. ) ;
#1240 = DIRECTION ( 'NONE',  ( 0.0000000000000000000, 1.000000000000000000, 0.0000000000000000000 ) ) ;
#1241 = FACE_OUTER_BOUND ( 'NONE', #577, .T. ) ;
#1242 = EDGE_LOOP ( 'NONE', ( #260, #1558, #549, #451 ) ) ;
#1243 = FACE_OUTER_BOUND ( 'NONE', #351, .T. ) ;
#1244 = EDGE_CURVE ( 'NONE', #472, #15, #715, .T. ) ;
#1245 = ORIENTED_EDGE ( 'NONE', *, *, #35, .T. ) ;
#1246 = DIRECTION ( 'NONE',  ( -1.670116974983498900E-016, 1.000000000000000000, -0.0000000000000000000 ) ) ;
#1247 = ORIENTED_EDGE ( 'NONE', *, *, #1274, .F. ) ;
#1248 = VECTOR ( 'NONE', #1972, 1000.000000000000000 ) ;
#1249 = DIRECTION ( 'NONE',  ( 0.0000000000000000000, 0.0000000000000000000, 1.000000000000000000 ) ) ;
#1250 = CARTESIAN_POINT ( 'NONE',  ( 4.694677837722198700, 8.790000000000002700, 1.000000000000000200 ) ) ;
#1251 = VERTEX_POINT ( 'NONE', #659 ) ;
#1252 = STYLED_ITEM ( 'NONE', ( #179 ), #537 ) ;
#1253 = VERTEX_POINT ( 'NONE', #1171 ) ;
#1254 = EDGE_LOOP ( 'NONE', ( #643, #26, #785, #918 ) ) ;
#1255 = CARTESIAN_POINT ( 'NONE',  ( 0.0000000000000000000, 0.0000000000000000000, 0.0000000000000000000 ) ) ;
#1256 = AXIS2_PLACEMENT_3D ( 'NONE', #1914, #1720, #2254 ) ;
#1257 = DIRECTION ( 'NONE',  ( 0.0000000000000000000, 1.000000000000000000, 0.0000000000000000000 ) ) ;
#1258 = CARTESIAN_POINT ( 'NONE',  ( 5.999999999999999100, 1.200000000000000000, -6.000000000000001800 ) ) ;
#1259 = DIRECTION ( 'NONE',  ( 0.0000000000000000000, 0.0000000000000000000, 1.000000000000000000 ) ) ;
#1260 = EDGE_CURVE ( 'NONE', #1205, #1795, #964, .T. ) ;
#1261 = PLANE ( 'NONE',  #1950 ) ;
#1262 = DIRECTION ( 'NONE',  ( 1.000000000000000000, 0.0000000000000000000, 0.0000000000000000000 ) ) ;
#1263 = ORIENTED_EDGE ( 'NONE', *, *, #2314, .T. ) ;
#1264 = CARTESIAN_POINT ( 'NONE',  ( -2.312124518016453700E-016, 9.850000000000001400, 0.0000000000000000000 ) ) ;
#1265 = VECTOR ( 'NONE', #1617, 1000.000000000000000 ) ;
#1266 = CYLINDRICAL_SURFACE ( 'NONE', #1936, 4.799999999999998000 ) ;
#1267 = DIRECTION ( 'NONE',  ( 0.0000000000000000000, 0.0000000000000000000, -1.000000000000000000 ) ) ;
#1268 = EDGE_LOOP ( 'NONE', ( #1931, #1525, #1490, #47, #996 ) ) ;
#1269 = VECTOR ( 'NONE', #1459, 1000.000000000000000 ) ;
#1270 = CIRCLE ( 'NONE', #1870, 0.6999999999999992900 ) ;
#1271 = CARTESIAN_POINT ( 'NONE',  ( 1.258440636390882900E-015, 2.200000000000002400, 0.0000000000000000000 ) ) ;
#1272 = ORIENTED_EDGE ( 'NONE', *, *, #201, .F. ) ;
#1273 = DIRECTION ( 'NONE',  ( 0.0000000000000000000, -1.000000000000000000, 0.0000000000000000000 ) ) ;
#1274 = EDGE_CURVE ( 'NONE', #1795, #1963, #910, .T. ) ;
#1275 = CARTESIAN_POINT ( 'NONE',  ( 0.0000000000000000000, 3.800000000000000300, 0.0000000000000000000 ) ) ;
#1276 = CARTESIAN_POINT ( 'NONE',  ( -6.000000000000002700, 1.200000000000000000, -6.000000000000001800 ) ) ;
#1277 = ORIENTED_EDGE ( 'NONE', *, *, #1031, .F. ) ;
#1278 = DIRECTION ( 'NONE',  ( -1.000000000000000000, -0.0000000000000000000, 1.020425574104005200E-015 ) ) ;
#1279 = CARTESIAN_POINT ( 'NONE',  ( 4.624999999999994700, -3.999999999999998200, 4.625000000000002700 ) ) ;
#1280 = CARTESIAN_POINT ( 'NONE',  ( -4.624999999999998200, -3.999999999999998200, 4.625000000000000000 ) ) ;
#1281 = FACE_OUTER_BOUND ( 'NONE', #1481, .T. ) ;
#1282 = ADVANCED_FACE ( 'NONE', ( #1571 ), #1812, .F. ) ;
#1283 = CARTESIAN_POINT ( 'NONE',  ( 4.624999999999991100, -3.999999999999998200, -4.625000000000000900 ) ) ;
#1284 = FILL_AREA_STYLE_COLOUR ( '', #444 ) ;
#1285 = AXIS2_PLACEMENT_3D ( 'NONE', #483, #1025, #2305 ) ;
#1286 = CARTESIAN_POINT ( 'NONE',  ( -5.474999999999997900, -3.999999999999998200, 5.474999999999998800 ) ) ;
#1287 = EDGE_CURVE ( 'NONE', #1251, #2271, #1763, .T. ) ;
#1288 = DIRECTION ( 'NONE',  ( -0.0000000000000000000, -0.0000000000000000000, 1.000000000000000000 ) ) ;
#1289 = DIRECTION ( 'NONE',  ( -1.670116974983498900E-016, 1.000000000000000000, -0.0000000000000000000 ) ) ;
#1290 =( GEOMETRIC_REPRESENTATION_CONTEXT ( 3 ) GLOBAL_UNCERTAINTY_ASSIGNED_CONTEXT ( ( #491 ) ) GLOBAL_UNIT_ASSIGNED_CONTEXT ( ( #129, #706, #117 ) ) REPRESENTATION_CONTEXT ( 'NONE', 'WORKASPACE' ) );
#1291 = VERTEX_POINT ( 'NONE', #300 ) ;
#1292 = FACE_OUTER_BOUND ( 'NONE', #1048, .T. ) ;
#1293 = CARTESIAN_POINT ( 'NONE',  ( -6.001000000000003000, 8.790000000000002700, 0.0000000000000000000 ) ) ;
#1294 = VECTOR ( 'NONE', #2066, 1000.000000000000000 ) ;
#1295 = CARTESIAN_POINT ( 'NONE',  ( 0.0000000000000000000, 9.850000000000001400, -1.149999999999999700 ) ) ;
#1296 = AXIS2_PLACEMENT_3D ( 'NONE', #782, #446, #1703 ) ;
#1297 = ORIENTED_EDGE ( 'NONE', *, *, #952, .T. ) ;
#1298 = DIRECTION ( 'NONE',  ( -1.866425866029935800E-016, 1.000000000000000000, -0.0000000000000000000 ) ) ;
#1299 = ORIENTED_EDGE ( 'NONE', *, *, #681, .T. ) ;
#1300 = VERTEX_POINT ( 'NONE', #2259 ) ;
#1301 = CARTESIAN_POINT ( 'NONE',  ( 4.624999999999994700, -3.999999999999998200, 5.474999999999999600 ) ) ;
#1302 = DIRECTION ( 'NONE',  ( 1.000000000000000000, 0.0000000000000000000, 0.0000000000000000000 ) ) ;
#1303 = CLOSED_SHELL ( 'NONE', ( #1156, #2277, #2285, #1379, #59, #1499, #1886, #284, #2092, #1282, #301, #2190 ) ) ;
#1304 = CIRCLE ( 'NONE', #2035, 1.000000000000000200 ) ;
#1305 = EDGE_LOOP ( 'NONE', ( #406, #2129, #2268, #770 ) ) ;
#1306 = VERTEX_POINT ( 'NONE', #818 ) ;
#1307 = DIRECTION ( 'NONE',  ( 1.000000000000000000, 0.0000000000000000000, 0.0000000000000000000 ) ) ;
#1308 = EDGE_CURVE ( 'NONE', #1409, #183, #1328, .T. ) ;
#1309 = AXIS2_PLACEMENT_3D ( 'NONE', #544, #540, #1985 ) ;
#1310 = ORIENTED_EDGE ( 'NONE', *, *, #35, .F. ) ;
#1311 = DIRECTION ( 'NONE',  ( 1.000000000000000000, -0.0000000000000000000, -1.020425574104004200E-015 ) ) ;
#1312 = DIRECTION ( 'NONE',  ( 0.7071067811865512400, -0.7071067811865439100, 0.0000000000000000000 ) ) ;
#1313 = LINE ( 'NONE', #2172, #1753 ) ;
#1314 = PLANE ( 'NONE',  #38 ) ;
#1315 = AXIS2_PLACEMENT_3D ( 'NONE', #1922, #1396, #1910 ) ;
#1316 = CARTESIAN_POINT ( 'NONE',  ( 4.624999999999994700, -3.999999999999998200, 5.474999999999999600 ) ) ;
#1317 = DIRECTION ( 'NONE',  ( -0.0000000000000000000, 1.000000000000000000, -0.0000000000000000000 ) ) ;
#1318 = DIRECTION ( 'NONE',  ( 0.0000000000000000000, 0.0000000000000000000, 1.000000000000000000 ) ) ;
#1319 = DIRECTION ( 'NONE',  ( 1.000000000000000000, 0.0000000000000000000, -0.0000000000000000000 ) ) ;
#1320 = ADVANCED_FACE ( 'NONE', ( #367 ), #859, .F. ) ;
#1321 = AXIS2_PLACEMENT_3D ( 'NONE', #2074, #1545, #1164 ) ;
#1322 = CARTESIAN_POINT ( 'NONE',  ( 5.500000000000000000, 8.790000000000002700, 0.0000000000000000000 ) ) ;
#1323 = EDGE_LOOP ( 'NONE', ( #506, #90 ) ) ;
#1324 = LINE ( 'NONE', #385, #19 ) ;
#1325 = PRESENTATION_STYLE_ASSIGNMENT (( #896 ) ) ;
#1326 = CARTESIAN_POINT ( 'NONE',  ( 5.999999999999999100, 1.200000000000000000, -6.000000000000001800 ) ) ;
#1327 = ORIENTED_EDGE ( 'NONE', *, *, #1744, .T. ) ;
#1328 = LINE ( 'NONE', #1204, #436 ) ;
#1329 = DIRECTION ( 'NONE',  ( -1.670116974983498900E-016, 1.000000000000000000, -0.0000000000000000000 ) ) ;
#1330 = FACE_OUTER_BOUND ( 'NONE', #830, .T. ) ;
#1331 = CARTESIAN_POINT ( 'NONE',  ( 6.123233995736759900E-017, -4.299999999999999800, -0.4999999999999994400 ) ) ;
#1332 = DIRECTION ( 'NONE',  ( 0.0000000000000000000, 0.0000000000000000000, -1.000000000000000000 ) ) ;
#1333 = EDGE_LOOP ( 'NONE', ( #775, #1515, #638, #495 ) ) ;
#1334 = CARTESIAN_POINT ( 'NONE',  ( 0.0000000000000000000, 1.300000000000000000, 0.0000000000000000000 ) ) ;
#1335 = CIRCLE ( 'NONE', #498, 2.325000000000001100 ) ;
#1336 = DIRECTION ( 'NONE',  ( 1.020425574104004200E-015, 0.0000000000000000000, 1.000000000000000000 ) ) ;
#1337 = VECTOR ( 'NONE', #811, 1000.000000000000000 ) ;
#1338 = ORIENTED_EDGE ( 'NONE', *, *, #1308, .F. ) ;
#1339 = ADVANCED_FACE ( 'NONE', ( #2152 ), #550, .T. ) ;
#1340 = DIRECTION ( 'NONE',  ( -1.445602896647339200E-016, -0.0000000000000000000, -1.000000000000000000 ) ) ;
#1341 = DIRECTION ( 'NONE',  ( -1.445602896647339200E-016, 0.0000000000000000000, -1.000000000000000000 ) ) ;
#1342 = VERTEX_POINT ( 'NONE', #94 ) ;
#1343 = EDGE_CURVE ( 'NONE', #101, #617, #1705, .T. ) ;
#1344 = AXIS2_PLACEMENT_3D ( 'NONE', #1659, #746, #1998 ) ;
#1345 = CARTESIAN_POINT ( 'NONE',  ( 4.624999999999991100, -3.999999999999998200, -4.625000000000000900 ) ) ;
#1346 = CARTESIAN_POINT ( 'NONE',  ( -4.799999999999999800, 9.790000000000004500, 0.1307340451896460100 ) ) ;
#1347 = EDGE_LOOP ( 'NONE', ( #18, #1297, #816, #1868 ) ) ;
#1348 = CARTESIAN_POINT ( 'NONE',  ( 0.0000000000000000000, -4.500000000000000000, 0.3000000000000004900 ) ) ;
#1349 = CARTESIAN_POINT ( 'NONE',  ( 5.474999999999994300, -3.999999999999998200, 5.475000000000000500 ) ) ;
#1350 = EDGE_CURVE ( 'NONE', #972, #555, #1448, .T. ) ;
#1351 = AXIS2_PLACEMENT_3D ( 'NONE', #923, #202, #1479 ) ;
#1352 = APPLICATION_PROTOCOL_DEFINITION ( 'draft international standard', 'automotive_design', 1998, #332 ) ;
#1353 = CARTESIAN_POINT ( 'NONE',  ( 0.0000000000000000000, 4.900000000000000400, 0.0000000000000000000 ) ) ;
#1354 = CARTESIAN_POINT ( 'NONE',  ( -4.694677837722198700, 8.790000000000002700, 1.000000000000000200 ) ) ;
#1355 = ADVANCED_FACE ( 'NONE', ( #1509 ), #514, .F. ) ;
#1356 = DIRECTION ( 'NONE',  ( 0.0000000000000000000, 0.0000000000000000000, -1.000000000000000000 ) ) ;
#1357 = DIRECTION ( 'NONE',  ( -0.0000000000000000000, -0.0000000000000000000, 1.000000000000000000 ) ) ;
#1358 = VERTEX_POINT ( 'NONE', #1400 ) ;
#1359 = DIRECTION ( 'NONE',  ( 8.659560562354978500E-017, 0.7071067811865440200, -0.7071067811865511300 ) ) ;
#1360 = DIRECTION ( 'NONE',  ( -1.000000000000000000, -0.0000000000000000000, -0.0000000000000000000 ) ) ;
#1361 = EDGE_CURVE ( 'NONE', #1401, #1029, #1672, .T. ) ;
#1362 = ORIENTED_EDGE ( 'NONE', *, *, #1000, .T. ) ;
#1363 = LINE ( 'NONE', #214, #1784 ) ;
#1364 = CIRCLE ( 'NONE', #1206, 6.000000000000002700 ) ;
#1365 = VERTEX_POINT ( 'NONE', #1568 ) ;
#1366 = ADVANCED_FACE ( 'NONE', ( #693 ), #145, .T. ) ;
#1367 = ORIENTED_EDGE ( 'NONE', *, *, #2019, .T. ) ;
#1368 = CARTESIAN_POINT ( 'NONE',  ( 5.474999999999994300, -3.999999999999998200, 5.475000000000000500 ) ) ;
#1369 = LINE ( 'NONE', #2202, #2157 ) ;
#1370 = ORIENTED_EDGE ( 'NONE', *, *, #463, .F. ) ;
#1371 = VECTOR ( 'NONE', #1630, 1000.000000000000000 ) ;
#1372 = EDGE_LOOP ( 'NONE', ( #136, #82, #348, #2077, #2170, #1987, #2261, #1213, #1263, #936 ) ) ;
#1373 = CARTESIAN_POINT ( 'NONE',  ( 4.800000000000028200, 9.790000000000150100, -0.1308890203498621300 ) ) ;
#1374 = EDGE_LOOP ( 'NONE', ( #2045, #1748 ) ) ;
#1375 = EDGE_CURVE ( 'NONE', #1480, #89, #494, .T. ) ;
#1376 = AXIS2_PLACEMENT_3D ( 'NONE', #634, #994, #1341 ) ;
#1377 = CARTESIAN_POINT ( 'NONE',  ( -5.474999999999995200, -3.999999999999998200, -5.475000000000004100 ) ) ;
#1378 = CARTESIAN_POINT ( 'NONE',  ( 0.0000000000000000000, 0.0000000000000000000, 0.0000000000000000000 ) ) ;
#1379 = ADVANCED_FACE ( 'NONE', ( #2341 ), #665, .T. ) ;
#1380 = DIRECTION ( 'NONE',  ( -0.0000000000000000000, 1.000000000000000000, -0.0000000000000000000 ) ) ;
#1381 = DIRECTION ( 'NONE',  ( -1.670116974983498900E-016, 1.000000000000000000, -0.0000000000000000000 ) ) ;
#1382 = FACE_OUTER_BOUND ( 'NONE', #2340, .T. ) ;
#1383 = DIRECTION ( 'NONE',  ( 0.0000000000000000000, 0.0000000000000000000, 1.000000000000000000 ) ) ;
#1384 = AXIS2_PLACEMENT_3D ( 'NONE', #2228, #779, #392 ) ;
#1385 = DIRECTION ( 'NONE',  ( -1.670116974983498900E-016, 1.000000000000000000, -0.0000000000000000000 ) ) ;
#1386 = ADVANCED_FACE ( 'NONE', ( #2232 ), #1093, .T. ) ;
#1387 = ORIENTED_EDGE ( 'NONE', *, *, #681, .F. ) ;
#1388 = CIRCLE ( 'NONE', #2334, 2.325000000000001100 ) ;
#1389 = CARTESIAN_POINT ( 'NONE',  ( -5.474999999999997900, -3.999999999999998200, 4.624999999999999100 ) ) ;
#1390 = AXIS2_PLACEMENT_3D ( 'NONE', #2081, #2112, #1747 ) ;
#1391 = DIRECTION ( 'NONE',  ( -1.000000000000000000, -0.0000000000000000000, 1.020425574104004200E-015 ) ) ;
#1392 = FACE_OUTER_BOUND ( 'NONE', #2095, .T. ) ;
#1393 = ORIENTED_EDGE ( 'NONE', *, *, #1537, .T. ) ;
#1394 = LINE ( 'NONE', #1349, #1477 ) ;
#1395 = PLANE ( 'NONE',  #682 ) ;
#1396 = DIRECTION ( 'NONE',  ( -0.0000000000000000000, 1.000000000000000000, -0.0000000000000000000 ) ) ;
#1397 = VECTOR ( 'NONE', #2195, 1000.000000000000000 ) ;
#1398 = EDGE_CURVE ( 'NONE', #289, #1771, #224, .T. ) ;
#1399 = VERTEX_POINT ( 'NONE', #1827 ) ;
#1400 = CARTESIAN_POINT ( 'NONE',  ( -4.694677837722198700, 8.790000000000002700, -1.000000000000000200 ) ) ;
#1401 = VERTEX_POINT ( 'NONE', #880 ) ;
#1402 = FACE_OUTER_BOUND ( 'NONE', #2014, .T. ) ;
#1403 = VECTOR ( 'NONE', #1302, 1000.000000000000000 ) ;
#1404 =( NAMED_UNIT ( * ) SI_UNIT ( $, .STERADIAN. ) SOLID_ANGLE_UNIT ( ) );
#1405 = CARTESIAN_POINT ( 'NONE',  ( 0.0000000000000000000, 1.300000000000000000, 0.0000000000000000000 ) ) ;
#1406 = DIRECTION ( 'NONE',  ( -1.670116974983498900E-016, 1.000000000000000000, -0.0000000000000000000 ) ) ;
#1407 = EDGE_LOOP ( 'NONE', ( #944, #948, #1965, #664 ) ) ;
#1408 = CARTESIAN_POINT ( 'NONE',  ( 1.258440636390882900E-015, 2.200000000000002400, 0.0000000000000000000 ) ) ;
#1409 = VERTEX_POINT ( 'NONE', #1638 ) ;
#1410 = AXIS2_PLACEMENT_3D ( 'NONE', #765, #593, #1838 ) ;
#1411 = DIRECTION ( 'NONE',  ( 1.000000000000000000, 0.0000000000000000000, 0.0000000000000000000 ) ) ;
#1412 = EDGE_CURVE ( 'NONE', #1795, #1205, #1952, .T. ) ;
#1413 = DIRECTION ( 'NONE',  ( 0.0000000000000000000, 0.0000000000000000000, 1.000000000000000000 ) ) ;
#1414 = LINE ( 'NONE', #1326, #984 ) ;
#1415 = DIRECTION ( 'NONE',  ( -1.670116974983498900E-016, 1.000000000000000000, -0.0000000000000000000 ) ) ;
#1416 = CARTESIAN_POINT ( 'NONE',  ( 1.408343819019455800E-016, 9.850000000000001400, 1.149999999999999700 ) ) ;
#1417 = EDGE_LOOP ( 'NONE', ( #2196, #2158, #749, #2139 ) ) ;
#1418 = ORIENTED_EDGE ( 'NONE', *, *, #1260, .T. ) ;
#1419 = FACE_BOUND ( 'NONE', #465, .T. ) ;
#1420 = FACE_BOUND ( 'NONE', #2075, .T. ) ;
#1421 = EDGE_CURVE ( 'NONE', #1708, #891, #1214, .T. ) ;
#1422 = DIRECTION ( 'NONE',  ( -1.000000000000000000, -3.614007241618349800E-016, 0.0000000000000000000 ) ) ;
#1423 = AXIS2_PLACEMENT_3D ( 'NONE', #763, #2194, #230 ) ;
#1424 = EDGE_LOOP ( 'NONE', ( #895, #2067, #756, #2224, #2105, #261, #1128, #419, #1654, #2126 ) ) ;
#1425 = EDGE_LOOP ( 'NONE', ( #526, #1951, #2179, #1902 ) ) ;
#1426 = SURFACE_SIDE_STYLE ('',( #2338 ) ) ;
#1427 = EDGE_CURVE ( 'NONE', #1606, #1574, #607, .T. ) ;
#1428 = FACE_OUTER_BOUND ( 'NONE', #2203, .T. ) ;
#1429 = ORIENTED_EDGE ( 'NONE', *, *, #346, .T. ) ;
#1430 = FACE_OUTER_BOUND ( 'NONE', #1305, .T. ) ;
#1431 = ORIENTED_EDGE ( 'NONE', *, *, #897, .T. ) ;
#1432 = CARTESIAN_POINT ( 'NONE',  ( 1.413852768557101200E-015, 0.0000000000000000000, 0.0000000000000000000 ) ) ;
#1433 = ORIENTED_EDGE ( 'NONE', *, *, #463, .T. ) ;
#1434 = DIRECTION ( 'NONE',  ( 0.0000000000000000000, 0.0000000000000000000, -1.000000000000000000 ) ) ;
#1435 = DIRECTION ( 'NONE',  ( -0.0000000000000000000, 1.000000000000000000, -0.0000000000000000000 ) ) ;
#1436 = B_SPLINE_CURVE_WITH_KNOTS ( 'NONE', 3,
 ( #2188, #199, #1658, #1667, #2023, #243, #438, #1856, #1680, #2234 ),
 .UNSPECIFIED., .F., .F.,
 ( 4, 2, 2, 2, 4 ),
 ( 0.001567913757161159500, 0.001959696757476993800, 0.002351479757792827700, 0.002743262758108661600, 0.003135045758424495900 ),
 .UNSPECIFIED. ) ;
#1437 = FACE_OUTER_BOUND ( 'NONE', #471, .T. ) ;
#1438 = CARTESIAN_POINT ( 'NONE',  ( -4.794347984200207700, 7.816240290821530000, -0.2626315203720661600 ) ) ;
#1439 = EDGE_CURVE ( 'NONE', #2343, #1045, #163, .T. ) ;
#1440 = CARTESIAN_POINT ( 'NONE',  ( 7.792083180633715300E-016, 3.800000000000001200, 0.0000000000000000000 ) ) ;
#1441 = CARTESIAN_POINT ( 'NONE',  ( 4.694677837722198700, 8.659267267037634500, 1.000000000000000200 ) ) ;
#1442 = AXIS2_PLACEMENT_3D ( 'NONE', #803, #997, #1175 ) ;
#1443 = CARTESIAN_POINT ( 'NONE',  ( -4.999999999999990200, 2.200000000000001500, 6.123233995736755400E-016 ) ) ;
#1444 = VERTEX_POINT ( 'NONE', #2000 ) ;
#1445 = DIRECTION ( 'NONE',  ( 1.445602896647339200E-016, 0.0000000000000000000, 1.000000000000000000 ) ) ;
#1446 =( GEOMETRIC_REPRESENTATION_CONTEXT ( 3 ) GLOBAL_UNCERTAINTY_ASSIGNED_CONTEXT ( ( #2309 ) ) GLOBAL_UNIT_ASSIGNED_CONTEXT ( ( #1069, #1946, #1610 ) ) REPRESENTATION_CONTEXT ( 'NONE', 'WORKASPACE' ) );
#1447 = ORIENTED_EDGE ( 'NONE', *, *, #1192, .F. ) ;
#1448 = LINE ( 'NONE', #2114, #800 ) ;
#1449 = EDGE_LOOP ( 'NONE', ( #371, #2042 ) ) ;
#1450 = ORIENTED_EDGE ( 'NONE', *, *, #1597, .F. ) ;
#1451 = ORIENTED_EDGE ( 'NONE', *, *, #1011, .T. ) ;
#1452 = CARTESIAN_POINT ( 'NONE',  ( 4.775004512592901500, 7.916453326110175900, -0.5039823263675240500 ) ) ;
#1453 = AXIS2_PLACEMENT_3D ( 'NONE', #2051, #1317, #591 ) ;
#1454 = EDGE_LOOP ( 'NONE', ( #1673, #690, #799, #464 ) ) ;
#1455 = FACE_OUTER_BOUND ( 'NONE', #55, .T. ) ;
#1456 = DIRECTION ( 'NONE',  ( -0.0000000000000000000, -1.000000000000000000, -0.0000000000000000000 ) ) ;
#1457 = VERTEX_POINT ( 'NONE', #1295 ) ;
#1458 = VERTEX_POINT ( 'NONE', #1656 ) ;
#1459 = DIRECTION ( 'NONE',  ( -0.0000000000000000000, 1.000000000000000000, -0.0000000000000000000 ) ) ;
#1460 = ORIENTED_EDGE ( 'NONE', *, *, #1375, .T. ) ;
#1461 = CARTESIAN_POINT ( 'NONE',  ( -2.625000000000000400, 1.299999999999998700, 0.0000000000000000000 ) ) ;
#1462 = DIRECTION ( 'NONE',  ( 1.000000000000000000, 0.0000000000000000000, 0.0000000000000000000 ) ) ;
#1463 = DIRECTION ( 'NONE',  ( 0.0000000000000000000, -0.0000000000000000000, -1.000000000000000000 ) ) ;
#1464 = EDGE_CURVE ( 'NONE', #571, #2048, #993, .T. ) ;
#1465 = CYLINDRICAL_SURFACE ( 'NONE', #1351, 2.325000000000001500 ) ;
#1466 = AXIS2_PLACEMENT_3D ( 'NONE', #759, #589, #1996 ) ;
#1467 = EDGE_CURVE ( 'NONE', #1566, #228, #2176, .T. ) ;
#1468 = CARTESIAN_POINT ( 'NONE',  ( 0.0000000000000000000, 3.599999999999993000, 8.673617379884035500E-016 ) ) ;
#1469 = CARTESIAN_POINT ( 'NONE',  ( 0.0000000000000000000, 0.0000000000000000000, 3.500000000000000400 ) ) ;
#1470 = AXIS2_PLACEMENT_3D ( 'NONE', #210, #64, #1887 ) ;
#1471 = ORIENTED_EDGE ( 'NONE', *, *, #737, .T. ) ;
#1472 = DIRECTION ( 'NONE',  ( -0.0000000000000000000, -1.000000000000000000, -0.0000000000000000000 ) ) ;
#1473 = CYLINDRICAL_SURFACE ( 'NONE', #488, 4.150000000000001200 ) ;
#1474 = AXIS2_PLACEMENT_3D ( 'NONE', #2089, #650, #2078 ) ;
#1475 = DIRECTION ( 'NONE',  ( -0.0000000000000000000, 1.000000000000000000, -0.0000000000000000000 ) ) ;
#1476 = ORIENTED_EDGE ( 'NONE', *, *, #308, .F. ) ;
#1477 = VECTOR ( 'NONE', #977, 1000.000000000000000 ) ;
#1478 = VECTOR ( 'NONE', #667, 1000.000000000000000 ) ;
#1479 = DIRECTION ( 'NONE',  ( -1.000000000000000000, 0.0000000000000000000, 0.0000000000000000000 ) ) ;
#1480 = VERTEX_POINT ( 'NONE', #2185 ) ;
#1481 = EDGE_LOOP ( 'NONE', ( #1132, #772, #676, #757 ) ) ;
#1482 = ORIENTED_EDGE ( 'NONE', *, *, #30, .F. ) ;
#1483 = FACE_OUTER_BOUND ( 'NONE', #1123, .T. ) ;
#1484 = PRODUCT ( '1-1337445-0', '1-1337445-0', '', ( #140 ) ) ;
#1485 = CARTESIAN_POINT ( 'NONE',  ( 5.999999999999998200, 1.200000000000002400, -8.673617379884029600E-016 ) ) ;
#1486 = LINE ( 'NONE', #1368, #1580 ) ;
#1487 = CARTESIAN_POINT ( 'NONE',  ( 5.500000000000000000, 8.790000000000002700, 0.0000000000000000000 ) ) ;
#1488 = DIRECTION ( 'NONE',  ( 1.000000000000000000, -0.0000000000000000000, -1.020425574104004200E-015 ) ) ;
#1489 = EDGE_CURVE ( 'NONE', #1583, #1045, #46, .T. ) ;
#1490 = ORIENTED_EDGE ( 'NONE', *, *, #1681, .T. ) ;
#1491 = CARTESIAN_POINT ( 'NONE',  ( 7.792083180633715300E-016, 3.800000000000001200, 0.0000000000000000000 ) ) ;
#1492 = CARTESIAN_POINT ( 'NONE',  ( 1.413852768557101200E-015, 0.0000000000000000000, 0.0000000000000000000 ) ) ;
#1493 = VERTEX_POINT ( 'NONE', #213 ) ;
#1494 = DIRECTION ( 'NONE',  ( 0.0000000000000000000, -0.0000000000000000000, 1.000000000000000000 ) ) ;
#1495 = DIRECTION ( 'NONE',  ( -0.0000000000000000000, -1.000000000000000000, -0.0000000000000000000 ) ) ;
#1496 = VECTOR ( 'NONE', #2296, 1000.000000000000000 ) ;
#1497 = CARTESIAN_POINT ( 'NONE',  ( 4.799999999999998000, 7.790000000000002700, 5.878702912946443700E-016 ) ) ;
#1498 = EDGE_CURVE ( 'NONE', #480, #329, #1075, .T. ) ;
#1499 = ADVANCED_FACE ( 'NONE', ( #106 ), #1159, .T. ) ;
#1500 = AXIS2_PLACEMENT_3D ( 'NONE', #2094, #1940, #875 ) ;
#1501 = CARTESIAN_POINT ( 'NONE',  ( 1.149999999999999000, 9.850000000000001400, 1.408343819019455500E-016 ) ) ;
#1502 = ORIENTED_EDGE ( 'NONE', *, *, #1467, .T. ) ;
#1503 = LINE ( 'NONE', #867, #398 ) ;
#1504 = SURFACE_SIDE_STYLE ('',( #1770 ) ) ;
#1505 = VECTOR ( 'NONE', #699, 1000.000000000000000 ) ;
#1506 = CARTESIAN_POINT ( 'NONE',  ( 4.624999999999991100, -3.999999999999998200, -5.474999999999997900 ) ) ;
#1507 = CARTESIAN_POINT ( 'NONE',  ( 0.0000000000000000000, 0.0000000000000000000, -1.149999999999998100 ) ) ;
#1508 = ORIENTED_EDGE ( 'NONE', *, *, #81, .F. ) ;
#1509 = FACE_OUTER_BOUND ( 'NONE', #1254, .T. ) ;
#1510 = AXIS2_PLACEMENT_3D ( 'NONE', #9, #1495, #407 ) ;
#1511 = VERTEX_POINT ( 'NONE', #1507 ) ;
#1512 = ORIENTED_EDGE ( 'NONE', *, *, #1799, .T. ) ;
#1513 = FACE_BOUND ( 'NONE', #1107, .T. ) ;
#1514 = ADVANCED_FACE ( 'NONE', ( #2091 ), #2293, .T. ) ;
#1515 = ORIENTED_EDGE ( 'NONE', *, *, #1853, .T. ) ;
#1516 = DIRECTION ( 'NONE',  ( -1.020425574104005200E-015, 0.0000000000000000000, -1.000000000000000000 ) ) ;
#1517 = VERTEX_POINT ( 'NONE', #52 ) ;
#1518 = LINE ( 'NONE', #1276, #557 ) ;
#1519 = AXIS2_PLACEMENT_3D ( 'NONE', #1378, #297, #479 ) ;
#1520 =( LENGTH_UNIT ( ) NAMED_UNIT ( * ) SI_UNIT ( .MILLI., .METRE. ) );
#1521 = ORIENTED_EDGE ( 'NONE', *, *, #1906, .F. ) ;
#1522 = FILL_AREA_STYLE_COLOUR ( '', #572 ) ;
#1523 = EDGE_LOOP ( 'NONE', ( #147, #745 ) ) ;
#1524 = CARTESIAN_POINT ( 'NONE',  ( -2.625000000000002700, 13.00000000000000200, 0.0000000000000000000 ) ) ;
#1525 = ORIENTED_EDGE ( 'NONE', *, *, #1361, .F. ) ;
#1526 = DIRECTION ( 'NONE',  ( 0.0000000000000000000, 0.0000000000000000000, -1.000000000000000000 ) ) ;
#1527 = DIRECTION ( 'NONE',  ( 0.0000000000000000000, 0.0000000000000000000, 1.000000000000000000 ) ) ;
#1528 = DIRECTION ( 'NONE',  ( 1.020425574104004200E-015, 0.0000000000000000000, 1.000000000000000000 ) ) ;
#1529 = ADVANCED_FACE ( 'NONE', ( #520 ), #1314, .F. ) ;
#1530 = DIRECTION ( 'NONE',  ( -1.000000000000000000, 0.0000000000000000000, 0.0000000000000000000 ) ) ;
#1531 = EDGE_CURVE ( 'NONE', #1771, #1306, #1979, .T. ) ;
#1532 = CARTESIAN_POINT ( 'NONE',  ( -5.474999999999997900, -3.999999999999998200, 4.624999999999999100 ) ) ;
#1533 = PLANE ( 'NONE',  #1975 ) ;
#1534 = CARTESIAN_POINT ( 'NONE',  ( -4.799999999999998900, 13.00000000000000000, 0.0000000000000000000 ) ) ;
#1535 = CARTESIAN_POINT ( 'NONE',  ( -4.733930955688898700, 9.405150416184179500, 0.7991202429338356600 ) ) ;
#1536 = CARTESIAN_POINT ( 'NONE',  ( 5.474999999999994300, -3.999999999999998200, 5.475000000000000500 ) ) ;
#1537 = EDGE_CURVE ( 'NONE', #1112, #1708, #186, .T. ) ;
#1538 = DIRECTION ( 'NONE',  ( 0.0000000000000000000, 0.7071067811865440200, 0.7071067811865511300 ) ) ;
#1539 = VERTEX_POINT ( 'NONE', #2219 ) ;
#1540 = VECTOR ( 'NONE', #951, 1000.000000000000000 ) ;
#1541 = ADVANCED_FACE ( 'NONE', ( #2005 ), #1102, .T. ) ;
#1542 = DIRECTION ( 'NONE',  ( 0.0000000000000000000, 0.0000000000000000000, 1.000000000000000000 ) ) ;
#1543 = VERTEX_POINT ( 'NONE', #1348 ) ;
#1544 = VECTOR ( 'NONE', #61, 1000.000000000000000 ) ;
#1545 = DIRECTION ( 'NONE',  ( -1.670116974983498900E-016, 1.000000000000000000, -0.0000000000000000000 ) ) ;
#1546 = CARTESIAN_POINT ( 'NONE',  ( 0.0000000000000000000, 4.300000000000000700, 0.0000000000000000000 ) ) ;
#1547 = CIRCLE ( 'NONE', #604, 4.799999999999998900 ) ;
#1548 = CARTESIAN_POINT ( 'NONE',  ( 4.694677837722199600, 8.922569985111232800, -1.000000000000000200 ) ) ;
#1549 = LINE ( 'NONE', #1903, #2243 ) ;
#1550 = VECTOR ( 'NONE', #1180, 1000.000000000000000 ) ;
#1551 = DIRECTION ( 'NONE',  ( -1.000000000000000000, -1.652117596168386500E-016, 0.0000000000000000000 ) ) ;
#1552 = ORIENTED_EDGE ( 'NONE', *, *, #157, .F. ) ;
#1553 = EDGE_CURVE ( 'NONE', #112, #1731, #137, .T. ) ;
#1554 = MANIFOLD_SOLID_BREP ( 'Revolve3', #397 ) ;
#1555 = AXIS2_PLACEMENT_3D ( 'NONE', #955, #424, #1686 ) ;
#1556 = CARTESIAN_POINT ( 'NONE',  ( 0.0000000000000000000, 0.0000000000000000000, -0.5000000000000000000 ) ) ;
#1557 = ADVANCED_FACE ( 'NONE', ( #1243 ), #962, .F. ) ;
#1558 = ORIENTED_EDGE ( 'NONE', *, *, #1775, .T. ) ;
#1559 = CARTESIAN_POINT ( 'NONE',  ( 0.0000000000000000000, 0.0000000000000000000, 0.0000000000000000000 ) ) ;
#1560 = EDGE_CURVE ( 'NONE', #175, #868, #2242, .T. ) ;
#1561 = LINE ( 'NONE', #45, #11 ) ;
#1562 = ADVANCED_FACE ( 'NONE', ( #1165 ), #970, .F. ) ;
#1563 = DIRECTION ( 'NONE',  ( 1.000000000000000000, 1.670116974983498900E-016, 0.0000000000000000000 ) ) ;
#1564 = DIRECTION ( 'NONE',  ( -0.0000000000000000000, 1.000000000000000000, -0.0000000000000000000 ) ) ;
#1565 = EDGE_CURVE ( 'NONE', #893, #1024, #1052, .T. ) ;
#1566 = VERTEX_POINT ( 'NONE', #2246 ) ;
#1567 = FACE_OUTER_BOUND ( 'NONE', #1374, .T. ) ;
#1568 = CARTESIAN_POINT ( 'NONE',  ( -6.000000000000002700, 1.200000000000000000, -6.000000000000001800 ) ) ;
#1569 = AXIS2_PLACEMENT_3D ( 'NONE', #2080, #1005, #2266 ) ;
#1570 = ORIENTED_EDGE ( 'NONE', *, *, #281, .F. ) ;
#1571 = FACE_OUTER_BOUND ( 'NONE', #1098, .T. ) ;
#1572 = CIRCLE ( 'NONE', #2265, 2.625000000000000400 ) ;
#1573 = CIRCLE ( 'NONE', #379, 2.325000000000002000 ) ;
#1574 = VERTEX_POINT ( 'NONE', #806 ) ;
#1575 = DIRECTION ( 'NONE',  ( -0.0000000000000000000, 1.000000000000000000, -0.0000000000000000000 ) ) ;
#1576 = DIRECTION ( 'NONE',  ( 0.0000000000000000000, 0.0000000000000000000, 1.000000000000000000 ) ) ;
#1577 = ADVANCED_FACE ( 'NONE', ( #1483 ), #2214, .F. ) ;
#1578 = VECTOR ( 'NONE', #125, 1000.000000000000000 ) ;
#1579 = CARTESIAN_POINT ( 'NONE',  ( -6.000000000000002700, 0.0000000000000000000, -6.000000000000001800 ) ) ;
#1580 = VECTOR ( 'NONE', #1152, 1000.000000000000000 ) ;
#1581 = ORIENTED_EDGE ( 'NONE', *, *, #1992, .F. ) ;
#1582 = AXIS2_PLACEMENT_3D ( 'NONE', #171, #2173, #2007 ) ;
#1583 = VERTEX_POINT ( 'NONE', #1133 ) ;
#1584 = VERTEX_POINT ( 'NONE', #1749 ) ;
#1585 = AXIS2_PLACEMENT_3D ( 'NONE', #2144, #337, #1066 ) ;
#1586 = DIRECTION ( 'NONE',  ( -0.0000000000000000000, -1.000000000000000000, -0.0000000000000000000 ) ) ;
#1587 = AXIS2_PLACEMENT_3D ( 'NONE', #1766, #1542, #1411 ) ;
#1588 = DIRECTION ( 'NONE',  ( 1.000000000000000000, 0.0000000000000000000, 0.0000000000000000000 ) ) ;
#1589 = EDGE_CURVE ( 'NONE', #1539, #1762, #1221, .T. ) ;
#1590 = ORIENTED_EDGE ( 'NONE', *, *, #1067, .T. ) ;
#1591 = FACE_OUTER_BOUND ( 'NONE', #858, .T. ) ;
#1592 = AXIS2_PLACEMENT_3D ( 'NONE', #1322, #1307, #1690 ) ;
#1593 = CARTESIAN_POINT ( 'NONE',  ( -4.774948917774126200, 7.916760782032794100, 0.5043927958482704600 ) ) ;
#1594 = ORIENTED_EDGE ( 'NONE', *, *, #807, .T. ) ;
#1595 = VECTOR ( 'NONE', #975, 1000.000000000000000 ) ;
#1596 = DIRECTION ( 'NONE',  ( -0.0000000000000000000, 1.000000000000000000, -0.0000000000000000000 ) ) ;
#1597 = EDGE_CURVE ( 'NONE', #1458, #2267, #374, .T. ) ;
#1598 = ORIENTED_EDGE ( 'NONE', *, *, #1439, .T. ) ;
#1599 = EDGE_LOOP ( 'NONE', ( #411, #2324, #1218, #2280 ) ) ;
#1600 = LINE ( 'NONE', #2258, #1905 ) ;
#1601 = LINE ( 'NONE', #801, #1108 ) ;
#1602 = DIRECTION ( 'NONE',  ( -1.000000000000000000, -1.652117596168386500E-016, 0.0000000000000000000 ) ) ;
#1603 = SURFACE_STYLE_USAGE ( .BOTH. , #876 ) ;
#1604 = AXIS2_PLACEMENT_3D ( 'NONE', #395, #1104, #1661 ) ;
#1605 = DIRECTION ( 'NONE',  ( -1.445602896647339200E-016, -0.0000000000000000000, -1.000000000000000000 ) ) ;
#1606 = VERTEX_POINT ( 'NONE', #1738 ) ;
#1607 = ORIENTED_EDGE ( 'NONE', *, *, #1489, .F. ) ;
#1608 = EDGE_CURVE ( 'NONE', #991, #1904, #1877, .T. ) ;
#1609 = CARTESIAN_POINT ( 'NONE',  ( 1.408343819019454800E-016, -4.500000000000000000, 1.149999999999998800 ) ) ;
#1610 =( NAMED_UNIT ( * ) SI_UNIT ( $, .STERADIAN. ) SOLID_ANGLE_UNIT ( ) );
#1611 = VECTOR ( 'NONE', #1526, 1000.000000000000000 ) ;
#1612 = DIRECTION ( 'NONE',  ( 0.0000000000000000000, -0.0000000000000000000, 1.000000000000000000 ) ) ;
#1613 = DIRECTION ( 'NONE',  ( -0.0000000000000000000, -0.0000000000000000000, 1.000000000000000000 ) ) ;
#1614 = ORIENTED_EDGE ( 'NONE', *, *, #2169, .T. ) ;
#1615 = VECTOR ( 'NONE', #1217, 1000.000000000000000 ) ;
#1616 = FACE_OUTER_BOUND ( 'NONE', #1449, .T. ) ;
#1617 = DIRECTION ( 'NONE',  ( -0.0000000000000000000, 1.000000000000000000, -0.0000000000000000000 ) ) ;
#1618 = EDGE_LOOP ( 'NONE', ( #161, #1815 ) ) ;
#1619 = ORIENTED_EDGE ( 'NONE', *, *, #552, .F. ) ;
#1620 = PLANE ( 'NONE',  #1070 ) ;
#1621 = FILL_AREA_STYLE_COLOUR ( '', #1864 ) ;
#1622 = LINE ( 'NONE', #2274, #227 ) ;
#1623 = VERTEX_POINT ( 'NONE', #92 ) ;
#1624 = FACE_OUTER_BOUND ( 'NONE', #1268, .T. ) ;
#1625 = CIRCLE ( 'NONE', #1039, 3.500000000000001800 ) ;
#1626 = ORIENTED_EDGE ( 'NONE', *, *, #303, .F. ) ;
#1627 = CARTESIAN_POINT ( 'NONE',  ( 4.799999999999998000, 7.790000000000002700, 5.878702912946443700E-016 ) ) ;
#1628 = STYLED_ITEM ( 'NONE', ( #937 ), #1723 ) ;
#1629 = ORIENTED_EDGE ( 'NONE', *, *, #1192, .T. ) ;
#1630 = DIRECTION ( 'NONE',  ( -1.000000000000000000, 0.0000000000000000000, -1.020425574104004200E-015 ) ) ;
#1631 = ORIENTED_EDGE ( 'NONE', *, *, #1489, .T. ) ;
#1632 = EDGE_CURVE ( 'NONE', #1210, #1543, #2069, .T. ) ;
#1633 = DIRECTION ( 'NONE',  ( 0.0000000000000000000, 0.0000000000000000000, 1.000000000000000000 ) ) ;
#1634 = EDGE_CURVE ( 'NONE', #328, #469, #2010, .T. ) ;
#1635 = DIRECTION ( 'NONE',  ( 0.0000000000000000000, 0.7071067811865522400, 0.7071067811865428000 ) ) ;
#1636 = CARTESIAN_POINT ( 'NONE',  ( 1.196737561809246800E-015, 1.299999999999999200, 0.0000000000000000000 ) ) ;
#1637 = AXIS2_PLACEMENT_3D ( 'NONE', #2282, #98, #295 ) ;
#1638 = CARTESIAN_POINT ( 'NONE',  ( 5.474999999999994300, 0.0000000000000000000, 4.625000000000001800 ) ) ;
#1639 = DIRECTION ( 'NONE',  ( -1.020425574104004200E-015, 0.0000000000000000000, -1.000000000000000000 ) ) ;
#1640 = ORIENTED_EDGE ( 'NONE', *, *, #737, .F. ) ;
#1641 = FACE_OUTER_BOUND ( 'NONE', #1242, .T. ) ;
#1642 = CARTESIAN_POINT ( 'NONE',  ( 8.572527594031468300E-017, -4.500000000000000000, 0.6999999999999996200 ) ) ;
#1643 = AXIS2_PLACEMENT_3D ( 'NONE', #637, #630, #50 ) ;
#1644 = ORIENTED_EDGE ( 'NONE', *, *, #124, .F. ) ;
#1645 = FACE_OUTER_BOUND ( 'NONE', #1417, .T. ) ;
#1646 = VECTOR ( 'NONE', #1586, 1000.000000000000000 ) ;
#1647 = CARTESIAN_POINT ( 'NONE',  ( 0.0000000000000000000, 0.0000000000000000000, 0.0000000000000000000 ) ) ;
#1648 = VERTEX_POINT ( 'NONE', #647 ) ;
#1649 = DIRECTION ( 'NONE',  ( 0.0000000000000000000, 0.0000000000000000000, -1.000000000000000000 ) ) ;
#1650 = EDGE_CURVE ( 'NONE', #174, #1458, #1600, .T. ) ;
#1651 = CIRCLE ( 'NONE', #539, 4.500000000000000900 ) ;
#1652 = CARTESIAN_POINT ( 'NONE',  ( 1.413852768557101200E-015, 0.0000000000000000000, 0.0000000000000000000 ) ) ;
#1653 = FACE_OUTER_BOUND ( 'NONE', #559, .T. ) ;
#1654 = ORIENTED_EDGE ( 'NONE', *, *, #1244, .F. ) ;
#1655 = DIRECTION ( 'NONE',  ( -1.670116974983498900E-016, 1.000000000000000000, 0.0000000000000000000 ) ) ;
#1656 = CARTESIAN_POINT ( 'NONE',  ( -5.474999999999997900, 0.0000000000000000000, 5.474999999999998800 ) ) ;
#1657 = ORIENTED_EDGE ( 'NONE', *, *, #1589, .T. ) ;
#1658 = CARTESIAN_POINT ( 'NONE',  ( 4.794387854594392100, 9.763957204242958100, 0.2620017193318283100 ) ) ;
#1659 = CARTESIAN_POINT ( 'NONE',  ( 0.0000000000000000000, -4.500000000000000000, 0.0000000000000000000 ) ) ;
#1660 = EDGE_CURVE ( 'NONE', #617, #101, #2133, .T. ) ;
#1661 = DIRECTION ( 'NONE',  ( 0.0000000000000000000, 0.0000000000000000000, -1.000000000000000000 ) ) ;
#1662 = AXIS2_PLACEMENT_3D ( 'NONE', #564, #1273, #1649 ) ;
#1663 = CARTESIAN_POINT ( 'NONE',  ( 0.0000000000000000000, 4.900000000000000400, 0.0000000000000000000 ) ) ;
#1664 = EDGE_CURVE ( 'NONE', #742, #1114, #23, .T. ) ;
#1665 = CARTESIAN_POINT ( 'NONE',  ( 0.0000000000000000000, 9.500000000000001800, 0.0000000000000000000 ) ) ;
#1666 = AXIS2_PLACEMENT_3D ( 'NONE', #1212, #2120, #309 ) ;
#1667 = CARTESIAN_POINT ( 'NONE',  ( 4.774960263913605700, 9.663317386388500900, 0.5045337246023814400 ) ) ;
#1668 = ORIENTED_EDGE ( 'NONE', *, *, #841, .T. ) ;
#1669 = FACE_OUTER_BOUND ( 'NONE', #783, .T. ) ;
#1670 = CARTESIAN_POINT ( 'NONE',  ( -7.572992989214474100E-016, 13.00000000000000200, 0.0000000000000000000 ) ) ;
#1671 = EDGE_LOOP ( 'NONE', ( #2159, #692 ) ) ;
#1672 = CIRCLE ( 'NONE', #941, 4.999999999999991100 ) ;
#1673 = ORIENTED_EDGE ( 'NONE', *, *, #1531, .F. ) ;
#1674 = VECTOR ( 'NONE', #2065, 999.9999999999998900 ) ;
#1675 = DIRECTION ( 'NONE',  ( -1.000000000000000000, -1.807003620809173200E-016, 0.0000000000000000000 ) ) ;
#1676 = ORIENTED_EDGE ( 'NONE', *, *, #985, .F. ) ;
#1677 = CARTESIAN_POINT ( 'NONE',  ( 5.474999999999994300, -3.999999999999998200, 5.475000000000000500 ) ) ;
#1678 = ORIENTED_EDGE ( 'NONE', *, *, #1011, .F. ) ;
#1679 = CYLINDRICAL_SURFACE ( 'NONE', #1309, 0.6999999999999996200 ) ;
#1680 = CARTESIAN_POINT ( 'NONE',  ( 4.694677837722200500, 8.920695862346256900, 1.000000000000000400 ) ) ;
#1681 = EDGE_CURVE ( 'NONE', #1401, #83, #293, .T. ) ;
#1682 = ORIENTED_EDGE ( 'NONE', *, *, #1222, .T. ) ;
#1683 = AXIS2_PLACEMENT_3D ( 'NONE', #1353, #1890, #1909 ) ;
#1684 = CARTESIAN_POINT ( 'NONE',  ( 5.999999999999999100, 0.0000000000000000000, -6.000000000000001800 ) ) ;
#1685 = SHAPE_DEFINITION_REPRESENTATION ( #460, #537 ) ;
#1686 = DIRECTION ( 'NONE',  ( -1.000000000000000000, 0.0000000000000000000, -0.0000000000000000000 ) ) ;
#1687 = ORIENTED_EDGE ( 'NONE', *, *, #318, .T. ) ;
#1688 = VERTEX_POINT ( 'NONE', #1117 ) ;
#1689 = CARTESIAN_POINT ( 'NONE',  ( 0.0000000000000000000, -4.500000000000000000, 0.0000000000000000000 ) ) ;
#1690 = DIRECTION ( 'NONE',  ( 0.0000000000000000000, 0.0000000000000000000, -1.000000000000000000 ) ) ;
#1691 = AXIS2_PLACEMENT_3D ( 'NONE', #1258, #378, #1445 ) ;
#1692 =( NAMED_UNIT ( * ) SI_UNIT ( $, .STERADIAN. ) SOLID_ANGLE_UNIT ( ) );
#1693 = DIRECTION ( 'NONE',  ( -1.670116974983498900E-016, 1.000000000000000000, -0.0000000000000000000 ) ) ;
#1694 = AXIS2_PLACEMENT_3D ( 'NONE', #594, #983, #226 ) ;
#1695 = CARTESIAN_POINT ( 'NONE',  ( -5.474999999999997900, -3.999999999999998200, 5.474999999999998800 ) ) ;
#1696 = ADVANCED_FACE ( 'NONE', ( #193 ), #2217, .F. ) ;
#1697 = CARTESIAN_POINT ( 'NONE',  ( -4.694677837722198700, 8.790000000000002700, 1.000000000000000200 ) ) ;
#1698 = CARTESIAN_POINT ( 'NONE',  ( 5.510910596163089600E-016, 13.00000000000000200, -4.500000000000000900 ) ) ;
#1699 = ORIENTED_EDGE ( 'NONE', *, *, #1287, .F. ) ;
#1700 = VECTOR ( 'NONE', #1298, 1000.000000000000000 ) ;
#1701 = PLANE ( 'NONE',  #1442 ) ;
#1702 = CARTESIAN_POINT ( 'NONE',  ( -4.700434916872787900, 9.052173869348839800, 0.9739370513050846800 ) ) ;
#1703 = DIRECTION ( 'NONE',  ( 0.0000000000000000000, 0.0000000000000000000, -1.000000000000000000 ) ) ;
#1704 = ORIENTED_EDGE ( 'NONE', *, *, #1787, .T. ) ;
#1705 = CIRCLE ( 'NONE', #120, 2.325000000000000600 ) ;
#1706 = CIRCLE ( 'NONE', #850, 1.149999999999999700 ) ;
#1707 = ORIENTED_EDGE ( 'NONE', *, *, #1537, .F. ) ;
#1708 = VERTEX_POINT ( 'NONE', #2020 ) ;
#1709 = CARTESIAN_POINT ( 'NONE',  ( -4.700473848769692400, 8.527457164367959300, 0.9737303186027759200 ) ) ;
#1710 = DIRECTION ( 'NONE',  ( 0.0000000000000000000, -0.0000000000000000000, -1.000000000000000000 ) ) ;
#1711 = VECTOR ( 'NONE', #1360, 1000.000000000000000 ) ;
#1712 = EDGE_CURVE ( 'NONE', #469, #868, #1369, .T. ) ;
#1713 = LINE ( 'NONE', #791, #24 ) ;
#1714 = AXIS2_PLACEMENT_3D ( 'NONE', #543, #1798, #1422 ) ;
#1715 = DIRECTION ( 'NONE',  ( 1.000000000000000000, 0.0000000000000000000, -1.020425574104004200E-015 ) ) ;
#1716 = ADVANCED_FACE ( 'NONE', ( #1402 ), #501, .T. ) ;
#1717 = FACE_BOUND ( 'NONE', #2180, .T. ) ;
#1718 = DIRECTION ( 'NONE',  ( -1.000000000000000000, 0.0000000000000000000, -0.0000000000000000000 ) ) ;
#1719 = ORIENTED_EDGE ( 'NONE', *, *, #1174, .F. ) ;
#1720 = DIRECTION ( 'NONE',  ( -0.0000000000000000000, 1.000000000000000000, -0.0000000000000000000 ) ) ;
#1721 = EDGE_CURVE ( 'NONE', #1771, #289, #1739, .T. ) ;
#1722 = ORIENTED_EDGE ( 'NONE', *, *, #2327, .F. ) ;
#1723 = MANIFOLD_SOLID_BREP ( 'Mirror1', #2302 ) ;
#1724 = DIRECTION ( 'NONE',  ( -0.0000000000000000000, -1.000000000000000000, -0.0000000000000000000 ) ) ;
#1725 = FACE_OUTER_BOUND ( 'NONE', #2140, .T. ) ;
#1726 = ADVANCED_FACE ( 'NONE', ( #527 ), #1078, .T. ) ;
#1727 = CARTESIAN_POINT ( 'NONE',  ( -6.000000000000002700, 0.0000000000000000000, -6.000000000000001800 ) ) ;
#1728 = CARTESIAN_POINT ( 'NONE',  ( 2.325000000000000200, 9.850000000000001400, 2.847303808017597900E-016 ) ) ;
#1729 = EDGE_CURVE ( 'NONE', #1688, #1306, #1335, .T. ) ;
#1730 = DIRECTION ( 'NONE',  ( 0.0000000000000000000, 0.0000000000000000000, 1.000000000000000000 ) ) ;
#1731 = VERTEX_POINT ( 'NONE', #1497 ) ;
#1732 = LINE ( 'NONE', #1443, #2262 ) ;
#1733 = CARTESIAN_POINT ( 'NONE',  ( -4.799999999999998000, 9.790000000000002700, 1.890670820152251200E-022 ) ) ;
#1734 = DIRECTION ( 'NONE',  ( -1.866425866029935800E-016, 1.000000000000000000, -0.0000000000000000000 ) ) ;
#1735 = DIRECTION ( 'NONE',  ( -0.0000000000000000000, -1.000000000000000000, -0.0000000000000000000 ) ) ;
#1736 = ADVANCED_FACE ( 'NONE', ( #1818 ), #417, .F. ) ;
#1737 = ORIENTED_EDGE ( 'NONE', *, *, #1464, .T. ) ;
#1738 = CARTESIAN_POINT ( 'NONE',  ( -4.624999999999996400, -3.999999999999998200, -4.625000000000005300 ) ) ;
#1739 = CIRCLE ( 'NONE', #1229, 2.325000000000001100 ) ;
#1740 = ORIENTED_EDGE ( 'NONE', *, *, #1398, .T. ) ;
#1741 = LINE ( 'NONE', #360, #1248 ) ;
#1742 = DIRECTION ( 'NONE',  ( 0.0000000000000000000, 0.0000000000000000000, 1.000000000000000000 ) ) ;
#1743 = ORIENTED_EDGE ( 'NONE', *, *, #985, .T. ) ;
#1744 = EDGE_CURVE ( 'NONE', #2149, #2343, #2096, .T. ) ;
#1745 = AXIS2_PLACEMENT_3D ( 'NONE', #267, #644, #65 ) ;
#1746 = CARTESIAN_POINT ( 'NONE',  ( -2.325000000000001100, 3.800000000000000300, 0.0000000000000000000 ) ) ;
#1747 = DIRECTION ( 'NONE',  ( 0.0000000000000000000, 0.0000000000000000000, 1.000000000000000000 ) ) ;
#1748 = ORIENTED_EDGE ( 'NONE', *, *, #1799, .F. ) ;
#1749 = CARTESIAN_POINT ( 'NONE',  ( 0.0000000000000000000, 3.800000000000000300, 3.500000000000000400 ) ) ;
#1750 = CARTESIAN_POINT ( 'NONE',  ( 4.800000000001293900, 9.790000000006219900, 6.923496838431421500E-013 ) ) ;
#1751 = ORIENTED_EDGE ( 'NONE', *, *, #2143, .F. ) ;
#1752 = ADVANCED_FACE ( 'NONE', ( #165 ), #1701, .T. ) ;
#1753 = VECTOR ( 'NONE', #570, 1000.000000000000000 ) ;
#1754 = DIRECTION ( 'NONE',  ( 1.000000000000000000, 0.0000000000000000000, 1.020425574104004200E-015 ) ) ;
#1755 = PRESENTATION_LAYER_ASSIGNMENT (  '', '', ( #1628 ) ) ;
#1756 = AXIS2_PLACEMENT_3D ( 'NONE', #91, #1406, #1014 ) ;
#1757 = CARTESIAN_POINT ( 'NONE',  ( -4.624999999999998200, -3.999999999999998200, 5.474999999999997900 ) ) ;
#1758 = CARTESIAN_POINT ( 'NONE',  ( 0.0000000000000000000, 3.800000000000000300, 2.325000000000001100 ) ) ;
#1759 = EDGE_CURVE ( 'NONE', #1762, #2166, #1622, .T. ) ;
#1760 = ORIENTED_EDGE ( 'NONE', *, *, #1053, .T. ) ;
#1761 = FACE_OUTER_BOUND ( 'NONE', #934, .T. ) ;
#1762 = VERTEX_POINT ( 'NONE', #657 ) ;
#1763 = CIRCLE ( 'NONE', #2022, 4.500000000000000900 ) ;
#1764 = LINE ( 'NONE', #307, #1478 ) ;
#1765 = ORIENTED_EDGE ( 'NONE', *, *, #1464, .F. ) ;
#1766 = CARTESIAN_POINT ( 'NONE',  ( 0.0000000000000000000, 0.0000000000000000000, 0.0000000000000000000 ) ) ;
#1767 = VERTEX_POINT ( 'NONE', #1345 ) ;
#1768 = DIRECTION ( 'NONE',  ( 0.0000000000000000000, 0.0000000000000000000, -1.000000000000000000 ) ) ;
#1769 = CARTESIAN_POINT ( 'NONE',  ( 3.500000000000002200, 3.800000000000001600, 4.286263797015737600E-016 ) ) ;
#1770 = SURFACE_STYLE_FILL_AREA ( #1146 ) ;
#1771 = VERTEX_POINT ( 'NONE', #814 ) ;
#1772 = AXIS2_PLACEMENT_3D ( 'NONE', #961, #1168, #1332 ) ;
#1773 = ORIENTED_EDGE ( 'NONE', *, *, #2003, .T. ) ;
#1774 = ORIENTED_EDGE ( 'NONE', *, *, #303, .T. ) ;
#1775 = EDGE_CURVE ( 'NONE', #1210, #1963, #609, .T. ) ;
#1776 = CARTESIAN_POINT ( 'NONE',  ( 1.196737561809246800E-015, 1.299999999999999200, 0.0000000000000000000 ) ) ;
#1777 = DIRECTION ( 'NONE',  ( -0.0000000000000000000, 1.000000000000000000, -0.0000000000000000000 ) ) ;
#1778 = CARTESIAN_POINT ( 'NONE',  ( 5.474999999999994300, -3.999999999999998200, 4.625000000000001800 ) ) ;
#1779 = CARTESIAN_POINT ( 'NONE',  ( 0.0000000000000000000, -3.999999999999998200, 0.0000000000000000000 ) ) ;
#1780 = EDGE_CURVE ( 'NONE', #1543, #1142, #110, .T. ) ;
#1781 = CARTESIAN_POINT ( 'NONE',  ( -4.700497632131493300, 8.527213970544151400, -0.9736053657995099600 ) ) ;
#1782 = AXIS2_PLACEMENT_3D ( 'NONE', #1492, #1329, #442 ) ;
#1783 = VERTEX_POINT ( 'NONE', #1167 ) ;
#1784 = VECTOR ( 'NONE', #755, 1000.000000000000000 ) ;
#1785 = CARTESIAN_POINT ( 'NONE',  ( -4.775021249951887400, 9.663638754561597800, -0.5038521398888962100 ) ) ;
#1786 = FILL_AREA_STYLE ('',( #1621 ) ) ;
#1787 = EDGE_CURVE ( 'NONE', #1797, #1606, #1194, .T. ) ;
#1788 = EDGE_LOOP ( 'NONE', ( #1362, #1678, #919, #1614 ) ) ;
#1789 = DIRECTION ( 'NONE',  ( -0.0000000000000000000, 1.000000000000000000, -0.0000000000000000000 ) ) ;
#1790 = ORIENTED_EDGE ( 'NONE', *, *, #865, .T. ) ;
#1791 = ORIENTED_EDGE ( 'NONE', *, *, #2270, .F. ) ;
#1792 = LINE ( 'NONE', #2286, #1578 ) ;
#1793 = DIRECTION ( 'NONE',  ( 0.0000000000000000000, 0.0000000000000000000, 1.000000000000000000 ) ) ;
#1794 = DIRECTION ( 'NONE',  ( -1.866425866029935800E-016, 1.000000000000000000, -0.0000000000000000000 ) ) ;
#1795 = VERTEX_POINT ( 'NONE', #1556 ) ;
#1796 = ORIENTED_EDGE ( 'NONE', *, *, #2270, .T. ) ;
#1797 = VERTEX_POINT ( 'NONE', #269 ) ;
#1798 = DIRECTION ( 'NONE',  ( -1.866425866029935800E-016, 1.000000000000000000, -0.0000000000000000000 ) ) ;
#1799 = EDGE_CURVE ( 'NONE', #1980, #1457, #2034, .T. ) ;
#1800 = DIRECTION ( 'NONE',  ( -1.000000000000000000, -1.734723475976810300E-016, 0.0000000000000000000 ) ) ;
#1801 = VECTOR ( 'NONE', #1462, 1000.000000000000000 ) ;
#1802 = CARTESIAN_POINT ( 'NONE',  ( -4.761285723075080700, 7.991172139414890900, -0.6154693975354124100 ) ) ;
#1803 = CARTESIAN_POINT ( 'NONE',  ( -4.799999999999998000, 9.790000000000002700, 1.890670820152251200E-022 ) ) ;
#1804 = DIRECTION ( 'NONE',  ( -0.0000000000000000000, 1.000000000000000000, -0.0000000000000000000 ) ) ;
#1805 = AXIS2_PLACEMENT_3D ( 'NONE', #31, #781, #2028 ) ;
#1806 = EDGE_LOOP ( 'NONE', ( #325, #561 ) ) ;
#1807 = VECTOR ( 'NONE', #1475, 1000.000000000000000 ) ;
#1808 = LINE ( 'NONE', #2146, #1505 ) ;
#1809 = DIRECTION ( 'NONE',  ( -0.0000000000000000000, -0.0000000000000000000, -1.000000000000000000 ) ) ;
#1810 = AXIS2_PLACEMENT_3D ( 'NONE', #2079, #1918, #1551 ) ;
#1811 = ORIENTED_EDGE ( 'NONE', *, *, #1042, .F. ) ;
#1812 = CYLINDRICAL_SURFACE ( 'NONE', #1474, 1.149999999999999500 ) ;
#1813 = CIRCLE ( 'NONE', #1410, 3.500000000000000400 ) ;
#1814 = DIRECTION ( 'NONE',  ( 0.0000000000000000000, 0.0000000000000000000, 1.000000000000000000 ) ) ;
#1815 = ORIENTED_EDGE ( 'NONE', *, *, #1375, .F. ) ;
#1816 = PLANE ( 'NONE',  #1691 ) ;
#1817 = ORIENTED_EDGE ( 'NONE', *, *, #1893, .T. ) ;
#1818 = FACE_OUTER_BOUND ( 'NONE', #1076, .T. ) ;
#1819 = CIRCLE ( 'NONE', #1782, 1.149999999999999700 ) ;
#1820 = ORIENTED_EDGE ( 'NONE', *, *, #2137, .T. ) ;
#1821 = VERTEX_POINT ( 'NONE', #822 ) ;
#1822 = CARTESIAN_POINT ( 'NONE',  ( -1.150000000000000100, 13.00000000000000200, 0.0000000000000000000 ) ) ;
#1823 = DIRECTION ( 'NONE',  ( 1.000000000000000000, -0.0000000000000000000, -1.020425574104004200E-015 ) ) ;
#1824 = EDGE_LOOP ( 'NONE', ( #1871, #355, #1196 ) ) ;
#1825 = B_SPLINE_CURVE_WITH_KNOTS ( 'NONE', 3,
 ( #1250, #1441, #1942, #2127, #714, #1043, #2308, #1220, #334, #132 ),
 .UNSPECIFIED., .F., .F.,
 ( 4, 2, 2, 2, 4 ),
 ( 0.003135045758424495900, 0.003526939284661705400, 0.003918832810898915400, 0.004310726337136125400, 0.004702619863373334500 ),
 .UNSPECIFIED. ) ;
#1826 = EDGE_CURVE ( 'NONE', #1253, #228, #1026, .T. ) ;
#1827 = CARTESIAN_POINT ( 'NONE',  ( 0.0000000000000000000, 1.300000000000000000, 3.500000000000000000 ) ) ;
#1828 = LINE ( 'NONE', #929, #761 ) ;
#1829 = EDGE_CURVE ( 'NONE', #1399, #1990, #2205, .T. ) ;
#1830 = CARTESIAN_POINT ( 'NONE',  ( 0.0000000000000000000, 13.00000000000000200, 0.0000000000000000000 ) ) ;
#1831 = DIRECTION ( 'NONE',  ( -1.000000000000000000, -1.807003620809174400E-016, 0.0000000000000000000 ) ) ;
#1832 = AXIS2_PLACEMENT_3D ( 'NONE', #426, #612, #1860 ) ;
#1833 = ORIENTED_EDGE ( 'NONE', *, *, #2084, .T. ) ;
#1834 = DIRECTION ( 'NONE',  ( 0.0000000000000000000, 0.0000000000000000000, -1.000000000000000000 ) ) ;
#1835 = ORIENTED_EDGE ( 'NONE', *, *, #2143, .T. ) ;
#1836 = CIRCLE ( 'NONE', #1054, 2.625000000000001800 ) ;
#1837 = VECTOR ( 'NONE', #845, 1000.000000000000000 ) ;
#1838 = DIRECTION ( 'NONE',  ( 0.0000000000000000000, 0.0000000000000000000, 1.000000000000000000 ) ) ;
#1839 = VERTEX_POINT ( 'NONE', #459 ) ;
#1840 = CARTESIAN_POINT ( 'NONE',  ( 4.624999999999991100, 0.0000000000000000000, -5.474999999999997900 ) ) ;
#1841 = ORIENTED_EDGE ( 'NONE', *, *, #1350, .F. ) ;
#1842 = DIRECTION ( 'NONE',  ( 0.0000000000000000000, 0.7071067811865483500, 0.7071067811865465700 ) ) ;
#1843 = CARTESIAN_POINT ( 'NONE',  ( -6.000000000000000900, 1.200000000000000000, 6.000000000000000000 ) ) ;
#1844 = VECTOR ( 'NONE', #311, 1000.000000000000000 ) ;
#1845 = EDGE_LOOP ( 'NONE', ( #1682, #1841, #2292, #1004 ) ) ;
#1846 = CARTESIAN_POINT ( 'NONE',  ( 1.062211776130383700E-031, 3.599999999999993000, -8.673617379884035500E-016 ) ) ;
#1847 = CARTESIAN_POINT ( 'NONE',  ( 0.0000000000000000000, 3.800000000000000300, 0.0000000000000000000 ) ) ;
#1848 = EDGE_LOOP ( 'NONE', ( #671, #1619, #1835, #48 ) ) ;
#1849 = DIRECTION ( 'NONE',  ( 0.0000000000000000000, -0.0000000000000000000, 1.000000000000000000 ) ) ;
#1850 = CARTESIAN_POINT ( 'NONE',  ( -4.694677837722199600, 8.658025402783065900, 1.000000000000000400 ) ) ;
#1851 = DIRECTION ( 'NONE',  ( -0.0000000000000000000, 1.000000000000000000, -0.0000000000000000000 ) ) ;
#1852 = CARTESIAN_POINT ( 'NONE',  ( 5.474999999999990800, -3.999999999999998200, -5.474999999999998800 ) ) ;
#1853 = EDGE_CURVE ( 'NONE', #1253, #353, #1030, .T. ) ;
#1854 = CARTESIAN_POINT ( 'NONE',  ( -3.500000000000000400, 3.800000000000000300, 0.0000000000000000000 ) ) ;
#1855 = AXIS2_PLACEMENT_3D ( 'NONE', #217, #2025, #767 ) ;
#1856 = CARTESIAN_POINT ( 'NONE',  ( 4.700450303673076000, 9.052174888307446200, 0.9738445302619889200 ) ) ;
#1857 = DIRECTION ( 'NONE',  ( -1.866425866029935800E-016, 1.000000000000000000, 0.0000000000000000000 ) ) ;
#1858 = DIRECTION ( 'NONE',  ( 0.0000000000000000000, 0.0000000000000000000, -1.000000000000000000 ) ) ;
#1859 = DIRECTION ( 'NONE',  ( 0.0000000000000000000, 1.000000000000000000, 0.0000000000000000000 ) ) ;
#1860 = DIRECTION ( 'NONE',  ( 0.0000000000000000000, 0.0000000000000000000, 1.000000000000000000 ) ) ;
#1861 = CARTESIAN_POINT ( 'NONE',  ( 0.0000000000000000000, 9.850000000000001400, 1.050000000000003200 ) ) ;
#1862 = ORIENTED_EDGE ( 'NONE', *, *, #717, .T. ) ;
#1863 = LINE ( 'NONE', #2333, #102 ) ;
#1864 = COLOUR_RGB ( '',1.000000000000000000, 1.000000000000000000, 1.000000000000000000 ) ;
#1865 = CARTESIAN_POINT ( 'NONE',  ( 0.0000000000000000000, 13.00000000000000200, 4.500000000000000900 ) ) ;
#1866 = ORIENTED_EDGE ( 'NONE', *, *, #2184, .T. ) ;
#1867 = VECTOR ( 'NONE', #956, 1000.000000000000000 ) ;
#1868 = ORIENTED_EDGE ( 'NONE', *, *, #457, .F. ) ;
#1869 = EDGE_CURVE ( 'NONE', #794, #1024, #88, .T. ) ;
#1870 = AXIS2_PLACEMENT_3D ( 'NONE', #1546, #1724, #247 ) ;
#1871 = ORIENTED_EDGE ( 'NONE', *, *, #71, .F. ) ;
#1872 = DIRECTION ( 'NONE',  ( -0.0000000000000000000, 1.000000000000000000, -0.0000000000000000000 ) ) ;
#1873 = CARTESIAN_POINT ( 'NONE',  ( -6.000000000000002700, 1.200000000000000000, -6.000000000000001800 ) ) ;
#1874 = ADVANCED_FACE ( 'NONE', ( #1055, #892 ), #1207, .F. ) ;
#1875 = VERTEX_POINT ( 'NONE', #1757 ) ;
#1876 = DIRECTION ( 'NONE',  ( -0.0000000000000000000, 1.000000000000000000, -0.0000000000000000000 ) ) ;
#1877 = LINE ( 'NONE', #1579, #1711 ) ;
#1878 = DIRECTION ( 'NONE',  ( 0.0000000000000000000, 0.0000000000000000000, -1.000000000000000000 ) ) ;
#1879 = EDGE_CURVE ( 'NONE', #2038, #1409, #1792, .T. ) ;
#1880 = LINE ( 'NONE', #25, #1223 ) ;
#1881 = DIRECTION ( 'NONE',  ( -0.0000000000000000000, -0.0000000000000000000, -1.000000000000000000 ) ) ;
#1882 = ORIENTED_EDGE ( 'NONE', *, *, #1096, .T. ) ;
#1883 = ORIENTED_EDGE ( 'NONE', *, *, #841, .F. ) ;
#1884 = CARTESIAN_POINT ( 'NONE',  ( 2.847303808017597900E-016, 0.0000000000000000000, -2.325000000000001100 ) ) ;
#1885 = DIRECTION ( 'NONE',  ( 0.0000000000000000000, 0.0000000000000000000, 1.000000000000000000 ) ) ;
#1886 = ADVANCED_FACE ( 'NONE', ( #146, #1962 ), #1395, .T. ) ;
#1887 = DIRECTION ( 'NONE',  ( 1.000000000000000000, 0.0000000000000000000, 1.020425574104004200E-015 ) ) ;
#1888 = PLANE ( 'NONE',  #1376 ) ;
#1889 = VECTOR ( 'NONE', #2208, 1000.000000000000000 ) ;
#1890 = DIRECTION ( 'NONE',  ( -0.0000000000000000000, 1.000000000000000000, -0.0000000000000000000 ) ) ;
#1891 = CARTESIAN_POINT ( 'NONE',  ( -4.799999999999998000, 9.790000000000002700, 1.890670820152251200E-022 ) ) ;
#1892 = DIRECTION ( 'NONE',  ( 0.0000000000000000000, 0.0000000000000000000, 1.000000000000000000 ) ) ;
#1893 = EDGE_CURVE ( 'NONE', #1539, #1767, #942, .T. ) ;
#1894 = DIRECTION ( 'NONE',  ( 1.000000000000000000, 0.0000000000000000000, 0.0000000000000000000 ) ) ;
#1895 = ORIENTED_EDGE ( 'NONE', *, *, #542, .F. ) ;
#1896 = ADVANCED_FACE ( 'NONE', ( #646, #1717 ), #847, .F. ) ;
#1897 = DIRECTION ( 'NONE',  ( 0.0000000000000000000, 0.0000000000000000000, -1.000000000000000000 ) ) ;
#1898 = EDGE_LOOP ( 'NONE', ( #1227, #1791, #1080, #863, #1743 ) ) ;
#1899 = CIRCLE ( 'NONE', #104, 1.000000000000000200 ) ;
#1900 = CIRCLE ( 'NONE', #1772, 0.4999999999999994400 ) ;
#1901 = CARTESIAN_POINT ( 'NONE',  ( -5.474999999999995200, -0.0000000000000000000, -5.475000000000004100 ) ) ;
#1902 = ORIENTED_EDGE ( 'NONE', *, *, #273, .T. ) ;
#1903 = CARTESIAN_POINT ( 'NONE',  ( 4.624999999999994700, 0.0000000000000000000, 5.474999999999999600 ) ) ;
#1904 = VERTEX_POINT ( 'NONE', #688 ) ;
#1905 = VECTOR ( 'NONE', #1596, 1000.000000000000000 ) ;
#1906 = EDGE_CURVE ( 'NONE', #2149, #1583, #27, .T. ) ;
#1907 = VECTOR ( 'NONE', #1823, 1000.000000000000000 ) ;
#1908 = AXIS2_PLACEMENT_3D ( 'NONE', #414, #245, #1834 ) ;
#1909 = DIRECTION ( 'NONE',  ( 0.0000000000000000000, 0.0000000000000000000, 1.000000000000000000 ) ) ;
#1910 = DIRECTION ( 'NONE',  ( 0.0000000000000000000, 0.0000000000000000000, 1.000000000000000000 ) ) ;
#1911 = LINE ( 'NONE', #1201, #410 ) ;
#1912 = DIRECTION ( 'NONE',  ( 1.020425574104004200E-015, 0.0000000000000000000, -1.000000000000000000 ) ) ;
#1913 = ORIENTED_EDGE ( 'NONE', *, *, #807, .F. ) ;
#1914 = CARTESIAN_POINT ( 'NONE',  ( 0.0000000000000000000, 0.0000000000000000000, 0.0000000000000000000 ) ) ;
#1915 = EDGE_CURVE ( 'NONE', #555, #1493, #1911, .T. ) ;
#1916 = ADVANCED_FACE ( 'NONE', ( #1430 ), #530, .F. ) ;
#1917 = EDGE_LOOP ( 'NONE', ( #2210, #1460, #834, #1948 ) ) ;
#1918 = DIRECTION ( 'NONE',  ( -1.670116974983498900E-016, 1.000000000000000000, -0.0000000000000000000 ) ) ;
#1919 = CARTESIAN_POINT ( 'NONE',  ( 4.761376882760616000, 9.589361611741420400, -0.6147754833154336400 ) ) ;
#1920 = CARTESIAN_POINT ( 'NONE',  ( -6.000000000000002700, 1.200000000000000000, -6.000000000000001800 ) ) ;
#1921 = CARTESIAN_POINT ( 'NONE',  ( 6.123233995736759900E-017, -4.299999999999999800, -0.4999999999999994400 ) ) ;
#1922 = CARTESIAN_POINT ( 'NONE',  ( 0.0000000000000000000, 13.00000000000000200, 0.0000000000000000000 ) ) ;
#1923 = ADVANCED_FACE ( 'NONE', ( #2326 ), #497, .T. ) ;
#1924 = EDGE_CURVE ( 'NONE', #294, #345, #840, .T. ) ;
#1925 = AXIS2_PLACEMENT_3D ( 'NONE', #507, #1016, #1028 ) ;
#1926 = ORIENTED_EDGE ( 'NONE', *, *, #215, .T. ) ;
#1927 = CIRCLE ( 'NONE', #155, 4.799999999999998900 ) ;
#1928 = LINE ( 'NONE', #860, #2125 ) ;
#1929 = VECTOR ( 'NONE', #482, 1000.000000000000000 ) ;
#1930 = DIRECTION ( 'NONE',  ( -1.670116974983498900E-016, 1.000000000000000000, -0.0000000000000000000 ) ) ;
#1931 = ORIENTED_EDGE ( 'NONE', *, *, #930, .F. ) ;
#1932 = ORIENTED_EDGE ( 'NONE', *, *, #1966, .F. ) ;
#1933 = EDGE_LOOP ( 'NONE', ( #1976, #1981, #932, #978 ) ) ;
#1934 = VECTOR ( 'NONE', #1380, 1000.000000000000000 ) ;
#1935 = VECTOR ( 'NONE', #1851, 1000.000000000000000 ) ;
#1936 = AXIS2_PLACEMENT_3D ( 'NONE', #1010, #1186, #97 ) ;
#1937 = CARTESIAN_POINT ( 'NONE',  ( -6.000000000000000900, 1.200000000000000000, 6.000000000000000000 ) ) ;
#1938 = ORIENTED_EDGE ( 'NONE', *, *, #330, .T. ) ;
#1939 = EDGE_LOOP ( 'NONE', ( #683, #968, #1640, #416 ) ) ;
#1940 = DIRECTION ( 'NONE',  ( -1.866425866029935800E-016, 1.000000000000000000, -0.0000000000000000000 ) ) ;
#1941 = DIRECTION ( 'NONE',  ( -0.0000000000000000000, 1.000000000000000000, -0.0000000000000000000 ) ) ;
#1942 = CARTESIAN_POINT ( 'NONE',  ( 4.700489229143295600, 8.527316228393592800, 0.9736482943094140200 ) ) ;
#1943 = FACE_OUTER_BOUND ( 'NONE', #1407, .T. ) ;
#1944 = EDGE_CURVE ( 'NONE', #1089, #864, #1304, .T. ) ;
#1945 = AXIS2_PLACEMENT_3D ( 'NONE', #2046, #67, #1143 ) ;
#1946 =( NAMED_UNIT ( * ) PLANE_ANGLE_UNIT ( ) SI_UNIT ( $, .RADIAN. ) );
#1947 = EDGE_CURVE ( 'NONE', #972, #1797, #352, .T. ) ;
#1948 = ORIENTED_EDGE ( 'NONE', *, *, #872, .F. ) ;
#1949 = FACE_OUTER_BOUND ( 'NONE', #2030, .T. ) ;
#1950 = AXIS2_PLACEMENT_3D ( 'NONE', #1088, #2182, #12 ) ;
#1951 = ORIENTED_EDGE ( 'NONE', *, *, #1650, .F. ) ;
#1952 = CIRCLE ( 'NONE', #2318, 0.5000000000000000000 ) ;
#1953 = VECTOR ( 'NONE', #1155, 1000.000000000000000 ) ;
#1954 = CARTESIAN_POINT ( 'NONE',  ( -2.312124518016453700E-016, 9.850000000000001400, 0.0000000000000000000 ) ) ;
#1955 = ORIENTED_EDGE ( 'NONE', *, *, #628, .T. ) ;
#1956 = STYLED_ITEM ( 'NONE', ( #1127 ), #1554 ) ;
#1957 = LINE ( 'NONE', #13, #911 ) ;
#1958 = CARTESIAN_POINT ( 'NONE',  ( 0.0000000000000000000, 4.300000000000000700, -0.6999999999999992900 ) ) ;
#1959 = DIRECTION ( 'NONE',  ( -1.866425866029935800E-016, 1.000000000000000000, -0.0000000000000000000 ) ) ;
#1960 = VECTOR ( 'NONE', #365, 1000.000000000000000 ) ;
#1961 = EDGE_LOOP ( 'NONE', ( #611, #967, #1590 ) ) ;
#1962 = FACE_OUTER_BOUND ( 'NONE', #887, .T. ) ;
#1963 = VERTEX_POINT ( 'NONE', #1921 ) ;
#1964 = DIRECTION ( 'NONE',  ( -0.0000000000000000000, -1.000000000000000000, -0.0000000000000000000 ) ) ;
#1965 = ORIENTED_EDGE ( 'NONE', *, *, #2264, .T. ) ;
#1966 = EDGE_CURVE ( 'NONE', #183, #1839, #264, .T. ) ;
#1967 = DIRECTION ( 'NONE',  ( 1.000000000000000000, 0.0000000000000000000, 0.0000000000000000000 ) ) ;
#1968 = DIRECTION ( 'NONE',  ( -1.000000000000000000, -1.807003620809173200E-016, 0.0000000000000000000 ) ) ;
#1969 = DIRECTION ( 'NONE',  ( 0.0000000000000000000, 0.0000000000000000000, 1.000000000000000000 ) ) ;
#1970 = VECTOR ( 'NONE', #1090, 1000.000000000000000 ) ;
#1971 = PLANE ( 'NONE',  #1466 ) ;
#1972 = DIRECTION ( 'NONE',  ( 1.000000000000000000, 0.0000000000000000000, 1.020425574104004200E-015 ) ) ;
#1973 = CARTESIAN_POINT ( 'NONE',  ( -6.000000000000000900, 0.0000000000000000000, 6.000000000000000000 ) ) ;
#1974 = EDGE_CURVE ( 'NONE', #1980, #223, #198, .T. ) ;
#1975 = AXIS2_PLACEMENT_3D ( 'NONE', #835, #819, #1710 ) ;
#1976 = ORIENTED_EDGE ( 'NONE', *, *, #508, .T. ) ;
#1977 = DIRECTION ( 'NONE',  ( -1.445602896647339200E-016, -0.0000000000000000000, -1.000000000000000000 ) ) ;
#1978 = CIRCLE ( 'NONE', #265, 6.000000000000002700 ) ;
#1979 = LINE ( 'NONE', #1884, #2060 ) ;
#1980 = VERTEX_POINT ( 'NONE', #1416 ) ;
#1981 = ORIENTED_EDGE ( 'NONE', *, *, #1826, .T. ) ;
#1982 = CARTESIAN_POINT ( 'NONE',  ( 4.286263797015737100E-016, 0.0000000000000000000, -3.500000000000000400 ) ) ;
#1983 = VECTOR ( 'NONE', #1288, 1000.000000000000000 ) ;
#1984 = VECTOR ( 'NONE', #567, 1000.000000000000000 ) ;
#1985 = DIRECTION ( 'NONE',  ( 0.0000000000000000000, 0.0000000000000000000, -1.000000000000000000 ) ) ;
#1986 = CARTESIAN_POINT ( 'NONE',  ( 0.0000000000000000000, 0.0000000000000000000, 2.625000000000000400 ) ) ;
#1987 = ORIENTED_EDGE ( 'NONE', *, *, #427, .F. ) ;
#1988 = ORIENTED_EDGE ( 'NONE', *, *, #2169, .F. ) ;
#1989 = EDGE_CURVE ( 'NONE', #1358, #794, #448, .T. ) ;
#1990 = VERTEX_POINT ( 'NONE', #1231 ) ;
#1991 = CARTESIAN_POINT ( 'NONE',  ( 5.474999999999990800, -3.999999999999998200, -5.474999999999998800 ) ) ;
#1992 = EDGE_CURVE ( 'NONE', #2267, #441, #1741, .T. ) ;
#1993 = DIRECTION ( 'NONE',  ( -1.670116974983498900E-016, 1.000000000000000000, -0.0000000000000000000 ) ) ;
#1994 = DIRECTION ( 'NONE',  ( -1.670116974983498900E-016, 1.000000000000000000, -0.0000000000000000000 ) ) ;
#1995 = AXIS2_PLACEMENT_3D ( 'NONE', #1275, #762, #1814 ) ;
#1996 = DIRECTION ( 'NONE',  ( 0.0000000000000000000, 0.0000000000000000000, -1.000000000000000000 ) ) ;
#1997 = ADVANCED_FACE ( 'NONE', ( #2039 ), #1679, .F. ) ;
#1998 = DIRECTION ( 'NONE',  ( 0.0000000000000000000, 0.0000000000000000000, -1.000000000000000000 ) ) ;
#1999 = ORIENTED_EDGE ( 'NONE', *, *, #288, .F. ) ;
#2000 = CARTESIAN_POINT ( 'NONE',  ( 4.624999999999991100, 0.0000000000000000000, -5.474999999999997900 ) ) ;
#2001 = CIRCLE ( 'NONE', #1592, 1.000000000000000200 ) ;
#2002 = CARTESIAN_POINT ( 'NONE',  ( -4.799999999999998000, 13.00000000000000200, 0.0000000000000000000 ) ) ;
#2003 = EDGE_CURVE ( 'NONE', #1543, #1210, #778, .T. ) ;
#2004 = ORIENTED_EDGE ( 'NONE', *, *, #281, .T. ) ;
#2005 = FACE_OUTER_BOUND ( 'NONE', #2200, .T. ) ;
#2006 = CIRCLE ( 'NONE', #1079, 2.625000000000000400 ) ;
#2007 = DIRECTION ( 'NONE',  ( -0.0000000000000000000, 0.0000000000000000000, -1.000000000000000000 ) ) ;
#2008 = VERTEX_POINT ( 'NONE', #356 ) ;
#2009 = EDGE_LOOP ( 'NONE', ( #1790, #302, #373, #651 ) ) ;
#2010 = CIRCLE ( 'NONE', #208, 2.625000000000000400 ) ;
#2011 = CARTESIAN_POINT ( 'NONE',  ( -5.474999999999995200, -3.999999999999998200, -4.625000000000004400 ) ) ;
#2012 = VECTOR ( 'NONE', #1881, 1000.000000000000000 ) ;
#2013 = DIRECTION ( 'NONE',  ( -0.0000000000000000000, 1.000000000000000000, -0.0000000000000000000 ) ) ;
#2014 = EDGE_LOOP ( 'NONE', ( #1882, #697, #1719, #533, #191 ) ) ;
#2015 = PLANE ( 'NONE',  #747 ) ;
#2016 = ORIENTED_EDGE ( 'NONE', *, *, #1947, .T. ) ;
#2017 = EDGE_CURVE ( 'NONE', #2278, #83, #2136, .T. ) ;
#2018 = PLANE ( 'NONE',  #1805 ) ;
#2019 = EDGE_CURVE ( 'NONE', #228, #1566, #476, .T. ) ;
#2020 = CARTESIAN_POINT ( 'NONE',  ( -5.500000000000000000, 8.790000000000002700, 1.000000000000000200 ) ) ;
#2021 = CARTESIAN_POINT ( 'NONE',  ( 0.0000000000000000000, 0.0000000000000000000, 0.0000000000000000000 ) ) ;
#2022 = AXIS2_PLACEMENT_3D ( 'NONE', #473, #848, #1730 ) ;
#2023 = CARTESIAN_POINT ( 'NONE',  ( 4.761428317244674500, 9.589775228163851800, 0.6145015340570592100 ) ) ;
#2024 = CARTESIAN_POINT ( 'NONE',  ( 0.0000000000000000000, 13.00000000000000200, 0.0000000000000000000 ) ) ;
#2025 = DIRECTION ( 'NONE',  ( -0.0000000000000000000, 1.000000000000000000, -0.0000000000000000000 ) ) ;
#2026 = EDGE_LOOP ( 'NONE', ( #2036, #1158, #856, #51 ) ) ;
#2027 = LINE ( 'NONE', #1973, #2290 ) ;
#2028 = DIRECTION ( 'NONE',  ( 0.0000000000000000000, -0.0000000000000000000, -1.000000000000000000 ) ) ;
#2029 =( NAMED_UNIT ( * ) SI_UNIT ( $, .STERADIAN. ) SOLID_ANGLE_UNIT ( ) );
#2030 = EDGE_LOOP ( 'NONE', ( #1433, #236, #1087, #401 ) ) ;
#2031 = LINE ( 'NONE', #1920, #1837 ) ;
#2032 = DIRECTION ( 'NONE',  ( 0.0000000000000000000, 1.000000000000000000, 0.0000000000000000000 ) ) ;
#2033 = EDGE_CURVE ( 'NONE', #174, #1106, #298, .T. ) ;
#2034 = CIRCLE ( 'NONE', #1569, 1.149999999999999700 ) ;
#2035 = AXIS2_PLACEMENT_3D ( 'NONE', #2138, #1588, #1768 ) ;
#2036 = ORIENTED_EDGE ( 'NONE', *, *, #1924, .T. ) ;
#2037 = DIRECTION ( 'NONE',  ( 1.445602896647339200E-016, 0.0000000000000000000, 1.000000000000000000 ) ) ;
#2038 = VERTEX_POINT ( 'NONE', #1778 ) ;
#2039 = FACE_OUTER_BOUND ( 'NONE', #1599, .T. ) ;
#2040 = CIRCLE ( 'NONE', #1810, 2.625000000000001800 ) ;
#2041 = DIRECTION ( 'NONE',  ( -0.0000000000000000000, 1.000000000000000000, -0.0000000000000000000 ) ) ;
#2042 = ORIENTED_EDGE ( 'NONE', *, *, #1343, .T. ) ;
#2043 = CARTESIAN_POINT ( 'NONE',  ( 0.0000000000000000000, 1.300000000000000000, 2.625000000000000400 ) ) ;
#2044 =( NAMED_UNIT ( * ) PLANE_ANGLE_UNIT ( ) SI_UNIT ( $, .RADIAN. ) );
#2045 = ORIENTED_EDGE ( 'NONE', *, *, #246, .F. ) ;
#2046 = CARTESIAN_POINT ( 'NONE',  ( 0.0000000000000000000, -4.500000000000000000, 0.0000000000000000000 ) ) ;
#2047 = ADVANCED_FACE ( 'NONE', ( #1653 ), #2312, .F. ) ;
#2048 = VERTEX_POINT ( 'NONE', #1958 ) ;
#2049 = AXIS2_PLACEMENT_3D ( 'NONE', #489, #484, #1202 ) ;
#2050 = PLANE ( 'NONE',  #826 ) ;
#2051 = CARTESIAN_POINT ( 'NONE',  ( 0.0000000000000000000, 0.0000000000000000000, 0.0000000000000000000 ) ) ;
#2052 = CYLINDRICAL_SURFACE ( 'NONE', #2148, 1.149999999999999500 ) ;
#2053 = CARTESIAN_POINT ( 'NONE',  ( -5.474999999999997900, 0.0000000000000000000, 4.624999999999999100 ) ) ;
#2054 = CARTESIAN_POINT ( 'NONE',  ( -4.720212541600576000, 9.295027888235706500, 0.8730609084012243000 ) ) ;
#2055 = ADVANCED_FACE ( 'NONE', ( #673 ), #1620, .F. ) ;
#2056 =( LENGTH_UNIT ( ) NAMED_UNIT ( * ) SI_UNIT ( .MILLI., .METRE. ) );
#2057 = EDGE_LOOP ( 'NONE', ( #2100, #1699 ) ) ;
#2058 = LINE ( 'NONE', #1524, #569 ) ;
#2059 = ORIENTED_EDGE ( 'NONE', *, *, #773, .T. ) ;
#2060 = VECTOR ( 'NONE', #1876, 1000.000000000000000 ) ;
#2061 = CIRCLE ( 'NONE', #1390, 3.500000000000000000 ) ;
#2062 = EDGE_CURVE ( 'NONE', #836, #1539, #1169, .T. ) ;
#2063 = AXIS2_PLACEMENT_3D ( 'NONE', #1149, #1336, #249 ) ;
#2064 = ORIENTED_EDGE ( 'NONE', *, *, #580, .T. ) ;
#2065 = DIRECTION ( 'NONE',  ( 8.659560562354919300E-017, 0.7071067811865487900, -0.7071067811865463500 ) ) ;
#2066 = DIRECTION ( 'NONE',  ( -0.0000000000000000000, 1.000000000000000000, -0.0000000000000000000 ) ) ;
#2067 = ORIENTED_EDGE ( 'NONE', *, *, #980, .T. ) ;
#2068 = CARTESIAN_POINT ( 'NONE',  ( 4.799999999999997200, 13.00000000000000400, 5.878304635907293200E-016 ) ) ;
#2069 = CIRCLE ( 'NONE', #258, 0.3000000000000004900 ) ;
#2070 = EDGE_CURVE ( 'NONE', #83, #960, #169, .T. ) ;
#2071 = LINE ( 'NONE', #57, #144 ) ;
#2072 = ADVANCED_FACE ( 'NONE', ( #114 ), #2073, .F. ) ;
#2073 = CONICAL_SURFACE ( 'NONE', #7, 0.6999999999999999600, 0.7853981633974533900 ) ;
#2074 = CARTESIAN_POINT ( 'NONE',  ( -2.312124518016452700E-016, 9.850000000000001400, 0.0000000000000000000 ) ) ;
#2075 = EDGE_LOOP ( 'NONE', ( #1476, #1230 ) ) ;
#2076 = CARTESIAN_POINT ( 'NONE',  ( -4.761396314060935900, 9.589501470201915000, 0.6146548595294556400 ) ) ;
#2077 = ORIENTED_EDGE ( 'NONE', *, *, #1096, .F. ) ;
#2078 = DIRECTION ( 'NONE',  ( -1.000000000000000000, 0.0000000000000000000, 0.0000000000000000000 ) ) ;
#2079 = CARTESIAN_POINT ( 'NONE',  ( 1.196737561809246800E-015, 1.299999999999999200, 0.0000000000000000000 ) ) ;
#2080 = CARTESIAN_POINT ( 'NONE',  ( 0.0000000000000000000, 9.850000000000001400, 0.0000000000000000000 ) ) ;
#2081 = CARTESIAN_POINT ( 'NONE',  ( 0.0000000000000000000, 1.300000000000000000, 0.0000000000000000000 ) ) ;
#2082 = ADVANCED_FACE ( 'NONE', ( #1624 ), #53, .T. ) ;
#2083 = DIRECTION ( 'NONE',  ( -1.000000000000000000, 0.0000000000000000000, -1.020425574104004200E-015 ) ) ;
#2084 = EDGE_CURVE ( 'NONE', #441, #490, #614, .T. ) ;
#2085 = CARTESIAN_POINT ( 'NONE',  ( 4.700470102765447900, 9.052627450803544900, -0.9737591982324935700 ) ) ;
#2086 = CARTESIAN_POINT ( 'NONE',  ( 0.0000000000000000000, 9.500000000000001800, 0.6999999999999999600 ) ) ;
#2087 = EDGE_LOOP ( 'NONE', ( #838, #704 ) ) ;
#2088 = FACE_BOUND ( 'NONE', #883, .T. ) ;
#2089 = CARTESIAN_POINT ( 'NONE',  ( -7.572992989214474100E-016, 13.00000000000000200, 0.0000000000000000000 ) ) ;
#2090 = ORIENTED_EDGE ( 'NONE', *, *, #336, .T. ) ;
#2091 = FACE_OUTER_BOUND ( 'NONE', #1219, .T. ) ;
#2092 = ADVANCED_FACE ( 'NONE', ( #556, #231 ), #2015, .T. ) ;
#2093 = LINE ( 'NONE', #1846, #1397 ) ;
#2094 = CARTESIAN_POINT ( 'NONE',  ( 1.445083222993876600E-015, 1.200000000000001500, 0.0000000000000000000 ) ) ;
#2095 = EDGE_LOOP ( 'NONE', ( #2016, #1704, #2187, #2299 ) ) ;
#2096 = CIRCLE ( 'NONE', #1683, 4.150000000000001200 ) ;
#2097 = EDGE_CURVE ( 'NONE', #1300, #256, #1573, .T. ) ;
#2098 = ORIENTED_EDGE ( 'NONE', *, *, #288, .T. ) ;
#2099 = AXIS2_PLACEMENT_3D ( 'NONE', #1432, #1246, #2150 ) ;
#2100 = ORIENTED_EDGE ( 'NONE', *, *, #518, .F. ) ;
#2101 = CARTESIAN_POINT ( 'NONE',  ( 1.445083222993876600E-015, 1.200000000000001500, 5.999999999999998200 ) ) ;
#2102 = VECTOR ( 'NONE', #1056, 1000.000000000000000 ) ;
#2103 = CARTESIAN_POINT ( 'NONE',  ( 5.474999999999990800, -3.999999999999998200, -4.625000000000000000 ) ) ;
#2104 = FACE_OUTER_BOUND ( 'NONE', #963, .T. ) ;
#2105 = ORIENTED_EDGE ( 'NONE', *, *, #1989, .T. ) ;
#2106 = CARTESIAN_POINT ( 'NONE',  ( 4.898587196589412500E-017, -4.500000000000000000, -0.3000000000000004900 ) ) ;
#2107 = ORIENTED_EDGE ( 'NONE', *, *, #2115, .T. ) ;
#2108 = CARTESIAN_POINT ( 'NONE',  ( -4.624999999999998200, -3.999999999999998200, 5.474999999999997900 ) ) ;
#2109 =( LENGTH_UNIT ( ) NAMED_UNIT ( * ) SI_UNIT ( .MILLI., .METRE. ) );
#2110 = EDGE_LOOP ( 'NONE', ( #1450, #1722, #662, #1581 ) ) ;
#2111 = AXIS2_PLACEMENT_3D ( 'NONE', #1293, #949, #1858 ) ;
#2112 = DIRECTION ( 'NONE',  ( -0.0000000000000000000, 1.000000000000000000, -0.0000000000000000000 ) ) ;
#2113 = ADVANCED_FACE ( 'NONE', ( #1513, #670 ), #1261, .F. ) ;
#2114 = CARTESIAN_POINT ( 'NONE',  ( -5.474999999999995200, -3.999999999999998200, -5.475000000000004100 ) ) ;
#2115 = EDGE_CURVE ( 'NONE', #294, #571, #2300, .T. ) ;
#2116 = EDGE_CURVE ( 'NONE', #1185, #571, #2281, .T. ) ;
#2117 = CARTESIAN_POINT ( 'NONE',  ( -4.761269217769110700, 7.991287654466841400, 0.6155753206767109500 ) ) ;
#2118 = CARTESIAN_POINT ( 'NONE',  ( 1.408343819019454300E-016, 0.0000000000000000000, 1.149999999999998100 ) ) ;
#2119 = EDGE_CURVE ( 'NONE', #2329, #1089, #849, .T. ) ;
#2120 = DIRECTION ( 'NONE',  ( -1.000000000000000000, 0.0000000000000000000, -1.020425574104006200E-015 ) ) ;
#2121 = AXIS2_PLACEMENT_3D ( 'NONE', #1037, #512, #2298 ) ;
#2122 = ORIENTED_EDGE ( 'NONE', *, *, #2017, .T. ) ;
#2123 = VECTOR ( 'NONE', #422, 1000.000000000000000 ) ;
#2124 = APPLICATION_CONTEXT ( 'automotive_design' ) ;
#2125 = VECTOR ( 'NONE', #1613, 1000.000000000000000 ) ;
#2126 = ORIENTED_EDGE ( 'NONE', *, *, #904, .F. ) ;
#2127 = CARTESIAN_POINT ( 'NONE',  ( 4.720076442251052400, 8.286486950251928700, 0.8737667730066143200 ) ) ;
#2128 = LINE ( 'NONE', #121, #468 ) ;
#2129 = ORIENTED_EDGE ( 'NONE', *, *, #1634, .F. ) ;
#2130 = DIRECTION ( 'NONE',  ( -1.000000000000000000, 0.0000000000000000000, 0.0000000000000000000 ) ) ;
#2131 = AXIS2_PLACEMENT_3D ( 'NONE', #1873, #804, #1319 ) ;
#2132 = EDGE_LOOP ( 'NONE', ( #122, #2323, #2175, #358 ) ) ;
#2133 = CIRCLE ( 'NONE', #1105, 2.325000000000000600 ) ;
#2134 = LINE ( 'NONE', #1986, #1960 ) ;
#2135 = ORIENTED_EDGE ( 'NONE', *, *, #1157, .T. ) ;
#2136 = LINE ( 'NONE', #881, #1198 ) ;
#2137 = EDGE_CURVE ( 'NONE', #1365, #29, #1313, .T. ) ;
#2138 = CARTESIAN_POINT ( 'NONE',  ( 5.500000000000000000, 8.790000000000002700, 0.0000000000000000000 ) ) ;
#2139 = ORIENTED_EDGE ( 'NONE', *, *, #157, .T. ) ;
#2140 = EDGE_LOOP ( 'NONE', ( #1895, #2064, #1036, #668 ) ) ;
#2141 = CARTESIAN_POINT ( 'NONE',  ( 6.000000000000000900, 1.200000000000000000, 6.000000000000000000 ) ) ;
#2142 = DIRECTION ( 'NONE',  ( 1.866425866029935800E-016, -1.000000000000000000, 0.0000000000000000000 ) ) ;
#2143 = EDGE_CURVE ( 'NONE', #1045, #2271, #1828, .T. ) ;
#2144 = CARTESIAN_POINT ( 'NONE',  ( 0.0000000000000000000, 4.900000000000000400, 0.0000000000000000000 ) ) ;
#2145 = CARTESIAN_POINT ( 'NONE',  ( -4.761495622542161000, 9.590168505640360100, -0.6139883606689700000 ) ) ;
#2146 = CARTESIAN_POINT ( 'NONE',  ( -4.624999999999996400, -3.999999999999998200, -4.625000000000005300 ) ) ;
#2147 = EDGE_CURVE ( 'NONE', #1783, #1584, #95, .T. ) ;
#2148 = AXIS2_PLACEMENT_3D ( 'NONE', #1670, #790, #2222 ) ;
#2149 = VERTEX_POINT ( 'NONE', #177 ) ;
#2150 = DIRECTION ( 'NONE',  ( -1.000000000000000000, -1.670116974983498900E-016, 0.0000000000000000000 ) ) ;
#2151 = ORIENTED_EDGE ( 'NONE', *, *, #1000, .F. ) ;
#2152 = FACE_OUTER_BOUND ( 'NONE', #890, .T. ) ;
#2153 = AXIS2_PLACEMENT_3D ( 'NONE', #2310, #313, #2303 ) ;
#2154 = FACE_OUTER_BOUND ( 'NONE', #1961, .T. ) ;
#2155 = CARTESIAN_POINT ( 'NONE',  ( 1.258440636390882900E-015, 2.200000000000002400, 0.0000000000000000000 ) ) ;
#2156 = ORIENTED_EDGE ( 'NONE', *, *, #1412, .F. ) ;
#2157 = VECTOR ( 'NONE', #2041, 1000.000000000000000 ) ;
#2158 = ORIENTED_EDGE ( 'NONE', *, *, #2003, .F. ) ;
#2159 = ORIENTED_EDGE ( 'NONE', *, *, #1174, .T. ) ;
#2160 = CARTESIAN_POINT ( 'NONE',  ( 4.799999999999996300, 13.00000000000000500, 5.878304635907292200E-016 ) ) ;
#2161 = EDGE_LOOP ( 'NONE', ( #1773, #546 ) ) ;
#2162 = EDGE_CURVE ( 'NONE', #2008, #742, #1040, .T. ) ;
#2163 = CARTESIAN_POINT ( 'NONE',  ( -5.474999999999997900, -3.999999999999998200, 5.474999999999998800 ) ) ;
#2164 = CARTESIAN_POINT ( 'NONE',  ( 3.214697847761802600E-016, 0.0000000000000000000, -2.625000000000000400 ) ) ;
#2165 = AXIS2_PLACEMENT_3D ( 'NONE', #1440, #1068, #521 ) ;
#2166 = VERTEX_POINT ( 'NONE', #377 ) ;
#2167 = DIRECTION ( 'NONE',  ( -1.670116974983498900E-016, 1.000000000000000000, -0.0000000000000000000 ) ) ;
#2168 = AXIS2_PLACEMENT_3D ( 'NONE', #500, #1735, #1190 ) ;
#2169 = EDGE_CURVE ( 'NONE', #1767, #2166, #509, .T. ) ;
#2170 = ORIENTED_EDGE ( 'NONE', *, *, #1092, .T. ) ;
#2171 = CIRCLE ( 'NONE', #2099, 2.625000000000001800 ) ;
#2172 = CARTESIAN_POINT ( 'NONE',  ( -6.000000000000002700, 1.200000000000000000, -6.000000000000001800 ) ) ;
#2173 = DIRECTION ( 'NONE',  ( 1.000000000000000000, 0.0000000000000000000, -0.0000000000000000000 ) ) ;
#2174 = CIRCLE ( 'NONE', #2250, 4.799999999999997200 ) ;
#2175 = ORIENTED_EDGE ( 'NONE', *, *, #1042, .T. ) ;
#2176 = CIRCLE ( 'NONE', #753, 3.500000000000001300 ) ;
#2177 = LINE ( 'NONE', #2011, #1125 ) ;
#2178 = DIRECTION ( 'NONE',  ( 1.000000000000000000, 0.0000000000000000000, 0.0000000000000000000 ) ) ;
#2179 = ORIENTED_EDGE ( 'NONE', *, *, #1121, .F. ) ;
#2180 = EDGE_LOOP ( 'NONE', ( #1740, #439 ) ) ;
#2181 = VECTOR ( 'NONE', #1804, 1000.000000000000000 ) ;
#2182 = DIRECTION ( 'NONE',  ( 0.0000000000000000000, -1.000000000000000000, 0.0000000000000000000 ) ) ;
#2183 = CARTESIAN_POINT ( 'NONE',  ( 6.000000000000000900, 0.0000000000000000000, 6.000000000000000000 ) ) ;
#2184 = EDGE_CURVE ( 'NONE', #2008, #1623, #1118, .T. ) ;
#2185 = CARTESIAN_POINT ( 'NONE',  ( 2.625000000000003100, 4.384057059331687500E-016, 3.214697847761804500E-016 ) ) ;
#2186 = AXIS2_PLACEMENT_3D ( 'NONE', #2248, #632, #771 ) ;
#2187 = ORIENTED_EDGE ( 'NONE', *, *, #1427, .T. ) ;
#2188 = CARTESIAN_POINT ( 'NONE',  ( 4.800000000001293900, 9.790000000006219900, 6.923496838431421500E-013 ) ) ;
#2189 = EDGE_CURVE ( 'NONE', #1797, #1493, #1012, .T. ) ;
#2190 = ADVANCED_FACE ( 'NONE', ( #1943 ), #1465, .T. ) ;
#2191 = FACE_OUTER_BOUND ( 'NONE', #1323, .T. ) ;
#2192 = AXIS2_PLACEMENT_3D ( 'NONE', #1847, #950, #180 ) ;
#2193 = DIRECTION ( 'NONE',  ( -0.0000000000000000000, 1.000000000000000000, -0.0000000000000000000 ) ) ;
#2194 = DIRECTION ( 'NONE',  ( -0.0000000000000000000, 1.000000000000000000, -0.0000000000000000000 ) ) ;
#2195 = DIRECTION ( 'NONE',  ( 8.659560562354874900E-017, 0.7071067811865522400, -0.7071067811865428000 ) ) ;
#2196 = ORIENTED_EDGE ( 'NONE', *, *, #1775, .F. ) ;
#2197 = FACE_BOUND ( 'NONE', #2110, .T. ) ;
#2198 = CIRCLE ( 'NONE', #1519, 1.149999999999998100 ) ;
#2199 = ORIENTED_EDGE ( 'NONE', *, *, #922, .F. ) ;
#2200 = EDGE_LOOP ( 'NONE', ( #1033, #726, #1193, #1247 ) ) ;
#2201 = ORIENTED_EDGE ( 'NONE', *, *, #1660, .F. ) ;
#2202 = CARTESIAN_POINT ( 'NONE',  ( 3.214697847761802600E-016, 0.0000000000000000000, -2.625000000000000400 ) ) ;
#2203 = EDGE_LOOP ( 'NONE', ( #4, #478, #909, #1668 ) ) ;
#2204 = ORIENTED_EDGE ( 'NONE', *, *, #1829, .T. ) ;
#2205 = CIRCLE ( 'NONE', #350, 3.500000000000000000 ) ;
#2206 = ORIENTED_EDGE ( 'NONE', *, *, #1681, .F. ) ;
#2207 = ADVANCED_FACE ( 'NONE', ( #1281 ), #188, .F. ) ;
#2208 = DIRECTION ( 'NONE',  ( 1.000000000000000000, 0.0000000000000000000, 1.020425574104004200E-015 ) ) ;
#2209 = DIRECTION ( 'NONE',  ( 1.000000000000000000, -0.0000000000000000000, -1.020425574104004200E-015 ) ) ;
#2210 = ORIENTED_EDGE ( 'NONE', *, *, #633, .F. ) ;
#2211 = DIRECTION ( 'NONE',  ( 1.000000000000000000, 1.734723475976810300E-016, 0.0000000000000000000 ) ) ;
#2212 = EDGE_CURVE ( 'NONE', #472, #864, #335, .T. ) ;
#2213 = EDGE_LOOP ( 'NONE', ( #1482, #2304 ) ) ;
#2214 = PLANE ( 'NONE',  #421 ) ;
#2215 = DIRECTION ( 'NONE',  ( 0.0000000000000000000, 1.000000000000000000, 0.0000000000000000000 ) ) ;
#2216 = CARTESIAN_POINT ( 'NONE',  ( -6.001000000000003000, 8.790000000000002700, -1.000000000000000200 ) ) ;
#2217 = PLANE ( 'NONE',  #1384 ) ;
#2218 = ADVANCED_FACE ( 'NONE', ( #821, #2255 ), #2050, .T. ) ;
#2219 = CARTESIAN_POINT ( 'NONE',  ( 5.474999999999990800, -3.999999999999998200, -4.625000000000000000 ) ) ;
#2220 = AXIS2_PLACEMENT_3D ( 'NONE', #817, #1693, #1530 ) ;
#2221 = CARTESIAN_POINT ( 'NONE',  ( 0.0000000000000000000, -4.299999999999999800, 0.4999999999999994400 ) ) ;
#2222 = DIRECTION ( 'NONE',  ( -1.000000000000000000, 0.0000000000000000000, 0.0000000000000000000 ) ) ;
#2223 = EDGE_CURVE ( 'NONE', #1162, #1821, #566, .T. ) ;
#2224 = ORIENTED_EDGE ( 'NONE', *, *, #933, .T. ) ;
#2225 = UNCERTAINTY_MEASURE_WITH_UNIT (LENGTH_MEASURE( 1.000000000000000100E-005 ), #1520, 'distance_accuracy_value', 'NONE');
#2226 = LINE ( 'NONE', #1034, #1615 ) ;
#2227 = AXIS2_PLACEMENT_3D ( 'NONE', #2283, #1930, #107 ) ;
#2228 = CARTESIAN_POINT ( 'NONE',  ( -5.474999999999995200, -3.999999999999998200, -5.475000000000004100 ) ) ;
#2229 = CIRCLE ( 'NONE', #1094, 0.4999999999999994400 ) ;
#2230 = DIRECTION ( 'NONE',  ( -0.0000000000000000000, -1.000000000000000000, -0.0000000000000000000 ) ) ;
#2231 = EDGE_LOOP ( 'NONE', ( #1644, #2249, #380, #1999 ) ) ;
#2232 = FACE_OUTER_BOUND ( 'NONE', #1671, .T. ) ;
#2233 = LINE ( 'NONE', #982, #1294 ) ;
#2234 = CARTESIAN_POINT ( 'NONE',  ( 4.694677837722198700, 8.790000000000002700, 1.000000000000000200 ) ) ;
#2235 = EDGE_CURVE ( 'NONE', #524, #991, #953, .T. ) ;
#2236 = ORIENTED_EDGE ( 'NONE', *, *, #872, .T. ) ;
#2237 = AXIS2_PLACEMENT_3D ( 'NONE', #854, #131, #119 ) ;
#2238 = ADVANCED_FACE ( 'NONE', ( #153, #2191 ), #1151, .T. ) ;
#2239 = ORIENTED_EDGE ( 'NONE', *, *, #648, .F. ) ;
#2240 = DIRECTION ( 'NONE',  ( 0.0000000000000000000, 0.0000000000000000000, -1.000000000000000000 ) ) ;
#2241 = EDGE_LOOP ( 'NONE', ( #366, #620, #2122 ) ) ;
#2242 = CIRCLE ( 'NONE', #296, 2.625000000000000400 ) ;
#2243 = VECTOR ( 'NONE', #828, 1000.000000000000000 ) ;
#2244 = DIRECTION ( 'NONE',  ( 0.0000000000000000000, 0.0000000000000000000, 1.000000000000000000 ) ) ;
#2245 = CARTESIAN_POINT ( 'NONE',  ( 5.474999999999994300, 0.0000000000000000000, 5.475000000000000500 ) ) ;
#2246 = CARTESIAN_POINT ( 'NONE',  ( -3.500000000000000400, 3.800000000000000700, 0.0000000000000000000 ) ) ;
#2247 = ORIENTED_EDGE ( 'NONE', *, *, #1924, .F. ) ;
#2248 = CARTESIAN_POINT ( 'NONE',  ( 0.0000000000000000000, -4.299999999999999800, 0.0000000000000000000 ) ) ;
#2249 = ORIENTED_EDGE ( 'NONE', *, *, #545, .T. ) ;
#2250 = AXIS2_PLACEMENT_3D ( 'NONE', #709, #1959, #882 ) ;
#2251 = CARTESIAN_POINT ( 'NONE',  ( -5.474999999999997900, 0.0000000000000000000, 5.474999999999998800 ) ) ;
#2252 = ADVANCED_FACE ( 'NONE', ( #1382 ), #277, .F. ) ;
#2253 = CARTESIAN_POINT ( 'NONE',  ( 0.0000000000000000000, 12.65000000000000200, 0.0000000000000000000 ) ) ;
#2254 = DIRECTION ( 'NONE',  ( 0.0000000000000000000, 0.0000000000000000000, 1.000000000000000000 ) ) ;
#2255 = FACE_BOUND ( 'NONE', #2213, .T. ) ;
#2256 = CARTESIAN_POINT ( 'NONE',  ( 5.474999999999990800, 0.0000000000000000000, -5.474999999999998800 ) ) ;
#2257 = CARTESIAN_POINT ( 'NONE',  ( -4.694677837722199600, 8.922053310148731600, 1.000000000000000000 ) ) ;
#2258 = CARTESIAN_POINT ( 'NONE',  ( -5.474999999999997900, -3.999999999999998200, 5.474999999999998800 ) ) ;
#2259 = CARTESIAN_POINT ( 'NONE',  ( 2.325000000000003300, 3.800000000000001600, 2.847303808017600400E-016 ) ) ;
#2260 = ADVANCED_FACE ( 'NONE', ( #1437 ), #413, .F. ) ;
#2261 = ORIENTED_EDGE ( 'NONE', *, *, #1869, .F. ) ;
#2262 = VECTOR ( 'NONE', #359, 999.9999999999998900 ) ;
#2263 = DIRECTION ( 'NONE',  ( -0.0000000000000000000, 1.000000000000000000, -0.0000000000000000000 ) ) ;
#2264 = EDGE_CURVE ( 'NONE', #256, #617, #1561, .T. ) ;
#2265 = AXIS2_PLACEMENT_3D ( 'NONE', #276, #2263, #1179 ) ;
#2266 = DIRECTION ( 'NONE',  ( 0.0000000000000000000, 0.0000000000000000000, -1.000000000000000000 ) ) ;
#2267 = VERTEX_POINT ( 'NONE', #2053 ) ;
#2268 = ORIENTED_EDGE ( 'NONE', *, *, #481, .T. ) ;
#2269 = DIRECTION ( 'NONE',  ( -0.0000000000000000000, -0.0000000000000000000, 1.000000000000000000 ) ) ;
#2270 = EDGE_CURVE ( 'NONE', #960, #991, #1414, .T. ) ;
#2271 = VERTEX_POINT ( 'NONE', #1865 ) ;
#2272 = ORIENTED_EDGE ( 'NONE', *, *, #1744, .F. ) ;
#2273 = VERTEX_POINT ( 'NONE', #1316 ) ;
#2274 = CARTESIAN_POINT ( 'NONE',  ( 5.474999999999990800, 0.0000000000000000000, -4.625000000000000000 ) ) ;
#2275 = AXIS2_PLACEMENT_3D ( 'NONE', #1487, #2178, #586 ) ;
#2276 = CARTESIAN_POINT ( 'NONE',  ( -2.325000000000001100, 9.850000000000001400, 0.0000000000000000000 ) ) ;
#2277 = ADVANCED_FACE ( 'NONE', ( #1725 ), #2052, .F. ) ;
#2278 = VERTEX_POINT ( 'NONE', #626 ) ;
#2279 = DIRECTION ( 'NONE',  ( -1.866425866029935800E-016, 1.000000000000000000, -0.0000000000000000000 ) ) ;
#2280 = ORIENTED_EDGE ( 'NONE', *, *, #181, .T. ) ;
#2281 = LINE ( 'NONE', #1468, #423 ) ;
#2282 = CARTESIAN_POINT ( 'NONE',  ( -1.149999999999998100, 0.0000000000000000000, 0.0000000000000000000 ) ) ;
#2283 = CARTESIAN_POINT ( 'NONE',  ( 7.792083180633715300E-016, 3.800000000000001200, 0.0000000000000000000 ) ) ;
#2284 = EDGE_CURVE ( 'NONE', #2273, #480, #455, .T. ) ;
#2285 = ADVANCED_FACE ( 'NONE', ( #1233 ), #925, .T. ) ;
#2286 = CARTESIAN_POINT ( 'NONE',  ( 5.474999999999994300, -3.999999999999998200, 4.625000000000001800 ) ) ;
#2287 = CARTESIAN_POINT ( 'NONE',  ( -2.325000000000001100, 3.800000000000000700, 0.0000000000000000000 ) ) ;
#2288 = ORIENTED_EDGE ( 'NONE', *, *, #2162, .T. ) ;
#2289 = LINE ( 'NONE', #2141, #492 ) ;
#2290 = VECTOR ( 'NONE', #532, 1000.000000000000000 ) ;
#2291 = EDGE_CURVE ( 'NONE', #1106, #1081, #209, .T. ) ;
#2292 = ORIENTED_EDGE ( 'NONE', *, *, #1144, .F. ) ;
#2293 = CYLINDRICAL_SURFACE ( 'NONE', #1832, 1.000000000000000200 ) ;
#2294 = FACE_BOUND ( 'NONE', #519, .T. ) ;
#2295 = EDGE_LOOP ( 'NONE', ( #1866, #1058 ) ) ;
#2296 = DIRECTION ( 'NONE',  ( -0.0000000000000000000, 1.000000000000000000, -0.0000000000000000000 ) ) ;
#2297 = ORIENTED_EDGE ( 'NONE', *, *, #5, .T. ) ;
#2298 = DIRECTION ( 'NONE',  ( 0.0000000000000000000, 0.0000000000000000000, -1.000000000000000000 ) ) ;
#2299 = ORIENTED_EDGE ( 'NONE', *, *, #1144, .T. ) ;
#2300 = LINE ( 'NONE', #1642, #703 ) ;
#2301 = CIRCLE ( 'NONE', #1321, 1.149999999999999200 ) ;
#2302 = CLOSED_SHELL ( 'NONE', ( #1514, #1716, #851, #600, #576, #1097, #2252, #1726, #796, #974, #827, #1366, #1131, #37, #461, #96, #679, #631, #1923, #2082, #2218, #2238, #259, #1320, #87, #68, #1896, #926, #2113, #1916, #2047, #839, #815, #1018, #652, #1557, #618, #1183, #1529, #998, #1009, #1577, #450, #1736, #275, #2207, #1355, #2260, #1696, #433, #1386, #475, #1752, #661 ) ) ;
#2303 = DIRECTION ( 'NONE',  ( 0.0000000000000000000, -0.0000000000000000000, 1.000000000000000000 ) ) ;
#2304 = ORIENTED_EDGE ( 'NONE', *, *, #980, .F. ) ;
#2305 = DIRECTION ( 'NONE',  ( 0.0000000000000000000, -0.0000000000000000000, 1.000000000000000000 ) ) ;
#2306 = EDGE_LOOP ( 'NONE', ( #250, #1447, #606, #1061 ) ) ;
#2307 = CARTESIAN_POINT ( 'NONE',  ( 5.474999999999994300, 0.0000000000000000000, 5.475000000000000500 ) ) ;
#2308 = CARTESIAN_POINT ( 'NONE',  ( 4.774909600871036600, 7.916952712421732500, 0.5050544288496906500 ) ) ;
#2309 = UNCERTAINTY_MEASURE_WITH_UNIT (LENGTH_MEASURE( 1.000000000000000100E-005 ), #1069, 'distance_accuracy_value', 'NONE');
#2310 = CARTESIAN_POINT ( 'NONE',  ( 0.0000000000000000000, 1.200000000000000000, 0.0000000000000000000 ) ) ;
#2311 = LINE ( 'NONE', #979, #1496 ) ;
#2312 = PLANE ( 'NONE',  #711 ) ;
#2313 = DIRECTION ( 'NONE',  ( -0.0000000000000000000, 1.000000000000000000, -0.0000000000000000000 ) ) ;
#2314 = EDGE_CURVE ( 'NONE', #1112, #1342, #1232, .T. ) ;
#2315 = AXIS2_PLACEMENT_3D ( 'NONE', #2024, #40, #954 ) ;
#2316 = ORIENTED_EDGE ( 'NONE', *, *, #1974, .F. ) ;
#2317 = CARTESIAN_POINT ( 'NONE',  ( 1.258440636390882900E-015, 2.200000000000002400, 0.0000000000000000000 ) ) ;
#2318 = AXIS2_PLACEMENT_3D ( 'NONE', #1647, #1472, #752 ) ;
#2319 = ORIENTED_EDGE ( 'NONE', *, *, #565, .F. ) ;
#2320 = FACE_BOUND ( 'NONE', #1523, .T. ) ;
#2321 = CARTESIAN_POINT ( 'NONE',  ( 1.071565949253936000E-016, 9.500000000000001800, -0.6999999999999999600 ) ) ;
#2322 = ORIENTED_EDGE ( 'NONE', *, *, #952, .F. ) ;
#2323 = ORIENTED_EDGE ( 'NONE', *, *, #1531, .T. ) ;
#2324 = ORIENTED_EDGE ( 'NONE', *, *, #545, .F. ) ;
#2325 = DIRECTION ( 'NONE',  ( -1.020425574104006200E-015, 0.0000000000000000000, 1.000000000000000000 ) ) ;
#2326 = FACE_OUTER_BOUND ( 'NONE', #435, .T. ) ;
#2327 = EDGE_CURVE ( 'NONE', #490, #1458, #712, .T. ) ;
#2328 = ORIENTED_EDGE ( 'NONE', *, *, #1829, .F. ) ;
#2329 = VERTEX_POINT ( 'NONE', #852 ) ;
#2330 = DIRECTION ( 'NONE',  ( -0.0000000000000000000, 1.000000000000000000, -0.0000000000000000000 ) ) ;
#2331 = CARTESIAN_POINT ( 'NONE',  ( 0.0000000000000000000, 9.500000000000001800, 0.0000000000000000000 ) ) ;
#2332 = EDGE_CURVE ( 'NONE', #289, #1688, #2311, .T. ) ;
#2333 = CARTESIAN_POINT ( 'NONE',  ( -4.624999999999995600, -0.0000000000000000000, -5.475000000000003200 ) ) ;
#2334 = AXIS2_PLACEMENT_3D ( 'NONE', #1663, #558, #1633 ) ;
#2335 = CARTESIAN_POINT ( 'NONE',  ( 0.0000000000000000000, -4.500000000000000000, 0.0000000000000000000 ) ) ;
#2336 = ORIENTED_EDGE ( 'NONE', *, *, #1759, .T. ) ;
#2337 = FACE_BOUND ( 'NONE', #976, .T. ) ;
#2338 = SURFACE_STYLE_FILL_AREA ( #1786 ) ;
#2339 = CARTESIAN_POINT ( 'NONE',  ( 4.761350373551146700, 7.990811986518169300, -0.6149580692462705000 ) ) ;
#2340 = EDGE_LOOP ( 'NONE', ( #1607, #33, #701, #1751 ) ) ;
#2341 = FACE_OUTER_BOUND ( 'NONE', #1933, .T. ) ;
#2342 = MECHANICAL_DESIGN_GEOMETRIC_PRESENTATION_REPRESENTATION (  '', ( #1628 ), #242 ) ;
#2343 = VERTEX_POINT ( 'NONE', #266 ) ;
#2344 = CARTESIAN_POINT ( 'NONE',  ( -4.799999999999998000, 2.200000000000001500, 0.0000000000000000000 ) ) ;
#2345 = ORIENTED_EDGE ( 'NONE', *, *, #1853, .F. ) ;
#2346 = B_SPLINE_CURVE_WITH_KNOTS ( 'NONE', 3,
 ( #1627, #343, #167, #1452, #2339, #713, #538, #1062, #1073, #548 ),
 .UNSPECIFIED., .F., .F.,
 ( 4, 2, 2, 2, 4 ),
 ( 0.004702619863373334500, 0.005094282654709437200, 0.005485945446045540700, 0.005877608237381643300, 0.006269271028717746800 ),
 .UNSPECIFIED. ) ;
ENDSEC;
END-ISO-10303-21;
